date,url,clean_path,status
1997-02-07,https://www.ecb.europa.eu/press/key/date/1997/html/sp970207.en.html,clean/speeches/1997/1997-02-07-sp.txt,ok
1997-03-10,https://www.ecb.europa.eu/press/key/date/1997/html/sp970310.en.html,clean/speeches/1997/1997-03-10-sp.txt,ok
1997-04-22,https://www.ecb.europa.eu/press/key/date/1997/html/sp970422.en.html,clean/speeches/1997/1997-04-22-sp.txt,ok
1997-04-30,https://www.ecb.europa.eu/press/key/date/1997/html/sp970430.en.html,clean/speeches/1997/1997-04-30-sp.txt,ok
1997-05-13,https://www.ecb.europa.eu/press/key/date/1997/html/sp970513.en.html,clean/speeches/1997/1997-05-13-sp.txt,ok
1997-06-02,https://www.ecb.europa.eu/press/key/date/1997/html/sp970602.en.html,clean/speeches/1997/1997-06-02-sp.txt,ok
1997-06-30,https://www.ecb.europa.eu/press/key/date/1997/html/sp970630.en.html,clean/speeches/1997/1997-06-30-sp.txt,ok
1997-06-30-1,https://www.ecb.europa.eu/press/key/date/1997/html/sp970630_1.en.html,clean/speeches/1997/1997-06-30-1-sp.txt,ok
1997-09-12,https://www.ecb.europa.eu/press/key/date/1997/html/sp970912.en.html,clean/speeches/1997/1997-09-12-sp.txt,ok
1997-09-22,https://www.ecb.europa.eu/press/key/date/1997/html/sp970922.en.html,clean/speeches/1997/1997-09-22-sp.txt,ok
1997-10-13,https://www.ecb.europa.eu/press/key/date/1997/html/sp971013.en.html,clean/speeches/1997/1997-10-13-sp.txt,ok
1997-10-14,https://www.ecb.europa.eu/press/key/date/1997/html/sp971014.en.html,clean/speeches/1997/1997-10-14-sp.txt,ok
1997-10-17,https://www.ecb.europa.eu/press/key/date/1997/html/sp971017.en.html,clean/speeches/1997/1997-10-17-sp.txt,ok
1997-10-22,https://www.ecb.europa.eu/press/key/date/1997/html/sp971022.en.html,clean/speeches/1997/1997-10-22-sp.txt,ok
1997-11-10,https://www.ecb.europa.eu/press/key/date/1997/html/sp971110.en.html,clean/speeches/1997/1997-11-10-sp.txt,ok
1997-11-14,https://www.ecb.europa.eu/press/key/date/1997/html/sp971114.en.html,clean/speeches/1997/1997-11-14-sp.txt,ok
1997-11-15,https://www.ecb.europa.eu/press/key/date/1997/html/sp971115.en.html,clean/speeches/1997/1997-11-15-sp.txt,ok
1997-11-20,https://www.ecb.europa.eu/press/key/date/1997/html/sp971120.en.html,clean/speeches/1997/1997-11-20-sp.txt,ok
1997-11-27,https://www.ecb.europa.eu/press/key/date/1997/html/sp971127.en.html,clean/speeches/1997/1997-11-27-sp.txt,ok
1998-01-16,https://www.ecb.europa.eu/press/key/date/1998/html/sp980116.en.html,clean/speeches/1998/1998-01-16-sp.txt,ok
1998-01-19,https://www.ecb.europa.eu/press/key/date/1998/html/sp980119.en.html,clean/speeches/1998/1998-01-19-sp.txt,ok
1998-01-22,https://www.ecb.europa.eu/press/key/date/1998/html/sp980122.en.html,clean/speeches/1998/1998-01-22-sp.txt,ok
1998-01-30,https://www.ecb.europa.eu/press/key/date/1998/html/sp980130.en.html,clean/speeches/1998/1998-01-30-sp.txt,ok
1998-02-05,https://www.ecb.europa.eu/press/key/date/1998/html/sp980205.en.html,clean/speeches/1998/1998-02-05-sp.txt,ok
1998-02-16,https://www.ecb.europa.eu/press/key/date/1998/html/sp980216.en.html,clean/speeches/1998/1998-02-16-sp.txt,ok
1998-03-05,https://www.ecb.europa.eu/press/key/date/1998/html/sp980305.en.html,clean/speeches/1998/1998-03-05-sp.txt,ok
1998-06-19,https://www.ecb.europa.eu/press/key/date/1998/html/sp980619.en.html,clean/speeches/1998/1998-06-19-sp.txt,ok
1998-06-30,https://www.ecb.europa.eu/press/key/date/1998/html/sp980630.en.html,clean/speeches/1998/1998-06-30-sp.txt,ok
1998-07-02,https://www.ecb.europa.eu/press/key/date/1998/html/sp980702.en.html,clean/speeches/1998/1998-07-02-sp.txt,ok
1998-07-08,https://www.ecb.europa.eu/press/key/date/1998/html/sp980708.en.html,clean/speeches/1998/1998-07-08-sp.txt,ok
1998-07-15,https://www.ecb.europa.eu/press/key/date/1998/html/sp980715.en.html,clean/speeches/1998/1998-07-15-sp.txt,ok
1998-09-03,https://www.ecb.europa.eu/press/key/date/1998/html/sp980903.en.html,clean/speeches/1998/1998-09-03-sp.txt,ok
1998-09-18-1,https://www.ecb.europa.eu/press/key/date/1998/html/sp980918_1.en.html,clean/speeches/1998/1998-09-18-1-sp.txt,ok
1998-09-18-2,https://www.ecb.europa.eu/press/key/date/1998/html/sp980918_2.en.html,clean/speeches/1998/1998-09-18-2-sp.txt,ok
1998-09-22,https://www.ecb.europa.eu/press/key/date/1998/html/sp980922.en.html,clean/speeches/1998/1998-09-22-sp.txt,ok
1998-09-23,https://www.ecb.europa.eu/press/key/date/1998/html/sp980923.en.html,clean/speeches/1998/1998-09-23-sp.txt,ok
1998-10-06,https://www.ecb.europa.eu/press/key/date/1998/html/sp981006.en.html,clean/speeches/1998/1998-10-06-sp.txt,ok
1998-10-22,https://www.ecb.europa.eu/press/key/date/1998/html/sp981022.en.html,clean/speeches/1998/1998-10-22-sp.txt,ok
1998-10-26,https://www.ecb.europa.eu/press/key/date/1998/html/sp981026.en.html,clean/speeches/1998/1998-10-26-sp.txt,ok
1998-10-27,https://www.ecb.europa.eu/press/key/date/1998/html/sp981027.en.html,clean/speeches/1998/1998-10-27-sp.txt,ok
1998-11-03,https://www.ecb.europa.eu/press/key/date/1998/html/sp981103.en.html,clean/speeches/1998/1998-11-03-sp.txt,ok
1998-11-06,https://www.ecb.europa.eu/press/key/date/1998/html/sp981106.en.html,clean/speeches/1998/1998-11-06-sp.txt,ok
1998-11-10,https://www.ecb.europa.eu/press/key/date/1998/html/sp981110.en.html,clean/speeches/1998/1998-11-10-sp.txt,ok
1998-11-12,https://www.ecb.europa.eu/press/key/date/1998/html/sp981112.en.html,clean/speeches/1998/1998-11-12-sp.txt,ok
1998-11-12-2,https://www.ecb.europa.eu/press/key/date/1998/html/sp981112_2.en.html,clean/speeches/1998/1998-11-12-2-sp.txt,ok
1998-11-18,https://www.ecb.europa.eu/press/key/date/1998/html/sp981118.en.html,clean/speeches/1998/1998-11-18-sp.txt,ok
1998-11-20,https://www.ecb.europa.eu/press/key/date/1998/html/sp981120.en.html,clean/speeches/1998/1998-11-20-sp.txt,ok
1998-11-26,https://www.ecb.europa.eu/press/key/date/1998/html/sp981126.en.html,clean/speeches/1998/1998-11-26-sp.txt,ok
1998-11-27,https://www.ecb.europa.eu/press/key/date/1998/html/sp981127.en.html,clean/speeches/1998/1998-11-27-sp.txt,ok
1998-12-01,https://www.ecb.europa.eu/press/key/date/1998/html/sp981201.en.html,clean/speeches/1998/1998-12-01-sp.txt,ok
1998-12-03,https://www.ecb.europa.eu/press/key/date/1998/html/sp981203.en.html,clean/speeches/1998/1998-12-03-sp.txt,ok
1998-12-03-1,https://www.ecb.europa.eu/press/key/date/1998/html/sp981203_1.en.html,clean/speeches/1998/1998-12-03-1-sp.txt,ok
1998-12-04,https://www.ecb.europa.eu/press/key/date/1998/html/sp981204.en.html,clean/speeches/1998/1998-12-04-sp.txt,ok
1998-12-07,https://www.ecb.europa.eu/press/key/date/1998/html/sp981207.en.html,clean/speeches/1998/1998-12-07-sp.txt,ok
1998-12-08,https://www.ecb.europa.eu/press/key/date/1998/html/sp981208.en.html,clean/speeches/1998/1998-12-08-sp.txt,ok
1998-12-08-1,https://www.ecb.europa.eu/press/key/date/1998/html/sp981208_1.en.html,clean/speeches/1998/1998-12-08-1-sp.txt,ok
1998-12-22,https://www.ecb.europa.eu/press/key/date/1998/html/sp981222.en.html,clean/speeches/1998/1998-12-22-sp.txt,ok
1998-12-31,https://www.ecb.europa.eu/press/key/date/1998/html/sp981231.en.html,clean/speeches/1998/1998-12-31-sp.txt,ok
1999-01-14,https://www.ecb.europa.eu/press/key/date/1999/html/sp990114.en.html,clean/speeches/1999/1999-01-14-sp.txt,ok
1999-01-15,https://www.ecb.europa.eu/press/key/date/1999/html/sp990115.en.html,clean/speeches/1999/1999-01-15-sp.txt,ok
1999-01-18,https://www.ecb.europa.eu/press/key/date/1999/html/sp990118.en.html,clean/speeches/1999/1999-01-18-sp.txt,ok
1999-01-25,https://www.ecb.europa.eu/press/key/date/1999/html/sp990125.en.html,clean/speeches/1999/1999-01-25-sp.txt,ok
1999-01-25-1,https://www.ecb.europa.eu/press/key/date/1999/html/sp990125_1.en.html,clean/speeches/1999/1999-01-25-1-sp.txt,ok
1999-01-28,https://www.ecb.europa.eu/press/key/date/1999/html/sp990128.en.html,clean/speeches/1999/1999-01-28-sp.txt,ok
1999-02-01,https://www.ecb.europa.eu/press/key/date/1999/html/sp990201.en.html,clean/speeches/1999/1999-02-01-sp.txt,ok
1999-02-05,https://www.ecb.europa.eu/press/key/date/1999/html/sp990205.en.html,clean/speeches/1999/1999-02-05-sp.txt,ok
1999-02-09,https://www.ecb.europa.eu/press/key/date/1999/html/sp990209.en.html,clean/speeches/1999/1999-02-09-sp.txt,ok
1999-02-09-1,https://www.ecb.europa.eu/press/key/date/1999/html/sp990209_1.en.html,clean/speeches/1999/1999-02-09-1-sp.txt,ok
1999-02-10,https://www.ecb.europa.eu/press/key/date/1999/html/sp990210.en.html,clean/speeches/1999/1999-02-10-sp.txt,ok
1999-02-24,https://www.ecb.europa.eu/press/key/date/1999/html/sp990224.en.html,clean/speeches/1999/1999-02-24-sp.txt,ok
1999-02-25,https://www.ecb.europa.eu/press/key/date/1999/html/sp990225.en.html,clean/speeches/1999/1999-02-25-sp.txt,ok
1999-02-26,https://www.ecb.europa.eu/press/key/date/1999/html/sp990226.en.html,clean/speeches/1999/1999-02-26-sp.txt,ok
1999-03-08,https://www.ecb.europa.eu/press/key/date/1999/html/sp990308.en.html,clean/speeches/1999/1999-03-08-sp.txt,ok
1999-03-09,https://www.ecb.europa.eu/press/key/date/1999/html/sp990309.en.html,clean/speeches/1999/1999-03-09-sp.txt,ok
1999-03-10,https://www.ecb.europa.eu/press/key/date/1999/html/sp990310.en.html,clean/speeches/1999/1999-03-10-sp.txt,ok
1999-03-12,https://www.ecb.europa.eu/press/key/date/1999/html/sp990312.en.html,clean/speeches/1999/1999-03-12-sp.txt,ok
1999-03-17,https://www.ecb.europa.eu/press/key/date/1999/html/sp990317.en.html,clean/speeches/1999/1999-03-17-sp.txt,ok
1999-03-19,https://www.ecb.europa.eu/press/key/date/1999/html/sp990319.en.html,clean/speeches/1999/1999-03-19-sp.txt,ok
1999-03-25-1,https://www.ecb.europa.eu/press/key/date/1999/html/sp990325_1.en.html,clean/speeches/1999/1999-03-25-1-sp.txt,ok
1999-03-25-2,https://www.ecb.europa.eu/press/key/date/1999/html/sp990325_2.en.html,clean/speeches/1999/1999-03-25-2-sp.txt,ok
1999-04-14,https://www.ecb.europa.eu/press/key/date/1999/html/sp990414.en.html,clean/speeches/1999/1999-04-14-sp.txt,ok
1999-04-15-1,https://www.ecb.europa.eu/press/key/date/1999/html/sp990415_1.en.html,clean/speeches/1999/1999-04-15-1-sp.txt,ok
1999-04-15-3,https://www.ecb.europa.eu/press/key/date/1999/html/sp990415_3.en.html,clean/speeches/1999/1999-04-15-3-sp.txt,ok
1999-04-19,https://www.ecb.europa.eu/press/key/date/1999/html/sp990419.en.html,clean/speeches/1999/1999-04-19-sp.txt,ok
1999-04-24,https://www.ecb.europa.eu/press/key/date/1999/html/sp990424.en.html,clean/speeches/1999/1999-04-24-sp.txt,ok
1999-04-27,https://www.ecb.europa.eu/press/key/date/1999/html/sp990427.en.html,clean/speeches/1999/1999-04-27-sp.txt,ok
1999-05-03,https://www.ecb.europa.eu/press/key/date/1999/html/sp990503.en.html,clean/speeches/1999/1999-05-03-sp.txt,ok
1999-05-04,https://www.ecb.europa.eu/press/key/date/1999/html/sp990504.en.html,clean/speeches/1999/1999-05-04-sp.txt,ok
1999-05-07-1,https://www.ecb.europa.eu/press/key/date/1999/html/sp990507_1.en.html,clean/speeches/1999/1999-05-07-1-sp.txt,ok
1999-05-07-2,https://www.ecb.europa.eu/press/key/date/1999/html/sp990507_2.en.html,clean/speeches/1999/1999-05-07-2-sp.txt,ok
1999-05-10,https://www.ecb.europa.eu/press/key/date/1999/html/sp990510.en.html,clean/speeches/1999/1999-05-10-sp.txt,ok
1999-05-20,https://www.ecb.europa.eu/press/key/date/1999/html/sp990520.en.html,clean/speeches/1999/1999-05-20-sp.txt,ok
1999-05-21,https://www.ecb.europa.eu/press/key/date/1999/html/sp990521.en.html,clean/speeches/1999/1999-05-21-sp.txt,ok
1999-05-24,https://www.ecb.europa.eu/press/key/date/1999/html/sp990524.en.html,clean/speeches/1999/1999-05-24-sp.txt,ok
1999-05-25,https://www.ecb.europa.eu/press/key/date/1999/html/sp990525.en.html,clean/speeches/1999/1999-05-25-sp.txt,ok
1999-05-26,https://www.ecb.europa.eu/press/key/date/1999/html/sp990526.en.html,clean/speeches/1999/1999-05-26-sp.txt,ok
1999-05-27,https://www.ecb.europa.eu/press/key/date/1999/html/sp990527.en.html,clean/speeches/1999/1999-05-27-sp.txt,ok
1999-06-03,https://www.ecb.europa.eu/press/key/date/1999/html/sp990603.en.html,clean/speeches/1999/1999-06-03-sp.txt,ok
1999-06-10,https://www.ecb.europa.eu/press/key/date/1999/html/sp990610.en.html,clean/speeches/1999/1999-06-10-sp.txt,ok
1999-06-10-1,https://www.ecb.europa.eu/press/key/date/1999/html/sp990610_1.en.html,clean/speeches/1999/1999-06-10-1-sp.txt,ok
1999-06-10-2,https://www.ecb.europa.eu/press/key/date/1999/html/sp990610_2.en.html,clean/speeches/1999/1999-06-10-2-sp.txt,ok
1999-06-11,https://www.ecb.europa.eu/press/key/date/1999/html/sp990611.en.html,clean/speeches/1999/1999-06-11-sp.txt,ok
1999-06-14,https://www.ecb.europa.eu/press/key/date/1999/html/sp990614.en.html,clean/speeches/1999/1999-06-14-sp.txt,ok
1999-06-17,https://www.ecb.europa.eu/press/key/date/1999/html/sp990617.en.html,clean/speeches/1999/1999-06-17-sp.txt,ok
1999-06-23-1,https://www.ecb.europa.eu/press/key/date/1999/html/sp990623_1.en.html,clean/speeches/1999/1999-06-23-1-sp.txt,ok
1999-06-25,https://www.ecb.europa.eu/press/key/date/1999/html/sp990625.en.html,clean/speeches/1999/1999-06-25-sp.txt,ok
1999-06-30,https://www.ecb.europa.eu/press/key/date/1999/html/sp990630.en.html,clean/speeches/1999/1999-06-30-sp.txt,ok
1999-07-02-1,https://www.ecb.europa.eu/press/key/date/1999/html/sp990702_1.en.html,clean/speeches/1999/1999-07-02-1-sp.txt,ok
1999-07-02-2,https://www.ecb.europa.eu/press/key/date/1999/html/sp990702_2.en.html,clean/speeches/1999/1999-07-02-2-sp.txt,ok
1999-07-06,https://www.ecb.europa.eu/press/key/date/1999/html/sp990706.en.html,clean/speeches/1999/1999-07-06-sp.txt,ok
1999-07-08,https://www.ecb.europa.eu/press/key/date/1999/html/sp990708.en.html,clean/speeches/1999/1999-07-08-sp.txt,ok
1999-07-19,https://www.ecb.europa.eu/press/key/date/1999/html/sp990719.en.html,clean/speeches/1999/1999-07-19-sp.txt,ok
1999-08-21,https://www.ecb.europa.eu/press/key/date/1999/html/sp990821.en.html,clean/speeches/1999/1999-08-21-sp.txt,ok
1999-08-27,https://www.ecb.europa.eu/press/key/date/1999/html/sp990827.en.html,clean/speeches/1999/1999-08-27-sp.txt,ok
1999-09-04,https://www.ecb.europa.eu/press/key/date/1999/html/sp990904.en.html,clean/speeches/1999/1999-09-04-sp.txt,ok
1999-09-10,https://www.ecb.europa.eu/press/key/date/1999/html/sp990910.en.html,clean/speeches/1999/1999-09-10-sp.txt,ok
1999-09-10-1,https://www.ecb.europa.eu/press/key/date/1999/html/sp990910_1.en.html,clean/speeches/1999/1999-09-10-1-sp.txt,ok
1999-09-13,https://www.ecb.europa.eu/press/key/date/1999/html/sp990913.en.html,clean/speeches/1999/1999-09-13-sp.txt,ok
1999-09-18,https://www.ecb.europa.eu/press/key/date/1999/html/sp990918.en.html,clean/speeches/1999/1999-09-18-sp.txt,ok
1999-09-20,https://www.ecb.europa.eu/press/key/date/1999/html/sp990920.en.html,clean/speeches/1999/1999-09-20-sp.txt,ok
1999-09-24-1,https://www.ecb.europa.eu/press/key/date/1999/html/sp990924_1.en.html,clean/speeches/1999/1999-09-24-1-sp.txt,ok
1999-09-26,https://www.ecb.europa.eu/press/key/date/1999/html/sp990926.en.html,clean/speeches/1999/1999-09-26-sp.txt,ok
1999-09-27,https://www.ecb.europa.eu/press/key/date/1999/html/sp990927.en.html,clean/speeches/1999/1999-09-27-sp.txt,ok
1999-09-28,https://www.ecb.europa.eu/press/key/date/1999/html/sp990928.en.html,clean/speeches/1999/1999-09-28-sp.txt,ok
1999-09-29,https://www.ecb.europa.eu/press/key/date/1999/html/sp990929.en.html,clean/speeches/1999/1999-09-29-sp.txt,ok
1999-10-01,https://www.ecb.europa.eu/press/key/date/1999/html/sp991001.en.html,clean/speeches/1999/1999-10-01-sp.txt,ok
1999-10-09,https://www.ecb.europa.eu/press/key/date/1999/html/sp991009.en.html,clean/speeches/1999/1999-10-09-sp.txt,ok
1999-10-11,https://www.ecb.europa.eu/press/key/date/1999/html/sp991011.en.html,clean/speeches/1999/1999-10-11-sp.txt,ok
1999-10-15,https://www.ecb.europa.eu/press/key/date/1999/html/sp991015.en.html,clean/speeches/1999/1999-10-15-sp.txt,ok
1999-10-25-1,https://www.ecb.europa.eu/press/key/date/1999/html/sp991025_1.en.html,clean/speeches/1999/1999-10-25-1-sp.txt,ok
1999-10-26,https://www.ecb.europa.eu/press/key/date/1999/html/sp991026.en.html,clean/speeches/1999/1999-10-26-sp.txt,ok
1999-10-26-1,https://www.ecb.europa.eu/press/key/date/1999/html/sp991026_1.en.html,clean/speeches/1999/1999-10-26-1-sp.txt,ok
1999-11-05-1,https://www.ecb.europa.eu/press/key/date/1999/html/sp991105_1.en.html,clean/speeches/1999/1999-11-05-1-sp.txt,ok
1999-11-05-2,https://www.ecb.europa.eu/press/key/date/1999/html/sp991105_2.en.html,clean/speeches/1999/1999-11-05-2-sp.txt,ok
1999-11-05-3,https://www.ecb.europa.eu/press/key/date/1999/html/sp991105_3.en.html,clean/speeches/1999/1999-11-05-3-sp.txt,ok
1999-11-11-1,https://www.ecb.europa.eu/press/key/date/1999/html/sp991111_1.en.html,clean/speeches/1999/1999-11-11-1-sp.txt,ok
1999-11-11-2,https://www.ecb.europa.eu/press/key/date/1999/html/sp991111_2.en.html,clean/speeches/1999/1999-11-11-2-sp.txt,ok
1999-11-11-3,https://www.ecb.europa.eu/press/key/date/1999/html/sp991111_3.en.html,clean/speeches/1999/1999-11-11-3-sp.txt,ok
1999-11-12,https://www.ecb.europa.eu/press/key/date/1999/html/sp991112.en.html,clean/speeches/1999/1999-11-12-sp.txt,ok
1999-11-15-1,https://www.ecb.europa.eu/press/key/date/1999/html/sp991115_1.en.html,clean/speeches/1999/1999-11-15-1-sp.txt,ok
1999-11-15-2,https://www.ecb.europa.eu/press/key/date/1999/html/sp991115_2.en.html,clean/speeches/1999/1999-11-15-2-sp.txt,ok
1999-11-16,https://www.ecb.europa.eu/press/key/date/1999/html/sp991116.en.html,clean/speeches/1999/1999-11-16-sp.txt,ok
1999-11-19-1,https://www.ecb.europa.eu/press/key/date/1999/html/sp991119_1.en.html,clean/speeches/1999/1999-11-19-1-sp.txt,ok
1999-11-19-2,https://www.ecb.europa.eu/press/key/date/1999/html/sp991119_2.en.html,clean/speeches/1999/1999-11-19-2-sp.txt,ok
1999-11-19-4,https://www.ecb.europa.eu/press/key/date/1999/html/sp991119_4.en.html,clean/speeches/1999/1999-11-19-4-sp.txt,ok
1999-11-23,https://www.ecb.europa.eu/press/key/date/1999/html/sp991123.en.html,clean/speeches/1999/1999-11-23-sp.txt,ok
1999-11-26,https://www.ecb.europa.eu/press/key/date/1999/html/sp991126.en.html,clean/speeches/1999/1999-11-26-sp.txt,ok
1999-11-29,https://www.ecb.europa.eu/press/key/date/1999/html/sp991129.en.html,clean/speeches/1999/1999-11-29-sp.txt,ok
1999-12-03-1,https://www.ecb.europa.eu/press/key/date/1999/html/sp991203_1.en.html,clean/speeches/1999/1999-12-03-1-sp.txt,ok
1999-12-03-2,https://www.ecb.europa.eu/press/key/date/1999/html/sp991203_2.en.html,clean/speeches/1999/1999-12-03-2-sp.txt,ok
1999-12-03-5,https://www.ecb.europa.eu/press/key/date/1999/html/sp991203_5.en.html,clean/speeches/1999/1999-12-03-5-sp.txt,ok
1999-12-06,https://www.ecb.europa.eu/press/key/date/1999/html/sp991206.en.html,clean/speeches/1999/1999-12-06-sp.txt,ok
2000-01-08,https://www.ecb.europa.eu/press/key/date/2000/html/sp000108.en.html,clean/speeches/2000/2000-01-08-sp.txt,ok
2000-01-10,https://www.ecb.europa.eu/press/key/date/2000/html/sp000110.en.html,clean/speeches/2000/2000-01-10-sp.txt,ok
2000-01-13,https://www.ecb.europa.eu/press/key/date/2000/html/sp000113.en.html,clean/speeches/2000/2000-01-13-sp.txt,ok
2000-01-21,https://www.ecb.europa.eu/press/key/date/2000/html/sp000121.en.html,clean/speeches/2000/2000-01-21-sp.txt,ok
2000-01-26,https://www.ecb.europa.eu/press/key/date/2000/html/sp000126.en.html,clean/speeches/2000/2000-01-26-sp.txt,ok
2000-02-08,https://www.ecb.europa.eu/press/key/date/2000/html/sp000208.en.html,clean/speeches/2000/2000-02-08-sp.txt,ok
2000-02-10,https://www.ecb.europa.eu/press/key/date/2000/html/sp000210.en.html,clean/speeches/2000/2000-02-10-sp.txt,ok
2000-02-23,https://www.ecb.europa.eu/press/key/date/2000/html/sp000223.en.html,clean/speeches/2000/2000-02-23-sp.txt,ok
2000-02-24,https://www.ecb.europa.eu/press/key/date/2000/html/sp000224.en.html,clean/speeches/2000/2000-02-24-sp.txt,ok
2000-03-08-1,https://www.ecb.europa.eu/press/key/date/2000/html/sp000308_1.en.html,clean/speeches/2000/2000-03-08-1-sp.txt,ok
2000-03-08-2,https://www.ecb.europa.eu/press/key/date/2000/html/sp000308_2.en.html,clean/speeches/2000/2000-03-08-2-sp.txt,ok
2000-03-17-1,https://www.ecb.europa.eu/press/key/date/2000/html/sp000317_1.en.html,clean/speeches/2000/2000-03-17-1-sp.txt,ok
2000-03-20,https://www.ecb.europa.eu/press/key/date/2000/html/sp000320.en.html,clean/speeches/2000/2000-03-20-sp.txt,ok
2000-03-23-1,https://www.ecb.europa.eu/press/key/date/2000/html/sp000323_1.en.html,clean/speeches/2000/2000-03-23-1-sp.txt,ok
2000-04-05,https://www.ecb.europa.eu/press/key/date/2000/html/sp000405.en.html,clean/speeches/2000/2000-04-05-sp.txt,ok
2000-04-07,https://www.ecb.europa.eu/press/key/date/2000/html/sp000407.en.html,clean/speeches/2000/2000-04-07-sp.txt,ok
2000-04-17,https://www.ecb.europa.eu/press/key/date/2000/html/sp000417.en.html,clean/speeches/2000/2000-04-17-sp.txt,ok
2000-04-29,https://www.ecb.europa.eu/press/key/date/2000/html/sp000429.en.html,clean/speeches/2000/2000-04-29-sp.txt,ok
2000-05-03,https://www.ecb.europa.eu/press/key/date/2000/html/sp000503.en.html,clean/speeches/2000/2000-05-03-sp.txt,ok
2000-05-05,https://www.ecb.europa.eu/press/key/date/2000/html/sp000505.en.html,clean/speeches/2000/2000-05-05-sp.txt,ok
2000-05-05-2,https://www.ecb.europa.eu/press/key/date/2000/html/sp000505_2.en.html,clean/speeches/2000/2000-05-05-2-sp.txt,ok
2000-05-12,https://www.ecb.europa.eu/press/key/date/2000/html/sp000512.en.html,clean/speeches/2000/2000-05-12-sp.txt,ok
2000-05-12-2,https://www.ecb.europa.eu/press/key/date/2000/html/sp000512_2.en.html,clean/speeches/2000/2000-05-12-2-sp.txt,ok
2000-05-22,https://www.ecb.europa.eu/press/key/date/2000/html/sp000522.en.html,clean/speeches/2000/2000-05-22-sp.txt,ok
2000-05-30,https://www.ecb.europa.eu/press/key/date/2000/html/sp000530.en.html,clean/speeches/2000/2000-05-30-sp.txt,ok
2000-06-05,https://www.ecb.europa.eu/press/key/date/2000/html/sp000605.en.html,clean/speeches/2000/2000-06-05-sp.txt,ok
2000-06-15,https://www.ecb.europa.eu/press/key/date/2000/html/sp000615.en.html,clean/speeches/2000/2000-06-15-sp.txt,ok
2000-06-20,https://www.ecb.europa.eu/press/key/date/2000/html/sp000620.en.html,clean/speeches/2000/2000-06-20-sp.txt,ok
2000-06-26-1,https://www.ecb.europa.eu/press/key/date/2000/html/sp000626_1.en.html,clean/speeches/2000/2000-06-26-1-sp.txt,ok
2000-06-26-2,https://www.ecb.europa.eu/press/key/date/2000/html/sp000626_2.en.html,clean/speeches/2000/2000-06-26-2-sp.txt,ok
2000-06-28,https://www.ecb.europa.eu/press/key/date/2000/html/sp000628.en.html,clean/speeches/2000/2000-06-28-sp.txt,ok
2000-06-29,https://www.ecb.europa.eu/press/key/date/2000/html/sp000629.en.html,clean/speeches/2000/2000-06-29-sp.txt,ok
2000-07-05,https://www.ecb.europa.eu/press/key/date/2000/html/sp000705.en.html,clean/speeches/2000/2000-07-05-sp.txt,ok
2000-08-26,https://www.ecb.europa.eu/press/key/date/2000/html/sp000826.en.html,clean/speeches/2000/2000-08-26-sp.txt,ok
2000-09-06,https://www.ecb.europa.eu/press/key/date/2000/html/sp000906.en.html,clean/speeches/2000/2000-09-06-sp.txt,ok
2000-09-08-1,https://www.ecb.europa.eu/press/key/date/2000/html/sp000908_1.en.html,clean/speeches/2000/2000-09-08-1-sp.txt,ok
2000-09-08-2,https://www.ecb.europa.eu/press/key/date/2000/html/sp000908_2.en.html,clean/speeches/2000/2000-09-08-2-sp.txt,ok
2000-09-12,https://www.ecb.europa.eu/press/key/date/2000/html/sp000912.en.html,clean/speeches/2000/2000-09-12-sp.txt,ok
2000-09-12-1,https://www.ecb.europa.eu/press/key/date/2000/html/sp000912_1.en.html,clean/speeches/2000/2000-09-12-1-sp.txt,ok
2000-09-12-2,https://www.ecb.europa.eu/press/key/date/2000/html/sp000912_2.en.html,clean/speeches/2000/2000-09-12-2-sp.txt,ok
2000-09-15,https://www.ecb.europa.eu/press/key/date/2000/html/sp000915.en.html,clean/speeches/2000/2000-09-15-sp.txt,ok
2000-09-17,https://www.ecb.europa.eu/press/key/date/2000/html/sp000917.en.html,clean/speeches/2000/2000-09-17-sp.txt,ok
2000-09-18,https://www.ecb.europa.eu/press/key/date/2000/html/sp000918.en.html,clean/speeches/2000/2000-09-18-sp.txt,ok
2000-09-20-1,https://www.ecb.europa.eu/press/key/date/2000/html/sp000920_1.en.html,clean/speeches/2000/2000-09-20-1-sp.txt,ok
2000-09-22,https://www.ecb.europa.eu/press/key/date/2000/html/sp000922.en.html,clean/speeches/2000/2000-09-22-sp.txt,ok
2000-09-23,https://www.ecb.europa.eu/press/key/date/2000/html/sp000923.en.html,clean/speeches/2000/2000-09-23-sp.txt,ok
2000-09-23-2,https://www.ecb.europa.eu/press/key/date/2000/html/sp000923_2.en.html,clean/speeches/2000/2000-09-23-2-sp.txt,ok
2000-09-27,https://www.ecb.europa.eu/press/key/date/2000/html/sp000927.en.html,clean/speeches/2000/2000-09-27-sp.txt,ok
2000-09-29,https://www.ecb.europa.eu/press/key/date/2000/html/sp000929.en.html,clean/speeches/2000/2000-09-29-sp.txt,ok
2000-10-07,https://www.ecb.europa.eu/press/key/date/2000/html/sp001007.en.html,clean/speeches/2000/2000-10-07-sp.txt,ok
2000-10-12,https://www.ecb.europa.eu/press/key/date/2000/html/sp001012.en.html,clean/speeches/2000/2000-10-12-sp.txt,ok
2000-10-16,https://www.ecb.europa.eu/press/key/date/2000/html/sp001016.en.html,clean/speeches/2000/2000-10-16-sp.txt,ok
2000-10-26-1,https://www.ecb.europa.eu/press/key/date/2000/html/sp001026_1.en.html,clean/speeches/2000/2000-10-26-1-sp.txt,ok
2000-10-26-2,https://www.ecb.europa.eu/press/key/date/2000/html/sp001026_2.en.html,clean/speeches/2000/2000-10-26-2-sp.txt,ok
2000-10-28,https://www.ecb.europa.eu/press/key/date/2000/html/sp001028.en.html,clean/speeches/2000/2000-10-28-sp.txt,ok
2000-11-02-1,https://www.ecb.europa.eu/press/key/date/2000/html/sp001102_1.en.html,clean/speeches/2000/2000-11-02-1-sp.txt,ok
2000-11-07,https://www.ecb.europa.eu/press/key/date/2000/html/sp001107.en.html,clean/speeches/2000/2000-11-07-sp.txt,ok
2000-11-09,https://www.ecb.europa.eu/press/key/date/2000/html/sp001109.en.html,clean/speeches/2000/2000-11-09-sp.txt,ok
2000-11-09-2,https://www.ecb.europa.eu/press/key/date/2000/html/sp001109_2.en.html,clean/speeches/2000/2000-11-09-2-sp.txt,ok
2000-11-10,https://www.ecb.europa.eu/press/key/date/2000/html/sp001110.en.html,clean/speeches/2000/2000-11-10-sp.txt,ok
2000-11-14,https://www.ecb.europa.eu/press/key/date/2000/html/sp001114.en.html,clean/speeches/2000/2000-11-14-sp.txt,ok
2000-11-17,https://www.ecb.europa.eu/press/key/date/2000/html/sp001117.en.html,clean/speeches/2000/2000-11-17-sp.txt,ok
2000-11-22,https://www.ecb.europa.eu/press/key/date/2000/html/sp001122.en.html,clean/speeches/2000/2000-11-22-sp.txt,ok
2000-11-23-1,https://www.ecb.europa.eu/press/key/date/2000/html/sp001123_1.en.html,clean/speeches/2000/2000-11-23-1-sp.txt,ok
2000-11-23-2,https://www.ecb.europa.eu/press/key/date/2000/html/sp001123_2.en.html,clean/speeches/2000/2000-11-23-2-sp.txt,ok
2000-12-01,https://www.ecb.europa.eu/press/key/date/2000/html/sp001201.en.html,clean/speeches/2000/2000-12-01-sp.txt,ok
2000-12-01-1,https://www.ecb.europa.eu/press/key/date/2000/html/sp001201_1.en.html,clean/speeches/2000/2000-12-01-1-sp.txt,ok
2000-12-11,https://www.ecb.europa.eu/press/key/date/2000/html/sp001211.en.html,clean/speeches/2000/2000-12-11-sp.txt,ok
2000-12-19,https://www.ecb.europa.eu/press/key/date/2000/html/sp001219.en.html,clean/speeches/2000/2000-12-19-sp.txt,ok
2000-12-21,https://www.ecb.europa.eu/press/key/date/2000/html/sp001221.en.html,clean/speeches/2000/2000-12-21-sp.txt,ok
2001-01-14,https://www.ecb.europa.eu/press/key/date/2001/html/sp010114.en.html,clean/speeches/2001/2001-01-14-sp.txt,ok
2001-01-17,https://www.ecb.europa.eu/press/key/date/2001/html/sp010117.en.html,clean/speeches/2001/2001-01-17-sp.txt,ok
2001-01-19,https://www.ecb.europa.eu/press/key/date/2001/html/sp010119.en.html,clean/speeches/2001/2001-01-19-sp.txt,ok
2001-01-24,https://www.ecb.europa.eu/press/key/date/2001/html/sp010124.en.html,clean/speeches/2001/2001-01-24-sp.txt,ok
2001-01-24-2,https://www.ecb.europa.eu/press/key/date/2001/html/sp010124_2.en.html,clean/speeches/2001/2001-01-24-2-sp.txt,ok
2001-01-29,https://www.ecb.europa.eu/press/key/date/2001/html/sp010129.en.html,clean/speeches/2001/2001-01-29-sp.txt,ok
2001-02-02,https://www.ecb.europa.eu/press/key/date/2001/html/sp010202.en.html,clean/speeches/2001/2001-02-02-sp.txt,ok
2001-02-06,https://www.ecb.europa.eu/press/key/date/2001/html/sp010206.en.html,clean/speeches/2001/2001-02-06-sp.txt,ok
2001-02-12,https://www.ecb.europa.eu/press/key/date/2001/html/sp010212.en.html,clean/speeches/2001/2001-02-12-sp.txt,ok
2001-02-21,https://www.ecb.europa.eu/press/key/date/2001/html/sp010221.en.html,clean/speeches/2001/2001-02-21-sp.txt,ok
2001-02-23,https://www.ecb.europa.eu/press/key/date/2001/html/sp010223.en.html,clean/speeches/2001/2001-02-23-sp.txt,ok
2001-02-26,https://www.ecb.europa.eu/press/key/date/2001/html/sp010226.en.html,clean/speeches/2001/2001-02-26-sp.txt,ok
2001-03-05,https://www.ecb.europa.eu/press/key/date/2001/html/sp010305.en.html,clean/speeches/2001/2001-03-05-sp.txt,ok
2001-03-06,https://www.ecb.europa.eu/press/key/date/2001/html/sp010306.en.html,clean/speeches/2001/2001-03-06-sp.txt,ok
2001-03-20,https://www.ecb.europa.eu/press/key/date/2001/html/sp010320.en.html,clean/speeches/2001/2001-03-20-sp.txt,ok
2001-04-02,https://www.ecb.europa.eu/press/key/date/2001/html/sp010402.en.html,clean/speeches/2001/2001-04-02-sp.txt,ok
2001-04-04-2,https://www.ecb.europa.eu/press/key/date/2001/html/sp010404_2.en.html,clean/speeches/2001/2001-04-04-2-sp.txt,ok
2001-05-02,https://www.ecb.europa.eu/press/key/date/2001/html/sp010502.en.html,clean/speeches/2001/2001-05-02-sp.txt,ok
2001-05-03,https://www.ecb.europa.eu/press/key/date/2001/html/sp010503.en.html,clean/speeches/2001/2001-05-03-sp.txt,ok
2001-05-11,https://www.ecb.europa.eu/press/key/date/2001/html/sp010511.en.html,clean/speeches/2001/2001-05-11-sp.txt,ok
2001-05-15,https://www.ecb.europa.eu/press/key/date/2001/html/sp010515.en.html,clean/speeches/2001/2001-05-15-sp.txt,ok
2001-05-18,https://www.ecb.europa.eu/press/key/date/2001/html/sp010518.en.html,clean/speeches/2001/2001-05-18-sp.txt,ok
2001-05-21,https://www.ecb.europa.eu/press/key/date/2001/html/sp010521.en.html,clean/speeches/2001/2001-05-21-sp.txt,ok
2001-05-28,https://www.ecb.europa.eu/press/key/date/2001/html/sp010528.en.html,clean/speeches/2001/2001-05-28-sp.txt,ok
2001-05-31,https://www.ecb.europa.eu/press/key/date/2001/html/sp010531.en.html,clean/speeches/2001/2001-05-31-sp.txt,ok
2001-06-04,https://www.ecb.europa.eu/press/key/date/2001/html/sp010604.en.html,clean/speeches/2001/2001-06-04-sp.txt,ok
2001-06-08,https://www.ecb.europa.eu/press/key/date/2001/html/sp010608.en.html,clean/speeches/2001/2001-06-08-sp.txt,ok
2001-06-18,https://www.ecb.europa.eu/press/key/date/2001/html/sp010618.en.html,clean/speeches/2001/2001-06-18-sp.txt,ok
2001-06-20,https://www.ecb.europa.eu/press/key/date/2001/html/sp010620.en.html,clean/speeches/2001/2001-06-20-sp.txt,ok
2001-06-26-1,https://www.ecb.europa.eu/press/key/date/2001/html/sp010626_1.en.html,clean/speeches/2001/2001-06-26-1-sp.txt,ok
2001-06-28,https://www.ecb.europa.eu/press/key/date/2001/html/sp010628.en.html,clean/speeches/2001/2001-06-28-sp.txt,ok
2001-06-29,https://www.ecb.europa.eu/press/key/date/2001/html/sp010629.en.html,clean/speeches/2001/2001-06-29-sp.txt,ok
2001-06-29-2,https://www.ecb.europa.eu/press/key/date/2001/html/sp010629_2.en.html,clean/speeches/2001/2001-06-29-2-sp.txt,ok
2001-07-03,https://www.ecb.europa.eu/press/key/date/2001/html/sp010703.en.html,clean/speeches/2001/2001-07-03-sp.txt,ok
2001-08-30-2,https://www.ecb.europa.eu/press/key/date/2001/html/sp010830_2.en.html,clean/speeches/2001/2001-08-30-2-sp.txt,ok
2001-08-30-3,https://www.ecb.europa.eu/press/key/date/2001/html/sp010830_3.en.html,clean/speeches/2001/2001-08-30-3-sp.txt,ok
2001-08-30-4,https://www.ecb.europa.eu/press/key/date/2001/html/sp010830_4.en.html,clean/speeches/2001/2001-08-30-4-sp.txt,ok
2001-08-30-5,https://www.ecb.europa.eu/press/key/date/2001/html/sp010830_5.en.html,clean/speeches/2001/2001-08-30-5-sp.txt,ok
2001-09-05,https://www.ecb.europa.eu/press/key/date/2001/html/sp010905.en.html,clean/speeches/2001/2001-09-05-sp.txt,ok
2001-09-06,https://www.ecb.europa.eu/press/key/date/2001/html/sp010906.en.html,clean/speeches/2001/2001-09-06-sp.txt,ok
2001-09-12,https://www.ecb.europa.eu/press/key/date/2001/html/sp010912.en.html,clean/speeches/2001/2001-09-12-sp.txt,ok
2001-09-14,https://www.ecb.europa.eu/press/key/date/2001/html/sp010914.en.html,clean/speeches/2001/2001-09-14-sp.txt,ok
2001-09-17,https://www.ecb.europa.eu/press/key/date/2001/html/sp010917.en.html,clean/speeches/2001/2001-09-17-sp.txt,ok
2001-09-18,https://www.ecb.europa.eu/press/key/date/2001/html/sp010918.en.html,clean/speeches/2001/2001-09-18-sp.txt,ok
2001-09-24,https://www.ecb.europa.eu/press/key/date/2001/html/sp010924.en.html,clean/speeches/2001/2001-09-24-sp.txt,ok
2001-09-26,https://www.ecb.europa.eu/press/key/date/2001/html/sp010926.en.html,clean/speeches/2001/2001-09-26-sp.txt,ok
2001-10-05,https://www.ecb.europa.eu/press/key/date/2001/html/sp011005.en.html,clean/speeches/2001/2001-10-05-sp.txt,ok
2001-10-09,https://www.ecb.europa.eu/press/key/date/2001/html/sp011009.en.html,clean/speeches/2001/2001-10-09-sp.txt,ok
2001-10-15,https://www.ecb.europa.eu/press/key/date/2001/html/sp011015.en.html,clean/speeches/2001/2001-10-15-sp.txt,ok
2001-10-16,https://www.ecb.europa.eu/press/key/date/2001/html/sp011016.en.html,clean/speeches/2001/2001-10-16-sp.txt,ok
2001-10-16-1,https://www.ecb.europa.eu/press/key/date/2001/html/sp011016_1.en.html,clean/speeches/2001/2001-10-16-1-sp.txt,ok
2001-10-16-2,https://www.ecb.europa.eu/press/key/date/2001/html/sp011016_2.en.html,clean/speeches/2001/2001-10-16-2-sp.txt,ok
2001-10-17,https://www.ecb.europa.eu/press/key/date/2001/html/sp011017.en.html,clean/speeches/2001/2001-10-17-sp.txt,ok
2001-10-17-1,https://www.ecb.europa.eu/press/key/date/2001/html/sp011017_1.en.html,clean/speeches/2001/2001-10-17-1-sp.txt,ok
2001-11-08,https://www.ecb.europa.eu/press/key/date/2001/html/sp011108.en.html,clean/speeches/2001/2001-11-08-sp.txt,ok
2001-11-12,https://www.ecb.europa.eu/press/key/date/2001/html/sp011112.en.html,clean/speeches/2001/2001-11-12-sp.txt,ok
2001-11-14,https://www.ecb.europa.eu/press/key/date/2001/html/sp011114.en.html,clean/speeches/2001/2001-11-14-sp.txt,ok
2001-11-16,https://www.ecb.europa.eu/press/key/date/2001/html/sp011116.en.html,clean/speeches/2001/2001-11-16-sp.txt,ok
2001-11-16-1,https://www.ecb.europa.eu/press/key/date/2001/html/sp011116_1.en.html,clean/speeches/2001/2001-11-16-1-sp.txt,ok
2001-11-19,https://www.ecb.europa.eu/press/key/date/2001/html/sp011119.en.html,clean/speeches/2001/2001-11-19-sp.txt,ok
2001-11-22,https://www.ecb.europa.eu/press/key/date/2001/html/sp011122.en.html,clean/speeches/2001/2001-11-22-sp.txt,ok
2001-11-23,https://www.ecb.europa.eu/press/key/date/2001/html/sp011123.en.html,clean/speeches/2001/2001-11-23-sp.txt,ok
2001-11-29,https://www.ecb.europa.eu/press/key/date/2001/html/sp011129.en.html,clean/speeches/2001/2001-11-29-sp.txt,ok
2001-12-05,https://www.ecb.europa.eu/press/key/date/2001/html/sp011205.en.html,clean/speeches/2001/2001-12-05-sp.txt,ok
2001-12-07,https://www.ecb.europa.eu/press/key/date/2001/html/sp011207.en.html,clean/speeches/2001/2001-12-07-sp.txt,ok
2001-12-17,https://www.ecb.europa.eu/press/key/date/2001/html/sp011217.en.html,clean/speeches/2001/2001-12-17-sp.txt,ok
2001-12-18,https://www.ecb.europa.eu/press/key/date/2001/html/sp011218.en.html,clean/speeches/2001/2001-12-18-sp.txt,ok
2001-12-31,https://www.ecb.europa.eu/press/key/date/2001/html/sp011231.en.html,clean/speeches/2001/2001-12-31-sp.txt,ok
2002-01-14,https://www.ecb.europa.eu/press/key/date/2002/html/sp020114.en.html,clean/speeches/2002/2002-01-14-sp.txt,ok
2002-01-21,https://www.ecb.europa.eu/press/key/date/2002/html/sp020121.en.html,clean/speeches/2002/2002-01-21-sp.txt,ok
2002-01-23,https://www.ecb.europa.eu/press/key/date/2002/html/sp020123.en.html,clean/speeches/2002/2002-01-23-sp.txt,ok
2002-01-24,https://www.ecb.europa.eu/press/key/date/2002/html/sp020124.en.html,clean/speeches/2002/2002-01-24-sp.txt,ok
2002-02-06,https://www.ecb.europa.eu/press/key/date/2002/html/sp020206.en.html,clean/speeches/2002/2002-02-06-sp.txt,ok
2002-02-12,https://www.ecb.europa.eu/press/key/date/2002/html/sp020212.en.html,clean/speeches/2002/2002-02-12-sp.txt,ok
2002-02-13,https://www.ecb.europa.eu/press/key/date/2002/html/sp020213.en.html,clean/speeches/2002/2002-02-13-sp.txt,ok
2002-02-21,https://www.ecb.europa.eu/press/key/date/2002/html/sp020221.en.html,clean/speeches/2002/2002-02-21-sp.txt,ok
2002-02-22,https://www.ecb.europa.eu/press/key/date/2002/html/sp020222.en.html,clean/speeches/2002/2002-02-22-sp.txt,ok
2002-02-25,https://www.ecb.europa.eu/press/key/date/2002/html/sp020225.en.html,clean/speeches/2002/2002-02-25-sp.txt,ok
2002-02-25-2,https://www.ecb.europa.eu/press/key/date/2002/html/sp020225_2.en.html,clean/speeches/2002/2002-02-25-2-sp.txt,ok
2002-02-28,https://www.ecb.europa.eu/press/key/date/2002/html/sp020228.en.html,clean/speeches/2002/2002-02-28-sp.txt,ok
2002-03-08,https://www.ecb.europa.eu/press/key/date/2002/html/sp020308.en.html,clean/speeches/2002/2002-03-08-sp.txt,ok
2002-03-09,https://www.ecb.europa.eu/press/key/date/2002/html/sp020309.en.html,clean/speeches/2002/2002-03-09-sp.txt,ok
2002-03-15,https://www.ecb.europa.eu/press/key/date/2002/html/sp020315.en.html,clean/speeches/2002/2002-03-15-sp.txt,ok
2002-03-20,https://www.ecb.europa.eu/press/key/date/2002/html/sp020320.en.html,clean/speeches/2002/2002-03-20-sp.txt,ok
2002-03-20-2,https://www.ecb.europa.eu/press/key/date/2002/html/sp020320_2.en.html,clean/speeches/2002/2002-03-20-2-sp.txt,ok
2002-03-22,https://www.ecb.europa.eu/press/key/date/2002/html/sp020322.en.html,clean/speeches/2002/2002-03-22-sp.txt,ok
2002-03-22-1,https://www.ecb.europa.eu/press/key/date/2002/html/sp020322_1.en.html,clean/speeches/2002/2002-03-22-1-sp.txt,ok
2002-03-26,https://www.ecb.europa.eu/press/key/date/2002/html/sp020326.en.html,clean/speeches/2002/2002-03-26-sp.txt,ok
2002-03-26-1,https://www.ecb.europa.eu/press/key/date/2002/html/sp020326_1.en.html,clean/speeches/2002/2002-03-26-1-sp.txt,ok
2002-04-12,https://www.ecb.europa.eu/press/key/date/2002/html/sp020412.en.html,clean/speeches/2002/2002-04-12-sp.txt,ok
2002-04-19,https://www.ecb.europa.eu/press/key/date/2002/html/sp020419.en.html,clean/speeches/2002/2002-04-19-sp.txt,ok
2002-04-23,https://www.ecb.europa.eu/press/key/date/2002/html/sp020423.en.html,clean/speeches/2002/2002-04-23-sp.txt,ok
2002-04-24,https://www.ecb.europa.eu/press/key/date/2002/html/sp020424.en.html,clean/speeches/2002/2002-04-24-sp.txt,ok
2002-04-29,https://www.ecb.europa.eu/press/key/date/2002/html/sp020429.en.html,clean/speeches/2002/2002-04-29-sp.txt,ok
2002-04-29-1,https://www.ecb.europa.eu/press/key/date/2002/html/sp020429_1.en.html,clean/speeches/2002/2002-04-29-1-sp.txt,ok
2002-04-30,https://www.ecb.europa.eu/press/key/date/2002/html/sp020430.en.html,clean/speeches/2002/2002-04-30-sp.txt,ok
2002-05-08,https://www.ecb.europa.eu/press/key/date/2002/html/sp020508.en.html,clean/speeches/2002/2002-05-08-sp.txt,ok
2002-05-09,https://www.ecb.europa.eu/press/key/date/2002/html/sp020509.en.html,clean/speeches/2002/2002-05-09-sp.txt,ok
2002-05-16,https://www.ecb.europa.eu/press/key/date/2002/html/sp020516.en.html,clean/speeches/2002/2002-05-16-sp.txt,ok
2002-05-20,https://www.ecb.europa.eu/press/key/date/2002/html/sp020520.en.html,clean/speeches/2002/2002-05-20-sp.txt,ok
2002-05-21,https://www.ecb.europa.eu/press/key/date/2002/html/sp020521.en.html,clean/speeches/2002/2002-05-21-sp.txt,ok
2002-05-24,https://www.ecb.europa.eu/press/key/date/2002/html/sp020524.en.html,clean/speeches/2002/2002-05-24-sp.txt,ok
2002-05-30,https://www.ecb.europa.eu/press/key/date/2002/html/sp020530.en.html,clean/speeches/2002/2002-05-30-sp.txt,ok
2002-06-10,https://www.ecb.europa.eu/press/key/date/2002/html/sp020610.en.html,clean/speeches/2002/2002-06-10-sp.txt,ok
2002-06-11,https://www.ecb.europa.eu/press/key/date/2002/html/sp020611.en.html,clean/speeches/2002/2002-06-11-sp.txt,ok
2002-06-13,https://www.ecb.europa.eu/press/key/date/2002/html/sp020613.en.html,clean/speeches/2002/2002-06-13-sp.txt,ok
2002-06-29,https://www.ecb.europa.eu/press/key/date/2002/html/sp020629.en.html,clean/speeches/2002/2002-06-29-sp.txt,ok
2002-07-02,https://www.ecb.europa.eu/press/key/date/2002/html/sp020702.en.html,clean/speeches/2002/2002-07-02-sp.txt,ok
2002-07-05,https://www.ecb.europa.eu/press/key/date/2002/html/sp020705.en.html,clean/speeches/2002/2002-07-05-sp.txt,ok
2002-07-05-1,https://www.ecb.europa.eu/press/key/date/2002/html/sp020705_1.en.html,clean/speeches/2002/2002-07-05-1-sp.txt,ok
2002-07-10,https://www.ecb.europa.eu/press/key/date/2002/html/sp020710.en.html,clean/speeches/2002/2002-07-10-sp.txt,ok
2002-07-24,https://www.ecb.europa.eu/press/key/date/2002/html/sp020724.en.html,clean/speeches/2002/2002-07-24-sp.txt,ok
2002-08-30,https://www.ecb.europa.eu/press/key/date/2002/html/sp020830.en.html,clean/speeches/2002/2002-08-30-sp.txt,ok
2002-09-17,https://www.ecb.europa.eu/press/key/date/2002/html/sp020917.en.html,clean/speeches/2002/2002-09-17-sp.txt,ok
2002-09-24,https://www.ecb.europa.eu/press/key/date/2002/html/sp020924.en.html,clean/speeches/2002/2002-09-24-sp.txt,ok
2002-10-08,https://www.ecb.europa.eu/press/key/date/2002/html/sp021008.en.html,clean/speeches/2002/2002-10-08-sp.txt,ok
2002-10-08-1,https://www.ecb.europa.eu/press/key/date/2002/html/sp021008_1.en.html,clean/speeches/2002/2002-10-08-1-sp.txt,ok
2002-10-14,https://www.ecb.europa.eu/press/key/date/2002/html/sp021014.en.html,clean/speeches/2002/2002-10-14-sp.txt,ok
2002-10-24,https://www.ecb.europa.eu/press/key/date/2002/html/sp021024.en.html,clean/speeches/2002/2002-10-24-sp.txt,ok
2002-10-25,https://www.ecb.europa.eu/press/key/date/2002/html/sp021025.en.html,clean/speeches/2002/2002-10-25-sp.txt,ok
2002-11-04,https://www.ecb.europa.eu/press/key/date/2002/html/sp021104.en.html,clean/speeches/2002/2002-11-04-sp.txt,ok
2002-11-11,https://www.ecb.europa.eu/press/key/date/2002/html/sp021111.en.html,clean/speeches/2002/2002-11-11-sp.txt,ok
2002-11-12-2,https://www.ecb.europa.eu/press/key/date/2002/html/sp021112_2.en.html,clean/speeches/2002/2002-11-12-2-sp.txt,ok
2002-11-13,https://www.ecb.europa.eu/press/key/date/2002/html/sp021113.en.html,clean/speeches/2002/2002-11-13-sp.txt,ok
2002-11-18,https://www.ecb.europa.eu/press/key/date/2002/html/sp021118.en.html,clean/speeches/2002/2002-11-18-sp.txt,ok
2002-11-22,https://www.ecb.europa.eu/press/key/date/2002/html/sp021122.en.html,clean/speeches/2002/2002-11-22-sp.txt,ok
2002-11-22-1,https://www.ecb.europa.eu/press/key/date/2002/html/sp021122_1.en.html,clean/speeches/2002/2002-11-22-1-sp.txt,ok
2002-11-27,https://www.ecb.europa.eu/press/key/date/2002/html/sp021127.en.html,clean/speeches/2002/2002-11-27-sp.txt,ok
2002-12-02,https://www.ecb.europa.eu/press/key/date/2002/html/sp021202.en.html,clean/speeches/2002/2002-12-02-sp.txt,ok
2002-12-03,https://www.ecb.europa.eu/press/key/date/2002/html/sp021203.en.html,clean/speeches/2002/2002-12-03-sp.txt,ok
2002-12-05,https://www.ecb.europa.eu/press/key/date/2002/html/sp021205.en.html,clean/speeches/2002/2002-12-05-sp.txt,ok
2002-12-09,https://www.ecb.europa.eu/press/key/date/2002/html/sp021209.en.html,clean/speeches/2002/2002-12-09-sp.txt,ok
2002-12-09-1,https://www.ecb.europa.eu/press/key/date/2002/html/sp021209_1.en.html,clean/speeches/2002/2002-12-09-1-sp.txt,ok
2002-12-16,https://www.ecb.europa.eu/press/key/date/2002/html/sp021216.en.html,clean/speeches/2002/2002-12-16-sp.txt,ok
2003-01-13,https://www.ecb.europa.eu/press/key/date/2003/html/sp030113.en.html,clean/speeches/2003/2003-01-13-sp.txt,ok
2003-01-14,https://www.ecb.europa.eu/press/key/date/2003/html/sp030114.en.html,clean/speeches/2003/2003-01-14-sp.txt,ok
2003-02-04,https://www.ecb.europa.eu/press/key/date/2003/html/sp030204.en.html,clean/speeches/2003/2003-02-04-sp.txt,ok
2003-02-13,https://www.ecb.europa.eu/press/key/date/2003/html/sp030213.en.html,clean/speeches/2003/2003-02-13-sp.txt,ok
2003-02-17,https://www.ecb.europa.eu/press/key/date/2003/html/sp030217.en.html,clean/speeches/2003/2003-02-17-sp.txt,ok
2003-02-27,https://www.ecb.europa.eu/press/key/date/2003/html/sp030227.en.html,clean/speeches/2003/2003-02-27-sp.txt,ok
2003-02-28,https://www.ecb.europa.eu/press/key/date/2003/html/sp030228.en.html,clean/speeches/2003/2003-02-28-sp.txt,ok
2003-03-07,https://www.ecb.europa.eu/press/key/date/2003/html/sp030307.en.html,clean/speeches/2003/2003-03-07-sp.txt,ok
2003-03-07-1,https://www.ecb.europa.eu/press/key/date/2003/html/sp030307_1.en.html,clean/speeches/2003/2003-03-07-1-sp.txt,ok
2003-03-10,https://www.ecb.europa.eu/press/key/date/2003/html/sp030310.en.html,clean/speeches/2003/2003-03-10-sp.txt,ok
2003-03-24,https://www.ecb.europa.eu/press/key/date/2003/html/sp030324.en.html,clean/speeches/2003/2003-03-24-sp.txt,ok
2003-03-27,https://www.ecb.europa.eu/press/key/date/2003/html/sp030327.en.html,clean/speeches/2003/2003-03-27-sp.txt,ok
2003-03-29,https://www.ecb.europa.eu/press/key/date/2003/html/sp030329.en.html,clean/speeches/2003/2003-03-29-sp.txt,ok
2003-04-02,https://www.ecb.europa.eu/press/key/date/2003/html/sp030402.en.html,clean/speeches/2003/2003-04-02-sp.txt,ok
2003-04-07,https://www.ecb.europa.eu/press/key/date/2003/html/sp030407.en.html,clean/speeches/2003/2003-04-07-sp.txt,ok
2003-04-11,https://www.ecb.europa.eu/press/key/date/2003/html/sp030411.en.html,clean/speeches/2003/2003-04-11-sp.txt,ok
2003-04-28,https://www.ecb.europa.eu/press/key/date/2003/html/sp030428.en.html,clean/speeches/2003/2003-04-28-sp.txt,ok
2003-04-29,https://www.ecb.europa.eu/press/key/date/2003/html/sp030429.en.html,clean/speeches/2003/2003-04-29-sp.txt,ok
2003-05-09,https://www.ecb.europa.eu/press/key/date/2003/html/sp030509.en.html,clean/speeches/2003/2003-05-09-sp.txt,ok
2003-05-16,https://www.ecb.europa.eu/press/key/date/2003/html/sp030516.en.html,clean/speeches/2003/2003-05-16-sp.txt,ok
2003-05-19,https://www.ecb.europa.eu/press/key/date/2003/html/sp030519.en.html,clean/speeches/2003/2003-05-19-sp.txt,ok
2003-05-23,https://www.ecb.europa.eu/press/key/date/2003/html/sp030523.en.html,clean/speeches/2003/2003-05-23-sp.txt,ok
2003-06-03,https://www.ecb.europa.eu/press/key/date/2003/html/sp030603.en.html,clean/speeches/2003/2003-06-03-sp.txt,ok
2003-06-10,https://www.ecb.europa.eu/press/key/date/2003/html/sp030610.en.html,clean/speeches/2003/2003-06-10-sp.txt,ok
2003-06-12,https://www.ecb.europa.eu/press/key/date/2003/html/sp030612.en.html,clean/speeches/2003/2003-06-12-sp.txt,ok
2003-06-12-1,https://www.ecb.europa.eu/press/key/date/2003/html/sp030612_1.en.html,clean/speeches/2003/2003-06-12-1-sp.txt,ok
2003-06-12-2,https://www.ecb.europa.eu/press/key/date/2003/html/sp030612_2.en.html,clean/speeches/2003/2003-06-12-2-sp.txt,ok
2003-06-12-3,https://www.ecb.europa.eu/press/key/date/2003/html/sp030612_3.en.html,clean/speeches/2003/2003-06-12-3-sp.txt,ok
2003-06-13,https://www.ecb.europa.eu/press/key/date/2003/html/sp030613.en.html,clean/speeches/2003/2003-06-13-sp.txt,ok
2003-06-16,https://www.ecb.europa.eu/press/key/date/2003/html/sp030616.en.html,clean/speeches/2003/2003-06-16-sp.txt,ok
2003-06-30,https://www.ecb.europa.eu/press/key/date/2003/html/sp030630.en.html,clean/speeches/2003/2003-06-30-sp.txt,ok
2003-07-01,https://www.ecb.europa.eu/press/key/date/2003/html/sp030701.en.html,clean/speeches/2003/2003-07-01-sp.txt,ok
2003-07-02,https://www.ecb.europa.eu/press/key/date/2003/html/sp030702.en.html,clean/speeches/2003/2003-07-02-sp.txt,ok
2003-07-03,https://www.ecb.europa.eu/press/key/date/2003/html/sp030703.en.html,clean/speeches/2003/2003-07-03-sp.txt,ok
2003-07-07,https://www.ecb.europa.eu/press/key/date/2003/html/sp030707.en.html,clean/speeches/2003/2003-07-07-sp.txt,ok
2003-07-11,https://www.ecb.europa.eu/press/key/date/2003/html/sp030711.en.html,clean/speeches/2003/2003-07-11-sp.txt,ok
2003-08-20,https://www.ecb.europa.eu/press/key/date/2003/html/sp030820.en.html,clean/speeches/2003/2003-08-20-sp.txt,ok
2003-09-05,https://www.ecb.europa.eu/press/key/date/2003/html/sp030905.en.html,clean/speeches/2003/2003-09-05-sp.txt,ok
2003-09-05-1,https://www.ecb.europa.eu/press/key/date/2003/html/sp030905_1.en.html,clean/speeches/2003/2003-09-05-1-sp.txt,ok
2003-09-10,https://www.ecb.europa.eu/press/key/date/2003/html/sp030910.en.html,clean/speeches/2003/2003-09-10-sp.txt,ok
2003-09-16,https://www.ecb.europa.eu/press/key/date/2003/html/sp030916.en.html,clean/speeches/2003/2003-09-16-sp.txt,ok
2003-10-09,https://www.ecb.europa.eu/press/key/date/2003/html/sp031009.en.html,clean/speeches/2003/2003-10-09-sp.txt,ok
2003-10-13,https://www.ecb.europa.eu/press/key/date/2003/html/sp031013.en.html,clean/speeches/2003/2003-10-13-sp.txt,ok
2003-10-17,https://www.ecb.europa.eu/press/key/date/2003/html/sp031017.en.html,clean/speeches/2003/2003-10-17-sp.txt,ok
2003-10-17-1,https://www.ecb.europa.eu/press/key/date/2003/html/sp031017_1.en.html,clean/speeches/2003/2003-10-17-1-sp.txt,ok
2003-10-22,https://www.ecb.europa.eu/press/key/date/2003/html/sp031022.en.html,clean/speeches/2003/2003-10-22-sp.txt,ok
2003-10-24,https://www.ecb.europa.eu/press/key/date/2003/html/sp031024.en.html,clean/speeches/2003/2003-10-24-sp.txt,ok
2003-10-27,https://www.ecb.europa.eu/press/key/date/2003/html/sp031027.en.html,clean/speeches/2003/2003-10-27-sp.txt,ok
2003-10-28,https://www.ecb.europa.eu/press/key/date/2003/html/sp031028.en.html,clean/speeches/2003/2003-10-28-sp.txt,ok
2003-10-29,https://www.ecb.europa.eu/press/key/date/2003/html/sp031029.en.html,clean/speeches/2003/2003-10-29-sp.txt,ok
2003-11-03,https://www.ecb.europa.eu/press/key/date/2003/html/sp031103.en.html,clean/speeches/2003/2003-11-03-sp.txt,ok
2003-11-03-1,https://www.ecb.europa.eu/press/key/date/2003/html/sp031103_1.en.html,clean/speeches/2003/2003-11-03-1-sp.txt,ok
2003-11-03-2,https://www.ecb.europa.eu/press/key/date/2003/html/sp031103_2.en.html,clean/speeches/2003/2003-11-03-2-sp.txt,ok
2003-11-11,https://www.ecb.europa.eu/press/key/date/2003/html/sp031111.en.html,clean/speeches/2003/2003-11-11-sp.txt,ok
2003-11-13,https://www.ecb.europa.eu/press/key/date/2003/html/sp031113.en.html,clean/speeches/2003/2003-11-13-sp.txt,ok
2003-11-14,https://www.ecb.europa.eu/press/key/date/2003/html/sp031114.en.html,clean/speeches/2003/2003-11-14-sp.txt,ok
2003-11-14-1,https://www.ecb.europa.eu/press/key/date/2003/html/sp031114_1.en.html,clean/speeches/2003/2003-11-14-1-sp.txt,ok
2003-11-20,https://www.ecb.europa.eu/press/key/date/2003/html/sp031120.en.html,clean/speeches/2003/2003-11-20-sp.txt,ok
2003-11-20-1,https://www.ecb.europa.eu/press/key/date/2003/html/sp031120_1.en.html,clean/speeches/2003/2003-11-20-1-sp.txt,ok
2003-11-21,https://www.ecb.europa.eu/press/key/date/2003/html/sp031121.en.html,clean/speeches/2003/2003-11-21-sp.txt,ok
2003-11-26,https://www.ecb.europa.eu/press/key/date/2003/html/sp031126.en.html,clean/speeches/2003/2003-11-26-sp.txt,ok
2003-11-27,https://www.ecb.europa.eu/press/key/date/2003/html/sp031127.en.html,clean/speeches/2003/2003-11-27-sp.txt,ok
2003-12-01,https://www.ecb.europa.eu/press/key/date/2003/html/sp031201.en.html,clean/speeches/2003/2003-12-01-sp.txt,ok
2003-12-03,https://www.ecb.europa.eu/press/key/date/2003/html/sp031203.en.html,clean/speeches/2003/2003-12-03-sp.txt,ok
2003-12-10,https://www.ecb.europa.eu/press/key/date/2003/html/sp031210.en.html,clean/speeches/2003/2003-12-10-sp.txt,ok
2004-01-15,https://www.ecb.europa.eu/press/key/date/2004/html/sp040115.en.html,clean/speeches/2004/2004-01-15-sp.txt,ok
2004-01-16,https://www.ecb.europa.eu/press/key/date/2004/html/sp040116.en.html,clean/speeches/2004/2004-01-16-sp.txt,ok
2004-01-20,https://www.ecb.europa.eu/press/key/date/2004/html/sp040120.en.html,clean/speeches/2004/2004-01-20-sp.txt,ok
2004-01-26,https://www.ecb.europa.eu/press/key/date/2004/html/sp040126.en.html,clean/speeches/2004/2004-01-26-sp.txt,ok
2004-01-26-1,https://www.ecb.europa.eu/press/key/date/2004/html/sp040126_1.en.html,clean/speeches/2004/2004-01-26-1-sp.txt,ok
2004-01-29,https://www.ecb.europa.eu/press/key/date/2004/html/sp040129.en.html,clean/speeches/2004/2004-01-29-sp.txt,ok
2004-02-02,https://www.ecb.europa.eu/press/key/date/2004/html/sp040202.en.html,clean/speeches/2004/2004-02-02-sp.txt,ok
2004-02-02-1,https://www.ecb.europa.eu/press/key/date/2004/html/sp040202_1.en.html,clean/speeches/2004/2004-02-02-1-sp.txt,ok
2004-02-16,https://www.ecb.europa.eu/press/key/date/2004/html/sp040216.en.html,clean/speeches/2004/2004-02-16-sp.txt,ok
2004-02-20,https://www.ecb.europa.eu/press/key/date/2004/html/sp040220.en.html,clean/speeches/2004/2004-02-20-sp.txt,ok
2004-02-20-1,https://www.ecb.europa.eu/press/key/date/2004/html/sp040220_1.en.html,clean/speeches/2004/2004-02-20-1-sp.txt,ok
2004-02-26,https://www.ecb.europa.eu/press/key/date/2004/html/sp040226.en.html,clean/speeches/2004/2004-02-26-sp.txt,ok
2004-03-04,https://www.ecb.europa.eu/press/key/date/2004/html/sp040304.en.html,clean/speeches/2004/2004-03-04-sp.txt,ok
2004-03-05,https://www.ecb.europa.eu/press/key/date/2004/html/sp040305.en.html,clean/speeches/2004/2004-03-05-sp.txt,ok
2004-03-22,https://www.ecb.europa.eu/press/key/date/2004/html/sp040322.en.html,clean/speeches/2004/2004-03-22-sp.txt,ok
2004-03-23,https://www.ecb.europa.eu/press/key/date/2004/html/sp040323.en.html,clean/speeches/2004/2004-03-23-sp.txt,ok
2004-04-05,https://www.ecb.europa.eu/press/key/date/2004/html/sp040405.en.html,clean/speeches/2004/2004-04-05-sp.txt,ok
2004-04-19,https://www.ecb.europa.eu/press/key/date/2004/html/sp040419.en.html,clean/speeches/2004/2004-04-19-sp.txt,ok
2004-04-20,https://www.ecb.europa.eu/press/key/date/2004/html/sp040420.en.html,clean/speeches/2004/2004-04-20-sp.txt,ok
2004-04-20-1,https://www.ecb.europa.eu/press/key/date/2004/html/sp040420_1.en.html,clean/speeches/2004/2004-04-20-1-sp.txt,ok
2004-04-22,https://www.ecb.europa.eu/press/key/date/2004/html/sp040422.en.html,clean/speeches/2004/2004-04-22-sp.txt,ok
2004-04-23,https://www.ecb.europa.eu/press/key/date/2004/html/sp040423.en.html,clean/speeches/2004/2004-04-23-sp.txt,ok
2004-04-23-1,https://www.ecb.europa.eu/press/key/date/2004/html/sp040423_1.en.html,clean/speeches/2004/2004-04-23-1-sp.txt,ok
2004-04-26,https://www.ecb.europa.eu/press/key/date/2004/html/sp040426.en.html,clean/speeches/2004/2004-04-26-sp.txt,ok
2004-04-27,https://www.ecb.europa.eu/press/key/date/2004/html/sp040427.en.html,clean/speeches/2004/2004-04-27-sp.txt,ok
2004-04-27-1,https://www.ecb.europa.eu/press/key/date/2004/html/sp040427_1.en.html,clean/speeches/2004/2004-04-27-1-sp.txt,ok
2004-05-05,https://www.ecb.europa.eu/press/key/date/2004/html/sp040505.en.html,clean/speeches/2004/2004-05-05-sp.txt,ok
2004-05-10,https://www.ecb.europa.eu/press/key/date/2004/html/sp040510.en.html,clean/speeches/2004/2004-05-10-sp.txt,ok
2004-05-11,https://www.ecb.europa.eu/press/key/date/2004/html/sp040511.en.html,clean/speeches/2004/2004-05-11-sp.txt,ok
2004-05-11-1,https://www.ecb.europa.eu/press/key/date/2004/html/sp040511_1.en.html,clean/speeches/2004/2004-05-11-1-sp.txt,ok
2004-05-12,https://www.ecb.europa.eu/press/key/date/2004/html/sp040512.en.html,clean/speeches/2004/2004-05-12-sp.txt,ok
2004-05-12-1,https://www.ecb.europa.eu/press/key/date/2004/html/sp040512_1.en.html,clean/speeches/2004/2004-05-12-1-sp.txt,ok
2004-05-13,https://www.ecb.europa.eu/press/key/date/2004/html/sp040513.en.html,clean/speeches/2004/2004-05-13-sp.txt,ok
2004-05-13-1,https://www.ecb.europa.eu/press/key/date/2004/html/sp040513_1.en.html,clean/speeches/2004/2004-05-13-1-sp.txt,ok
2004-05-14,https://www.ecb.europa.eu/press/key/date/2004/html/sp040514.en.html,clean/speeches/2004/2004-05-14-sp.txt,ok
2004-05-14-1,https://www.ecb.europa.eu/press/key/date/2004/html/sp040514_1.en.html,clean/speeches/2004/2004-05-14-1-sp.txt,ok
2004-05-25-1,https://www.ecb.europa.eu/press/key/date/2004/html/sp040525_1.en.html,clean/speeches/2004/2004-05-25-1-sp.txt,ok
2004-05-28,https://www.ecb.europa.eu/press/key/date/2004/html/sp040528.en.html,clean/speeches/2004/2004-05-28-sp.txt,ok
2004-05-31,https://www.ecb.europa.eu/press/key/date/2004/html/sp040531.en.html,clean/speeches/2004/2004-05-31-sp.txt,ok
2004-06-03,https://www.ecb.europa.eu/press/key/date/2004/html/sp040603.en.html,clean/speeches/2004/2004-06-03-sp.txt,ok
2004-06-10,https://www.ecb.europa.eu/press/key/date/2004/html/sp040610.en.html,clean/speeches/2004/2004-06-10-sp.txt,ok
2004-06-14,https://www.ecb.europa.eu/press/key/date/2004/html/sp040614.en.html,clean/speeches/2004/2004-06-14-sp.txt,ok
2004-06-22,https://www.ecb.europa.eu/press/key/date/2004/html/sp040622.en.html,clean/speeches/2004/2004-06-22-sp.txt,ok
2004-06-22-1,https://www.ecb.europa.eu/press/key/date/2004/html/sp040622_1.en.html,clean/speeches/2004/2004-06-22-1-sp.txt,ok
2004-06-23,https://www.ecb.europa.eu/press/key/date/2004/html/sp040623.en.html,clean/speeches/2004/2004-06-23-sp.txt,ok
2004-06-25,https://www.ecb.europa.eu/press/key/date/2004/html/sp040625.en.html,clean/speeches/2004/2004-06-25-sp.txt,ok
2004-06-29,https://www.ecb.europa.eu/press/key/date/2004/html/sp040629.en.html,clean/speeches/2004/2004-06-29-sp.txt,ok
2004-07-06,https://www.ecb.europa.eu/press/key/date/2004/html/sp040706.en.html,clean/speeches/2004/2004-07-06-sp.txt,ok
2004-07-09,https://www.ecb.europa.eu/press/key/date/2004/html/sp040709.en.html,clean/speeches/2004/2004-07-09-sp.txt,ok
2004-07-29,https://www.ecb.europa.eu/press/key/date/2004/html/sp040729.en.html,clean/speeches/2004/2004-07-29-sp.txt,ok
2004-08-11,https://www.ecb.europa.eu/press/key/date/2004/html/sp040811.en.html,clean/speeches/2004/2004-08-11-sp.txt,ok
2004-09-06,https://www.ecb.europa.eu/press/key/date/2004/html/sp040906.en.html,clean/speeches/2004/2004-09-06-sp.txt,ok
2004-09-10,https://www.ecb.europa.eu/press/key/date/2004/html/sp040910.en.html,clean/speeches/2004/2004-09-10-sp.txt,ok
2004-09-20,https://www.ecb.europa.eu/press/key/date/2004/html/sp040920.en.html,clean/speeches/2004/2004-09-20-sp.txt,ok
2004-09-21,https://www.ecb.europa.eu/press/key/date/2004/html/sp040921.en.html,clean/speeches/2004/2004-09-21-sp.txt,ok
2004-09-22,https://www.ecb.europa.eu/press/key/date/2004/html/sp040922.en.html,clean/speeches/2004/2004-09-22-sp.txt,ok
2004-09-23,https://www.ecb.europa.eu/press/key/date/2004/html/sp040923.en.html,clean/speeches/2004/2004-09-23-sp.txt,ok
2004-09-25,https://www.ecb.europa.eu/press/key/date/2004/html/sp040925.en.html,clean/speeches/2004/2004-09-25-sp.txt,ok
2004-09-27,https://www.ecb.europa.eu/press/key/date/2004/html/sp040927.en.html,clean/speeches/2004/2004-09-27-sp.txt,ok
2004-09-28,https://www.ecb.europa.eu/press/key/date/2004/html/sp040928.en.html,clean/speeches/2004/2004-09-28-sp.txt,ok
2004-09-28-1,https://www.ecb.europa.eu/press/key/date/2004/html/sp040928_1.en.html,clean/speeches/2004/2004-09-28-1-sp.txt,ok
2004-10-03,https://www.ecb.europa.eu/press/key/date/2004/html/sp041003.en.html,clean/speeches/2004/2004-10-03-sp.txt,ok
2004-10-05,https://www.ecb.europa.eu/press/key/date/2004/html/sp041005.en.html,clean/speeches/2004/2004-10-05-sp.txt,ok
2004-10-12,https://www.ecb.europa.eu/press/key/date/2004/html/sp041012.en.html,clean/speeches/2004/2004-10-12-sp.txt,ok
2004-10-20,https://www.ecb.europa.eu/press/key/date/2004/html/sp041020.en.html,clean/speeches/2004/2004-10-20-sp.txt,ok
2004-10-20-1,https://www.ecb.europa.eu/press/key/date/2004/html/sp041020_1.en.html,clean/speeches/2004/2004-10-20-1-sp.txt,ok
2004-10-21,https://www.ecb.europa.eu/press/key/date/2004/html/sp041021.en.html,clean/speeches/2004/2004-10-21-sp.txt,ok
2004-10-21-1,https://www.ecb.europa.eu/press/key/date/2004/html/sp041021_1.en.html,clean/speeches/2004/2004-10-21-1-sp.txt,ok
2004-10-22,https://www.ecb.europa.eu/press/key/date/2004/html/sp041022.en.html,clean/speeches/2004/2004-10-22-sp.txt,ok
2004-10-22-1,https://www.ecb.europa.eu/press/key/date/2004/html/sp041022_1.en.html,clean/speeches/2004/2004-10-22-1-sp.txt,ok
2004-10-25,https://www.ecb.europa.eu/press/key/date/2004/html/sp041025.en.html,clean/speeches/2004/2004-10-25-sp.txt,ok
2004-10-27,https://www.ecb.europa.eu/press/key/date/2004/html/sp041027.en.html,clean/speeches/2004/2004-10-27-sp.txt,ok
2004-11-03,https://www.ecb.europa.eu/press/key/date/2004/html/sp041103.en.html,clean/speeches/2004/2004-11-03-sp.txt,ok
2004-11-05,https://www.ecb.europa.eu/press/key/date/2004/html/sp041105.en.html,clean/speeches/2004/2004-11-05-sp.txt,ok
2004-11-11,https://www.ecb.europa.eu/press/key/date/2004/html/sp041111.en.html,clean/speeches/2004/2004-11-11-sp.txt,ok
2004-11-11-1,https://www.ecb.europa.eu/press/key/date/2004/html/sp041111_1.en.html,clean/speeches/2004/2004-11-11-1-sp.txt,ok
2004-11-11-2,https://www.ecb.europa.eu/press/key/date/2004/html/sp041111_2.en.html,clean/speeches/2004/2004-11-11-2-sp.txt,ok
2004-11-12,https://www.ecb.europa.eu/press/key/date/2004/html/sp041112.en.html,clean/speeches/2004/2004-11-12-sp.txt,ok
2004-11-19,https://www.ecb.europa.eu/press/key/date/2004/html/sp041119.en.html,clean/speeches/2004/2004-11-19-sp.txt,ok
2004-11-23,https://www.ecb.europa.eu/press/key/date/2004/html/sp041123.en.html,clean/speeches/2004/2004-11-23-sp.txt,ok
2004-11-29,https://www.ecb.europa.eu/press/key/date/2004/html/sp041129.en.html,clean/speeches/2004/2004-11-29-sp.txt,ok
2004-11-30,https://www.ecb.europa.eu/press/key/date/2004/html/sp041130.en.html,clean/speeches/2004/2004-11-30-sp.txt,ok
2004-12-03,https://www.ecb.europa.eu/press/key/date/2004/html/sp041203.en.html,clean/speeches/2004/2004-12-03-sp.txt,ok
2004-12-06,https://www.ecb.europa.eu/press/key/date/2004/html/sp041206.en.html,clean/speeches/2004/2004-12-06-sp.txt,ok
2004-12-06-1,https://www.ecb.europa.eu/press/key/date/2004/html/sp041206_1.en.html,clean/speeches/2004/2004-12-06-1-sp.txt,ok
2004-12-09,https://www.ecb.europa.eu/press/key/date/2004/html/sp041209.en.html,clean/speeches/2004/2004-12-09-sp.txt,ok
2004-12-09-1,https://www.ecb.europa.eu/press/key/date/2004/html/sp041209_1.en.html,clean/speeches/2004/2004-12-09-1-sp.txt,ok
2004-12-09-2,https://www.ecb.europa.eu/press/key/date/2004/html/sp041209_2.en.html,clean/speeches/2004/2004-12-09-2-sp.txt,ok
2004-12-10,https://www.ecb.europa.eu/press/key/date/2004/html/sp041210.en.html,clean/speeches/2004/2004-12-10-sp.txt,ok
2004-12-10-1,https://www.ecb.europa.eu/press/key/date/2004/html/sp041210_1.en.html,clean/speeches/2004/2004-12-10-1-sp.txt,ok
2004-12-15,https://www.ecb.europa.eu/press/key/date/2004/html/sp041215.en.html,clean/speeches/2004/2004-12-15-sp.txt,ok
2005-01-14,https://www.ecb.europa.eu/press/key/date/2005/html/sp050114.en.html,clean/speeches/2005/2005-01-14-sp.txt,ok
2005-01-20-2,https://www.ecb.europa.eu/press/key/date/2005/html/sp050120_2.en.html,clean/speeches/2005/2005-01-20-2-sp.txt,ok
2005-01-20-3,https://www.ecb.europa.eu/press/key/date/2005/html/sp050120_3.en.html,clean/speeches/2005/2005-01-20-3-sp.txt,ok
2005-01-25,https://www.ecb.europa.eu/press/key/date/2005/html/sp050125.en.html,clean/speeches/2005/2005-01-25-sp.txt,ok
2005-01-28,https://www.ecb.europa.eu/press/key/date/2005/html/sp050128.en.html,clean/speeches/2005/2005-01-28-sp.txt,ok
2005-02-24,https://www.ecb.europa.eu/press/key/date/2005/html/sp050224.en.html,clean/speeches/2005/2005-02-24-sp.txt,ok
2005-02-25,https://www.ecb.europa.eu/press/key/date/2005/html/sp050225.en.html,clean/speeches/2005/2005-02-25-sp.txt,ok
2005-03-01,https://www.ecb.europa.eu/press/key/date/2005/html/sp050301.en.html,clean/speeches/2005/2005-03-01-sp.txt,ok
2005-03-09,https://www.ecb.europa.eu/press/key/date/2005/html/sp050309.en.html,clean/speeches/2005/2005-03-09-sp.txt,ok
2005-03-09-1,https://www.ecb.europa.eu/press/key/date/2005/html/sp050309_1.en.html,clean/speeches/2005/2005-03-09-1-sp.txt,ok
2005-03-10,https://www.ecb.europa.eu/press/key/date/2005/html/sp050310.en.html,clean/speeches/2005/2005-03-10-sp.txt,ok
2005-03-14,https://www.ecb.europa.eu/press/key/date/2005/html/sp050314.en.html,clean/speeches/2005/2005-03-14-sp.txt,ok
2005-03-18,https://www.ecb.europa.eu/press/key/date/2005/html/sp050318.en.html,clean/speeches/2005/2005-03-18-sp.txt,ok
2005-04-09,https://www.ecb.europa.eu/press/key/date/2005/html/sp050409.en.html,clean/speeches/2005/2005-04-09-sp.txt,ok
2005-04-15,https://www.ecb.europa.eu/press/key/date/2005/html/sp050415.en.html,clean/speeches/2005/2005-04-15-sp.txt,ok
2005-04-19,https://www.ecb.europa.eu/press/key/date/2005/html/sp050419.en.html,clean/speeches/2005/2005-04-19-sp.txt,ok
2005-04-19-1,https://www.ecb.europa.eu/press/key/date/2005/html/sp050419_1.en.html,clean/speeches/2005/2005-04-19-1-sp.txt,ok
2005-04-25,https://www.ecb.europa.eu/press/key/date/2005/html/sp050425.en.html,clean/speeches/2005/2005-04-25-sp.txt,ok
2005-04-26,https://www.ecb.europa.eu/press/key/date/2005/html/sp050426.en.html,clean/speeches/2005/2005-04-26-sp.txt,ok
2005-04-27,https://www.ecb.europa.eu/press/key/date/2005/html/sp050427.en.html,clean/speeches/2005/2005-04-27-sp.txt,ok
2005-05-06,https://www.ecb.europa.eu/press/key/date/2005/html/sp050506.en.html,clean/speeches/2005/2005-05-06-sp.txt,ok
2005-05-09,https://www.ecb.europa.eu/press/key/date/2005/html/sp050509.en.html,clean/speeches/2005/2005-05-09-sp.txt,ok
2005-05-13,https://www.ecb.europa.eu/press/key/date/2005/html/sp050513.en.html,clean/speeches/2005/2005-05-13-sp.txt,ok
2005-05-20,https://www.ecb.europa.eu/press/key/date/2005/html/sp050520.en.html,clean/speeches/2005/2005-05-20-sp.txt,ok
2005-05-23,https://www.ecb.europa.eu/press/key/date/2005/html/sp050523.en.html,clean/speeches/2005/2005-05-23-sp.txt,ok
2005-05-23-1,https://www.ecb.europa.eu/press/key/date/2005/html/sp050523_1.en.html,clean/speeches/2005/2005-05-23-1-sp.txt,ok
2005-05-26,https://www.ecb.europa.eu/press/key/date/2005/html/sp050526.en.html,clean/speeches/2005/2005-05-26-sp.txt,ok
2005-05-30,https://www.ecb.europa.eu/press/key/date/2005/html/sp050530.en.html,clean/speeches/2005/2005-05-30-sp.txt,ok
2005-05-31,https://www.ecb.europa.eu/press/key/date/2005/html/sp050531.en.html,clean/speeches/2005/2005-05-31-sp.txt,ok
2005-05-31-1,https://www.ecb.europa.eu/press/key/date/2005/html/sp050531_1.en.html,clean/speeches/2005/2005-05-31-1-sp.txt,ok
2005-06-03,https://www.ecb.europa.eu/press/key/date/2005/html/sp050603.en.html,clean/speeches/2005/2005-06-03-sp.txt,ok
2005-06-03-1,https://www.ecb.europa.eu/press/key/date/2005/html/sp050603_1.en.html,clean/speeches/2005/2005-06-03-1-sp.txt,ok
2005-06-08,https://www.ecb.europa.eu/press/key/date/2005/html/sp050608.en.html,clean/speeches/2005/2005-06-08-sp.txt,ok
2005-06-09,https://www.ecb.europa.eu/press/key/date/2005/html/sp050609.en.html,clean/speeches/2005/2005-06-09-sp.txt,ok
2005-06-15,https://www.ecb.europa.eu/press/key/date/2005/html/sp050615.en.html,clean/speeches/2005/2005-06-15-sp.txt,ok
2005-06-16,https://www.ecb.europa.eu/press/key/date/2005/html/sp050616.en.html,clean/speeches/2005/2005-06-16-sp.txt,ok
2005-06-16-1,https://www.ecb.europa.eu/press/key/date/2005/html/sp050616_1.en.html,clean/speeches/2005/2005-06-16-1-sp.txt,ok
2005-06-17,https://www.ecb.europa.eu/press/key/date/2005/html/sp050617.en.html,clean/speeches/2005/2005-06-17-sp.txt,ok
2005-06-17-1,https://www.ecb.europa.eu/press/key/date/2005/html/sp050617_1.en.html,clean/speeches/2005/2005-06-17-1-sp.txt,ok
2005-06-21,https://www.ecb.europa.eu/press/key/date/2005/html/sp050621.en.html,clean/speeches/2005/2005-06-21-sp.txt,ok
2005-06-23,https://www.ecb.europa.eu/press/key/date/2005/html/sp050623.en.html,clean/speeches/2005/2005-06-23-sp.txt,ok
2005-06-24,https://www.ecb.europa.eu/press/key/date/2005/html/sp050624.en.html,clean/speeches/2005/2005-06-24-sp.txt,ok
2005-07-04,https://www.ecb.europa.eu/press/key/date/2005/html/sp050704.en.html,clean/speeches/2005/2005-07-04-sp.txt,ok
2005-07-06,https://www.ecb.europa.eu/press/key/date/2005/html/sp050706.en.html,clean/speeches/2005/2005-07-06-sp.txt,ok
2005-07-13,https://www.ecb.europa.eu/press/key/date/2005/html/sp050713.en.html,clean/speeches/2005/2005-07-13-sp.txt,ok
2005-07-14,https://www.ecb.europa.eu/press/key/date/2005/html/sp050714.en.html,clean/speeches/2005/2005-07-14-sp.txt,ok
2005-07-18,https://www.ecb.europa.eu/press/key/date/2005/html/sp050718.en.html,clean/speeches/2005/2005-07-18-sp.txt,ok
2005-08-06,https://www.ecb.europa.eu/press/key/date/2005/html/sp050806.en.html,clean/speeches/2005/2005-08-06-sp.txt,ok
2005-08-27,https://www.ecb.europa.eu/press/key/date/2005/html/sp050827.en.html,clean/speeches/2005/2005-08-27-sp.txt,ok
2005-09-14,https://www.ecb.europa.eu/press/key/date/2005/html/sp050914.en.html,clean/speeches/2005/2005-09-14-sp.txt,ok
2005-09-19,https://www.ecb.europa.eu/press/key/date/2005/html/sp050919.en.html,clean/speeches/2005/2005-09-19-sp.txt,ok
2005-09-19-1,https://www.ecb.europa.eu/press/key/date/2005/html/sp050919_1.en.html,clean/speeches/2005/2005-09-19-1-sp.txt,ok
2005-09-22,https://www.ecb.europa.eu/press/key/date/2005/html/sp050922.en.html,clean/speeches/2005/2005-09-22-sp.txt,ok
2005-09-30,https://www.ecb.europa.eu/press/key/date/2005/html/sp050930.en.html,clean/speeches/2005/2005-09-30-sp.txt,ok
2005-09-30-2,https://www.ecb.europa.eu/press/key/date/2005/html/sp050930_2.en.html,clean/speeches/2005/2005-09-30-2-sp.txt,ok
2005-10-03,https://www.ecb.europa.eu/press/key/date/2005/html/sp051003.en.html,clean/speeches/2005/2005-10-03-sp.txt,ok
2005-10-03-1,https://www.ecb.europa.eu/press/key/date/2005/html/sp051003_1.en.html,clean/speeches/2005/2005-10-03-1-sp.txt,ok
2005-10-10,https://www.ecb.europa.eu/press/key/date/2005/html/sp051010.en.html,clean/speeches/2005/2005-10-10-sp.txt,ok
2005-10-10-1,https://www.ecb.europa.eu/press/key/date/2005/html/sp051010_1.en.html,clean/speeches/2005/2005-10-10-1-sp.txt,ok
2005-10-13,https://www.ecb.europa.eu/press/key/date/2005/html/sp051013.en.html,clean/speeches/2005/2005-10-13-sp.txt,ok
2005-10-14-1,https://www.ecb.europa.eu/press/key/date/2005/html/sp051014_1.en.html,clean/speeches/2005/2005-10-14-1-sp.txt,ok
2005-10-18,https://www.ecb.europa.eu/press/key/date/2005/html/sp051018.en.html,clean/speeches/2005/2005-10-18-sp.txt,ok
2005-10-21,https://www.ecb.europa.eu/press/key/date/2005/html/sp051021.en.html,clean/speeches/2005/2005-10-21-sp.txt,ok
2005-10-28,https://www.ecb.europa.eu/press/key/date/2005/html/sp051028.en.html,clean/speeches/2005/2005-10-28-sp.txt,ok
2005-10-28-1,https://www.ecb.europa.eu/press/key/date/2005/html/sp051028_1.en.html,clean/speeches/2005/2005-10-28-1-sp.txt,ok
2005-10-28-2,https://www.ecb.europa.eu/press/key/date/2005/html/sp051028_2.en.html,clean/speeches/2005/2005-10-28-2-sp.txt,ok
2005-10-28-3,https://www.ecb.europa.eu/press/key/date/2005/html/sp051028_3.en.html,clean/speeches/2005/2005-10-28-3-sp.txt,ok
2005-11-04,https://www.ecb.europa.eu/press/key/date/2005/html/sp051104.en.html,clean/speeches/2005/2005-11-04-sp.txt,ok
2005-11-06,https://www.ecb.europa.eu/press/key/date/2005/html/sp051106.en.html,clean/speeches/2005/2005-11-06-sp.txt,ok
2005-11-10,https://www.ecb.europa.eu/press/key/date/2005/html/sp051110.en.html,clean/speeches/2005/2005-11-10-sp.txt,ok
2005-11-14,https://www.ecb.europa.eu/press/key/date/2005/html/sp051114.en.html,clean/speeches/2005/2005-11-14-sp.txt,ok
2005-11-15,https://www.ecb.europa.eu/press/key/date/2005/html/sp051115.en.html,clean/speeches/2005/2005-11-15-sp.txt,ok
2005-11-16,https://www.ecb.europa.eu/press/key/date/2005/html/sp051116.en.html,clean/speeches/2005/2005-11-16-sp.txt,ok
2005-11-18,https://www.ecb.europa.eu/press/key/date/2005/html/sp051118.en.html,clean/speeches/2005/2005-11-18-sp.txt,ok
2005-11-18-1,https://www.ecb.europa.eu/press/key/date/2005/html/sp051118_1.en.html,clean/speeches/2005/2005-11-18-1-sp.txt,ok
2005-11-21,https://www.ecb.europa.eu/press/key/date/2005/html/sp051121.en.html,clean/speeches/2005/2005-11-21-sp.txt,ok
2005-11-23,https://www.ecb.europa.eu/press/key/date/2005/html/sp051123.en.html,clean/speeches/2005/2005-11-23-sp.txt,ok
2005-11-28,https://www.ecb.europa.eu/press/key/date/2005/html/sp051128.en.html,clean/speeches/2005/2005-11-28-sp.txt,ok
2005-12-08,https://www.ecb.europa.eu/press/key/date/2005/html/sp051208.en.html,clean/speeches/2005/2005-12-08-sp.txt,ok
2005-12-08-1,https://www.ecb.europa.eu/press/key/date/2005/html/sp051208_1.en.html,clean/speeches/2005/2005-12-08-1-sp.txt,ok
2005-12-16,https://www.ecb.europa.eu/press/key/date/2005/html/sp051216.en.html,clean/speeches/2005/2005-12-16-sp.txt,ok
2006-01-13,https://www.ecb.europa.eu/press/key/date/2006/html/sp060113.en.html,clean/speeches/2006/2006-01-13-sp.txt,ok
2006-01-18,https://www.ecb.europa.eu/press/key/date/2006/html/sp060118.en.html,clean/speeches/2006/2006-01-18-sp.txt,ok
2006-01-20,https://www.ecb.europa.eu/press/key/date/2006/html/sp060120.en.html,clean/speeches/2006/2006-01-20-sp.txt,ok
2006-02-02,https://www.ecb.europa.eu/press/key/date/2006/html/sp060202.en.html,clean/speeches/2006/2006-02-02-sp.txt,ok
2006-02-06,https://www.ecb.europa.eu/press/key/date/2006/html/sp060206.en.html,clean/speeches/2006/2006-02-06-sp.txt,ok
2006-02-10,https://www.ecb.europa.eu/press/key/date/2006/html/sp060210.en.html,clean/speeches/2006/2006-02-10-sp.txt,ok
2006-02-20,https://www.ecb.europa.eu/press/key/date/2006/html/sp060220.en.html,clean/speeches/2006/2006-02-20-sp.txt,ok
2006-02-23,https://www.ecb.europa.eu/press/key/date/2006/html/sp060223.en.html,clean/speeches/2006/2006-02-23-sp.txt,ok
2006-02-24,https://www.ecb.europa.eu/press/key/date/2006/html/sp060224.en.html,clean/speeches/2006/2006-02-24-sp.txt,ok
2006-02-24-1,https://www.ecb.europa.eu/press/key/date/2006/html/sp060224_1.en.html,clean/speeches/2006/2006-02-24-1-sp.txt,ok
2006-02-27,https://www.ecb.europa.eu/press/key/date/2006/html/sp060227.en.html,clean/speeches/2006/2006-02-27-sp.txt,ok
2006-03-01,https://www.ecb.europa.eu/press/key/date/2006/html/sp060301.en.html,clean/speeches/2006/2006-03-01-sp.txt,ok
2006-03-09,https://www.ecb.europa.eu/press/key/date/2006/html/sp060309.en.html,clean/speeches/2006/2006-03-09-sp.txt,ok
2006-03-16,https://www.ecb.europa.eu/press/key/date/2006/html/sp060316.en.html,clean/speeches/2006/2006-03-16-sp.txt,ok
2006-03-17,https://www.ecb.europa.eu/press/key/date/2006/html/sp060317.en.html,clean/speeches/2006/2006-03-17-sp.txt,ok
2006-03-24,https://www.ecb.europa.eu/press/key/date/2006/html/sp060324.en.html,clean/speeches/2006/2006-03-24-sp.txt,ok
2006-03-30,https://www.ecb.europa.eu/press/key/date/2006/html/sp060330.en.html,clean/speeches/2006/2006-03-30-sp.txt,ok
2006-03-31,https://www.ecb.europa.eu/press/key/date/2006/html/sp060331.en.html,clean/speeches/2006/2006-03-31-sp.txt,ok
2006-03-31-1,https://www.ecb.europa.eu/press/key/date/2006/html/sp060331_1.en.html,clean/speeches/2006/2006-03-31-1-sp.txt,ok
2006-03-31-2,https://www.ecb.europa.eu/press/key/date/2006/html/sp060331_2.en.html,clean/speeches/2006/2006-03-31-2-sp.txt,ok
2006-04-03,https://www.ecb.europa.eu/press/key/date/2006/html/sp060403.en.html,clean/speeches/2006/2006-04-03-sp.txt,ok
2006-04-04,https://www.ecb.europa.eu/press/key/date/2006/html/sp060404.en.html,clean/speeches/2006/2006-04-04-sp.txt,ok
2006-04-24,https://www.ecb.europa.eu/press/key/date/2006/html/sp060424.en.html,clean/speeches/2006/2006-04-24-sp.txt,ok
2006-04-25,https://www.ecb.europa.eu/press/key/date/2006/html/sp060425.en.html,clean/speeches/2006/2006-04-25-sp.txt,ok
2006-04-25-1,https://www.ecb.europa.eu/press/key/date/2006/html/sp060425_1.en.html,clean/speeches/2006/2006-04-25-1-sp.txt,ok
2006-04-27,https://www.ecb.europa.eu/press/key/date/2006/html/sp060427.en.html,clean/speeches/2006/2006-04-27-sp.txt,ok
2006-05-04,https://www.ecb.europa.eu/press/key/date/2006/html/sp060504.en.html,clean/speeches/2006/2006-05-04-sp.txt,ok
2006-05-05,https://www.ecb.europa.eu/press/key/date/2006/html/sp060505.en.html,clean/speeches/2006/2006-05-05-sp.txt,ok
2006-05-05-1,https://www.ecb.europa.eu/press/key/date/2006/html/sp060505_1.en.html,clean/speeches/2006/2006-05-05-1-sp.txt,ok
2006-05-05-2,https://www.ecb.europa.eu/press/key/date/2006/html/sp060505_2.en.html,clean/speeches/2006/2006-05-05-2-sp.txt,ok
2006-05-05-3,https://www.ecb.europa.eu/press/key/date/2006/html/sp060505_3.en.html,clean/speeches/2006/2006-05-05-3-sp.txt,ok
2006-05-05-4,https://www.ecb.europa.eu/press/key/date/2006/html/sp060505_4.en.html,clean/speeches/2006/2006-05-05-4-sp.txt,ok
2006-05-08,https://www.ecb.europa.eu/press/key/date/2006/html/sp060508.en.html,clean/speeches/2006/2006-05-08-sp.txt,ok
2006-05-11,https://www.ecb.europa.eu/press/key/date/2006/html/sp060511.en.html,clean/speeches/2006/2006-05-11-sp.txt,ok
2006-05-11-1,https://www.ecb.europa.eu/press/key/date/2006/html/sp060511_1.en.html,clean/speeches/2006/2006-05-11-1-sp.txt,ok
2006-05-22,https://www.ecb.europa.eu/press/key/date/2006/html/sp060522.en.html,clean/speeches/2006/2006-05-22-sp.txt,ok
2006-05-22-1,https://www.ecb.europa.eu/press/key/date/2006/html/sp060522_1.en.html,clean/speeches/2006/2006-05-22-1-sp.txt,ok
2006-05-22-2,https://www.ecb.europa.eu/press/key/date/2006/html/sp060522_2.en.html,clean/speeches/2006/2006-05-22-2-sp.txt,ok
2006-05-25,https://www.ecb.europa.eu/press/key/date/2006/html/sp060525.en.html,clean/speeches/2006/2006-05-25-sp.txt,ok
2006-06-01,https://www.ecb.europa.eu/press/key/date/2006/html/sp060601.en.html,clean/speeches/2006/2006-06-01-sp.txt,ok
2006-06-07,https://www.ecb.europa.eu/press/key/date/2006/html/sp060607.en.html,clean/speeches/2006/2006-06-07-sp.txt,ok
2006-06-08,https://www.ecb.europa.eu/press/key/date/2006/html/sp060608.en.html,clean/speeches/2006/2006-06-08-sp.txt,ok
2006-06-08-1,https://www.ecb.europa.eu/press/key/date/2006/html/sp060608_1.en.html,clean/speeches/2006/2006-06-08-1-sp.txt,ok
2006-06-09,https://www.ecb.europa.eu/press/key/date/2006/html/sp060609.en.html,clean/speeches/2006/2006-06-09-sp.txt,ok
2006-06-09-1,https://www.ecb.europa.eu/press/key/date/2006/html/sp060609_1.en.html,clean/speeches/2006/2006-06-09-1-sp.txt,ok
2006-06-14,https://www.ecb.europa.eu/press/key/date/2006/html/sp060614.en.html,clean/speeches/2006/2006-06-14-sp.txt,ok
2006-06-15,https://www.ecb.europa.eu/press/key/date/2006/html/sp060615.en.html,clean/speeches/2006/2006-06-15-sp.txt,ok
2006-06-21,https://www.ecb.europa.eu/press/key/date/2006/html/sp060621.en.html,clean/speeches/2006/2006-06-21-sp.txt,ok
2006-06-29,https://www.ecb.europa.eu/press/key/date/2006/html/sp060629.en.html,clean/speeches/2006/2006-06-29-sp.txt,ok
2006-06-29-1,https://www.ecb.europa.eu/press/key/date/2006/html/sp060629_1.en.html,clean/speeches/2006/2006-06-29-1-sp.txt,ok
2006-06-29-2,https://www.ecb.europa.eu/press/key/date/2006/html/sp060629_2.en.html,clean/speeches/2006/2006-06-29-2-sp.txt,ok
2006-07-06,https://www.ecb.europa.eu/press/key/date/2006/html/sp060706.en.html,clean/speeches/2006/2006-07-06-sp.txt,ok
2006-07-07,https://www.ecb.europa.eu/press/key/date/2006/html/sp060707.en.html,clean/speeches/2006/2006-07-07-sp.txt,ok
2006-07-14,https://www.ecb.europa.eu/press/key/date/2006/html/sp060714.en.html,clean/speeches/2006/2006-07-14-sp.txt,ok
2006-07-17,https://www.ecb.europa.eu/press/key/date/2006/html/sp060717.en.html,clean/speeches/2006/2006-07-17-sp.txt,ok
2006-07-17-1,https://www.ecb.europa.eu/press/key/date/2006/html/sp060717_1.en.html,clean/speeches/2006/2006-07-17-1-sp.txt,ok
2006-07-18-1,https://www.ecb.europa.eu/press/key/date/2006/html/sp060718_1.en.html,clean/speeches/2006/2006-07-18-1-sp.txt,ok
2006-09-07,https://www.ecb.europa.eu/press/key/date/2006/html/sp060907.en.html,clean/speeches/2006/2006-09-07-sp.txt,ok
2006-09-15-1,https://www.ecb.europa.eu/press/key/date/2006/html/sp060915_1.en.html,clean/speeches/2006/2006-09-15-1-sp.txt,ok
2006-09-17,https://www.ecb.europa.eu/press/key/date/2006/html/sp060917.en.html,clean/speeches/2006/2006-09-17-sp.txt,ok
2006-09-18,https://www.ecb.europa.eu/press/key/date/2006/html/sp060918.en.html,clean/speeches/2006/2006-09-18-sp.txt,ok
2006-09-18-1,https://www.ecb.europa.eu/press/key/date/2006/html/sp060918_1.en.html,clean/speeches/2006/2006-09-18-1-sp.txt,ok
2006-09-20,https://www.ecb.europa.eu/press/key/date/2006/html/sp060920.en.html,clean/speeches/2006/2006-09-20-sp.txt,ok
2006-09-28,https://www.ecb.europa.eu/press/key/date/2006/html/sp060928.en.html,clean/speeches/2006/2006-09-28-sp.txt,ok
2006-09-28-1,https://www.ecb.europa.eu/press/key/date/2006/html/sp060928_1.en.html,clean/speeches/2006/2006-09-28-1-sp.txt,ok
2006-09-28-2,https://www.ecb.europa.eu/press/key/date/2006/html/sp060928_2.en.html,clean/speeches/2006/2006-09-28-2-sp.txt,ok
2006-09-29,https://www.ecb.europa.eu/press/key/date/2006/html/sp060929.en.html,clean/speeches/2006/2006-09-29-sp.txt,ok
2006-10-04,https://www.ecb.europa.eu/press/key/date/2006/html/sp061004.en.html,clean/speeches/2006/2006-10-04-sp.txt,ok
2006-10-10,https://www.ecb.europa.eu/press/key/date/2006/html/sp061010.en.html,clean/speeches/2006/2006-10-10-sp.txt,ok
2006-10-13,https://www.ecb.europa.eu/press/key/date/2006/html/sp061013.en.html,clean/speeches/2006/2006-10-13-sp.txt,ok
2006-10-16,https://www.ecb.europa.eu/press/key/date/2006/html/sp061016.en.html,clean/speeches/2006/2006-10-16-sp.txt,ok
2006-10-20,https://www.ecb.europa.eu/press/key/date/2006/html/sp061020.en.html,clean/speeches/2006/2006-10-20-sp.txt,ok
2006-10-23,https://www.ecb.europa.eu/press/key/date/2006/html/sp061023.en.html,clean/speeches/2006/2006-10-23-sp.txt,ok
2006-10-24,https://www.ecb.europa.eu/press/key/date/2006/html/sp061024.en.html,clean/speeches/2006/2006-10-24-sp.txt,ok
2006-10-26,https://www.ecb.europa.eu/press/key/date/2006/html/sp061026.en.html,clean/speeches/2006/2006-10-26-sp.txt,ok
2006-10-26-1,https://www.ecb.europa.eu/press/key/date/2006/html/sp061026_1.en.html,clean/speeches/2006/2006-10-26-1-sp.txt,ok
2006-10-27,https://www.ecb.europa.eu/press/key/date/2006/html/sp061027.en.html,clean/speeches/2006/2006-10-27-sp.txt,ok
2006-10-30,https://www.ecb.europa.eu/press/key/date/2006/html/sp061030.en.html,clean/speeches/2006/2006-10-30-sp.txt,ok
2006-11-09-1,https://www.ecb.europa.eu/press/key/date/2006/html/sp061109_1.en.html,clean/speeches/2006/2006-11-09-1-sp.txt,ok
2006-11-10,https://www.ecb.europa.eu/press/key/date/2006/html/sp061110.en.html,clean/speeches/2006/2006-11-10-sp.txt,ok
2006-11-10-1,https://www.ecb.europa.eu/press/key/date/2006/html/sp061110_1.en.html,clean/speeches/2006/2006-11-10-1-sp.txt,ok
2006-11-10-2,https://www.ecb.europa.eu/press/key/date/2006/html/sp061110_2.en.html,clean/speeches/2006/2006-11-10-2-sp.txt,ok
2006-11-13-1,https://www.ecb.europa.eu/press/key/date/2006/html/sp061113_1.en.html,clean/speeches/2006/2006-11-13-1-sp.txt,ok
2006-11-13-2,https://www.ecb.europa.eu/press/key/date/2006/html/sp061113_2.en.html,clean/speeches/2006/2006-11-13-2-sp.txt,ok
2006-11-15,https://www.ecb.europa.eu/press/key/date/2006/html/sp061115.en.html,clean/speeches/2006/2006-11-15-sp.txt,ok
2006-11-17,https://www.ecb.europa.eu/press/key/date/2006/html/sp061117.en.html,clean/speeches/2006/2006-11-17-sp.txt,ok
2006-11-20,https://www.ecb.europa.eu/press/key/date/2006/html/sp061120.en.html,clean/speeches/2006/2006-11-20-sp.txt,ok
2006-11-29,https://www.ecb.europa.eu/press/key/date/2006/html/sp061129.en.html,clean/speeches/2006/2006-11-29-sp.txt,ok
2006-11-30,https://www.ecb.europa.eu/press/key/date/2006/html/sp061130.en.html,clean/speeches/2006/2006-11-30-sp.txt,ok
2006-11-30-1,https://www.ecb.europa.eu/press/key/date/2006/html/sp061130_1.en.html,clean/speeches/2006/2006-11-30-1-sp.txt,ok
2006-12-01,https://www.ecb.europa.eu/press/key/date/2006/html/sp061201.en.html,clean/speeches/2006/2006-12-01-sp.txt,ok
2006-12-01-1,https://www.ecb.europa.eu/press/key/date/2006/html/sp061201_1.en.html,clean/speeches/2006/2006-12-01-1-sp.txt,ok
2006-12-01-2,https://www.ecb.europa.eu/press/key/date/2006/html/sp061201_2.en.html,clean/speeches/2006/2006-12-01-2-sp.txt,ok
2006-12-11,https://www.ecb.europa.eu/press/key/date/2006/html/sp061211.en.html,clean/speeches/2006/2006-12-11-sp.txt,ok
2006-12-18-1,https://www.ecb.europa.eu/press/key/date/2006/html/sp061218_1.en.html,clean/speeches/2006/2006-12-18-1-sp.txt,ok
2006-12-20,https://www.ecb.europa.eu/press/key/date/2006/html/sp061220.en.html,clean/speeches/2006/2006-12-20-sp.txt,ok
2007-01-15,https://www.ecb.europa.eu/press/key/date/2007/html/sp070115.en.html,clean/speeches/2007/2007-01-15-sp.txt,ok
2007-01-15-1,https://www.ecb.europa.eu/press/key/date/2007/html/sp070115_1.en.html,clean/speeches/2007/2007-01-15-1-sp.txt,ok
2007-01-15-2,https://www.ecb.europa.eu/press/key/date/2007/html/sp070115_2.en.html,clean/speeches/2007/2007-01-15-2-sp.txt,ok
2007-01-15-3,https://www.ecb.europa.eu/press/key/date/2007/html/sp070115_3.en.html,clean/speeches/2007/2007-01-15-3-sp.txt,ok
2007-01-18,https://www.ecb.europa.eu/press/key/date/2007/html/sp070118.en.html,clean/speeches/2007/2007-01-18-sp.txt,ok
2007-01-19,https://www.ecb.europa.eu/press/key/date/2007/html/sp070119.en.html,clean/speeches/2007/2007-01-19-sp.txt,ok
2007-01-25,https://www.ecb.europa.eu/press/key/date/2007/html/sp070125.en.html,clean/speeches/2007/2007-01-25-sp.txt,ok
2007-01-25-1,https://www.ecb.europa.eu/press/key/date/2007/html/sp070125_1.en.html,clean/speeches/2007/2007-01-25-1-sp.txt,ok
2007-02-13,https://www.ecb.europa.eu/press/key/date/2007/html/sp070213.en.html,clean/speeches/2007/2007-02-13-sp.txt,ok
2007-02-15,https://www.ecb.europa.eu/press/key/date/2007/html/sp070215.en.html,clean/speeches/2007/2007-02-15-sp.txt,ok
2007-02-15-1,https://www.ecb.europa.eu/press/key/date/2007/html/sp070215_1.en.html,clean/speeches/2007/2007-02-15-1-sp.txt,ok
2007-02-16,https://www.ecb.europa.eu/press/key/date/2007/html/sp070216.en.html,clean/speeches/2007/2007-02-16-sp.txt,ok
2007-02-27,https://www.ecb.europa.eu/press/key/date/2007/html/sp070227.en.html,clean/speeches/2007/2007-02-27-sp.txt,ok
2007-02-28,https://www.ecb.europa.eu/press/key/date/2007/html/sp070228.en.html,clean/speeches/2007/2007-02-28-sp.txt,ok
2007-03-12,https://www.ecb.europa.eu/press/key/date/2007/html/sp070312.en.html,clean/speeches/2007/2007-03-12-sp.txt,ok
2007-03-14,https://www.ecb.europa.eu/press/key/date/2007/html/sp070314.en.html,clean/speeches/2007/2007-03-14-sp.txt,ok
2007-03-16,https://www.ecb.europa.eu/press/key/date/2007/html/sp070316.en.html,clean/speeches/2007/2007-03-16-sp.txt,ok
2007-03-21,https://www.ecb.europa.eu/press/key/date/2007/html/sp070321.en.html,clean/speeches/2007/2007-03-21-sp.txt,ok
2007-03-23,https://www.ecb.europa.eu/press/key/date/2007/html/sp070323.en.html,clean/speeches/2007/2007-03-23-sp.txt,ok
2007-03-23-1,https://www.ecb.europa.eu/press/key/date/2007/html/sp070323_1.en.html,clean/speeches/2007/2007-03-23-1-sp.txt,ok
2007-03-23-2,https://www.ecb.europa.eu/press/key/date/2007/html/sp070323_2.en.html,clean/speeches/2007/2007-03-23-2-sp.txt,ok
2007-03-28,https://www.ecb.europa.eu/press/key/date/2007/html/sp070328.en.html,clean/speeches/2007/2007-03-28-sp.txt,ok
2007-04-13,https://www.ecb.europa.eu/press/key/date/2007/html/sp070413.en.html,clean/speeches/2007/2007-04-13-sp.txt,ok
2007-04-16,https://www.ecb.europa.eu/press/key/date/2007/html/sp070416.en.html,clean/speeches/2007/2007-04-16-sp.txt,ok
2007-04-17,https://www.ecb.europa.eu/press/key/date/2007/html/sp070417.en.html,clean/speeches/2007/2007-04-17-sp.txt,ok
2007-04-18,https://www.ecb.europa.eu/press/key/date/2007/html/sp070418.en.html,clean/speeches/2007/2007-04-18-sp.txt,ok
2007-04-19,https://www.ecb.europa.eu/press/key/date/2007/html/sp070419.en.html,clean/speeches/2007/2007-04-19-sp.txt,ok
2007-04-23,https://www.ecb.europa.eu/press/key/date/2007/html/sp070423.en.html,clean/speeches/2007/2007-04-23-sp.txt,ok
2007-05-02,https://www.ecb.europa.eu/press/key/date/2007/html/sp070502.en.html,clean/speeches/2007/2007-05-02-sp.txt,ok
2007-05-03,https://www.ecb.europa.eu/press/key/date/2007/html/sp070503.en.html,clean/speeches/2007/2007-05-03-sp.txt,ok
2007-05-07,https://www.ecb.europa.eu/press/key/date/2007/html/sp070507.en.html,clean/speeches/2007/2007-05-07-sp.txt,ok
2007-05-08,https://www.ecb.europa.eu/press/key/date/2007/html/sp070508.en.html,clean/speeches/2007/2007-05-08-sp.txt,ok
2007-05-09,https://www.ecb.europa.eu/press/key/date/2007/html/sp070509.en.html,clean/speeches/2007/2007-05-09-sp.txt,ok
2007-05-11,https://www.ecb.europa.eu/press/key/date/2007/html/sp070511.en.html,clean/speeches/2007/2007-05-11-sp.txt,ok
2007-05-15,https://www.ecb.europa.eu/press/key/date/2007/html/sp070515.en.html,clean/speeches/2007/2007-05-15-sp.txt,ok
2007-05-21,https://www.ecb.europa.eu/press/key/date/2007/html/sp070521.en.html,clean/speeches/2007/2007-05-21-sp.txt,ok
2007-05-22,https://www.ecb.europa.eu/press/key/date/2007/html/sp070522.en.html,clean/speeches/2007/2007-05-22-sp.txt,ok
2007-05-22-1,https://www.ecb.europa.eu/press/key/date/2007/html/sp070522_1.en.html,clean/speeches/2007/2007-05-22-1-sp.txt,ok
2007-05-23,https://www.ecb.europa.eu/press/key/date/2007/html/sp070523.en.html,clean/speeches/2007/2007-05-23-sp.txt,ok
2007-05-24,https://www.ecb.europa.eu/press/key/date/2007/html/sp070524.en.html,clean/speeches/2007/2007-05-24-sp.txt,ok
2007-06-01,https://www.ecb.europa.eu/press/key/date/2007/html/sp070601.en.html,clean/speeches/2007/2007-06-01-sp.txt,ok
2007-06-01-1,https://www.ecb.europa.eu/press/key/date/2007/html/sp070601_1.en.html,clean/speeches/2007/2007-06-01-1-sp.txt,ok
2007-06-01-2,https://www.ecb.europa.eu/press/key/date/2007/html/sp070601_2.en.html,clean/speeches/2007/2007-06-01-2-sp.txt,ok
2007-06-04,https://www.ecb.europa.eu/press/key/date/2007/html/sp070604.en.html,clean/speeches/2007/2007-06-04-sp.txt,ok
2007-06-05,https://www.ecb.europa.eu/press/key/date/2007/html/sp070605.en.html,clean/speeches/2007/2007-06-05-sp.txt,ok
2007-06-11,https://www.ecb.europa.eu/press/key/date/2007/html/sp070611.en.html,clean/speeches/2007/2007-06-11-sp.txt,ok
2007-06-11-1,https://www.ecb.europa.eu/press/key/date/2007/html/sp070611_1.en.html,clean/speeches/2007/2007-06-11-1-sp.txt,ok
2007-06-13,https://www.ecb.europa.eu/press/key/date/2007/html/sp070613.en.html,clean/speeches/2007/2007-06-13-sp.txt,ok
2007-06-15,https://www.ecb.europa.eu/press/key/date/2007/html/sp070615.en.html,clean/speeches/2007/2007-06-15-sp.txt,ok
2007-06-15-1,https://www.ecb.europa.eu/press/key/date/2007/html/sp070615_1.en.html,clean/speeches/2007/2007-06-15-1-sp.txt,ok
2007-06-18,https://www.ecb.europa.eu/press/key/date/2007/html/sp070618.en.html,clean/speeches/2007/2007-06-18-sp.txt,ok
2007-06-19,https://www.ecb.europa.eu/press/key/date/2007/html/sp070619.en.html,clean/speeches/2007/2007-06-19-sp.txt,ok
2007-06-22,https://www.ecb.europa.eu/press/key/date/2007/html/sp070622.en.html,clean/speeches/2007/2007-06-22-sp.txt,ok
2007-06-22-1,https://www.ecb.europa.eu/press/key/date/2007/html/sp070622_1.en.html,clean/speeches/2007/2007-06-22-1-sp.txt,ok
2007-06-28,https://www.ecb.europa.eu/press/key/date/2007/html/sp070628.en.html,clean/speeches/2007/2007-06-28-sp.txt,ok
2007-07-03,https://www.ecb.europa.eu/press/key/date/2007/html/sp070703.en.html,clean/speeches/2007/2007-07-03-sp.txt,ok
2007-07-05,https://www.ecb.europa.eu/press/key/date/2007/html/sp070705.en.html,clean/speeches/2007/2007-07-05-sp.txt,ok
2007-07-10,https://www.ecb.europa.eu/press/key/date/2007/html/sp070710.en.html,clean/speeches/2007/2007-07-10-sp.txt,ok
2007-07-10-1,https://www.ecb.europa.eu/press/key/date/2007/html/sp070710_1.en.html,clean/speeches/2007/2007-07-10-1-sp.txt,ok
2007-07-11,https://www.ecb.europa.eu/press/key/date/2007/html/sp070711.en.html,clean/speeches/2007/2007-07-11-sp.txt,ok
2007-07-12,https://www.ecb.europa.eu/press/key/date/2007/html/sp070712.en.html,clean/speeches/2007/2007-07-12-sp.txt,ok
2007-07-20,https://www.ecb.europa.eu/press/key/date/2007/html/sp070720.en.html,clean/speeches/2007/2007-07-20-sp.txt,ok
2007-07-23,https://www.ecb.europa.eu/press/key/date/2007/html/sp070723.en.html,clean/speeches/2007/2007-07-23-sp.txt,ok
2007-08-27,https://www.ecb.europa.eu/press/key/date/2007/html/sp070827.en.html,clean/speeches/2007/2007-08-27-sp.txt,ok
2007-09-03,https://www.ecb.europa.eu/press/key/date/2007/html/sp070903.en.html,clean/speeches/2007/2007-09-03-sp.txt,ok
2007-09-07,https://www.ecb.europa.eu/press/key/date/2007/html/sp070907.en.html,clean/speeches/2007/2007-09-07-sp.txt,ok
2007-09-07-1,https://www.ecb.europa.eu/press/key/date/2007/html/sp070907_1.en.html,clean/speeches/2007/2007-09-07-1-sp.txt,ok
2007-09-07-2,https://www.ecb.europa.eu/press/key/date/2007/html/sp070907_2.en.html,clean/speeches/2007/2007-09-07-2-sp.txt,ok
2007-09-11,https://www.ecb.europa.eu/press/key/date/2007/html/sp070911.en.html,clean/speeches/2007/2007-09-11-sp.txt,ok
2007-09-11-1,https://www.ecb.europa.eu/press/key/date/2007/html/sp070911_1.en.html,clean/speeches/2007/2007-09-11-1-sp.txt,ok
2007-09-13,https://www.ecb.europa.eu/press/key/date/2007/html/sp070913.en.html,clean/speeches/2007/2007-09-13-sp.txt,ok
2007-09-20,https://www.ecb.europa.eu/press/key/date/2007/html/sp070920.en.html,clean/speeches/2007/2007-09-20-sp.txt,ok
2007-09-21,https://www.ecb.europa.eu/press/key/date/2007/html/sp070921.en.html,clean/speeches/2007/2007-09-21-sp.txt,ok
2007-09-21-1,https://www.ecb.europa.eu/press/key/date/2007/html/sp070921_1.en.html,clean/speeches/2007/2007-09-21-1-sp.txt,ok
2007-09-21-2,https://www.ecb.europa.eu/press/key/date/2007/html/sp070921_2.en.html,clean/speeches/2007/2007-09-21-2-sp.txt,ok
2007-09-26,https://www.ecb.europa.eu/press/key/date/2007/html/sp070926.en.html,clean/speeches/2007/2007-09-26-sp.txt,ok
2007-09-26-1,https://www.ecb.europa.eu/press/key/date/2007/html/sp070926_1.en.html,clean/speeches/2007/2007-09-26-1-sp.txt,ok
2007-09-27,https://www.ecb.europa.eu/press/key/date/2007/html/sp070927.en.html,clean/speeches/2007/2007-09-27-sp.txt,ok
2007-09-27-1,https://www.ecb.europa.eu/press/key/date/2007/html/sp070927_1.en.html,clean/speeches/2007/2007-09-27-1-sp.txt,ok
2007-09-29,https://www.ecb.europa.eu/press/key/date/2007/html/sp070929.en.html,clean/speeches/2007/2007-09-29-sp.txt,ok
2007-09-30,https://www.ecb.europa.eu/press/key/date/2007/html/sp070930.en.html,clean/speeches/2007/2007-09-30-sp.txt,ok
2007-10-01,https://www.ecb.europa.eu/press/key/date/2007/html/sp071001.en.html,clean/speeches/2007/2007-10-01-sp.txt,ok
2007-10-01-1,https://www.ecb.europa.eu/press/key/date/2007/html/sp071001_1.en.html,clean/speeches/2007/2007-10-01-1-sp.txt,ok
2007-10-01-2,https://www.ecb.europa.eu/press/key/date/2007/html/sp071001_2.en.html,clean/speeches/2007/2007-10-01-2-sp.txt,ok
2007-10-08,https://www.ecb.europa.eu/press/key/date/2007/html/sp071008.en.html,clean/speeches/2007/2007-10-08-sp.txt,ok
2007-10-08-1,https://www.ecb.europa.eu/press/key/date/2007/html/sp071008_1.en.html,clean/speeches/2007/2007-10-08-1-sp.txt,ok
2007-10-09,https://www.ecb.europa.eu/press/key/date/2007/html/sp071009.en.html,clean/speeches/2007/2007-10-09-sp.txt,ok
2007-10-09-1,https://www.ecb.europa.eu/press/key/date/2007/html/sp071009_1.en.html,clean/speeches/2007/2007-10-09-1-sp.txt,ok
2007-10-11,https://www.ecb.europa.eu/press/key/date/2007/html/sp071011.en.html,clean/speeches/2007/2007-10-11-sp.txt,ok
2007-10-11-1,https://www.ecb.europa.eu/press/key/date/2007/html/sp071011_1.en.html,clean/speeches/2007/2007-10-11-1-sp.txt,ok
2007-10-20,https://www.ecb.europa.eu/press/key/date/2007/html/sp071020.en.html,clean/speeches/2007/2007-10-20-sp.txt,ok
2007-10-21,https://www.ecb.europa.eu/press/key/date/2007/html/sp071021.en.html,clean/speeches/2007/2007-10-21-sp.txt,ok
2007-10-23,https://www.ecb.europa.eu/press/key/date/2007/html/sp071023.en.html,clean/speeches/2007/2007-10-23-sp.txt,ok
2007-10-24,https://www.ecb.europa.eu/press/key/date/2007/html/sp071024.en.html,clean/speeches/2007/2007-10-24-sp.txt,ok
2007-10-26,https://www.ecb.europa.eu/press/key/date/2007/html/sp071026.en.html,clean/speeches/2007/2007-10-26-sp.txt,ok
2007-11-08,https://www.ecb.europa.eu/press/key/date/2007/html/sp071108.en.html,clean/speeches/2007/2007-11-08-sp.txt,ok
2007-11-12,https://www.ecb.europa.eu/press/key/date/2007/html/sp071112.en.html,clean/speeches/2007/2007-11-12-sp.txt,ok
2007-11-15,https://www.ecb.europa.eu/press/key/date/2007/html/sp071115.en.html,clean/speeches/2007/2007-11-15-sp.txt,ok
2007-11-19,https://www.ecb.europa.eu/press/key/date/2007/html/sp071119.en.html,clean/speeches/2007/2007-11-19-sp.txt,ok
2007-11-20,https://www.ecb.europa.eu/press/key/date/2007/html/sp071120.en.html,clean/speeches/2007/2007-11-20-sp.txt,ok
2007-11-20-1,https://www.ecb.europa.eu/press/key/date/2007/html/sp071120_1.en.html,clean/speeches/2007/2007-11-20-1-sp.txt,ok
2007-11-20-2,https://www.ecb.europa.eu/press/key/date/2007/html/sp071120_2.en.html,clean/speeches/2007/2007-11-20-2-sp.txt,ok
2007-11-23,https://www.ecb.europa.eu/press/key/date/2007/html/sp071123.en.html,clean/speeches/2007/2007-11-23-sp.txt,ok
2007-11-26,https://www.ecb.europa.eu/press/key/date/2007/html/sp071126.en.html,clean/speeches/2007/2007-11-26-sp.txt,ok
2007-11-26-1,https://www.ecb.europa.eu/press/key/date/2007/html/sp071126_1.en.html,clean/speeches/2007/2007-11-26-1-sp.txt,ok
2007-11-26-2,https://www.ecb.europa.eu/press/key/date/2007/html/sp071126_2.en.html,clean/speeches/2007/2007-11-26-2-sp.txt,ok
2007-11-26-3,https://www.ecb.europa.eu/press/key/date/2007/html/sp071126_3.en.html,clean/speeches/2007/2007-11-26-3-sp.txt,ok
2007-11-29,https://www.ecb.europa.eu/press/key/date/2007/html/sp071129.en.html,clean/speeches/2007/2007-11-29-sp.txt,ok
2007-11-30,https://www.ecb.europa.eu/press/key/date/2007/html/sp071130.en.html,clean/speeches/2007/2007-11-30-sp.txt,ok
2007-12-03,https://www.ecb.europa.eu/press/key/date/2007/html/sp071203.en.html,clean/speeches/2007/2007-12-03-sp.txt,ok
2007-12-03-1,https://www.ecb.europa.eu/press/key/date/2007/html/sp071203_1.en.html,clean/speeches/2007/2007-12-03-1-sp.txt,ok
2007-12-03-2,https://www.ecb.europa.eu/press/key/date/2007/html/sp071203_2.en.html,clean/speeches/2007/2007-12-03-2-sp.txt,ok
2007-12-05,https://www.ecb.europa.eu/press/key/date/2007/html/sp071205.en.html,clean/speeches/2007/2007-12-05-sp.txt,ok
2007-12-07,https://www.ecb.europa.eu/press/key/date/2007/html/sp071207.en.html,clean/speeches/2007/2007-12-07-sp.txt,ok
2007-12-10,https://www.ecb.europa.eu/press/key/date/2007/html/sp071210.en.html,clean/speeches/2007/2007-12-10-sp.txt,ok
2007-12-12,https://www.ecb.europa.eu/press/key/date/2007/html/sp071212.en.html,clean/speeches/2007/2007-12-12-sp.txt,ok
2007-12-12-1,https://www.ecb.europa.eu/press/key/date/2007/html/sp071212_1.en.html,clean/speeches/2007/2007-12-12-1-sp.txt,ok
2007-12-19,https://www.ecb.europa.eu/press/key/date/2007/html/sp071219.en.html,clean/speeches/2007/2007-12-19-sp.txt,ok
2008-01-05,https://www.ecb.europa.eu/press/key/date/2008/html/sp080105.en.html,clean/speeches/2008/2008-01-05-sp.txt,ok
2008-01-05-1,https://www.ecb.europa.eu/press/key/date/2008/html/sp080105_1.en.html,clean/speeches/2008/2008-01-05-1-sp.txt,ok
2008-01-12,https://www.ecb.europa.eu/press/key/date/2008/html/sp080112.en.html,clean/speeches/2008/2008-01-12-sp.txt,ok
2008-01-16,https://www.ecb.europa.eu/press/key/date/2008/html/sp080116.en.html,clean/speeches/2008/2008-01-16-sp.txt,ok
2008-01-16-1,https://www.ecb.europa.eu/press/key/date/2008/html/sp080116_1.en.html,clean/speeches/2008/2008-01-16-1-sp.txt,ok
2008-01-17,https://www.ecb.europa.eu/press/key/date/2008/html/sp080117.en.html,clean/speeches/2008/2008-01-17-sp.txt,ok
2008-01-18,https://www.ecb.europa.eu/press/key/date/2008/html/sp080118.en.html,clean/speeches/2008/2008-01-18-sp.txt,ok
2008-01-22,https://www.ecb.europa.eu/press/key/date/2008/html/sp080122.en.html,clean/speeches/2008/2008-01-22-sp.txt,ok
2008-01-22-1,https://www.ecb.europa.eu/press/key/date/2008/html/sp080122_1.en.html,clean/speeches/2008/2008-01-22-1-sp.txt,ok
2008-01-22-2,https://www.ecb.europa.eu/press/key/date/2008/html/sp080122_2.en.html,clean/speeches/2008/2008-01-22-2-sp.txt,ok
2008-01-23,https://www.ecb.europa.eu/press/key/date/2008/html/sp080123.en.html,clean/speeches/2008/2008-01-23-sp.txt,ok
2008-01-24,https://www.ecb.europa.eu/press/key/date/2008/html/sp080124.en.html,clean/speeches/2008/2008-01-24-sp.txt,ok
2008-01-28,https://www.ecb.europa.eu/press/key/date/2008/html/sp080128.en.html,clean/speeches/2008/2008-01-28-sp.txt,ok
2008-02-13,https://www.ecb.europa.eu/press/key/date/2008/html/sp080213.en.html,clean/speeches/2008/2008-02-13-sp.txt,ok
2008-02-13-1,https://www.ecb.europa.eu/press/key/date/2008/html/sp080213_1.en.html,clean/speeches/2008/2008-02-13-1-sp.txt,ok
2008-02-13-2,https://www.ecb.europa.eu/press/key/date/2008/html/sp080213_2.en.html,clean/speeches/2008/2008-02-13-2-sp.txt,ok
2008-02-14,https://www.ecb.europa.eu/press/key/date/2008/html/sp080214.en.html,clean/speeches/2008/2008-02-14-sp.txt,ok
2008-02-14-1,https://www.ecb.europa.eu/press/key/date/2008/html/sp080214_1.en.html,clean/speeches/2008/2008-02-14-1-sp.txt,ok
2008-02-15,https://www.ecb.europa.eu/press/key/date/2008/html/sp080215.en.html,clean/speeches/2008/2008-02-15-sp.txt,ok
2008-02-25,https://www.ecb.europa.eu/press/key/date/2008/html/sp080225.en.html,clean/speeches/2008/2008-02-25-sp.txt,ok
2008-02-26,https://www.ecb.europa.eu/press/key/date/2008/html/sp080226.en.html,clean/speeches/2008/2008-02-26-sp.txt,ok
2008-02-28,https://www.ecb.europa.eu/press/key/date/2008/html/sp080228.en.html,clean/speeches/2008/2008-02-28-sp.txt,ok
2008-03-07,https://www.ecb.europa.eu/press/key/date/2008/html/sp080307.en.html,clean/speeches/2008/2008-03-07-sp.txt,ok
2008-03-07-1,https://www.ecb.europa.eu/press/key/date/2008/html/sp080307_1.en.html,clean/speeches/2008/2008-03-07-1-sp.txt,ok
2008-03-17,https://www.ecb.europa.eu/press/key/date/2008/html/sp080317.en.html,clean/speeches/2008/2008-03-17-sp.txt,ok
2008-03-18,https://www.ecb.europa.eu/press/key/date/2008/html/sp080318.en.html,clean/speeches/2008/2008-03-18-sp.txt,ok
2008-03-20,https://www.ecb.europa.eu/press/key/date/2008/html/sp080320.en.html,clean/speeches/2008/2008-03-20-sp.txt,ok
2008-03-26,https://www.ecb.europa.eu/press/key/date/2008/html/sp080326.en.html,clean/speeches/2008/2008-03-26-sp.txt,ok
2008-03-28,https://www.ecb.europa.eu/press/key/date/2008/html/sp080328.en.html,clean/speeches/2008/2008-03-28-sp.txt,ok
2008-04-03,https://www.ecb.europa.eu/press/key/date/2008/html/sp080403.en.html,clean/speeches/2008/2008-04-03-sp.txt,ok
2008-04-04,https://www.ecb.europa.eu/press/key/date/2008/html/sp080404.en.html,clean/speeches/2008/2008-04-04-sp.txt,ok
2008-04-05,https://www.ecb.europa.eu/press/key/date/2008/html/sp080405.en.html,clean/speeches/2008/2008-04-05-sp.txt,ok
2008-04-14,https://www.ecb.europa.eu/press/key/date/2008/html/sp080414.en.html,clean/speeches/2008/2008-04-14-sp.txt,ok
2008-04-14-1,https://www.ecb.europa.eu/press/key/date/2008/html/sp080414_1.en.html,clean/speeches/2008/2008-04-14-1-sp.txt,ok
2008-04-15,https://www.ecb.europa.eu/press/key/date/2008/html/sp080415.en.html,clean/speeches/2008/2008-04-15-sp.txt,ok
2008-04-15-1,https://www.ecb.europa.eu/press/key/date/2008/html/sp080415_1.en.html,clean/speeches/2008/2008-04-15-1-sp.txt,ok
2008-04-15-2,https://www.ecb.europa.eu/press/key/date/2008/html/sp080415_2.en.html,clean/speeches/2008/2008-04-15-2-sp.txt,ok
2008-04-17,https://www.ecb.europa.eu/press/key/date/2008/html/sp080417.en.html,clean/speeches/2008/2008-04-17-sp.txt,ok
2008-04-21,https://www.ecb.europa.eu/press/key/date/2008/html/sp080421.en.html,clean/speeches/2008/2008-04-21-sp.txt,ok
2008-04-21-1,https://www.ecb.europa.eu/press/key/date/2008/html/sp080421_1.en.html,clean/speeches/2008/2008-04-21-1-sp.txt,ok
2008-04-21-2,https://www.ecb.europa.eu/press/key/date/2008/html/sp080421_2.en.html,clean/speeches/2008/2008-04-21-2-sp.txt,ok
2008-04-24,https://www.ecb.europa.eu/press/key/date/2008/html/sp080424.en.html,clean/speeches/2008/2008-04-24-sp.txt,ok
2008-04-24-1,https://www.ecb.europa.eu/press/key/date/2008/html/sp080424_1.en.html,clean/speeches/2008/2008-04-24-1-sp.txt,ok
2008-04-25,https://www.ecb.europa.eu/press/key/date/2008/html/sp080425.en.html,clean/speeches/2008/2008-04-25-sp.txt,ok
2008-04-28,https://www.ecb.europa.eu/press/key/date/2008/html/sp080428.en.html,clean/speeches/2008/2008-04-28-sp.txt,ok
2008-04-29,https://www.ecb.europa.eu/press/key/date/2008/html/sp080429.en.html,clean/speeches/2008/2008-04-29-sp.txt,ok
2008-04-30-1,https://www.ecb.europa.eu/press/key/date/2008/html/sp080430_1.en.html,clean/speeches/2008/2008-04-30-1-sp.txt,ok
2008-05-06,https://www.ecb.europa.eu/press/key/date/2008/html/sp080506.en.html,clean/speeches/2008/2008-05-06-sp.txt,ok
2008-05-06-1,https://www.ecb.europa.eu/press/key/date/2008/html/sp080506_1.en.html,clean/speeches/2008/2008-05-06-1-sp.txt,ok
2008-05-12,https://www.ecb.europa.eu/press/key/date/2008/html/sp080512.en.html,clean/speeches/2008/2008-05-12-sp.txt,ok
2008-05-15,https://www.ecb.europa.eu/press/key/date/2008/html/sp080515.en.html,clean/speeches/2008/2008-05-15-sp.txt,ok
2008-05-15-1,https://www.ecb.europa.eu/press/key/date/2008/html/sp080515_1.en.html,clean/speeches/2008/2008-05-15-1-sp.txt,ok
2008-05-15-2,https://www.ecb.europa.eu/press/key/date/2008/html/sp080515_2.en.html,clean/speeches/2008/2008-05-15-2-sp.txt,ok
2008-05-15-3,https://www.ecb.europa.eu/press/key/date/2008/html/sp080515_3.en.html,clean/speeches/2008/2008-05-15-3-sp.txt,ok
2008-05-16,https://www.ecb.europa.eu/press/key/date/2008/html/sp080516.en.html,clean/speeches/2008/2008-05-16-sp.txt,ok
2008-06-01,https://www.ecb.europa.eu/press/key/date/2008/html/sp080601.en.html,clean/speeches/2008/2008-06-01-sp.txt,ok
2008-06-02,https://www.ecb.europa.eu/press/key/date/2008/html/sp080602.en.html,clean/speeches/2008/2008-06-02-sp.txt,ok
2008-06-03,https://www.ecb.europa.eu/press/key/date/2008/html/sp080603.en.html,clean/speeches/2008/2008-06-03-sp.txt,ok
2008-06-04,https://www.ecb.europa.eu/press/key/date/2008/html/sp080604.en.html,clean/speeches/2008/2008-06-04-sp.txt,ok
2008-06-09,https://www.ecb.europa.eu/press/key/date/2008/html/sp080609.en.html,clean/speeches/2008/2008-06-09-sp.txt,ok
2008-06-09-1,https://www.ecb.europa.eu/press/key/date/2008/html/sp080609_1.en.html,clean/speeches/2008/2008-06-09-1-sp.txt,ok
2008-06-11,https://www.ecb.europa.eu/press/key/date/2008/html/sp080611.en.html,clean/speeches/2008/2008-06-11-sp.txt,ok
2008-06-12,https://www.ecb.europa.eu/press/key/date/2008/html/sp080612.en.html,clean/speeches/2008/2008-06-12-sp.txt,ok
2008-06-16,https://www.ecb.europa.eu/press/key/date/2008/html/sp080616.en.html,clean/speeches/2008/2008-06-16-sp.txt,ok
2008-06-16-1,https://www.ecb.europa.eu/press/key/date/2008/html/sp080616_1.en.html,clean/speeches/2008/2008-06-16-1-sp.txt,ok
2008-06-18,https://www.ecb.europa.eu/press/key/date/2008/html/sp080618.en.html,clean/speeches/2008/2008-06-18-sp.txt,ok
2008-06-24,https://www.ecb.europa.eu/press/key/date/2008/html/sp080624.en.html,clean/speeches/2008/2008-06-24-sp.txt,ok
2008-06-25,https://www.ecb.europa.eu/press/key/date/2008/html/sp080625.en.html,clean/speeches/2008/2008-06-25-sp.txt,ok
2008-06-26,https://www.ecb.europa.eu/press/key/date/2008/html/sp080626.en.html,clean/speeches/2008/2008-06-26-sp.txt,ok
2008-07-02,https://www.ecb.europa.eu/press/key/date/2008/html/sp080702.en.html,clean/speeches/2008/2008-07-02-sp.txt,ok
2008-07-02-1,https://www.ecb.europa.eu/press/key/date/2008/html/sp080702_1.en.html,clean/speeches/2008/2008-07-02-1-sp.txt,ok
2008-07-09,https://www.ecb.europa.eu/press/key/date/2008/html/sp080709.en.html,clean/speeches/2008/2008-07-09-sp.txt,ok
2008-07-10,https://www.ecb.europa.eu/press/key/date/2008/html/sp080710.en.html,clean/speeches/2008/2008-07-10-sp.txt,ok
2008-07-11,https://www.ecb.europa.eu/press/key/date/2008/html/sp080711.en.html,clean/speeches/2008/2008-07-11-sp.txt,ok
2008-08-27,https://www.ecb.europa.eu/press/key/date/2008/html/sp080827.en.html,clean/speeches/2008/2008-08-27-sp.txt,ok
2008-09-01,https://www.ecb.europa.eu/press/key/date/2008/html/sp080901.en.html,clean/speeches/2008/2008-09-01-sp.txt,ok
2008-09-03,https://www.ecb.europa.eu/press/key/date/2008/html/sp080903.en.html,clean/speeches/2008/2008-09-03-sp.txt,ok
2008-09-05,https://www.ecb.europa.eu/press/key/date/2008/html/sp080905.en.html,clean/speeches/2008/2008-09-05-sp.txt,ok
2008-09-05-1,https://www.ecb.europa.eu/press/key/date/2008/html/sp080905_1.en.html,clean/speeches/2008/2008-09-05-1-sp.txt,ok
2008-09-05-2,https://www.ecb.europa.eu/press/key/date/2008/html/sp080905_2.en.html,clean/speeches/2008/2008-09-05-2-sp.txt,ok
2008-09-05-3,https://www.ecb.europa.eu/press/key/date/2008/html/sp080905_3.en.html,clean/speeches/2008/2008-09-05-3-sp.txt,ok
2008-09-08,https://www.ecb.europa.eu/press/key/date/2008/html/sp080908.en.html,clean/speeches/2008/2008-09-08-sp.txt,ok
2008-09-08-1,https://www.ecb.europa.eu/press/key/date/2008/html/sp080908_1.en.html,clean/speeches/2008/2008-09-08-1-sp.txt,ok
2008-09-09,https://www.ecb.europa.eu/press/key/date/2008/html/sp080909.en.html,clean/speeches/2008/2008-09-09-sp.txt,ok
2008-09-09-1,https://www.ecb.europa.eu/press/key/date/2008/html/sp080909_1.en.html,clean/speeches/2008/2008-09-09-1-sp.txt,ok
2008-09-10,https://www.ecb.europa.eu/press/key/date/2008/html/sp080910.en.html,clean/speeches/2008/2008-09-10-sp.txt,ok
2008-09-11,https://www.ecb.europa.eu/press/key/date/2008/html/sp080911.en.html,clean/speeches/2008/2008-09-11-sp.txt,ok
2008-09-11-1,https://www.ecb.europa.eu/press/key/date/2008/html/sp080911_1.en.html,clean/speeches/2008/2008-09-11-1-sp.txt,ok
2008-09-11-2,https://www.ecb.europa.eu/press/key/date/2008/html/sp080911_2.en.html,clean/speeches/2008/2008-09-11-2-sp.txt,ok
2008-09-12,https://www.ecb.europa.eu/press/key/date/2008/html/sp080912.en.html,clean/speeches/2008/2008-09-12-sp.txt,ok
2008-09-15,https://www.ecb.europa.eu/press/key/date/2008/html/sp080915.en.html,clean/speeches/2008/2008-09-15-sp.txt,ok
2008-09-21,https://www.ecb.europa.eu/press/key/date/2008/html/sp080921.en.html,clean/speeches/2008/2008-09-21-sp.txt,ok
2008-09-22,https://www.ecb.europa.eu/press/key/date/2008/html/sp080922.en.html,clean/speeches/2008/2008-09-22-sp.txt,ok
2008-09-25,https://www.ecb.europa.eu/press/key/date/2008/html/sp080925.en.html,clean/speeches/2008/2008-09-25-sp.txt,ok
2008-09-25-1,https://www.ecb.europa.eu/press/key/date/2008/html/sp080925_1.en.html,clean/speeches/2008/2008-09-25-1-sp.txt,ok
2008-09-26,https://www.ecb.europa.eu/press/key/date/2008/html/sp080926.en.html,clean/speeches/2008/2008-09-26-sp.txt,ok
2008-09-30,https://www.ecb.europa.eu/press/key/date/2008/html/sp080930.en.html,clean/speeches/2008/2008-09-30-sp.txt,ok
2008-09-30-1,https://www.ecb.europa.eu/press/key/date/2008/html/sp080930_1.en.html,clean/speeches/2008/2008-09-30-1-sp.txt,ok
2008-10-10,https://www.ecb.europa.eu/press/key/date/2008/html/sp081010.en.html,clean/speeches/2008/2008-10-10-sp.txt,ok
2008-10-14,https://www.ecb.europa.eu/press/key/date/2008/html/sp081014.en.html,clean/speeches/2008/2008-10-14-sp.txt,ok
2008-10-16,https://www.ecb.europa.eu/press/key/date/2008/html/sp081016.en.html,clean/speeches/2008/2008-10-16-sp.txt,ok
2008-10-20,https://www.ecb.europa.eu/press/key/date/2008/html/sp081020.en.html,clean/speeches/2008/2008-10-20-sp.txt,ok
2008-10-20-1,https://www.ecb.europa.eu/press/key/date/2008/html/sp081020_1.en.html,clean/speeches/2008/2008-10-20-1-sp.txt,ok
2008-10-22,https://www.ecb.europa.eu/press/key/date/2008/html/sp081022.en.html,clean/speeches/2008/2008-10-22-sp.txt,ok
2008-10-27,https://www.ecb.europa.eu/press/key/date/2008/html/sp081027.en.html,clean/speeches/2008/2008-10-27-sp.txt,ok
2008-10-27-1,https://www.ecb.europa.eu/press/key/date/2008/html/sp081027_1.en.html,clean/speeches/2008/2008-10-27-1-sp.txt,ok
2008-10-28,https://www.ecb.europa.eu/press/key/date/2008/html/sp081028.en.html,clean/speeches/2008/2008-10-28-sp.txt,ok
2008-11-07,https://www.ecb.europa.eu/press/key/date/2008/html/sp081107.en.html,clean/speeches/2008/2008-11-07-sp.txt,ok
2008-11-12,https://www.ecb.europa.eu/press/key/date/2008/html/sp081112.en.html,clean/speeches/2008/2008-11-12-sp.txt,ok
2008-11-12-1,https://www.ecb.europa.eu/press/key/date/2008/html/sp081112_1.en.html,clean/speeches/2008/2008-11-12-1-sp.txt,ok
2008-11-13,https://www.ecb.europa.eu/press/key/date/2008/html/sp081113.en.html,clean/speeches/2008/2008-11-13-sp.txt,ok
2008-11-13-1,https://www.ecb.europa.eu/press/key/date/2008/html/sp081113_1.en.html,clean/speeches/2008/2008-11-13-1-sp.txt,ok
2008-11-14,https://www.ecb.europa.eu/press/key/date/2008/html/sp081114.en.html,clean/speeches/2008/2008-11-14-sp.txt,ok
2008-11-14-1,https://www.ecb.europa.eu/press/key/date/2008/html/sp081114_1.en.html,clean/speeches/2008/2008-11-14-1-sp.txt,ok
2008-11-17,https://www.ecb.europa.eu/press/key/date/2008/html/sp081117.en.html,clean/speeches/2008/2008-11-17-sp.txt,ok
2008-11-18,https://www.ecb.europa.eu/press/key/date/2008/html/sp081118.en.html,clean/speeches/2008/2008-11-18-sp.txt,ok
2008-11-18-1,https://www.ecb.europa.eu/press/key/date/2008/html/sp081118_1.en.html,clean/speeches/2008/2008-11-18-1-sp.txt,ok
2008-11-18-2,https://www.ecb.europa.eu/press/key/date/2008/html/sp081118_2.en.html,clean/speeches/2008/2008-11-18-2-sp.txt,ok
2008-11-21,https://www.ecb.europa.eu/press/key/date/2008/html/sp081121.en.html,clean/speeches/2008/2008-11-21-sp.txt,ok
2008-11-21-1,https://www.ecb.europa.eu/press/key/date/2008/html/sp081121_1.en.html,clean/speeches/2008/2008-11-21-1-sp.txt,ok
2008-11-25,https://www.ecb.europa.eu/press/key/date/2008/html/sp081125.en.html,clean/speeches/2008/2008-11-25-sp.txt,ok
2008-11-25-1,https://www.ecb.europa.eu/press/key/date/2008/html/sp081125_1.en.html,clean/speeches/2008/2008-11-25-1-sp.txt,ok
2008-11-26-1,https://www.ecb.europa.eu/press/key/date/2008/html/sp081126_1.en.html,clean/speeches/2008/2008-11-26-1-sp.txt,ok
2008-12-01,https://www.ecb.europa.eu/press/key/date/2008/html/sp081201.en.html,clean/speeches/2008/2008-12-01-sp.txt,ok
2008-12-08,https://www.ecb.europa.eu/press/key/date/2008/html/sp081208.en.html,clean/speeches/2008/2008-12-08-sp.txt,ok
2008-12-08-1,https://www.ecb.europa.eu/press/key/date/2008/html/sp081208_1.en.html,clean/speeches/2008/2008-12-08-1-sp.txt,ok
2008-12-08-2,https://www.ecb.europa.eu/press/key/date/2008/html/sp081208_2.en.html,clean/speeches/2008/2008-12-08-2-sp.txt,ok
2008-12-09,https://www.ecb.europa.eu/press/key/date/2008/html/sp081209.en.html,clean/speeches/2008/2008-12-09-sp.txt,ok
2008-12-10,https://www.ecb.europa.eu/press/key/date/2008/html/sp081210.en.html,clean/speeches/2008/2008-12-10-sp.txt,ok
2008-12-11,https://www.ecb.europa.eu/press/key/date/2008/html/sp081211.en.html,clean/speeches/2008/2008-12-11-sp.txt,ok
2008-12-15-1,https://www.ecb.europa.eu/press/key/date/2008/html/sp081215_1.en.html,clean/speeches/2008/2008-12-15-1-sp.txt,ok
2008-12-15-2,https://www.ecb.europa.eu/press/key/date/2008/html/sp081215_2.en.html,clean/speeches/2008/2008-12-15-2-sp.txt,ok
2009-01-08,https://www.ecb.europa.eu/press/key/date/2009/html/sp090108.en.html,clean/speeches/2009/2009-01-08-sp.txt,ok
2009-01-09,https://www.ecb.europa.eu/press/key/date/2009/html/sp090109.en.html,clean/speeches/2009/2009-01-09-sp.txt,ok
2009-01-13,https://www.ecb.europa.eu/press/key/date/2009/html/sp090113.en.html,clean/speeches/2009/2009-01-13-sp.txt,ok
2009-01-16,https://www.ecb.europa.eu/press/key/date/2009/html/sp090116.en.html,clean/speeches/2009/2009-01-16-sp.txt,ok
2009-01-19,https://www.ecb.europa.eu/press/key/date/2009/html/sp090119.en.html,clean/speeches/2009/2009-01-19-sp.txt,ok
2009-01-21,https://www.ecb.europa.eu/press/key/date/2009/html/sp090121.en.html,clean/speeches/2009/2009-01-21-sp.txt,ok
2009-01-22,https://www.ecb.europa.eu/press/key/date/2009/html/sp090122.en.html,clean/speeches/2009/2009-01-22-sp.txt,ok
2009-02-02,https://www.ecb.europa.eu/press/key/date/2009/html/sp090202.en.html,clean/speeches/2009/2009-02-02-sp.txt,ok
2009-02-06,https://www.ecb.europa.eu/press/key/date/2009/html/sp090206.en.html,clean/speeches/2009/2009-02-06-sp.txt,ok
2009-02-11,https://www.ecb.europa.eu/press/key/date/2009/html/sp090211.en.html,clean/speeches/2009/2009-02-11-sp.txt,ok
2009-02-12,https://www.ecb.europa.eu/press/key/date/2009/html/sp090212.en.html,clean/speeches/2009/2009-02-12-sp.txt,ok
2009-02-12-1,https://www.ecb.europa.eu/press/key/date/2009/html/sp090212_1.en.html,clean/speeches/2009/2009-02-12-1-sp.txt,ok
2009-02-16-1,https://www.ecb.europa.eu/press/key/date/2009/html/sp090216_1.en.html,clean/speeches/2009/2009-02-16-1-sp.txt,ok
2009-02-18,https://www.ecb.europa.eu/press/key/date/2009/html/sp090218.en.html,clean/speeches/2009/2009-02-18-sp.txt,ok
2009-02-20,https://www.ecb.europa.eu/press/key/date/2009/html/sp090220.en.html,clean/speeches/2009/2009-02-20-sp.txt,ok
2009-02-23,https://www.ecb.europa.eu/press/key/date/2009/html/sp090223.en.html,clean/speeches/2009/2009-02-23-sp.txt,ok
2009-02-26,https://www.ecb.europa.eu/press/key/date/2009/html/sp090226.en.html,clean/speeches/2009/2009-02-26-sp.txt,ok
2009-03-06,https://www.ecb.europa.eu/press/key/date/2009/html/sp090306.en.html,clean/speeches/2009/2009-03-06-sp.txt,ok
2009-03-09,https://www.ecb.europa.eu/press/key/date/2009/html/sp090309.en.html,clean/speeches/2009/2009-03-09-sp.txt,ok
2009-03-16,https://www.ecb.europa.eu/press/key/date/2009/html/sp090316.en.html,clean/speeches/2009/2009-03-16-sp.txt,ok
2009-03-16-1,https://www.ecb.europa.eu/press/key/date/2009/html/sp090316_1.en.html,clean/speeches/2009/2009-03-16-1-sp.txt,ok
2009-03-17,https://www.ecb.europa.eu/press/key/date/2009/html/sp090317.en.html,clean/speeches/2009/2009-03-17-sp.txt,ok
2009-03-24,https://www.ecb.europa.eu/press/key/date/2009/html/sp090324.en.html,clean/speeches/2009/2009-03-24-sp.txt,ok
2009-03-26,https://www.ecb.europa.eu/press/key/date/2009/html/sp090326.en.html,clean/speeches/2009/2009-03-26-sp.txt,ok
2009-03-30,https://www.ecb.europa.eu/press/key/date/2009/html/sp090330.en.html,clean/speeches/2009/2009-03-30-sp.txt,ok
2009-03-30-1,https://www.ecb.europa.eu/press/key/date/2009/html/sp090330_1.en.html,clean/speeches/2009/2009-03-30-1-sp.txt,ok
2009-04-03,https://www.ecb.europa.eu/press/key/date/2009/html/sp090403.en.html,clean/speeches/2009/2009-04-03-sp.txt,ok
2009-04-06,https://www.ecb.europa.eu/press/key/date/2009/html/sp090406.en.html,clean/speeches/2009/2009-04-06-sp.txt,ok
2009-04-17,https://www.ecb.europa.eu/press/key/date/2009/html/sp090417.en.html,clean/speeches/2009/2009-04-17-sp.txt,ok
2009-04-18,https://www.ecb.europa.eu/press/key/date/2009/html/sp090418.en.html,clean/speeches/2009/2009-04-18-sp.txt,ok
2009-04-21,https://www.ecb.europa.eu/press/key/date/2009/html/sp090421.en.html,clean/speeches/2009/2009-04-21-sp.txt,ok
2009-04-27,https://www.ecb.europa.eu/press/key/date/2009/html/sp090427.en.html,clean/speeches/2009/2009-04-27-sp.txt,ok
2009-04-28,https://www.ecb.europa.eu/press/key/date/2009/html/sp090428.en.html,clean/speeches/2009/2009-04-28-sp.txt,ok
2009-05-04,https://www.ecb.europa.eu/press/key/date/2009/html/sp090504.en.html,clean/speeches/2009/2009-05-04-sp.txt,ok
2009-05-06,https://www.ecb.europa.eu/press/key/date/2009/html/sp090506.en.html,clean/speeches/2009/2009-05-06-sp.txt,ok
2009-05-14,https://www.ecb.europa.eu/press/key/date/2009/html/sp090514.en.html,clean/speeches/2009/2009-05-14-sp.txt,ok
2009-05-19,https://www.ecb.europa.eu/press/key/date/2009/html/sp090519.en.html,clean/speeches/2009/2009-05-19-sp.txt,ok
2009-05-25,https://www.ecb.europa.eu/press/key/date/2009/html/sp090525.en.html,clean/speeches/2009/2009-05-25-sp.txt,ok
2009-05-27,https://www.ecb.europa.eu/press/key/date/2009/html/sp090527.en.html,clean/speeches/2009/2009-05-27-sp.txt,ok
2009-05-27-1,https://www.ecb.europa.eu/press/key/date/2009/html/sp090527_1.en.html,clean/speeches/2009/2009-05-27-1-sp.txt,ok
2009-05-29,https://www.ecb.europa.eu/press/key/date/2009/html/sp090529.en.html,clean/speeches/2009/2009-05-29-sp.txt,ok
2009-06-04,https://www.ecb.europa.eu/press/key/date/2009/html/sp090604.en.html,clean/speeches/2009/2009-06-04-sp.txt,ok
2009-06-05,https://www.ecb.europa.eu/press/key/date/2009/html/sp090605.en.html,clean/speeches/2009/2009-06-05-sp.txt,ok
2009-06-05-1,https://www.ecb.europa.eu/press/key/date/2009/html/sp090605_1.en.html,clean/speeches/2009/2009-06-05-1-sp.txt,ok
2009-06-06,https://www.ecb.europa.eu/press/key/date/2009/html/sp090606.en.html,clean/speeches/2009/2009-06-06-sp.txt,ok
2009-06-06-1,https://www.ecb.europa.eu/press/key/date/2009/html/sp090606_1.en.html,clean/speeches/2009/2009-06-06-1-sp.txt,ok
2009-06-08,https://www.ecb.europa.eu/press/key/date/2009/html/sp090608.en.html,clean/speeches/2009/2009-06-08-sp.txt,ok
2009-06-10,https://www.ecb.europa.eu/press/key/date/2009/html/sp090610.en.html,clean/speeches/2009/2009-06-10-sp.txt,ok
2009-06-12,https://www.ecb.europa.eu/press/key/date/2009/html/sp090612.en.html,clean/speeches/2009/2009-06-12-sp.txt,ok
2009-06-12-1,https://www.ecb.europa.eu/press/key/date/2009/html/sp090612_1.en.html,clean/speeches/2009/2009-06-12-1-sp.txt,ok
2009-06-15,https://www.ecb.europa.eu/press/key/date/2009/html/sp090615.en.html,clean/speeches/2009/2009-06-15-sp.txt,ok
2009-06-15-1,https://www.ecb.europa.eu/press/key/date/2009/html/sp090615_1.en.html,clean/speeches/2009/2009-06-15-1-sp.txt,ok
2009-06-15-2,https://www.ecb.europa.eu/press/key/date/2009/html/sp090615_2.en.html,clean/speeches/2009/2009-06-15-2-sp.txt,ok
2009-06-19,https://www.ecb.europa.eu/press/key/date/2009/html/sp090619.en.html,clean/speeches/2009/2009-06-19-sp.txt,ok
2009-06-19-1,https://www.ecb.europa.eu/press/key/date/2009/html/sp090619_1.en.html,clean/speeches/2009/2009-06-19-1-sp.txt,ok
2009-06-22,https://www.ecb.europa.eu/press/key/date/2009/html/sp090622.en.html,clean/speeches/2009/2009-06-22-sp.txt,ok
2009-06-23,https://www.ecb.europa.eu/press/key/date/2009/html/sp090623.en.html,clean/speeches/2009/2009-06-23-sp.txt,ok
2009-06-24,https://www.ecb.europa.eu/press/key/date/2009/html/sp090624.en.html,clean/speeches/2009/2009-06-24-sp.txt,ok
2009-06-24-1,https://www.ecb.europa.eu/press/key/date/2009/html/sp090624_1.en.html,clean/speeches/2009/2009-06-24-1-sp.txt,ok
2009-06-25,https://www.ecb.europa.eu/press/key/date/2009/html/sp090625.en.html,clean/speeches/2009/2009-06-25-sp.txt,ok
2009-07-06,https://www.ecb.europa.eu/press/key/date/2009/html/sp090706.en.html,clean/speeches/2009/2009-07-06-sp.txt,ok
2009-07-13,https://www.ecb.europa.eu/press/key/date/2009/html/sp090713.en.html,clean/speeches/2009/2009-07-13-sp.txt,ok
2009-07-16,https://www.ecb.europa.eu/press/key/date/2009/html/sp090716.en.html,clean/speeches/2009/2009-07-16-sp.txt,ok
2009-07-16-1,https://www.ecb.europa.eu/press/key/date/2009/html/sp090716_1.en.html,clean/speeches/2009/2009-07-16-1-sp.txt,ok
2009-08-22,https://www.ecb.europa.eu/press/key/date/2009/html/sp090822.en.html,clean/speeches/2009/2009-08-22-sp.txt,ok
2009-09-03,https://www.ecb.europa.eu/press/key/date/2009/html/sp090903.en.html,clean/speeches/2009/2009-09-03-sp.txt,ok
2009-09-04,https://www.ecb.europa.eu/press/key/date/2009/html/sp090904.en.html,clean/speeches/2009/2009-09-04-sp.txt,ok
2009-09-04-1,https://www.ecb.europa.eu/press/key/date/2009/html/sp090904_1.en.html,clean/speeches/2009/2009-09-04-1-sp.txt,ok
2009-09-04-2,https://www.ecb.europa.eu/press/key/date/2009/html/sp090904_2.en.html,clean/speeches/2009/2009-09-04-2-sp.txt,ok
2009-09-04-3,https://www.ecb.europa.eu/press/key/date/2009/html/sp090904_3.en.html,clean/speeches/2009/2009-09-04-3-sp.txt,ok
2009-09-09,https://www.ecb.europa.eu/press/key/date/2009/html/sp090909.en.html,clean/speeches/2009/2009-09-09-sp.txt,ok
2009-09-09-1,https://www.ecb.europa.eu/press/key/date/2009/html/sp090909_1.en.html,clean/speeches/2009/2009-09-09-1-sp.txt,ok
2009-09-11,https://www.ecb.europa.eu/press/key/date/2009/html/sp090911.en.html,clean/speeches/2009/2009-09-11-sp.txt,ok
2009-09-15,https://www.ecb.europa.eu/press/key/date/2009/html/sp090915.en.html,clean/speeches/2009/2009-09-15-sp.txt,ok
2009-09-16,https://www.ecb.europa.eu/press/key/date/2009/html/sp090916.en.html,clean/speeches/2009/2009-09-16-sp.txt,ok
2009-09-21,https://www.ecb.europa.eu/press/key/date/2009/html/sp090921.en.html,clean/speeches/2009/2009-09-21-sp.txt,ok
2009-09-24,https://www.ecb.europa.eu/press/key/date/2009/html/sp090924.en.html,clean/speeches/2009/2009-09-24-sp.txt,ok
2009-09-25,https://www.ecb.europa.eu/press/key/date/2009/html/sp090925.en.html,clean/speeches/2009/2009-09-25-sp.txt,ok
2009-09-28,https://www.ecb.europa.eu/press/key/date/2009/html/sp090928.en.html,clean/speeches/2009/2009-09-28-sp.txt,ok
2009-09-30,https://www.ecb.europa.eu/press/key/date/2009/html/sp090930.en.html,clean/speeches/2009/2009-09-30-sp.txt,ok
2009-10-05-1,https://www.ecb.europa.eu/press/key/date/2009/html/sp091005_1.en.html,clean/speeches/2009/2009-10-05-1-sp.txt,ok
2009-10-09,https://www.ecb.europa.eu/press/key/date/2009/html/sp091009.en.html,clean/speeches/2009/2009-10-09-sp.txt,ok
2009-10-13,https://www.ecb.europa.eu/press/key/date/2009/html/sp091013.en.html,clean/speeches/2009/2009-10-13-sp.txt,ok
2009-10-14,https://www.ecb.europa.eu/press/key/date/2009/html/sp091014.en.html,clean/speeches/2009/2009-10-14-sp.txt,ok
2009-10-15,https://www.ecb.europa.eu/press/key/date/2009/html/sp091015.en.html,clean/speeches/2009/2009-10-15-sp.txt,ok
2009-10-16,https://www.ecb.europa.eu/press/key/date/2009/html/sp091016.en.html,clean/speeches/2009/2009-10-16-sp.txt,ok
2009-10-16-1,https://www.ecb.europa.eu/press/key/date/2009/html/sp091016_1.en.html,clean/speeches/2009/2009-10-16-1-sp.txt,ok
2009-10-16-2,https://www.ecb.europa.eu/press/key/date/2009/html/sp091016_2.en.html,clean/speeches/2009/2009-10-16-2-sp.txt,ok
2009-10-18,https://www.ecb.europa.eu/press/key/date/2009/html/sp091018.en.html,clean/speeches/2009/2009-10-18-sp.txt,ok
2009-11-06,https://www.ecb.europa.eu/press/key/date/2009/html/sp091106.en.html,clean/speeches/2009/2009-11-06-sp.txt,ok
2009-11-09,https://www.ecb.europa.eu/press/key/date/2009/html/sp091109.en.html,clean/speeches/2009/2009-11-09-sp.txt,ok
2009-11-10,https://www.ecb.europa.eu/press/key/date/2009/html/sp091110.en.html,clean/speeches/2009/2009-11-10-sp.txt,ok
2009-11-12,https://www.ecb.europa.eu/press/key/date/2009/html/sp091112.en.html,clean/speeches/2009/2009-11-12-sp.txt,ok
2009-11-16,https://www.ecb.europa.eu/press/key/date/2009/html/sp091116.en.html,clean/speeches/2009/2009-11-16-sp.txt,ok
2009-11-17-1,https://www.ecb.europa.eu/press/key/date/2009/html/sp091117_1.en.html,clean/speeches/2009/2009-11-17-1-sp.txt,ok
2009-11-17-2,https://www.ecb.europa.eu/press/key/date/2009/html/sp091117_2.en.html,clean/speeches/2009/2009-11-17-2-sp.txt,ok
2009-11-18,https://www.ecb.europa.eu/press/key/date/2009/html/sp091118.en.html,clean/speeches/2009/2009-11-18-sp.txt,ok
2009-11-19,https://www.ecb.europa.eu/press/key/date/2009/html/sp091119.en.html,clean/speeches/2009/2009-11-19-sp.txt,ok
2009-11-19-1,https://www.ecb.europa.eu/press/key/date/2009/html/sp091119_1.en.html,clean/speeches/2009/2009-11-19-1-sp.txt,ok
2009-11-20,https://www.ecb.europa.eu/press/key/date/2009/html/sp091120.en.html,clean/speeches/2009/2009-11-20-sp.txt,ok
2009-11-20-1,https://www.ecb.europa.eu/press/key/date/2009/html/sp091120_1.en.html,clean/speeches/2009/2009-11-20-1-sp.txt,ok
2009-11-23,https://www.ecb.europa.eu/press/key/date/2009/html/sp091123.en.html,clean/speeches/2009/2009-11-23-sp.txt,ok
2009-11-23-1,https://www.ecb.europa.eu/press/key/date/2009/html/sp091123_1.en.html,clean/speeches/2009/2009-11-23-1-sp.txt,ok
2009-12-01,https://www.ecb.europa.eu/press/key/date/2009/html/sp091201.en.html,clean/speeches/2009/2009-12-01-sp.txt,ok
2009-12-02,https://www.ecb.europa.eu/press/key/date/2009/html/sp091202.en.html,clean/speeches/2009/2009-12-02-sp.txt,ok
2009-12-07-1,https://www.ecb.europa.eu/press/key/date/2009/html/sp091207_1.en.html,clean/speeches/2009/2009-12-07-1-sp.txt,ok
2009-12-10-1,https://www.ecb.europa.eu/press/key/date/2009/html/sp091210_1.en.html,clean/speeches/2009/2009-12-10-1-sp.txt,ok
2009-12-11,https://www.ecb.europa.eu/press/key/date/2009/html/sp091211.en.html,clean/speeches/2009/2009-12-11-sp.txt,ok
2009-12-11-1,https://www.ecb.europa.eu/press/key/date/2009/html/sp091211_1.en.html,clean/speeches/2009/2009-12-11-1-sp.txt,ok
2009-12-11-2,https://www.ecb.europa.eu/press/key/date/2009/html/sp091211_2.en.html,clean/speeches/2009/2009-12-11-2-sp.txt,ok
2009-12-18,https://www.ecb.europa.eu/press/key/date/2009/html/sp091218.en.html,clean/speeches/2009/2009-12-18-sp.txt,ok
2009-12-27,https://www.ecb.europa.eu/press/key/date/2009/html/sp091227.en.html,clean/speeches/2009/2009-12-27-sp.txt,ok
2010-01-18,https://www.ecb.europa.eu/press/key/date/2010/html/sp100118.en.html,clean/speeches/2010/2010-01-18-sp.txt,ok
2010-01-21,https://www.ecb.europa.eu/press/key/date/2010/html/sp100121.en.html,clean/speeches/2010/2010-01-21-sp.txt,ok
2010-01-22,https://www.ecb.europa.eu/press/key/date/2010/html/sp100122.en.html,clean/speeches/2010/2010-01-22-sp.txt,ok
2010-01-26-1,https://www.ecb.europa.eu/press/key/date/2010/html/sp100126_1.en.html,clean/speeches/2010/2010-01-26-1-sp.txt,ok
2010-01-29,https://www.ecb.europa.eu/press/key/date/2010/html/sp100129.en.html,clean/speeches/2010/2010-01-29-sp.txt,ok
2010-02-09,https://www.ecb.europa.eu/press/key/date/2010/html/sp100209.en.html,clean/speeches/2010/2010-02-09-sp.txt,ok
2010-02-10,https://www.ecb.europa.eu/press/key/date/2010/html/sp100210.en.html,clean/speeches/2010/2010-02-10-sp.txt,ok
2010-02-11,https://www.ecb.europa.eu/press/key/date/2010/html/sp100211.en.html,clean/speeches/2010/2010-02-11-sp.txt,ok
2010-02-19,https://www.ecb.europa.eu/press/key/date/2010/html/sp100219.en.html,clean/speeches/2010/2010-02-19-sp.txt,ok
2010-02-24,https://www.ecb.europa.eu/press/key/date/2010/html/sp100224.en.html,clean/speeches/2010/2010-02-24-sp.txt,ok
2010-02-25,https://www.ecb.europa.eu/press/key/date/2010/html/sp100225.en.html,clean/speeches/2010/2010-02-25-sp.txt,ok
2010-02-26,https://www.ecb.europa.eu/press/key/date/2010/html/sp100226.en.html,clean/speeches/2010/2010-02-26-sp.txt,ok
2010-03-08,https://www.ecb.europa.eu/press/key/date/2010/html/sp100308.en.html,clean/speeches/2010/2010-03-08-sp.txt,ok
2010-03-10,https://www.ecb.europa.eu/press/key/date/2010/html/sp100310.en.html,clean/speeches/2010/2010-03-10-sp.txt,ok
2010-03-12,https://www.ecb.europa.eu/press/key/date/2010/html/sp100312.en.html,clean/speeches/2010/2010-03-12-sp.txt,ok
2010-03-15,https://www.ecb.europa.eu/press/key/date/2010/html/sp100315.en.html,clean/speeches/2010/2010-03-15-sp.txt,ok
2010-03-16,https://www.ecb.europa.eu/press/key/date/2010/html/sp100316.en.html,clean/speeches/2010/2010-03-16-sp.txt,ok
2010-03-19,https://www.ecb.europa.eu/press/key/date/2010/html/sp100319.en.html,clean/speeches/2010/2010-03-19-sp.txt,ok
2010-03-22,https://www.ecb.europa.eu/press/key/date/2010/html/sp100322.en.html,clean/speeches/2010/2010-03-22-sp.txt,ok
2010-03-25,https://www.ecb.europa.eu/press/key/date/2010/html/sp100325.en.html,clean/speeches/2010/2010-03-25-sp.txt,ok
2010-03-26,https://www.ecb.europa.eu/press/key/date/2010/html/sp100326.en.html,clean/speeches/2010/2010-03-26-sp.txt,ok
2010-03-26-1,https://www.ecb.europa.eu/press/key/date/2010/html/sp100326_1.en.html,clean/speeches/2010/2010-03-26-1-sp.txt,ok
2010-04-09,https://www.ecb.europa.eu/press/key/date/2010/html/sp100409.en.html,clean/speeches/2010/2010-04-09-sp.txt,ok
2010-04-09-2,https://www.ecb.europa.eu/press/key/date/2010/html/sp100409_2.en.html,clean/speeches/2010/2010-04-09-2-sp.txt,ok
2010-04-10,https://www.ecb.europa.eu/press/key/date/2010/html/sp100410.en.html,clean/speeches/2010/2010-04-10-sp.txt,ok
2010-04-12,https://www.ecb.europa.eu/press/key/date/2010/html/sp100412.en.html,clean/speeches/2010/2010-04-12-sp.txt,ok
2010-04-12-1,https://www.ecb.europa.eu/press/key/date/2010/html/sp100412_1.en.html,clean/speeches/2010/2010-04-12-1-sp.txt,ok
2010-04-15,https://www.ecb.europa.eu/press/key/date/2010/html/sp100415.en.html,clean/speeches/2010/2010-04-15-sp.txt,ok
2010-04-15-1,https://www.ecb.europa.eu/press/key/date/2010/html/sp100415_1.en.html,clean/speeches/2010/2010-04-15-1-sp.txt,ok
2010-04-19,https://www.ecb.europa.eu/press/key/date/2010/html/sp100419.en.html,clean/speeches/2010/2010-04-19-sp.txt,ok
2010-04-19-1,https://www.ecb.europa.eu/press/key/date/2010/html/sp100419_1.en.html,clean/speeches/2010/2010-04-19-1-sp.txt,ok
2010-04-26,https://www.ecb.europa.eu/press/key/date/2010/html/sp100426.en.html,clean/speeches/2010/2010-04-26-sp.txt,ok
2010-04-27,https://www.ecb.europa.eu/press/key/date/2010/html/sp100427.en.html,clean/speeches/2010/2010-04-27-sp.txt,ok
2010-04-27-2,https://www.ecb.europa.eu/press/key/date/2010/html/sp100427_2.en.html,clean/speeches/2010/2010-04-27-2-sp.txt,ok
2010-04-27-3,https://www.ecb.europa.eu/press/key/date/2010/html/sp100427_3.en.html,clean/speeches/2010/2010-04-27-3-sp.txt,ok
2010-04-28-1,https://www.ecb.europa.eu/press/key/date/2010/html/sp100428_1.en.html,clean/speeches/2010/2010-04-28-1-sp.txt,ok
2010-04-28-2,https://www.ecb.europa.eu/press/key/date/2010/html/sp100428_2.en.html,clean/speeches/2010/2010-04-28-2-sp.txt,ok
2010-04-29,https://www.ecb.europa.eu/press/key/date/2010/html/sp100429.en.html,clean/speeches/2010/2010-04-29-sp.txt,ok
2010-05-03,https://www.ecb.europa.eu/press/key/date/2010/html/sp100503.en.html,clean/speeches/2010/2010-05-03-sp.txt,ok
2010-05-05,https://www.ecb.europa.eu/press/key/date/2010/html/sp100505.en.html,clean/speeches/2010/2010-05-05-sp.txt,ok
2010-05-06,https://www.ecb.europa.eu/press/key/date/2010/html/sp100506.en.html,clean/speeches/2010/2010-05-06-sp.txt,ok
2010-05-13,https://www.ecb.europa.eu/press/key/date/2010/html/sp100513.en.html,clean/speeches/2010/2010-05-13-sp.txt,ok
2010-05-19,https://www.ecb.europa.eu/press/key/date/2010/html/sp100519.en.html,clean/speeches/2010/2010-05-19-sp.txt,ok
2010-05-20,https://www.ecb.europa.eu/press/key/date/2010/html/sp100520.en.html,clean/speeches/2010/2010-05-20-sp.txt,ok
2010-05-26,https://www.ecb.europa.eu/press/key/date/2010/html/sp100526.en.html,clean/speeches/2010/2010-05-26-sp.txt,ok
2010-05-28,https://www.ecb.europa.eu/press/key/date/2010/html/sp100528.en.html,clean/speeches/2010/2010-05-28-sp.txt,ok
2010-05-28-1,https://www.ecb.europa.eu/press/key/date/2010/html/sp100528_1.en.html,clean/speeches/2010/2010-05-28-1-sp.txt,ok
2010-05-31,https://www.ecb.europa.eu/press/key/date/2010/html/sp100531.en.html,clean/speeches/2010/2010-05-31-sp.txt,ok
2010-05-31-2,https://www.ecb.europa.eu/press/key/date/2010/html/sp100531_2.en.html,clean/speeches/2010/2010-05-31-2-sp.txt,ok
2010-05-31-3,https://www.ecb.europa.eu/press/key/date/2010/html/sp100531_3.en.html,clean/speeches/2010/2010-05-31-3-sp.txt,ok
2010-06-09,https://www.ecb.europa.eu/press/key/date/2010/html/sp100609.en.html,clean/speeches/2010/2010-06-09-sp.txt,ok
2010-06-10,https://www.ecb.europa.eu/press/key/date/2010/html/sp100610.en.html,clean/speeches/2010/2010-06-10-sp.txt,ok
2010-06-11,https://www.ecb.europa.eu/press/key/date/2010/html/sp100611.en.html,clean/speeches/2010/2010-06-11-sp.txt,ok
2010-06-11-1,https://www.ecb.europa.eu/press/key/date/2010/html/sp100611_1.en.html,clean/speeches/2010/2010-06-11-1-sp.txt,ok
2010-06-11-2,https://www.ecb.europa.eu/press/key/date/2010/html/sp100611_2.en.html,clean/speeches/2010/2010-06-11-2-sp.txt,ok
2010-06-14,https://www.ecb.europa.eu/press/key/date/2010/html/sp100614.en.html,clean/speeches/2010/2010-06-14-sp.txt,ok
2010-06-16,https://www.ecb.europa.eu/press/key/date/2010/html/sp100616.en.html,clean/speeches/2010/2010-06-16-sp.txt,ok
2010-06-16-1,https://www.ecb.europa.eu/press/key/date/2010/html/sp100616_1.en.html,clean/speeches/2010/2010-06-16-1-sp.txt,ok
2010-06-18,https://www.ecb.europa.eu/press/key/date/2010/html/sp100618.en.html,clean/speeches/2010/2010-06-18-sp.txt,ok
2010-06-18-1,https://www.ecb.europa.eu/press/key/date/2010/html/sp100618_1.en.html,clean/speeches/2010/2010-06-18-1-sp.txt,ok
2010-06-18-2,https://www.ecb.europa.eu/press/key/date/2010/html/sp100618_2.en.html,clean/speeches/2010/2010-06-18-2-sp.txt,ok
2010-06-21,https://www.ecb.europa.eu/press/key/date/2010/html/sp100621.en.html,clean/speeches/2010/2010-06-21-sp.txt,ok
2010-06-21-1,https://www.ecb.europa.eu/press/key/date/2010/html/sp100621_1.en.html,clean/speeches/2010/2010-06-21-1-sp.txt,ok
2010-06-28,https://www.ecb.europa.eu/press/key/date/2010/html/sp100628.en.html,clean/speeches/2010/2010-06-28-sp.txt,ok
2010-07-03,https://www.ecb.europa.eu/press/key/date/2010/html/sp100703.en.html,clean/speeches/2010/2010-07-03-sp.txt,ok
2010-07-09,https://www.ecb.europa.eu/press/key/date/2010/html/sp100709.en.html,clean/speeches/2010/2010-07-09-sp.txt,ok
2010-07-09-1,https://www.ecb.europa.eu/press/key/date/2010/html/sp100709_1.en.html,clean/speeches/2010/2010-07-09-1-sp.txt,ok
2010-07-09-2,https://www.ecb.europa.eu/press/key/date/2010/html/sp100709_2.en.html,clean/speeches/2010/2010-07-09-2-sp.txt,ok
2010-07-09-3,https://www.ecb.europa.eu/press/key/date/2010/html/sp100709_3.en.html,clean/speeches/2010/2010-07-09-3-sp.txt,ok
2010-07-23,https://www.ecb.europa.eu/press/key/date/2010/html/sp100723.en.html,clean/speeches/2010/2010-07-23-sp.txt,ok
2010-08-27,https://www.ecb.europa.eu/press/key/date/2010/html/sp100827.en.html,clean/speeches/2010/2010-08-27-sp.txt,ok
2010-09-03,https://www.ecb.europa.eu/press/key/date/2010/html/sp100903.en.html,clean/speeches/2010/2010-09-03-sp.txt,ok
2010-09-05,https://www.ecb.europa.eu/press/key/date/2010/html/sp100905.en.html,clean/speeches/2010/2010-09-05-sp.txt,ok
2010-09-07,https://www.ecb.europa.eu/press/key/date/2010/html/sp100907.en.html,clean/speeches/2010/2010-09-07-sp.txt,ok
2010-09-10-1,https://www.ecb.europa.eu/press/key/date/2010/html/sp100910_1.en.html,clean/speeches/2010/2010-09-10-1-sp.txt,ok
2010-09-15,https://www.ecb.europa.eu/press/key/date/2010/html/sp100915.en.html,clean/speeches/2010/2010-09-15-sp.txt,ok
2010-09-19,https://www.ecb.europa.eu/press/key/date/2010/html/sp100919.en.html,clean/speeches/2010/2010-09-19-sp.txt,ok
2010-09-20,https://www.ecb.europa.eu/press/key/date/2010/html/sp100920.en.html,clean/speeches/2010/2010-09-20-sp.txt,ok
2010-09-20-1,https://www.ecb.europa.eu/press/key/date/2010/html/sp100920_1.en.html,clean/speeches/2010/2010-09-20-1-sp.txt,ok
2010-09-27,https://www.ecb.europa.eu/press/key/date/2010/html/sp100927.en.html,clean/speeches/2010/2010-09-27-sp.txt,ok
2010-09-27-1,https://www.ecb.europa.eu/press/key/date/2010/html/sp100927_1.en.html,clean/speeches/2010/2010-09-27-1-sp.txt,ok
2010-09-27-2,https://www.ecb.europa.eu/press/key/date/2010/html/sp100927_2.en.html,clean/speeches/2010/2010-09-27-2-sp.txt,ok
2010-09-27-3,https://www.ecb.europa.eu/press/key/date/2010/html/sp100927_3.en.html,clean/speeches/2010/2010-09-27-3-sp.txt,ok
2010-09-28,https://www.ecb.europa.eu/press/key/date/2010/html/sp100928.en.html,clean/speeches/2010/2010-09-28-sp.txt,ok
2010-09-29,https://www.ecb.europa.eu/press/key/date/2010/html/sp100929.en.html,clean/speeches/2010/2010-09-29-sp.txt,ok
2010-09-29-1,https://www.ecb.europa.eu/press/key/date/2010/html/sp100929_1.en.html,clean/speeches/2010/2010-09-29-1-sp.txt,ok
2010-09-29-2,https://www.ecb.europa.eu/press/key/date/2010/html/sp100929_2.en.html,clean/speeches/2010/2010-09-29-2-sp.txt,ok
2010-09-29-3,https://www.ecb.europa.eu/press/key/date/2010/html/sp100929_3.en.html,clean/speeches/2010/2010-09-29-3-sp.txt,ok
2010-10-08,https://www.ecb.europa.eu/press/key/date/2010/html/sp101008.en.html,clean/speeches/2010/2010-10-08-sp.txt,ok
2010-10-12,https://www.ecb.europa.eu/press/key/date/2010/html/sp101012.en.html,clean/speeches/2010/2010-10-12-sp.txt,ok
2010-10-14,https://www.ecb.europa.eu/press/key/date/2010/html/sp101014.en.html,clean/speeches/2010/2010-10-14-sp.txt,ok
2010-10-16,https://www.ecb.europa.eu/press/key/date/2010/html/sp101016.en.html,clean/speeches/2010/2010-10-16-sp.txt,ok
2010-10-18,https://www.ecb.europa.eu/press/key/date/2010/html/sp101018.en.html,clean/speeches/2010/2010-10-18-sp.txt,ok
2010-10-19,https://www.ecb.europa.eu/press/key/date/2010/html/sp101019.en.html,clean/speeches/2010/2010-10-19-sp.txt,ok
2010-10-20,https://www.ecb.europa.eu/press/key/date/2010/html/sp101020.en.html,clean/speeches/2010/2010-10-20-sp.txt,ok
2010-10-20-1,https://www.ecb.europa.eu/press/key/date/2010/html/sp101020_1.en.html,clean/speeches/2010/2010-10-20-1-sp.txt,ok
2010-10-20-2,https://www.ecb.europa.eu/press/key/date/2010/html/sp101020_2.en.html,clean/speeches/2010/2010-10-20-2-sp.txt,ok
2010-10-22,https://www.ecb.europa.eu/press/key/date/2010/html/sp101022.en.html,clean/speeches/2010/2010-10-22-sp.txt,ok
2010-10-25,https://www.ecb.europa.eu/press/key/date/2010/html/sp101025.en.html,clean/speeches/2010/2010-10-25-sp.txt,ok
2010-10-25-1,https://www.ecb.europa.eu/press/key/date/2010/html/sp101025_1.en.html,clean/speeches/2010/2010-10-25-1-sp.txt,ok
2010-11-01,https://www.ecb.europa.eu/press/key/date/2010/html/sp101101.en.html,clean/speeches/2010/2010-11-01-sp.txt,ok
2010-11-13-1,https://www.ecb.europa.eu/press/key/date/2010/html/sp101113_1.en.html,clean/speeches/2010/2010-11-13-1-sp.txt,ok
2010-11-15,https://www.ecb.europa.eu/press/key/date/2010/html/sp101115.en.html,clean/speeches/2010/2010-11-15-sp.txt,ok
2010-11-15-1,https://www.ecb.europa.eu/press/key/date/2010/html/sp101115_1.en.html,clean/speeches/2010/2010-11-15-1-sp.txt,ok
2010-11-16,https://www.ecb.europa.eu/press/key/date/2010/html/sp101116.en.html,clean/speeches/2010/2010-11-16-sp.txt,ok
2010-11-16-1,https://www.ecb.europa.eu/press/key/date/2010/html/sp101116_1.en.html,clean/speeches/2010/2010-11-16-1-sp.txt,ok
2010-11-18,https://www.ecb.europa.eu/press/key/date/2010/html/sp101118.en.html,clean/speeches/2010/2010-11-18-sp.txt,ok
2010-11-19,https://www.ecb.europa.eu/press/key/date/2010/html/sp101119.en.html,clean/speeches/2010/2010-11-19-sp.txt,ok
2010-11-19-2,https://www.ecb.europa.eu/press/key/date/2010/html/sp101119_2.en.html,clean/speeches/2010/2010-11-19-2-sp.txt,ok
2010-11-22,https://www.ecb.europa.eu/press/key/date/2010/html/sp101122.en.html,clean/speeches/2010/2010-11-22-sp.txt,ok
2010-11-23,https://www.ecb.europa.eu/press/key/date/2010/html/sp101123.en.html,clean/speeches/2010/2010-11-23-sp.txt,ok
2010-11-25,https://www.ecb.europa.eu/press/key/date/2010/html/sp101125.en.html,clean/speeches/2010/2010-11-25-sp.txt,ok
2010-11-25-1,https://www.ecb.europa.eu/press/key/date/2010/html/sp101125_1.en.html,clean/speeches/2010/2010-11-25-1-sp.txt,ok
2010-11-30,https://www.ecb.europa.eu/press/key/date/2010/html/sp101130.en.html,clean/speeches/2010/2010-11-30-sp.txt,ok
2010-12-03,https://www.ecb.europa.eu/press/key/date/2010/html/sp101203.en.html,clean/speeches/2010/2010-12-03-sp.txt,ok
2010-12-07,https://www.ecb.europa.eu/press/key/date/2010/html/sp101207.en.html,clean/speeches/2010/2010-12-07-sp.txt,ok
2010-12-08,https://www.ecb.europa.eu/press/key/date/2010/html/sp101208.en.html,clean/speeches/2010/2010-12-08-sp.txt,ok
2010-12-13,https://www.ecb.europa.eu/press/key/date/2010/html/sp101213.en.html,clean/speeches/2010/2010-12-13-sp.txt,ok
2011-01-07,https://www.ecb.europa.eu/press/key/date/2011/html/sp110107.en.html,clean/speeches/2011/2011-01-07-sp.txt,ok
2011-01-10,https://www.ecb.europa.eu/press/key/date/2011/html/sp110110.en.html,clean/speeches/2011/2011-01-10-sp.txt,ok
2011-01-19,https://www.ecb.europa.eu/press/key/date/2011/html/sp110119.en.html,clean/speeches/2011/2011-01-19-sp.txt,ok
2011-01-27,https://www.ecb.europa.eu/press/key/date/2011/html/sp110127.en.html,clean/speeches/2011/2011-01-27-sp.txt,ok
2011-01-27-1,https://www.ecb.europa.eu/press/key/date/2011/html/sp110127_1.en.html,clean/speeches/2011/2011-01-27-1-sp.txt,ok
2011-01-28,https://www.ecb.europa.eu/press/key/date/2011/html/sp110128.en.html,clean/speeches/2011/2011-01-28-sp.txt,ok
2011-02-01,https://www.ecb.europa.eu/press/key/date/2011/html/sp110201.en.html,clean/speeches/2011/2011-02-01-sp.txt,ok
2011-02-09,https://www.ecb.europa.eu/press/key/date/2011/html/sp110209.en.html,clean/speeches/2011/2011-02-09-sp.txt,ok
2011-02-10,https://www.ecb.europa.eu/press/key/date/2011/html/sp110210.en.html,clean/speeches/2011/2011-02-10-sp.txt,ok
2011-02-11,https://www.ecb.europa.eu/press/key/date/2011/html/sp110211.en.html,clean/speeches/2011/2011-02-11-sp.txt,ok
2011-02-14,https://www.ecb.europa.eu/press/key/date/2011/html/sp110214.en.html,clean/speeches/2011/2011-02-14-sp.txt,ok
2011-02-18,https://www.ecb.europa.eu/press/key/date/2011/html/sp110218.en.html,clean/speeches/2011/2011-02-18-sp.txt,ok
2011-02-21,https://www.ecb.europa.eu/press/key/date/2011/html/sp110221.en.html,clean/speeches/2011/2011-02-21-sp.txt,ok
2011-02-22,https://www.ecb.europa.eu/press/key/date/2011/html/sp110222.en.html,clean/speeches/2011/2011-02-22-sp.txt,ok
2011-02-23,https://www.ecb.europa.eu/press/key/date/2011/html/sp110223.en.html,clean/speeches/2011/2011-02-23-sp.txt,ok
2011-02-25,https://www.ecb.europa.eu/press/key/date/2011/html/sp110225.en.html,clean/speeches/2011/2011-02-25-sp.txt,ok
2011-03-04,https://www.ecb.europa.eu/press/key/date/2011/html/sp110304.en.html,clean/speeches/2011/2011-03-04-sp.txt,ok
2011-03-04-1,https://www.ecb.europa.eu/press/key/date/2011/html/sp110304_1.en.html,clean/speeches/2011/2011-03-04-1-sp.txt,ok
2011-03-10,https://www.ecb.europa.eu/press/key/date/2011/html/sp110310.en.html,clean/speeches/2011/2011-03-10-sp.txt,ok
2011-03-11,https://www.ecb.europa.eu/press/key/date/2011/html/sp110311.en.html,clean/speeches/2011/2011-03-11-sp.txt,ok
2011-03-11-1,https://www.ecb.europa.eu/press/key/date/2011/html/sp110311_1.en.html,clean/speeches/2011/2011-03-11-1-sp.txt,ok
2011-03-18,https://www.ecb.europa.eu/press/key/date/2011/html/sp110318.en.html,clean/speeches/2011/2011-03-18-sp.txt,ok
2011-03-18-1,https://www.ecb.europa.eu/press/key/date/2011/html/sp110318_1.en.html,clean/speeches/2011/2011-03-18-1-sp.txt,ok
2011-03-21,https://www.ecb.europa.eu/press/key/date/2011/html/sp110321.en.html,clean/speeches/2011/2011-03-21-sp.txt,ok
2011-03-21-1,https://www.ecb.europa.eu/press/key/date/2011/html/sp110321_1.en.html,clean/speeches/2011/2011-03-21-1-sp.txt,ok
2011-03-23,https://www.ecb.europa.eu/press/key/date/2011/html/sp110323.en.html,clean/speeches/2011/2011-03-23-sp.txt,ok
2011-03-24,https://www.ecb.europa.eu/press/key/date/2011/html/sp110324.en.html,clean/speeches/2011/2011-03-24-sp.txt,ok
2011-03-30,https://www.ecb.europa.eu/press/key/date/2011/html/sp110330.en.html,clean/speeches/2011/2011-03-30-sp.txt,ok
2011-04-01,https://www.ecb.europa.eu/press/key/date/2011/html/sp110401.en.html,clean/speeches/2011/2011-04-01-sp.txt,ok
2011-04-04,https://www.ecb.europa.eu/press/key/date/2011/html/sp110404.en.html,clean/speeches/2011/2011-04-04-sp.txt,ok
2011-04-12,https://www.ecb.europa.eu/press/key/date/2011/html/sp110412.en.html,clean/speeches/2011/2011-04-12-sp.txt,ok
2011-04-14,https://www.ecb.europa.eu/press/key/date/2011/html/sp110414.en.html,clean/speeches/2011/2011-04-14-sp.txt,ok
2011-04-15,https://www.ecb.europa.eu/press/key/date/2011/html/sp110415.en.html,clean/speeches/2011/2011-04-15-sp.txt,ok
2011-05-02,https://www.ecb.europa.eu/press/key/date/2011/html/sp110502.en.html,clean/speeches/2011/2011-05-02-sp.txt,ok
2011-05-02-1,https://www.ecb.europa.eu/press/key/date/2011/html/sp110502_1.en.html,clean/speeches/2011/2011-05-02-1-sp.txt,ok
2011-05-03,https://www.ecb.europa.eu/press/key/date/2011/html/sp110503.en.html,clean/speeches/2011/2011-05-03-sp.txt,ok
2011-05-05,https://www.ecb.europa.eu/press/key/date/2011/html/sp110505.en.html,clean/speeches/2011/2011-05-05-sp.txt,ok
2011-05-10,https://www.ecb.europa.eu/press/key/date/2011/html/sp110510.en.html,clean/speeches/2011/2011-05-10-sp.txt,ok
2011-05-10-1,https://www.ecb.europa.eu/press/key/date/2011/html/sp110510_1.en.html,clean/speeches/2011/2011-05-10-1-sp.txt,ok
2011-05-11,https://www.ecb.europa.eu/press/key/date/2011/html/sp110511.en.html,clean/speeches/2011/2011-05-11-sp.txt,ok
2011-05-12,https://www.ecb.europa.eu/press/key/date/2011/html/sp110512.en.html,clean/speeches/2011/2011-05-12-sp.txt,ok
2011-05-12-1,https://www.ecb.europa.eu/press/key/date/2011/html/sp110512_1.en.html,clean/speeches/2011/2011-05-12-1-sp.txt,ok
2011-05-13,https://www.ecb.europa.eu/press/key/date/2011/html/sp110513.en.html,clean/speeches/2011/2011-05-13-sp.txt,ok
2011-05-13-1,https://www.ecb.europa.eu/press/key/date/2011/html/sp110513_1.en.html,clean/speeches/2011/2011-05-13-1-sp.txt,ok
2011-05-15-1,https://www.ecb.europa.eu/press/key/date/2011/html/sp110515_1.en.html,clean/speeches/2011/2011-05-15-1-sp.txt,ok
2011-05-18,https://www.ecb.europa.eu/press/key/date/2011/html/sp110518.en.html,clean/speeches/2011/2011-05-18-sp.txt,ok
2011-05-18-1,https://www.ecb.europa.eu/press/key/date/2011/html/sp110518_1.en.html,clean/speeches/2011/2011-05-18-1-sp.txt,ok
2011-05-18-3,https://www.ecb.europa.eu/press/key/date/2011/html/sp110518_3.en.html,clean/speeches/2011/2011-05-18-3-sp.txt,ok
2011-05-19,https://www.ecb.europa.eu/press/key/date/2011/html/sp110519.en.html,clean/speeches/2011/2011-05-19-sp.txt,ok
2011-05-23-1,https://www.ecb.europa.eu/press/key/date/2011/html/sp110523_1.en.html,clean/speeches/2011/2011-05-23-1-sp.txt,ok
2011-05-26,https://www.ecb.europa.eu/press/key/date/2011/html/sp110526.en.html,clean/speeches/2011/2011-05-26-sp.txt,ok
2011-05-26-1,https://www.ecb.europa.eu/press/key/date/2011/html/sp110526_1.en.html,clean/speeches/2011/2011-05-26-1-sp.txt,ok
2011-05-26-2,https://www.ecb.europa.eu/press/key/date/2011/html/sp110526_2.en.html,clean/speeches/2011/2011-05-26-2-sp.txt,ok
2011-06-01,https://www.ecb.europa.eu/press/key/date/2011/html/sp110601.en.html,clean/speeches/2011/2011-06-01-sp.txt,ok
2011-06-02,https://www.ecb.europa.eu/press/key/date/2011/html/sp110602.en.html,clean/speeches/2011/2011-06-02-sp.txt,ok
2011-06-03,https://www.ecb.europa.eu/press/key/date/2011/html/sp110603.en.html,clean/speeches/2011/2011-06-03-sp.txt,ok
2011-06-06,https://www.ecb.europa.eu/press/key/date/2011/html/sp110606.en.html,clean/speeches/2011/2011-06-06-sp.txt,ok
2011-06-06-1,https://www.ecb.europa.eu/press/key/date/2011/html/sp110606_1.en.html,clean/speeches/2011/2011-06-06-1-sp.txt,ok
2011-06-07,https://www.ecb.europa.eu/press/key/date/2011/html/sp110607.en.html,clean/speeches/2011/2011-06-07-sp.txt,ok
2011-06-10,https://www.ecb.europa.eu/press/key/date/2011/html/sp110610.en.html,clean/speeches/2011/2011-06-10-sp.txt,ok
2011-06-10-1,https://www.ecb.europa.eu/press/key/date/2011/html/sp110610_1.en.html,clean/speeches/2011/2011-06-10-1-sp.txt,ok
2011-06-10-2,https://www.ecb.europa.eu/press/key/date/2011/html/sp110610_2.en.html,clean/speeches/2011/2011-06-10-2-sp.txt,ok
2011-06-10-3,https://www.ecb.europa.eu/press/key/date/2011/html/sp110610_3.en.html,clean/speeches/2011/2011-06-10-3-sp.txt,ok
2011-06-13,https://www.ecb.europa.eu/press/key/date/2011/html/sp110613.en.html,clean/speeches/2011/2011-06-13-sp.txt,ok
2011-06-15,https://www.ecb.europa.eu/press/key/date/2011/html/sp110615.en.html,clean/speeches/2011/2011-06-15-sp.txt,ok
2011-06-16,https://www.ecb.europa.eu/press/key/date/2011/html/sp110616.en.html,clean/speeches/2011/2011-06-16-sp.txt,ok
2011-06-16-1,https://www.ecb.europa.eu/press/key/date/2011/html/sp110616_1.en.html,clean/speeches/2011/2011-06-16-1-sp.txt,ok
2011-06-16-3,https://www.ecb.europa.eu/press/key/date/2011/html/sp110616_3.en.html,clean/speeches/2011/2011-06-16-3-sp.txt,ok
2011-06-17,https://www.ecb.europa.eu/press/key/date/2011/html/sp110617.en.html,clean/speeches/2011/2011-06-17-sp.txt,ok
2011-06-19,https://www.ecb.europa.eu/press/key/date/2011/html/sp110619.en.html,clean/speeches/2011/2011-06-19-sp.txt,ok
2011-06-27,https://www.ecb.europa.eu/press/key/date/2011/html/sp110627.en.html,clean/speeches/2011/2011-06-27-sp.txt,ok
2011-06-28,https://www.ecb.europa.eu/press/key/date/2011/html/sp110628.en.html,clean/speeches/2011/2011-06-28-sp.txt,ok
2011-06-30,https://www.ecb.europa.eu/press/key/date/2011/html/sp110630.en.html,clean/speeches/2011/2011-06-30-sp.txt,ok
2011-07-08,https://www.ecb.europa.eu/press/key/date/2011/html/sp110708.en.html,clean/speeches/2011/2011-07-08-sp.txt,ok
2011-07-11,https://www.ecb.europa.eu/press/key/date/2011/html/sp110711.en.html,clean/speeches/2011/2011-07-11-sp.txt,ok
2011-07-22,https://www.ecb.europa.eu/press/key/date/2011/html/sp110722.en.html,clean/speeches/2011/2011-07-22-sp.txt,ok
2011-08-27,https://www.ecb.europa.eu/press/key/date/2011/html/sp110827.en.html,clean/speeches/2011/2011-08-27-sp.txt,ok
2011-08-29,https://www.ecb.europa.eu/press/key/date/2011/html/sp110829.en.html,clean/speeches/2011/2011-08-29-sp.txt,ok
2011-08-31,https://www.ecb.europa.eu/press/key/date/2011/html/sp110831.en.html,clean/speeches/2011/2011-08-31-sp.txt,ok
2011-09-15,https://www.ecb.europa.eu/press/key/date/2011/html/sp110915.en.html,clean/speeches/2011/2011-09-15-sp.txt,ok
2011-09-15-2,https://www.ecb.europa.eu/press/key/date/2011/html/sp110915_2.en.html,clean/speeches/2011/2011-09-15-2-sp.txt,ok
2011-09-16,https://www.ecb.europa.eu/press/key/date/2011/html/sp110916.en.html,clean/speeches/2011/2011-09-16-sp.txt,ok
2011-09-19,https://www.ecb.europa.eu/press/key/date/2011/html/sp110919.en.html,clean/speeches/2011/2011-09-19-sp.txt,ok
2011-09-22,https://www.ecb.europa.eu/press/key/date/2011/html/sp110922.en.html,clean/speeches/2011/2011-09-22-sp.txt,ok
2011-09-23,https://www.ecb.europa.eu/press/key/date/2011/html/sp110923.en.html,clean/speeches/2011/2011-09-23-sp.txt,ok
2011-09-24,https://www.ecb.europa.eu/press/key/date/2011/html/sp110924.en.html,clean/speeches/2011/2011-09-24-sp.txt,ok
2011-10-03,https://www.ecb.europa.eu/press/key/date/2011/html/sp111003.en.html,clean/speeches/2011/2011-10-03-sp.txt,ok
2011-10-04,https://www.ecb.europa.eu/press/key/date/2011/html/sp111004.en.html,clean/speeches/2011/2011-10-04-sp.txt,ok
2011-10-04-1,https://www.ecb.europa.eu/press/key/date/2011/html/sp111004_1.en.html,clean/speeches/2011/2011-10-04-1-sp.txt,ok
2011-10-05,https://www.ecb.europa.eu/press/key/date/2011/html/sp111005.en.html,clean/speeches/2011/2011-10-05-sp.txt,ok
2011-10-10,https://www.ecb.europa.eu/press/key/date/2011/html/sp111010.en.html,clean/speeches/2011/2011-10-10-sp.txt,ok
2011-10-12,https://www.ecb.europa.eu/press/key/date/2011/html/sp111012.en.html,clean/speeches/2011/2011-10-12-sp.txt,ok
2011-10-13,https://www.ecb.europa.eu/press/key/date/2011/html/sp111013.en.html,clean/speeches/2011/2011-10-13-sp.txt,ok
2011-10-13-1,https://www.ecb.europa.eu/press/key/date/2011/html/sp111013_1.en.html,clean/speeches/2011/2011-10-13-1-sp.txt,ok
2011-10-17,https://www.ecb.europa.eu/press/key/date/2011/html/sp111017.en.html,clean/speeches/2011/2011-10-17-sp.txt,ok
2011-10-17-1,https://www.ecb.europa.eu/press/key/date/2011/html/sp111017_1.en.html,clean/speeches/2011/2011-10-17-1-sp.txt,ok
2011-10-19,https://www.ecb.europa.eu/press/key/date/2011/html/sp111019.en.html,clean/speeches/2011/2011-10-19-sp.txt,ok
2011-10-21,https://www.ecb.europa.eu/press/key/date/2011/html/sp111021.en.html,clean/speeches/2011/2011-10-21-sp.txt,ok
2011-10-21-1,https://www.ecb.europa.eu/press/key/date/2011/html/sp111021_1.en.html,clean/speeches/2011/2011-10-21-1-sp.txt,ok
2011-10-24,https://www.ecb.europa.eu/press/key/date/2011/html/sp111024.en.html,clean/speeches/2011/2011-10-24-sp.txt,ok
2011-11-04-1,https://www.ecb.europa.eu/press/key/date/2011/html/sp111104_1.en.html,clean/speeches/2011/2011-11-04-1-sp.txt,ok
2011-11-08-1,https://www.ecb.europa.eu/press/key/date/2011/html/sp111108_1.en.html,clean/speeches/2011/2011-11-08-1-sp.txt,ok
2011-11-09,https://www.ecb.europa.eu/press/key/date/2011/html/sp111109.en.html,clean/speeches/2011/2011-11-09-sp.txt,ok
2011-11-10,https://www.ecb.europa.eu/press/key/date/2011/html/sp111110.en.html,clean/speeches/2011/2011-11-10-sp.txt,ok
2011-11-14,https://www.ecb.europa.eu/press/key/date/2011/html/sp111114.en.html,clean/speeches/2011/2011-11-14-sp.txt,ok
2011-11-15,https://www.ecb.europa.eu/press/key/date/2011/html/sp111115.en.html,clean/speeches/2011/2011-11-15-sp.txt,ok
2011-11-18,https://www.ecb.europa.eu/press/key/date/2011/html/sp111118.en.html,clean/speeches/2011/2011-11-18-sp.txt,ok
2011-11-23,https://www.ecb.europa.eu/press/key/date/2011/html/sp111123.en.html,clean/speeches/2011/2011-11-23-sp.txt,ok
2011-11-24,https://www.ecb.europa.eu/press/key/date/2011/html/sp111124.en.html,clean/speeches/2011/2011-11-24-sp.txt,ok
2011-11-24-1,https://www.ecb.europa.eu/press/key/date/2011/html/sp111124_1.en.html,clean/speeches/2011/2011-11-24-1-sp.txt,ok
2011-11-25,https://www.ecb.europa.eu/press/key/date/2011/html/sp111125.en.html,clean/speeches/2011/2011-11-25-sp.txt,ok
2011-11-30,https://www.ecb.europa.eu/press/key/date/2011/html/sp111130.en.html,clean/speeches/2011/2011-11-30-sp.txt,ok
2011-12-01,https://www.ecb.europa.eu/press/key/date/2011/html/sp111201.en.html,clean/speeches/2011/2011-12-01-sp.txt,ok
2011-12-02,https://www.ecb.europa.eu/press/key/date/2011/html/sp111202.en.html,clean/speeches/2011/2011-12-02-sp.txt,ok
2011-12-08,https://www.ecb.europa.eu/press/key/date/2011/html/sp111208.en.html,clean/speeches/2011/2011-12-08-sp.txt,ok
2011-12-09,https://www.ecb.europa.eu/press/key/date/2011/html/sp111209.en.html,clean/speeches/2011/2011-12-09-sp.txt,ok
2011-12-15,https://www.ecb.europa.eu/press/key/date/2011/html/sp111215.en.html,clean/speeches/2011/2011-12-15-sp.txt,ok
2011-12-16,https://www.ecb.europa.eu/press/key/date/2011/html/sp111216.en.html,clean/speeches/2011/2011-12-16-sp.txt,ok
2011-12-19-1,https://www.ecb.europa.eu/press/key/date/2011/html/sp111219_1.en.html,clean/speeches/2011/2011-12-19-1-sp.txt,ok
2012-02-06,https://www.ecb.europa.eu/press/key/date/2012/html/sp120206.en.html,clean/speeches/2012/2012-02-06-sp.txt,ok
2012-02-19,https://www.ecb.europa.eu/press/key/date/2012/html/sp120219.en.html,clean/speeches/2012/2012-02-19-sp.txt,ok
2012-02-20,https://www.ecb.europa.eu/press/key/date/2012/html/sp120220.en.html,clean/speeches/2012/2012-02-20-sp.txt,ok
2012-02-27,https://www.ecb.europa.eu/press/key/date/2012/html/sp120227.en.html,clean/speeches/2012/2012-02-27-sp.txt,ok
2012-03-06,https://www.ecb.europa.eu/press/key/date/2012/html/sp120306.en.html,clean/speeches/2012/2012-03-06-sp.txt,ok
2012-03-13,https://www.ecb.europa.eu/press/key/date/2012/html/sp120313.en.html,clean/speeches/2012/2012-03-13-sp.txt,ok
2012-03-15,https://www.ecb.europa.eu/press/key/date/2012/html/sp120315.en.html,clean/speeches/2012/2012-03-15-sp.txt,ok
2012-03-26,https://www.ecb.europa.eu/press/key/date/2012/html/sp120326.en.html,clean/speeches/2012/2012-03-26-sp.txt,ok
2012-03-26-1,https://www.ecb.europa.eu/press/key/date/2012/html/sp120326_1.en.html,clean/speeches/2012/2012-03-26-1-sp.txt,ok
2012-03-27,https://www.ecb.europa.eu/press/key/date/2012/html/sp120327.en.html,clean/speeches/2012/2012-03-27-sp.txt,ok
2012-03-28,https://www.ecb.europa.eu/press/key/date/2012/html/sp120328.en.html,clean/speeches/2012/2012-03-28-sp.txt,ok
2012-04-11,https://www.ecb.europa.eu/press/key/date/2012/html/sp120411.en.html,clean/speeches/2012/2012-04-11-sp.txt,ok
2012-04-12,https://www.ecb.europa.eu/press/key/date/2012/html/sp120412.en.html,clean/speeches/2012/2012-04-12-sp.txt,ok
2012-04-17,https://www.ecb.europa.eu/press/key/date/2012/html/sp120417.en.html,clean/speeches/2012/2012-04-17-sp.txt,ok
2012-04-17-1,https://www.ecb.europa.eu/press/key/date/2012/html/sp120417_1.en.html,clean/speeches/2012/2012-04-17-1-sp.txt,ok
2012-04-18,https://www.ecb.europa.eu/press/key/date/2012/html/sp120418.en.html,clean/speeches/2012/2012-04-18-sp.txt,ok
2012-04-19,https://www.ecb.europa.eu/press/key/date/2012/html/sp120419.en.html,clean/speeches/2012/2012-04-19-sp.txt,ok
2012-04-20,https://www.ecb.europa.eu/press/key/date/2012/html/sp120420.en.html,clean/speeches/2012/2012-04-20-sp.txt,ok
2012-04-20-2,https://www.ecb.europa.eu/press/key/date/2012/html/sp120420_2.en.html,clean/speeches/2012/2012-04-20-2-sp.txt,ok
2012-04-25,https://www.ecb.europa.eu/press/key/date/2012/html/sp120425.en.html,clean/speeches/2012/2012-04-25-sp.txt,ok
2012-04-25-1,https://www.ecb.europa.eu/press/key/date/2012/html/sp120425_1.en.html,clean/speeches/2012/2012-04-25-1-sp.txt,ok
2012-04-26,https://www.ecb.europa.eu/press/key/date/2012/html/sp120426.en.html,clean/speeches/2012/2012-04-26-sp.txt,ok
2012-04-27,https://www.ecb.europa.eu/press/key/date/2012/html/sp120427.en.html,clean/speeches/2012/2012-04-27-sp.txt,ok
2012-05-08,https://www.ecb.europa.eu/press/key/date/2012/html/sp120508.en.html,clean/speeches/2012/2012-05-08-sp.txt,ok
2012-05-08-1,https://www.ecb.europa.eu/press/key/date/2012/html/sp120508_1.en.html,clean/speeches/2012/2012-05-08-1-sp.txt,ok
2012-05-08-2,https://www.ecb.europa.eu/press/key/date/2012/html/sp120508_2.en.html,clean/speeches/2012/2012-05-08-2-sp.txt,ok
2012-05-10,https://www.ecb.europa.eu/press/key/date/2012/html/sp120510.en.html,clean/speeches/2012/2012-05-10-sp.txt,ok
2012-05-16,https://www.ecb.europa.eu/press/key/date/2012/html/sp120516.en.html,clean/speeches/2012/2012-05-16-sp.txt,ok
2012-05-16-1,https://www.ecb.europa.eu/press/key/date/2012/html/sp120516_1.en.html,clean/speeches/2012/2012-05-16-1-sp.txt,ok
2012-05-18,https://www.ecb.europa.eu/press/key/date/2012/html/sp120518.en.html,clean/speeches/2012/2012-05-18-sp.txt,ok
2012-05-21,https://www.ecb.europa.eu/press/key/date/2012/html/sp120521.en.html,clean/speeches/2012/2012-05-21-sp.txt,ok
2012-05-24,https://www.ecb.europa.eu/press/key/date/2012/html/sp120524.en.html,clean/speeches/2012/2012-05-24-sp.txt,ok
2012-05-24-1,https://www.ecb.europa.eu/press/key/date/2012/html/sp120524_1.en.html,clean/speeches/2012/2012-05-24-1-sp.txt,ok
2012-05-25,https://www.ecb.europa.eu/press/key/date/2012/html/sp120525.en.html,clean/speeches/2012/2012-05-25-sp.txt,ok
2012-06-01,https://www.ecb.europa.eu/press/key/date/2012/html/sp120601.en.html,clean/speeches/2012/2012-06-01-sp.txt,ok
2012-06-04,https://www.ecb.europa.eu/press/key/date/2012/html/sp120604.en.html,clean/speeches/2012/2012-06-04-sp.txt,ok
2012-06-05,https://www.ecb.europa.eu/press/key/date/2012/html/sp120605.en.html,clean/speeches/2012/2012-06-05-sp.txt,ok
2012-06-14,https://www.ecb.europa.eu/press/key/date/2012/html/sp120614.en.html,clean/speeches/2012/2012-06-14-sp.txt,ok
2012-06-14-1,https://www.ecb.europa.eu/press/key/date/2012/html/sp120614_1.en.html,clean/speeches/2012/2012-06-14-1-sp.txt,ok
2012-06-15,https://www.ecb.europa.eu/press/key/date/2012/html/sp120615.en.html,clean/speeches/2012/2012-06-15-sp.txt,ok
2012-06-15-1,https://www.ecb.europa.eu/press/key/date/2012/html/sp120615_1.en.html,clean/speeches/2012/2012-06-15-1-sp.txt,ok
2012-06-16,https://www.ecb.europa.eu/press/key/date/2012/html/sp120616.en.html,clean/speeches/2012/2012-06-16-sp.txt,ok
2012-06-28,https://www.ecb.europa.eu/press/key/date/2012/html/sp120628.en.html,clean/speeches/2012/2012-06-28-sp.txt,ok
2012-06-28-1,https://www.ecb.europa.eu/press/key/date/2012/html/sp120628_1.en.html,clean/speeches/2012/2012-06-28-1-sp.txt,ok
2012-07-02,https://www.ecb.europa.eu/press/key/date/2012/html/sp120702.en.html,clean/speeches/2012/2012-07-02-sp.txt,ok
2012-07-06,https://www.ecb.europa.eu/press/key/date/2012/html/sp120706.en.html,clean/speeches/2012/2012-07-06-sp.txt,ok
2012-07-09,https://www.ecb.europa.eu/press/key/date/2012/html/sp120709.en.html,clean/speeches/2012/2012-07-09-sp.txt,ok
2012-07-17,https://www.ecb.europa.eu/press/key/date/2012/html/sp120717.en.html,clean/speeches/2012/2012-07-17-sp.txt,ok
2012-07-20,https://www.ecb.europa.eu/press/key/date/2012/html/sp120720.en.html,clean/speeches/2012/2012-07-20-sp.txt,ok
2012-07-20-1,https://www.ecb.europa.eu/press/key/date/2012/html/sp120720_1.en.html,clean/speeches/2012/2012-07-20-1-sp.txt,ok
2012-07-26,https://www.ecb.europa.eu/press/key/date/2012/html/sp120726.en.html,clean/speeches/2012/2012-07-26-sp.txt,ok
2012-08-29,https://www.ecb.europa.eu/press/key/date/2012/html/sp120829.en.html,clean/speeches/2012/2012-08-29-sp.txt,ok
2012-08-30,https://www.ecb.europa.eu/press/key/date/2012/html/sp120830.en.html,clean/speeches/2012/2012-08-30-sp.txt,ok
2012-09-06,https://www.ecb.europa.eu/press/key/date/2012/html/sp120906.en.html,clean/speeches/2012/2012-09-06-sp.txt,ok
2012-09-07,https://www.ecb.europa.eu/press/key/date/2012/html/sp120907.en.html,clean/speeches/2012/2012-09-07-sp.txt,ok
2012-09-11,https://www.ecb.europa.eu/press/key/date/2012/html/sp120911.en.html,clean/speeches/2012/2012-09-11-sp.txt,ok
2012-09-20,https://www.ecb.europa.eu/press/key/date/2012/html/sp120920.en.html,clean/speeches/2012/2012-09-20-sp.txt,ok
2012-09-20-1,https://www.ecb.europa.eu/press/key/date/2012/html/sp120920_1.en.html,clean/speeches/2012/2012-09-20-1-sp.txt,ok
2012-09-23,https://www.ecb.europa.eu/press/key/date/2012/html/sp120923.en.html,clean/speeches/2012/2012-09-23-sp.txt,ok
2012-09-25,https://www.ecb.europa.eu/press/key/date/2012/html/sp120925.en.html,clean/speeches/2012/2012-09-25-sp.txt,ok
2012-09-27,https://www.ecb.europa.eu/press/key/date/2012/html/sp120927.en.html,clean/speeches/2012/2012-09-27-sp.txt,ok
2012-10-01,https://www.ecb.europa.eu/press/key/date/2012/html/sp121001.en.html,clean/speeches/2012/2012-10-01-sp.txt,ok
2012-10-08-1,https://www.ecb.europa.eu/press/key/date/2012/html/sp121008_1.en.html,clean/speeches/2012/2012-10-08-1-sp.txt,ok
2012-10-09,https://www.ecb.europa.eu/press/key/date/2012/html/sp121009.en.html,clean/speeches/2012/2012-10-09-sp.txt,ok
2012-10-10,https://www.ecb.europa.eu/press/key/date/2012/html/sp121010.en.html,clean/speeches/2012/2012-10-10-sp.txt,ok
2012-10-12,https://www.ecb.europa.eu/press/key/date/2012/html/sp121012.en.html,clean/speeches/2012/2012-10-12-sp.txt,ok
2012-10-13,https://www.ecb.europa.eu/press/key/date/2012/html/sp121013.en.html,clean/speeches/2012/2012-10-13-sp.txt,ok
2012-10-17,https://www.ecb.europa.eu/press/key/date/2012/html/sp121017.en.html,clean/speeches/2012/2012-10-17-sp.txt,ok
2012-10-22,https://www.ecb.europa.eu/press/key/date/2012/html/sp121022.en.html,clean/speeches/2012/2012-10-22-sp.txt,ok
2012-10-24,https://www.ecb.europa.eu/press/key/date/2012/html/sp121024.en.html,clean/speeches/2012/2012-10-24-sp.txt,ok
2012-10-26-1,https://www.ecb.europa.eu/press/key/date/2012/html/sp121026_1.en.html,clean/speeches/2012/2012-10-26-1-sp.txt,ok
2012-10-26-2,https://www.ecb.europa.eu/press/key/date/2012/html/sp121026_2.en.html,clean/speeches/2012/2012-10-26-2-sp.txt,ok
2012-10-30,https://www.ecb.europa.eu/press/key/date/2012/html/sp121030.en.html,clean/speeches/2012/2012-10-30-sp.txt,ok
2012-11-07,https://www.ecb.europa.eu/press/key/date/2012/html/sp121107.en.html,clean/speeches/2012/2012-11-07-sp.txt,ok
2012-11-15-1,https://www.ecb.europa.eu/press/key/date/2012/html/sp121115_1.en.html,clean/speeches/2012/2012-11-15-1-sp.txt,ok
2012-11-15-2,https://www.ecb.europa.eu/press/key/date/2012/html/sp121115_2.en.html,clean/speeches/2012/2012-11-15-2-sp.txt,ok
2012-11-19,https://www.ecb.europa.eu/press/key/date/2012/html/sp121119.en.html,clean/speeches/2012/2012-11-19-sp.txt,ok
2012-11-21,https://www.ecb.europa.eu/press/key/date/2012/html/sp121121.en.html,clean/speeches/2012/2012-11-21-sp.txt,ok
2012-11-23,https://www.ecb.europa.eu/press/key/date/2012/html/sp121123.en.html,clean/speeches/2012/2012-11-23-sp.txt,ok
2012-11-26,https://www.ecb.europa.eu/press/key/date/2012/html/sp121126.en.html,clean/speeches/2012/2012-11-26-sp.txt,ok
2012-11-26-1,https://www.ecb.europa.eu/press/key/date/2012/html/sp121126_1.en.html,clean/speeches/2012/2012-11-26-1-sp.txt,ok
2012-11-28,https://www.ecb.europa.eu/press/key/date/2012/html/sp121128.en.html,clean/speeches/2012/2012-11-28-sp.txt,ok
2012-11-30,https://www.ecb.europa.eu/press/key/date/2012/html/sp121130.en.html,clean/speeches/2012/2012-11-30-sp.txt,ok
2012-11-30-1,https://www.ecb.europa.eu/press/key/date/2012/html/sp121130_1.en.html,clean/speeches/2012/2012-11-30-1-sp.txt,ok
2012-12-01,https://www.ecb.europa.eu/press/key/date/2012/html/sp121201.en.html,clean/speeches/2012/2012-12-01-sp.txt,ok
2012-12-03,https://www.ecb.europa.eu/press/key/date/2012/html/sp121203.en.html,clean/speeches/2012/2012-12-03-sp.txt,ok
2012-12-06-1,https://www.ecb.europa.eu/press/key/date/2012/html/sp121206_1.en.html,clean/speeches/2012/2012-12-06-1-sp.txt,ok
2012-12-07,https://www.ecb.europa.eu/press/key/date/2012/html/sp121207.en.html,clean/speeches/2012/2012-12-07-sp.txt,ok
2012-12-13,https://www.ecb.europa.eu/press/key/date/2012/html/sp121213.en.html,clean/speeches/2012/2012-12-13-sp.txt,ok
2012-12-17,https://www.ecb.europa.eu/press/key/date/2012/html/sp121217.en.html,clean/speeches/2012/2012-12-17-sp.txt,ok
2012-12-19,https://www.ecb.europa.eu/press/key/date/2012/html/sp121219.en.html,clean/speeches/2012/2012-12-19-sp.txt,ok
2013-01-10,https://www.ecb.europa.eu/press/key/date/2013/html/sp130110.en.html,clean/speeches/2013/2013-01-10-sp.txt,ok
2013-01-12,https://www.ecb.europa.eu/press/key/date/2013/html/sp130112.en.html,clean/speeches/2013/2013-01-12-sp.txt,ok
2013-01-16,https://www.ecb.europa.eu/press/key/date/2013/html/sp130116.en.html,clean/speeches/2013/2013-01-16-sp.txt,ok
2013-01-18,https://www.ecb.europa.eu/press/key/date/2013/html/sp130118.en.html,clean/speeches/2013/2013-01-18-sp.txt,ok
2013-01-21,https://www.ecb.europa.eu/press/key/date/2013/html/sp130121.en.html,clean/speeches/2013/2013-01-21-sp.txt,ok
2013-01-22,https://www.ecb.europa.eu/press/key/date/2013/html/sp130122.en.html,clean/speeches/2013/2013-01-22-sp.txt,ok
2013-01-29,https://www.ecb.europa.eu/press/key/date/2013/html/sp130129.en.html,clean/speeches/2013/2013-01-29-sp.txt,ok
2013-01-29-1,https://www.ecb.europa.eu/press/key/date/2013/html/sp130129_1.en.html,clean/speeches/2013/2013-01-29-1-sp.txt,ok
2013-01-31,https://www.ecb.europa.eu/press/key/date/2013/html/sp130131.en.html,clean/speeches/2013/2013-01-31-sp.txt,ok
2013-02-07,https://www.ecb.europa.eu/press/key/date/2013/html/sp130207.en.html,clean/speeches/2013/2013-02-07-sp.txt,ok
2013-02-12,https://www.ecb.europa.eu/press/key/date/2013/html/sp130212.en.html,clean/speeches/2013/2013-02-12-sp.txt,ok
2013-02-12-1,https://www.ecb.europa.eu/press/key/date/2013/html/sp130212_1.en.html,clean/speeches/2013/2013-02-12-1-sp.txt,ok
2013-02-13,https://www.ecb.europa.eu/press/key/date/2013/html/sp130213.en.html,clean/speeches/2013/2013-02-13-sp.txt,ok
2013-02-15,https://www.ecb.europa.eu/press/key/date/2013/html/sp130215.en.html,clean/speeches/2013/2013-02-15-sp.txt,ok
2013-02-18,https://www.ecb.europa.eu/press/key/date/2013/html/sp130218.en.html,clean/speeches/2013/2013-02-18-sp.txt,ok
2013-02-22,https://www.ecb.europa.eu/press/key/date/2013/html/sp130222.en.html,clean/speeches/2013/2013-02-22-sp.txt,ok
2013-02-22-1,https://www.ecb.europa.eu/press/key/date/2013/html/sp130222_1.en.html,clean/speeches/2013/2013-02-22-1-sp.txt,ok
2013-02-27,https://www.ecb.europa.eu/press/key/date/2013/html/sp130227.en.html,clean/speeches/2013/2013-02-27-sp.txt,ok
2013-02-27-1,https://www.ecb.europa.eu/press/key/date/2013/html/sp130227_1.en.html,clean/speeches/2013/2013-02-27-1-sp.txt,ok
2013-02-27-2,https://www.ecb.europa.eu/press/key/date/2013/html/sp130227_2.en.html,clean/speeches/2013/2013-02-27-2-sp.txt,ok
2013-03-02,https://www.ecb.europa.eu/press/key/date/2013/html/sp130302.en.html,clean/speeches/2013/2013-03-02-sp.txt,ok
2013-03-04,https://www.ecb.europa.eu/press/key/date/2013/html/sp130304.en.html,clean/speeches/2013/2013-03-04-sp.txt,ok
2013-03-11,https://www.ecb.europa.eu/press/key/date/2013/html/sp130311.en.html,clean/speeches/2013/2013-03-11-sp.txt,ok
2013-03-12,https://www.ecb.europa.eu/press/key/date/2013/html/sp130312.en.html,clean/speeches/2013/2013-03-12-sp.txt,ok
2013-03-15,https://www.ecb.europa.eu/press/key/date/2013/html/sp130315.en.html,clean/speeches/2013/2013-03-15-sp.txt,ok
2013-03-19,https://www.ecb.europa.eu/press/key/date/2013/html/sp130319.en.html,clean/speeches/2013/2013-03-19-sp.txt,ok
2013-03-19-1,https://www.ecb.europa.eu/press/key/date/2013/html/sp130319_1.en.html,clean/speeches/2013/2013-03-19-1-sp.txt,ok
2013-03-20,https://www.ecb.europa.eu/press/key/date/2013/html/sp130320.en.html,clean/speeches/2013/2013-03-20-sp.txt,ok
2013-03-25,https://www.ecb.europa.eu/press/key/date/2013/html/sp130325.en.html,clean/speeches/2013/2013-03-25-sp.txt,ok
2013-04-02,https://www.ecb.europa.eu/press/key/date/2013/html/sp130402.en.html,clean/speeches/2013/2013-04-02-sp.txt,ok
2013-04-05,https://www.ecb.europa.eu/press/key/date/2013/html/sp130405.en.html,clean/speeches/2013/2013-04-05-sp.txt,ok
2013-04-11,https://www.ecb.europa.eu/press/key/date/2013/html/sp130411.en.html,clean/speeches/2013/2013-04-11-sp.txt,ok
2013-04-15,https://www.ecb.europa.eu/press/key/date/2013/html/sp130415.en.html,clean/speeches/2013/2013-04-15-sp.txt,ok
2013-04-15-1,https://www.ecb.europa.eu/press/key/date/2013/html/sp130415_1.en.html,clean/speeches/2013/2013-04-15-1-sp.txt,ok
2013-04-16,https://www.ecb.europa.eu/press/key/date/2013/html/sp130416.en.html,clean/speeches/2013/2013-04-16-sp.txt,ok
2013-04-17,https://www.ecb.europa.eu/press/key/date/2013/html/sp130417.en.html,clean/speeches/2013/2013-04-17-sp.txt,ok
2013-04-18,https://www.ecb.europa.eu/press/key/date/2013/html/sp130418.en.html,clean/speeches/2013/2013-04-18-sp.txt,ok
2013-04-20,https://www.ecb.europa.eu/press/key/date/2013/html/sp130420.en.html,clean/speeches/2013/2013-04-20-sp.txt,ok
2013-04-22,https://www.ecb.europa.eu/press/key/date/2013/html/sp130422.en.html,clean/speeches/2013/2013-04-22-sp.txt,ok
2013-04-24,https://www.ecb.europa.eu/press/key/date/2013/html/sp130424.en.html,clean/speeches/2013/2013-04-24-sp.txt,ok
2013-04-25,https://www.ecb.europa.eu/press/key/date/2013/html/sp130425.en.html,clean/speeches/2013/2013-04-25-sp.txt,ok
2013-04-25-1,https://www.ecb.europa.eu/press/key/date/2013/html/sp130425_1.en.html,clean/speeches/2013/2013-04-25-1-sp.txt,ok
2013-04-29,https://www.ecb.europa.eu/press/key/date/2013/html/sp130429.en.html,clean/speeches/2013/2013-04-29-sp.txt,ok
2013-05-02,https://www.ecb.europa.eu/press/key/date/2013/html/sp130502.en.html,clean/speeches/2013/2013-05-02-sp.txt,ok
2013-05-03,https://www.ecb.europa.eu/press/key/date/2013/html/sp130503.en.html,clean/speeches/2013/2013-05-03-sp.txt,ok
2013-05-06,https://www.ecb.europa.eu/press/key/date/2013/html/sp130506.en.html,clean/speeches/2013/2013-05-06-sp.txt,ok
2013-05-06-1,https://www.ecb.europa.eu/press/key/date/2013/html/sp130506_1.en.html,clean/speeches/2013/2013-05-06-1-sp.txt,ok
2013-05-08,https://www.ecb.europa.eu/press/key/date/2013/html/sp130508.en.html,clean/speeches/2013/2013-05-08-sp.txt,ok
2013-05-16,https://www.ecb.europa.eu/press/key/date/2013/html/sp130516.en.html,clean/speeches/2013/2013-05-16-sp.txt,ok
2013-05-17,https://www.ecb.europa.eu/press/key/date/2013/html/sp130517.en.html,clean/speeches/2013/2013-05-17-sp.txt,ok
2013-05-17-1,https://www.ecb.europa.eu/press/key/date/2013/html/sp130517_1.en.html,clean/speeches/2013/2013-05-17-1-sp.txt,ok
2013-05-22,https://www.ecb.europa.eu/press/key/date/2013/html/sp130522.en.html,clean/speeches/2013/2013-05-22-sp.txt,ok
2013-05-23,https://www.ecb.europa.eu/press/key/date/2013/html/sp130523.en.html,clean/speeches/2013/2013-05-23-sp.txt,ok
2013-05-23-1,https://www.ecb.europa.eu/press/key/date/2013/html/sp130523_1.en.html,clean/speeches/2013/2013-05-23-1-sp.txt,ok
2013-05-23-2,https://www.ecb.europa.eu/press/key/date/2013/html/sp130523_2.en.html,clean/speeches/2013/2013-05-23-2-sp.txt,ok
2013-05-24,https://www.ecb.europa.eu/press/key/date/2013/html/sp130524.en.html,clean/speeches/2013/2013-05-24-sp.txt,ok
2013-06-03,https://www.ecb.europa.eu/press/key/date/2013/html/sp130603.en.html,clean/speeches/2013/2013-06-03-sp.txt,ok
2013-06-03-1,https://www.ecb.europa.eu/press/key/date/2013/html/sp130603_1.en.html,clean/speeches/2013/2013-06-03-1-sp.txt,ok
2013-06-10,https://www.ecb.europa.eu/press/key/date/2013/html/sp130610.en.html,clean/speeches/2013/2013-06-10-sp.txt,ok
2013-06-11,https://www.ecb.europa.eu/press/key/date/2013/html/sp130611.en.html,clean/speeches/2013/2013-06-11-sp.txt,ok
2013-06-13,https://www.ecb.europa.eu/press/key/date/2013/html/sp130613.en.html,clean/speeches/2013/2013-06-13-sp.txt,ok
2013-06-13-1,https://www.ecb.europa.eu/press/key/date/2013/html/sp130613_1.en.html,clean/speeches/2013/2013-06-13-1-sp.txt,ok
2013-06-14,https://www.ecb.europa.eu/press/key/date/2013/html/sp130614.en.html,clean/speeches/2013/2013-06-14-sp.txt,ok
2013-06-17-1,https://www.ecb.europa.eu/press/key/date/2013/html/sp130617_1.en.html,clean/speeches/2013/2013-06-17-1-sp.txt,ok
2013-06-18,https://www.ecb.europa.eu/press/key/date/2013/html/sp130618.en.html,clean/speeches/2013/2013-06-18-sp.txt,ok
2013-06-23,https://www.ecb.europa.eu/press/key/date/2013/html/sp130623.en.html,clean/speeches/2013/2013-06-23-sp.txt,ok
2013-06-25,https://www.ecb.europa.eu/press/key/date/2013/html/sp130625.en.html,clean/speeches/2013/2013-06-25-sp.txt,ok
2013-06-25-1,https://www.ecb.europa.eu/press/key/date/2013/html/sp130625_1.en.html,clean/speeches/2013/2013-06-25-1-sp.txt,ok
2013-06-26,https://www.ecb.europa.eu/press/key/date/2013/html/sp130626.en.html,clean/speeches/2013/2013-06-26-sp.txt,ok
2013-06-26-1,https://www.ecb.europa.eu/press/key/date/2013/html/sp130626_1.en.html,clean/speeches/2013/2013-06-26-1-sp.txt,ok
2013-06-27,https://www.ecb.europa.eu/press/key/date/2013/html/sp130627.en.html,clean/speeches/2013/2013-06-27-sp.txt,ok
2013-07-05,https://www.ecb.europa.eu/press/key/date/2013/html/sp130705.en.html,clean/speeches/2013/2013-07-05-sp.txt,ok
2013-07-08,https://www.ecb.europa.eu/press/key/date/2013/html/sp130708.en.html,clean/speeches/2013/2013-07-08-sp.txt,ok
2013-07-09,https://www.ecb.europa.eu/press/key/date/2013/html/sp130709.en.html,clean/speeches/2013/2013-07-09-sp.txt,ok
2013-07-10,https://www.ecb.europa.eu/press/key/date/2013/html/sp130710.en.html,clean/speeches/2013/2013-07-10-sp.txt,ok
2013-07-10-1,https://www.ecb.europa.eu/press/key/date/2013/html/sp130710_1.en.html,clean/speeches/2013/2013-07-10-1-sp.txt,ok
2013-07-11,https://www.ecb.europa.eu/press/key/date/2013/html/sp130711.en.html,clean/speeches/2013/2013-07-11-sp.txt,ok
2013-07-12,https://www.ecb.europa.eu/press/key/date/2013/html/sp130712.en.html,clean/speeches/2013/2013-07-12-sp.txt,ok
2013-07-15,https://www.ecb.europa.eu/press/key/date/2013/html/sp130715.en.html,clean/speeches/2013/2013-07-15-sp.txt,ok
2013-07-15-1,https://www.ecb.europa.eu/press/key/date/2013/html/sp130715_1.en.html,clean/speeches/2013/2013-07-15-1-sp.txt,ok
2013-08-06,https://www.ecb.europa.eu/press/key/date/2013/html/sp130806.en.html,clean/speeches/2013/2013-08-06-sp.txt,ok
2013-08-29,https://www.ecb.europa.eu/press/key/date/2013/html/sp130829.en.html,clean/speeches/2013/2013-08-29-sp.txt,ok
2013-09-02,https://www.ecb.europa.eu/press/key/date/2013/html/sp130902.en.html,clean/speeches/2013/2013-09-02-sp.txt,ok
2013-09-04,https://www.ecb.europa.eu/press/key/date/2013/html/sp130904.en.html,clean/speeches/2013/2013-09-04-sp.txt,ok
2013-09-06,https://www.ecb.europa.eu/press/key/date/2013/html/sp130906.en.html,clean/speeches/2013/2013-09-06-sp.txt,ok
2013-09-10,https://www.ecb.europa.eu/press/key/date/2013/html/sp130910.en.html,clean/speeches/2013/2013-09-10-sp.txt,ok
2013-09-11,https://www.ecb.europa.eu/press/key/date/2013/html/sp130911.en.html,clean/speeches/2013/2013-09-11-sp.txt,ok
2013-09-12-1,https://www.ecb.europa.eu/press/key/date/2013/html/sp130912_1.en.html,clean/speeches/2013/2013-09-12-1-sp.txt,ok
2013-09-16-1,https://www.ecb.europa.eu/press/key/date/2013/html/sp130916_1.en.html,clean/speeches/2013/2013-09-16-1-sp.txt,ok
2013-09-23,https://www.ecb.europa.eu/press/key/date/2013/html/sp130923.en.html,clean/speeches/2013/2013-09-23-sp.txt,ok
2013-09-24,https://www.ecb.europa.eu/press/key/date/2013/html/sp130924.en.html,clean/speeches/2013/2013-09-24-sp.txt,ok
2013-09-26,https://www.ecb.europa.eu/press/key/date/2013/html/sp130926.en.html,clean/speeches/2013/2013-09-26-sp.txt,ok
2013-09-26-1,https://www.ecb.europa.eu/press/key/date/2013/html/sp130926_1.en.html,clean/speeches/2013/2013-09-26-1-sp.txt,ok
2013-09-27,https://www.ecb.europa.eu/press/key/date/2013/html/sp130927.en.html,clean/speeches/2013/2013-09-27-sp.txt,ok
2013-09-30,https://www.ecb.europa.eu/press/key/date/2013/html/sp130930.en.html,clean/speeches/2013/2013-09-30-sp.txt,ok
2013-09-30-1,https://www.ecb.europa.eu/press/key/date/2013/html/sp130930_1.en.html,clean/speeches/2013/2013-09-30-1-sp.txt,ok
2013-10-03,https://www.ecb.europa.eu/press/key/date/2013/html/sp131003.en.html,clean/speeches/2013/2013-10-03-sp.txt,ok
2013-10-07,https://www.ecb.europa.eu/press/key/date/2013/html/sp131007.en.html,clean/speeches/2013/2013-10-07-sp.txt,ok
2013-10-09,https://www.ecb.europa.eu/press/key/date/2013/html/sp131009.en.html,clean/speeches/2013/2013-10-09-sp.txt,ok
2013-10-09-1,https://www.ecb.europa.eu/press/key/date/2013/html/sp131009_1.en.html,clean/speeches/2013/2013-10-09-1-sp.txt,ok
2013-10-10,https://www.ecb.europa.eu/press/key/date/2013/html/sp131010.en.html,clean/speeches/2013/2013-10-10-sp.txt,ok
2013-10-11,https://www.ecb.europa.eu/press/key/date/2013/html/sp131011.en.html,clean/speeches/2013/2013-10-11-sp.txt,ok
2013-10-12,https://www.ecb.europa.eu/press/key/date/2013/html/sp131012.en.html,clean/speeches/2013/2013-10-12-sp.txt,ok
2013-10-17,https://www.ecb.europa.eu/press/key/date/2013/html/sp131017.en.html,clean/speeches/2013/2013-10-17-sp.txt,ok
2013-10-18,https://www.ecb.europa.eu/press/key/date/2013/html/sp131018.en.html,clean/speeches/2013/2013-10-18-sp.txt,ok
2013-10-21,https://www.ecb.europa.eu/press/key/date/2013/html/sp131021.en.html,clean/speeches/2013/2013-10-21-sp.txt,ok
2013-10-25-1,https://www.ecb.europa.eu/press/key/date/2013/html/sp131025_1.en.html,clean/speeches/2013/2013-10-25-1-sp.txt,ok
2013-10-28,https://www.ecb.europa.eu/press/key/date/2013/html/sp131028.en.html,clean/speeches/2013/2013-10-28-sp.txt,ok
2013-11-05,https://www.ecb.europa.eu/press/key/date/2013/html/sp131105.en.html,clean/speeches/2013/2013-11-05-sp.txt,ok
2013-11-05-1,https://www.ecb.europa.eu/press/key/date/2013/html/sp131105_1.en.html,clean/speeches/2013/2013-11-05-1-sp.txt,ok
2013-11-08,https://www.ecb.europa.eu/press/key/date/2013/html/sp131108.en.html,clean/speeches/2013/2013-11-08-sp.txt,ok
2013-11-08-1,https://www.ecb.europa.eu/press/key/date/2013/html/sp131108_1.en.html,clean/speeches/2013/2013-11-08-1-sp.txt,ok
2013-11-12,https://www.ecb.europa.eu/press/key/date/2013/html/sp131112.en.html,clean/speeches/2013/2013-11-12-sp.txt,ok
2013-11-13,https://www.ecb.europa.eu/press/key/date/2013/html/sp131113.en.html,clean/speeches/2013/2013-11-13-sp.txt,ok
2013-11-15,https://www.ecb.europa.eu/press/key/date/2013/html/sp131115.en.html,clean/speeches/2013/2013-11-15-sp.txt,ok
2013-11-18,https://www.ecb.europa.eu/press/key/date/2013/html/sp131118.en.html,clean/speeches/2013/2013-11-18-sp.txt,ok
2013-11-18-1,https://www.ecb.europa.eu/press/key/date/2013/html/sp131118_1.en.html,clean/speeches/2013/2013-11-18-1-sp.txt,ok
2013-11-19,https://www.ecb.europa.eu/press/key/date/2013/html/sp131119.en.html,clean/speeches/2013/2013-11-19-sp.txt,ok
2013-11-21,https://www.ecb.europa.eu/press/key/date/2013/html/sp131121.en.html,clean/speeches/2013/2013-11-21-sp.txt,ok
2013-11-21-1,https://www.ecb.europa.eu/press/key/date/2013/html/sp131121_1.en.html,clean/speeches/2013/2013-11-21-1-sp.txt,ok
2013-11-22,https://www.ecb.europa.eu/press/key/date/2013/html/sp131122.en.html,clean/speeches/2013/2013-11-22-sp.txt,ok
2013-11-23,https://www.ecb.europa.eu/press/key/date/2013/html/sp131123.en.html,clean/speeches/2013/2013-11-23-sp.txt,ok
2013-11-26,https://www.ecb.europa.eu/press/key/date/2013/html/sp131126.en.html,clean/speeches/2013/2013-11-26-sp.txt,ok
2013-11-28,https://www.ecb.europa.eu/press/key/date/2013/html/sp131128.en.html,clean/speeches/2013/2013-11-28-sp.txt,ok
2013-11-29,https://www.ecb.europa.eu/press/key/date/2013/html/sp131129.en.html,clean/speeches/2013/2013-11-29-sp.txt,ok
2013-12-02,https://www.ecb.europa.eu/press/key/date/2013/html/sp131202.en.html,clean/speeches/2013/2013-12-02-sp.txt,ok
2013-12-06,https://www.ecb.europa.eu/press/key/date/2013/html/sp131206.en.html,clean/speeches/2013/2013-12-06-sp.txt,ok
2013-12-09,https://www.ecb.europa.eu/press/key/date/2013/html/sp131209.en.html,clean/speeches/2013/2013-12-09-sp.txt,ok
2013-12-10,https://www.ecb.europa.eu/press/key/date/2013/html/sp131210.en.html,clean/speeches/2013/2013-12-10-sp.txt,ok
2013-12-12-2,https://www.ecb.europa.eu/press/key/date/2013/html/sp131212_2.en.html,clean/speeches/2013/2013-12-12-2-sp.txt,ok
2013-12-12-3,https://www.ecb.europa.eu/press/key/date/2013/html/sp131212_3.en.html,clean/speeches/2013/2013-12-12-3-sp.txt,ok
2013-12-13,https://www.ecb.europa.eu/press/key/date/2013/html/sp131213.en.html,clean/speeches/2013/2013-12-13-sp.txt,ok
2013-12-16,https://www.ecb.europa.eu/press/key/date/2013/html/sp131216.en.html,clean/speeches/2013/2013-12-16-sp.txt,ok
2014-01-13,https://www.ecb.europa.eu/press/key/date/2014/html/sp140113.en.html,clean/speeches/2014/2014-01-13-sp.txt,ok
2014-01-13-1,https://www.ecb.europa.eu/press/key/date/2014/html/sp140113_1.en.html,clean/speeches/2014/2014-01-13-1-sp.txt,ok
2014-01-15,https://www.ecb.europa.eu/press/key/date/2014/html/sp140115.en.html,clean/speeches/2014/2014-01-15-sp.txt,ok
2014-01-22,https://www.ecb.europa.eu/press/key/date/2014/html/sp140122.en.html,clean/speeches/2014/2014-01-22-sp.txt,ok
2014-01-23-1,https://www.ecb.europa.eu/press/key/date/2014/html/sp140123_1.en.html,clean/speeches/2014/2014-01-23-1-sp.txt,ok
2014-01-30,https://www.ecb.europa.eu/press/key/date/2014/html/sp140130.en.html,clean/speeches/2014/2014-01-30-sp.txt,ok
2014-01-31,https://www.ecb.europa.eu/press/key/date/2014/html/sp140131.en.html,clean/speeches/2014/2014-01-31-sp.txt,ok
2014-02-03,https://www.ecb.europa.eu/press/key/date/2014/html/sp140203.en.html,clean/speeches/2014/2014-02-03-sp.txt,ok
2014-02-07,https://www.ecb.europa.eu/press/key/date/2014/html/sp140207.en.html,clean/speeches/2014/2014-02-07-sp.txt,ok
2014-02-12,https://www.ecb.europa.eu/press/key/date/2014/html/sp140212.en.html,clean/speeches/2014/2014-02-12-sp.txt,ok
2014-02-13,https://www.ecb.europa.eu/press/key/date/2014/html/sp140213.en.html,clean/speeches/2014/2014-02-13-sp.txt,ok
2014-02-18,https://www.ecb.europa.eu/press/key/date/2014/html/sp140218.en.html,clean/speeches/2014/2014-02-18-sp.txt,ok
2014-02-26,https://www.ecb.europa.eu/press/key/date/2014/html/sp140226.en.html,clean/speeches/2014/2014-02-26-sp.txt,ok
2014-02-27,https://www.ecb.europa.eu/press/key/date/2014/html/sp140227.en.html,clean/speeches/2014/2014-02-27-sp.txt,ok
2014-03-03,https://www.ecb.europa.eu/press/key/date/2014/html/sp140303.en.html,clean/speeches/2014/2014-03-03-sp.txt,ok
2014-03-12,https://www.ecb.europa.eu/press/key/date/2014/html/sp140312.en.html,clean/speeches/2014/2014-03-12-sp.txt,ok
2014-03-13,https://www.ecb.europa.eu/press/key/date/2014/html/sp140313.en.html,clean/speeches/2014/2014-03-13-sp.txt,ok
2014-03-24,https://www.ecb.europa.eu/press/key/date/2014/html/sp140324.en.html,clean/speeches/2014/2014-03-24-sp.txt,ok
2014-03-25,https://www.ecb.europa.eu/press/key/date/2014/html/sp140325.en.html,clean/speeches/2014/2014-03-25-sp.txt,ok
2014-03-31,https://www.ecb.europa.eu/press/key/date/2014/html/sp140331.en.html,clean/speeches/2014/2014-03-31-sp.txt,ok
2014-04-07,https://www.ecb.europa.eu/press/key/date/2014/html/sp140407.en.html,clean/speeches/2014/2014-04-07-sp.txt,ok
2014-04-07-2,https://www.ecb.europa.eu/press/key/date/2014/html/sp140407_2.en.html,clean/speeches/2014/2014-04-07-2-sp.txt,ok
2014-04-10,https://www.ecb.europa.eu/press/key/date/2014/html/sp140410.en.html,clean/speeches/2014/2014-04-10-sp.txt,ok
2014-04-10-1,https://www.ecb.europa.eu/press/key/date/2014/html/sp140410_1.en.html,clean/speeches/2014/2014-04-10-1-sp.txt,ok
2014-04-10-2,https://www.ecb.europa.eu/press/key/date/2014/html/sp140410_2.en.html,clean/speeches/2014/2014-04-10-2-sp.txt,ok
2014-04-13,https://www.ecb.europa.eu/press/key/date/2014/html/sp140413.en.html,clean/speeches/2014/2014-04-13-sp.txt,ok
2014-04-17,https://www.ecb.europa.eu/press/key/date/2014/html/sp140417.en.html,clean/speeches/2014/2014-04-17-sp.txt,ok
2014-04-24,https://www.ecb.europa.eu/press/key/date/2014/html/sp140424.en.html,clean/speeches/2014/2014-04-24-sp.txt,ok
2014-04-24-1,https://www.ecb.europa.eu/press/key/date/2014/html/sp140424_1.en.html,clean/speeches/2014/2014-04-24-1-sp.txt,ok
2014-04-28,https://www.ecb.europa.eu/press/key/date/2014/html/sp140428.en.html,clean/speeches/2014/2014-04-28-sp.txt,ok
2014-04-30,https://www.ecb.europa.eu/press/key/date/2014/html/sp140430.en.html,clean/speeches/2014/2014-04-30-sp.txt,ok
2014-05-05,https://www.ecb.europa.eu/press/key/date/2014/html/sp140505.en.html,clean/speeches/2014/2014-05-05-sp.txt,ok
2014-05-12,https://www.ecb.europa.eu/press/key/date/2014/html/sp140512.en.html,clean/speeches/2014/2014-05-12-sp.txt,ok
2014-05-14,https://www.ecb.europa.eu/press/key/date/2014/html/sp140514.en.html,clean/speeches/2014/2014-05-14-sp.txt,ok
2014-05-14-1,https://www.ecb.europa.eu/press/key/date/2014/html/sp140514_1.en.html,clean/speeches/2014/2014-05-14-1-sp.txt,ok
2014-05-15,https://www.ecb.europa.eu/press/key/date/2014/html/sp140515.en.html,clean/speeches/2014/2014-05-15-sp.txt,ok
2014-05-15-2,https://www.ecb.europa.eu/press/key/date/2014/html/sp140515_2.en.html,clean/speeches/2014/2014-05-15-2-sp.txt,ok
2014-05-19,https://www.ecb.europa.eu/press/key/date/2014/html/sp140519.en.html,clean/speeches/2014/2014-05-19-sp.txt,ok
2014-05-19-1,https://www.ecb.europa.eu/press/key/date/2014/html/sp140519_1.en.html,clean/speeches/2014/2014-05-19-1-sp.txt,ok
2014-05-23,https://www.ecb.europa.eu/press/key/date/2014/html/sp140523.en.html,clean/speeches/2014/2014-05-23-sp.txt,ok
2014-05-24,https://www.ecb.europa.eu/press/key/date/2014/html/sp140524.en.html,clean/speeches/2014/2014-05-24-sp.txt,ok
2014-05-26,https://www.ecb.europa.eu/press/key/date/2014/html/sp140526.en.html,clean/speeches/2014/2014-05-26-sp.txt,ok
2014-05-27,https://www.ecb.europa.eu/press/key/date/2014/html/sp140527.en.html,clean/speeches/2014/2014-05-27-sp.txt,ok
2014-05-30,https://www.ecb.europa.eu/press/key/date/2014/html/sp140530.en.html,clean/speeches/2014/2014-05-30-sp.txt,ok
2014-05-31,https://www.ecb.europa.eu/press/key/date/2014/html/sp140531.en.html,clean/speeches/2014/2014-05-31-sp.txt,ok
2014-06-04,https://www.ecb.europa.eu/press/key/date/2014/html/sp140604.en.html,clean/speeches/2014/2014-06-04-sp.txt,ok
2014-06-10,https://www.ecb.europa.eu/press/key/date/2014/html/sp140610.en.html,clean/speeches/2014/2014-06-10-sp.txt,ok
2014-06-11-1,https://www.ecb.europa.eu/press/key/date/2014/html/sp140611_1.en.html,clean/speeches/2014/2014-06-11-1-sp.txt,ok
2014-06-19,https://www.ecb.europa.eu/press/key/date/2014/html/sp140619.en.html,clean/speeches/2014/2014-06-19-sp.txt,ok
2014-06-23-1,https://www.ecb.europa.eu/press/key/date/2014/html/sp140623_1.en.html,clean/speeches/2014/2014-06-23-1-sp.txt,ok
2014-06-24,https://www.ecb.europa.eu/press/key/date/2014/html/sp140624.en.html,clean/speeches/2014/2014-06-24-sp.txt,ok
2014-07-03,https://www.ecb.europa.eu/press/key/date/2014/html/sp140703.en.html,clean/speeches/2014/2014-07-03-sp.txt,ok
2014-07-03-1,https://www.ecb.europa.eu/press/key/date/2014/html/sp140703_1.en.html,clean/speeches/2014/2014-07-03-1-sp.txt,ok
2014-07-07,https://www.ecb.europa.eu/press/key/date/2014/html/sp140707.en.html,clean/speeches/2014/2014-07-07-sp.txt,ok
2014-07-09,https://www.ecb.europa.eu/press/key/date/2014/html/sp140709.en.html,clean/speeches/2014/2014-07-09-sp.txt,ok
2014-07-09-1,https://www.ecb.europa.eu/press/key/date/2014/html/sp140709_1.en.html,clean/speeches/2014/2014-07-09-1-sp.txt,ok
2014-07-09-2,https://www.ecb.europa.eu/press/key/date/2014/html/sp140709_2.en.html,clean/speeches/2014/2014-07-09-2-sp.txt,ok
2014-07-14,https://www.ecb.europa.eu/press/key/date/2014/html/sp140714.en.html,clean/speeches/2014/2014-07-14-sp.txt,ok
2014-07-22,https://www.ecb.europa.eu/press/key/date/2014/html/sp140722.en.html,clean/speeches/2014/2014-07-22-sp.txt,ok
2014-07-26,https://www.ecb.europa.eu/press/key/date/2014/html/sp140726.en.html,clean/speeches/2014/2014-07-26-sp.txt,ok
2014-08-22,https://www.ecb.europa.eu/press/key/date/2014/html/sp140822.en.html,clean/speeches/2014/2014-08-22-sp.txt,ok
2014-09-02,https://www.ecb.europa.eu/press/key/date/2014/html/sp140902.en.html,clean/speeches/2014/2014-09-02-sp.txt,ok
2014-09-03,https://www.ecb.europa.eu/press/key/date/2014/html/sp140903.en.html,clean/speeches/2014/2014-09-03-sp.txt,ok
2014-09-08,https://www.ecb.europa.eu/press/key/date/2014/html/sp140908.en.html,clean/speeches/2014/2014-09-08-sp.txt,ok
2014-09-08-1,https://www.ecb.europa.eu/press/key/date/2014/html/sp140908_1.en.html,clean/speeches/2014/2014-09-08-1-sp.txt,ok
2014-09-09,https://www.ecb.europa.eu/press/key/date/2014/html/sp140909.en.html,clean/speeches/2014/2014-09-09-sp.txt,ok
2014-09-10-1,https://www.ecb.europa.eu/press/key/date/2014/html/sp140910_1.en.html,clean/speeches/2014/2014-09-10-1-sp.txt,ok
2014-09-11-1,https://www.ecb.europa.eu/press/key/date/2014/html/sp140911_1.en.html,clean/speeches/2014/2014-09-11-1-sp.txt,ok
2014-09-17,https://www.ecb.europa.eu/press/key/date/2014/html/sp140917.en.html,clean/speeches/2014/2014-09-17-sp.txt,ok
2014-09-22,https://www.ecb.europa.eu/press/key/date/2014/html/sp140922.en.html,clean/speeches/2014/2014-09-22-sp.txt,ok
2014-09-25-1,https://www.ecb.europa.eu/press/key/date/2014/html/sp140925_1.en.html,clean/speeches/2014/2014-09-25-1-sp.txt,ok
2014-09-26,https://www.ecb.europa.eu/press/key/date/2014/html/sp140926.en.html,clean/speeches/2014/2014-09-26-sp.txt,ok
2014-09-26-1,https://www.ecb.europa.eu/press/key/date/2014/html/sp140926_1.en.html,clean/speeches/2014/2014-09-26-1-sp.txt,ok
2014-09-30-1,https://www.ecb.europa.eu/press/key/date/2014/html/sp140930_1.en.html,clean/speeches/2014/2014-09-30-1-sp.txt,ok
2014-10-06,https://www.ecb.europa.eu/press/key/date/2014/html/sp141006.en.html,clean/speeches/2014/2014-10-06-sp.txt,ok
2014-10-09,https://www.ecb.europa.eu/press/key/date/2014/html/sp141009.en.html,clean/speeches/2014/2014-10-09-sp.txt,ok
2014-10-10,https://www.ecb.europa.eu/press/key/date/2014/html/sp141010.en.html,clean/speeches/2014/2014-10-10-sp.txt,ok
2014-10-10-1,https://www.ecb.europa.eu/press/key/date/2014/html/sp141010_1.en.html,clean/speeches/2014/2014-10-10-1-sp.txt,ok
2014-10-15,https://www.ecb.europa.eu/press/key/date/2014/html/sp141015.en.html,clean/speeches/2014/2014-10-15-sp.txt,ok
2014-10-16,https://www.ecb.europa.eu/press/key/date/2014/html/sp141016.en.html,clean/speeches/2014/2014-10-16-sp.txt,ok
2014-10-17,https://www.ecb.europa.eu/press/key/date/2014/html/sp141017.en.html,clean/speeches/2014/2014-10-17-sp.txt,ok
2014-10-17-1,https://www.ecb.europa.eu/press/key/date/2014/html/sp141017_1.en.html,clean/speeches/2014/2014-10-17-1-sp.txt,ok
2014-10-17-2,https://www.ecb.europa.eu/press/key/date/2014/html/sp141017_2.en.html,clean/speeches/2014/2014-10-17-2-sp.txt,ok
2014-10-22,https://www.ecb.europa.eu/press/key/date/2014/html/sp141022.en.html,clean/speeches/2014/2014-10-22-sp.txt,ok
2014-10-22-1,https://www.ecb.europa.eu/press/key/date/2014/html/sp141022_1.en.html,clean/speeches/2014/2014-10-22-1-sp.txt,ok
2014-10-24-1,https://www.ecb.europa.eu/press/key/date/2014/html/sp141024_1.en.html,clean/speeches/2014/2014-10-24-1-sp.txt,ok
2014-11-03,https://www.ecb.europa.eu/press/key/date/2014/html/sp141103.en.html,clean/speeches/2014/2014-11-03-sp.txt,ok
2014-11-04,https://www.ecb.europa.eu/press/key/date/2014/html/sp141104.en.html,clean/speeches/2014/2014-11-04-sp.txt,ok
2014-11-12,https://www.ecb.europa.eu/press/key/date/2014/html/sp141112.en.html,clean/speeches/2014/2014-11-12-sp.txt,ok
2014-11-13,https://www.ecb.europa.eu/press/key/date/2014/html/sp141113.en.html,clean/speeches/2014/2014-11-13-sp.txt,ok
2014-11-14,https://www.ecb.europa.eu/press/key/date/2014/html/sp141114.en.html,clean/speeches/2014/2014-11-14-sp.txt,ok
2014-11-17-1,https://www.ecb.europa.eu/press/key/date/2014/html/sp141117_1.en.html,clean/speeches/2014/2014-11-17-1-sp.txt,ok
2014-11-17-2,https://www.ecb.europa.eu/press/key/date/2014/html/sp141117_2.en.html,clean/speeches/2014/2014-11-17-2-sp.txt,ok
2014-11-17-3,https://www.ecb.europa.eu/press/key/date/2014/html/sp141117_3.en.html,clean/speeches/2014/2014-11-17-3-sp.txt,ok
2014-11-20,https://www.ecb.europa.eu/press/key/date/2014/html/sp141120.en.html,clean/speeches/2014/2014-11-20-sp.txt,ok
2014-11-21,https://www.ecb.europa.eu/press/key/date/2014/html/sp141121.en.html,clean/speeches/2014/2014-11-21-sp.txt,ok
2014-11-24,https://www.ecb.europa.eu/press/key/date/2014/html/sp141124.en.html,clean/speeches/2014/2014-11-24-sp.txt,ok
2014-11-26,https://www.ecb.europa.eu/press/key/date/2014/html/sp141126.en.html,clean/speeches/2014/2014-11-26-sp.txt,ok
2014-11-27,https://www.ecb.europa.eu/press/key/date/2014/html/sp141127.en.html,clean/speeches/2014/2014-11-27-sp.txt,ok
2014-11-27-1,https://www.ecb.europa.eu/press/key/date/2014/html/sp141127_1.en.html,clean/speeches/2014/2014-11-27-1-sp.txt,ok
2014-11-29,https://www.ecb.europa.eu/press/key/date/2014/html/sp141129.en.html,clean/speeches/2014/2014-11-29-sp.txt,ok
2014-12-09,https://www.ecb.europa.eu/press/key/date/2014/html/sp141209.en.html,clean/speeches/2014/2014-12-09-sp.txt,ok
2014-12-15,https://www.ecb.europa.eu/press/key/date/2014/html/sp141215.en.html,clean/speeches/2014/2014-12-15-sp.txt,ok
2014-12-19-1,https://www.ecb.europa.eu/press/key/date/2014/html/sp141219_1.en.html,clean/speeches/2014/2014-12-19-1-sp.txt,ok
2015-01-25,https://www.ecb.europa.eu/press/key/date/2015/html/sp150125.en.html,clean/speeches/2015/2015-01-25-sp.txt,ok
2015-01-31-1,https://www.ecb.europa.eu/press/key/date/2015/html/sp150131_1.en.html,clean/speeches/2015/2015-01-31-1-sp.txt,ok
2015-02-02,https://www.ecb.europa.eu/press/key/date/2015/html/sp150202.en.html,clean/speeches/2015/2015-02-02-sp.txt,ok
2015-02-12,https://www.ecb.europa.eu/press/key/date/2015/html/sp150212.en.html,clean/speeches/2015/2015-02-12-sp.txt,ok
2015-02-13,https://www.ecb.europa.eu/press/key/date/2015/html/sp150213.en.html,clean/speeches/2015/2015-02-13-sp.txt,ok
2015-02-24,https://www.ecb.europa.eu/press/key/date/2015/html/sp150224.en.html,clean/speeches/2015/2015-02-24-sp.txt,ok
2015-02-25,https://www.ecb.europa.eu/press/key/date/2015/html/sp150225.en.html,clean/speeches/2015/2015-02-25-sp.txt,ok
2015-02-27,https://www.ecb.europa.eu/press/key/date/2015/html/sp150227.en.html,clean/speeches/2015/2015-02-27-sp.txt,ok
2015-03-10,https://www.ecb.europa.eu/press/key/date/2015/html/sp150310.en.html,clean/speeches/2015/2015-03-10-sp.txt,ok
2015-03-10-1,https://www.ecb.europa.eu/press/key/date/2015/html/sp150310_1.en.html,clean/speeches/2015/2015-03-10-1-sp.txt,ok
2015-03-11,https://www.ecb.europa.eu/press/key/date/2015/html/sp150311.en.html,clean/speeches/2015/2015-03-11-sp.txt,ok
2015-03-11-1,https://www.ecb.europa.eu/press/key/date/2015/html/sp150311_1.en.html,clean/speeches/2015/2015-03-11-1-sp.txt,ok
2015-03-16,https://www.ecb.europa.eu/press/key/date/2015/html/sp150316.en.html,clean/speeches/2015/2015-03-16-sp.txt,ok
2015-03-16-1,https://www.ecb.europa.eu/press/key/date/2015/html/sp150316_1.en.html,clean/speeches/2015/2015-03-16-1-sp.txt,ok
2015-03-18,https://www.ecb.europa.eu/press/key/date/2015/html/sp150318.en.html,clean/speeches/2015/2015-03-18-sp.txt,ok
2015-03-18-1,https://www.ecb.europa.eu/press/key/date/2015/html/sp150318_1.en.html,clean/speeches/2015/2015-03-18-1-sp.txt,ok
2015-03-23,https://www.ecb.europa.eu/press/key/date/2015/html/sp150323.en.html,clean/speeches/2015/2015-03-23-sp.txt,ok
2015-03-23-1,https://www.ecb.europa.eu/press/key/date/2015/html/sp150323_1.en.html,clean/speeches/2015/2015-03-23-1-sp.txt,ok
2015-03-26,https://www.ecb.europa.eu/press/key/date/2015/html/sp150326.en.html,clean/speeches/2015/2015-03-26-sp.txt,ok
2015-03-31,https://www.ecb.europa.eu/press/key/date/2015/html/sp150331.en.html,clean/speeches/2015/2015-03-31-sp.txt,ok
2015-04-11,https://www.ecb.europa.eu/press/key/date/2015/html/sp150411.en.html,clean/speeches/2015/2015-04-11-sp.txt,ok
2015-04-16,https://www.ecb.europa.eu/press/key/date/2015/html/sp150416.en.html,clean/speeches/2015/2015-04-16-sp.txt,ok
2015-04-16-1,https://www.ecb.europa.eu/press/key/date/2015/html/sp150416_1.en.html,clean/speeches/2015/2015-04-16-1-sp.txt,ok
2015-04-17,https://www.ecb.europa.eu/press/key/date/2015/html/sp150417.en.html,clean/speeches/2015/2015-04-17-sp.txt,ok
2015-04-20,https://www.ecb.europa.eu/press/key/date/2015/html/sp150420.en.html,clean/speeches/2015/2015-04-20-sp.txt,ok
2015-04-21,https://www.ecb.europa.eu/press/key/date/2015/html/sp150421.en.html,clean/speeches/2015/2015-04-21-sp.txt,ok
2015-04-23,https://www.ecb.europa.eu/press/key/date/2015/html/sp150423.en.html,clean/speeches/2015/2015-04-23-sp.txt,ok
2015-04-24,https://www.ecb.europa.eu/press/key/date/2015/html/sp150424.en.html,clean/speeches/2015/2015-04-24-sp.txt,ok
2015-04-27,https://www.ecb.europa.eu/press/key/date/2015/html/sp150427.en.html,clean/speeches/2015/2015-04-27-sp.txt,ok
2015-05-08,https://www.ecb.europa.eu/press/key/date/2015/html/sp150508.en.html,clean/speeches/2015/2015-05-08-sp.txt,ok
2015-05-13,https://www.ecb.europa.eu/press/key/date/2015/html/sp150513.en.html,clean/speeches/2015/2015-05-13-sp.txt,ok
2015-05-13-1,https://www.ecb.europa.eu/press/key/date/2015/html/sp150513_1.en.html,clean/speeches/2015/2015-05-13-1-sp.txt,ok
2015-05-14,https://www.ecb.europa.eu/press/key/date/2015/html/sp150514.en.html,clean/speeches/2015/2015-05-14-sp.txt,ok
2015-05-18,https://www.ecb.europa.eu/press/key/date/2015/html/sp150518.en.html,clean/speeches/2015/2015-05-18-sp.txt,ok
2015-05-19,https://www.ecb.europa.eu/press/key/date/2015/html/sp150519.en.html,clean/speeches/2015/2015-05-19-sp.txt,ok
2015-05-22,https://www.ecb.europa.eu/press/key/date/2015/html/sp150522.en.html,clean/speeches/2015/2015-05-22-sp.txt,ok
2015-05-30,https://www.ecb.europa.eu/press/key/date/2015/html/sp150530.en.html,clean/speeches/2015/2015-05-30-sp.txt,ok
2015-06-04,https://www.ecb.europa.eu/press/key/date/2015/html/sp150604.en.html,clean/speeches/2015/2015-06-04-sp.txt,ok
2015-06-11,https://www.ecb.europa.eu/press/key/date/2015/html/sp150611.en.html,clean/speeches/2015/2015-06-11-sp.txt,ok
2015-06-15,https://www.ecb.europa.eu/press/key/date/2015/html/sp150615.en.html,clean/speeches/2015/2015-06-15-sp.txt,ok
2015-06-15-1,https://www.ecb.europa.eu/press/key/date/2015/html/sp150615_1.en.html,clean/speeches/2015/2015-06-15-1-sp.txt,ok
2015-06-16,https://www.ecb.europa.eu/press/key/date/2015/html/sp150616.en.html,clean/speeches/2015/2015-06-16-sp.txt,ok
2015-06-24,https://www.ecb.europa.eu/press/key/date/2015/html/sp150624.en.html,clean/speeches/2015/2015-06-24-sp.txt,ok
2015-06-25,https://www.ecb.europa.eu/press/key/date/2015/html/sp150625.en.html,clean/speeches/2015/2015-06-25-sp.txt,ok
2015-06-30,https://www.ecb.europa.eu/press/key/date/2015/html/sp150630.en.html,clean/speeches/2015/2015-06-30-sp.txt,ok
2015-07-02,https://www.ecb.europa.eu/press/key/date/2015/html/sp150702.en.html,clean/speeches/2015/2015-07-02-sp.txt,ok
2015-07-02-1,https://www.ecb.europa.eu/press/key/date/2015/html/sp150702_1.en.html,clean/speeches/2015/2015-07-02-1-sp.txt,ok
2015-07-03,https://www.ecb.europa.eu/press/key/date/2015/html/sp150703.en.html,clean/speeches/2015/2015-07-03-sp.txt,ok
2015-07-14,https://www.ecb.europa.eu/press/key/date/2015/html/sp150714.en.html,clean/speeches/2015/2015-07-14-sp.txt,ok
2015-08-25,https://www.ecb.europa.eu/press/key/date/2015/html/sp150825.en.html,clean/speeches/2015/2015-08-25-sp.txt,ok
2015-08-27,https://www.ecb.europa.eu/press/key/date/2015/html/sp150827.en.html,clean/speeches/2015/2015-08-27-sp.txt,ok
2015-08-29,https://www.ecb.europa.eu/press/key/date/2015/html/sp150829.en.html,clean/speeches/2015/2015-08-29-sp.txt,ok
2015-09-09,https://www.ecb.europa.eu/press/key/date/2015/html/sp150909.en.html,clean/speeches/2015/2015-09-09-sp.txt,ok
2015-09-10,https://www.ecb.europa.eu/press/key/date/2015/html/sp150910.en.html,clean/speeches/2015/2015-09-10-sp.txt,ok
2015-09-10-1,https://www.ecb.europa.eu/press/key/date/2015/html/sp150910_1.en.html,clean/speeches/2015/2015-09-10-1-sp.txt,ok
2015-09-10-2,https://www.ecb.europa.eu/press/key/date/2015/html/sp150910_2.en.html,clean/speeches/2015/2015-09-10-2-sp.txt,ok
2015-09-21,https://www.ecb.europa.eu/press/key/date/2015/html/sp150921.en.html,clean/speeches/2015/2015-09-21-sp.txt,ok
2015-09-23,https://www.ecb.europa.eu/press/key/date/2015/html/sp150923.en.html,clean/speeches/2015/2015-09-23-sp.txt,ok
2015-09-23-1,https://www.ecb.europa.eu/press/key/date/2015/html/sp150923_1.en.html,clean/speeches/2015/2015-09-23-1-sp.txt,ok
2015-09-24,https://www.ecb.europa.eu/press/key/date/2015/html/sp150924.en.html,clean/speeches/2015/2015-09-24-sp.txt,ok
2015-09-28,https://www.ecb.europa.eu/press/key/date/2015/html/sp150928.en.html,clean/speeches/2015/2015-09-28-sp.txt,ok
2015-09-29,https://www.ecb.europa.eu/press/key/date/2015/html/sp150929.en.html,clean/speeches/2015/2015-09-29-sp.txt,ok
2015-10-01,https://www.ecb.europa.eu/press/key/date/2015/html/sp151001.en.html,clean/speeches/2015/2015-10-01-sp.txt,ok
2015-10-01-1,https://www.ecb.europa.eu/press/key/date/2015/html/sp151001_1.en.html,clean/speeches/2015/2015-10-01-1-sp.txt,ok
2015-10-02,https://www.ecb.europa.eu/press/key/date/2015/html/sp151002.en.html,clean/speeches/2015/2015-10-02-sp.txt,ok
2015-10-06-1,https://www.ecb.europa.eu/press/key/date/2015/html/sp151006_1.en.html,clean/speeches/2015/2015-10-06-1-sp.txt,ok
2015-10-08,https://www.ecb.europa.eu/press/key/date/2015/html/sp151008.en.html,clean/speeches/2015/2015-10-08-sp.txt,ok
2015-10-09,https://www.ecb.europa.eu/press/key/date/2015/html/sp151009.en.html,clean/speeches/2015/2015-10-09-sp.txt,ok
2015-10-11-1,https://www.ecb.europa.eu/press/key/date/2015/html/sp151011_1.en.html,clean/speeches/2015/2015-10-11-1-sp.txt,ok
2015-10-13,https://www.ecb.europa.eu/press/key/date/2015/html/sp151013.en.html,clean/speeches/2015/2015-10-13-sp.txt,ok
2015-10-14,https://www.ecb.europa.eu/press/key/date/2015/html/sp151014.en.html,clean/speeches/2015/2015-10-14-sp.txt,ok
2015-10-15,https://www.ecb.europa.eu/press/key/date/2015/html/sp151015.en.html,clean/speeches/2015/2015-10-15-sp.txt,ok
2015-10-16,https://www.ecb.europa.eu/press/key/date/2015/html/sp151016.en.html,clean/speeches/2015/2015-10-16-sp.txt,ok
2015-10-20,https://www.ecb.europa.eu/press/key/date/2015/html/sp151020.en.html,clean/speeches/2015/2015-10-20-sp.txt,ok
2015-10-26,https://www.ecb.europa.eu/press/key/date/2015/html/sp151026.en.html,clean/speeches/2015/2015-10-26-sp.txt,ok
2015-10-27,https://www.ecb.europa.eu/press/key/date/2015/html/sp151027.en.html,clean/speeches/2015/2015-10-27-sp.txt,ok
2015-10-28,https://www.ecb.europa.eu/press/key/date/2015/html/sp151028.en.html,clean/speeches/2015/2015-10-28-sp.txt,ok
2015-10-29,https://www.ecb.europa.eu/press/key/date/2015/html/sp151029.en.html,clean/speeches/2015/2015-10-29-sp.txt,ok
2015-11-02,https://www.ecb.europa.eu/press/key/date/2015/html/sp151102.en.html,clean/speeches/2015/2015-11-02-sp.txt,ok
2015-11-02-1,https://www.ecb.europa.eu/press/key/date/2015/html/sp151102_1.en.html,clean/speeches/2015/2015-11-02-1-sp.txt,ok
2015-11-03,https://www.ecb.europa.eu/press/key/date/2015/html/sp151103.en.html,clean/speeches/2015/2015-11-03-sp.txt,ok
2015-11-04,https://www.ecb.europa.eu/press/key/date/2015/html/sp151104.en.html,clean/speeches/2015/2015-11-04-sp.txt,ok
2015-11-04-2,https://www.ecb.europa.eu/press/key/date/2015/html/sp151104_2.en.html,clean/speeches/2015/2015-11-04-2-sp.txt,ok
2015-11-05,https://www.ecb.europa.eu/press/key/date/2015/html/sp151105.en.html,clean/speeches/2015/2015-11-05-sp.txt,ok
2015-11-05-1,https://www.ecb.europa.eu/press/key/date/2015/html/sp151105_1.en.html,clean/speeches/2015/2015-11-05-1-sp.txt,ok
2015-11-06,https://www.ecb.europa.eu/press/key/date/2015/html/sp151106.en.html,clean/speeches/2015/2015-11-06-sp.txt,ok
2015-11-06-1,https://www.ecb.europa.eu/press/key/date/2015/html/sp151106_1.en.html,clean/speeches/2015/2015-11-06-1-sp.txt,ok
2015-11-11,https://www.ecb.europa.eu/press/key/date/2015/html/sp151111.en.html,clean/speeches/2015/2015-11-11-sp.txt,ok
2015-11-12,https://www.ecb.europa.eu/press/key/date/2015/html/sp151112.en.html,clean/speeches/2015/2015-11-12-sp.txt,ok
2015-11-12-1,https://www.ecb.europa.eu/press/key/date/2015/html/sp151112_1.en.html,clean/speeches/2015/2015-11-12-1-sp.txt,ok
2015-11-16,https://www.ecb.europa.eu/press/key/date/2015/html/sp151116.en.html,clean/speeches/2015/2015-11-16-sp.txt,ok
2015-11-16-1,https://www.ecb.europa.eu/press/key/date/2015/html/sp151116_1.en.html,clean/speeches/2015/2015-11-16-1-sp.txt,ok
2015-11-17-1,https://www.ecb.europa.eu/press/key/date/2015/html/sp151117_1.en.html,clean/speeches/2015/2015-11-17-1-sp.txt,ok
2015-11-18,https://www.ecb.europa.eu/press/key/date/2015/html/sp151118.en.html,clean/speeches/2015/2015-11-18-sp.txt,ok
2015-11-18-1,https://www.ecb.europa.eu/press/key/date/2015/html/sp151118_1.en.html,clean/speeches/2015/2015-11-18-1-sp.txt,ok
2015-11-19,https://www.ecb.europa.eu/press/key/date/2015/html/sp151119.en.html,clean/speeches/2015/2015-11-19-sp.txt,ok
2015-11-20,https://www.ecb.europa.eu/press/key/date/2015/html/sp151120.en.html,clean/speeches/2015/2015-11-20-sp.txt,ok
2015-11-21,https://www.ecb.europa.eu/press/key/date/2015/html/sp151121.en.html,clean/speeches/2015/2015-11-21-sp.txt,ok
2015-11-22,https://www.ecb.europa.eu/press/key/date/2015/html/ecb.sp151122.en.html,clean/speeches/2015/2015-11-22-sp.txt,ok
2015-11-23,https://www.ecb.europa.eu/press/key/date/2015/html/sp151123.en.html,clean/speeches/2015/2015-11-23-sp.txt,ok
2015-12-04,https://www.ecb.europa.eu/press/key/date/2015/html/sp151204.en.html,clean/speeches/2015/2015-12-04-sp.txt,ok
2015-12-09,https://www.ecb.europa.eu/press/key/date/2015/html/sp151209.en.html,clean/speeches/2015/2015-12-09-sp.txt,ok
2015-12-11,https://www.ecb.europa.eu/press/key/date/2015/html/sp151211.en.html,clean/speeches/2015/2015-12-11-sp.txt,ok
2015-12-14,https://www.ecb.europa.eu/press/key/date/2015/html/sp151214.en.html,clean/speeches/2015/2015-12-14-sp.txt,ok
2016-01-13-1,https://www.ecb.europa.eu/press/key/date/2016/html/sp160113_1.en.html,clean/speeches/2016/2016-01-13-1-sp.txt,ok
2016-01-13-2,https://www.ecb.europa.eu/press/key/date/2016/html/sp160113_2.en.html,clean/speeches/2016/2016-01-13-2-sp.txt,ok
2016-01-15,https://www.ecb.europa.eu/press/key/date/2016/html/sp160115.en.html,clean/speeches/2016/2016-01-15-sp.txt,ok
2016-01-18,https://www.ecb.europa.eu/press/key/date/2016/html/sp160118.en.html,clean/speeches/2016/2016-01-18-sp.txt,ok
2016-01-25,https://www.ecb.europa.eu/press/key/date/2016/html/sp160125.en.html,clean/speeches/2016/2016-01-25-sp.txt,ok
2016-01-25-1,https://www.ecb.europa.eu/press/key/date/2016/html/sp160125_1.en.html,clean/speeches/2016/2016-01-25-1-sp.txt,ok
2016-01-27,https://www.ecb.europa.eu/press/key/date/2016/html/sp160127.en.html,clean/speeches/2016/2016-01-27-sp.txt,ok
2016-01-27-1,https://www.ecb.europa.eu/press/key/date/2016/html/sp160127_1.en.html,clean/speeches/2016/2016-01-27-1-sp.txt,ok
2016-01-27-2,https://www.ecb.europa.eu/press/key/date/2016/html/sp160127_2.en.html,clean/speeches/2016/2016-01-27-2-sp.txt,ok
2016-02-01,https://www.ecb.europa.eu/press/key/date/2016/html/sp160201.en.html,clean/speeches/2016/2016-02-01-sp.txt,ok
2016-02-01-1,https://www.ecb.europa.eu/press/key/date/2016/html/sp160201_1.en.html,clean/speeches/2016/2016-02-01-1-sp.txt,ok
2016-02-04,https://www.ecb.europa.eu/press/key/date/2016/html/sp160204.en.html,clean/speeches/2016/2016-02-04-sp.txt,ok
2016-02-04-1,https://www.ecb.europa.eu/press/key/date/2016/html/sp160204_1.en.html,clean/speeches/2016/2016-02-04-1-sp.txt,ok
2016-02-10,https://www.ecb.europa.eu/press/key/date/2016/html/sp160210.en.html,clean/speeches/2016/2016-02-10-sp.txt,ok
2016-02-15,https://www.ecb.europa.eu/press/key/date/2016/html/sp160215.en.html,clean/speeches/2016/2016-02-15-sp.txt,ok
2016-02-16,https://www.ecb.europa.eu/press/key/date/2016/html/sp160216.en.html,clean/speeches/2016/2016-02-16-sp.txt,ok
2016-02-22,https://www.ecb.europa.eu/press/key/date/2016/html/sp160222.en.html,clean/speeches/2016/2016-02-22-sp.txt,ok
2016-03-01,https://www.ecb.europa.eu/press/key/date/2016/html/sp160301.en.html,clean/speeches/2016/2016-03-01-sp.txt,ok
2016-03-02,https://www.ecb.europa.eu/press/key/date/2016/html/sp160302.en.html,clean/speeches/2016/2016-03-02-sp.txt,ok
2016-03-02-1,https://www.ecb.europa.eu/press/key/date/2016/html/sp160302_1.en.html,clean/speeches/2016/2016-03-02-1-sp.txt,ok
2016-03-21,https://www.ecb.europa.eu/press/key/date/2016/html/sp160321.en.html,clean/speeches/2016/2016-03-21-sp.txt,ok
2016-03-21-1,https://www.ecb.europa.eu/press/key/date/2016/html/sp160321_1.en.html,clean/speeches/2016/2016-03-21-1-sp.txt,ok
2016-03-22,https://www.ecb.europa.eu/press/key/date/2016/html/sp160322.en.html,clean/speeches/2016/2016-03-22-sp.txt,ok
2016-04-04,https://www.ecb.europa.eu/press/key/date/2016/html/sp160404.en.html,clean/speeches/2016/2016-04-04-sp.txt,ok
2016-04-07,https://www.ecb.europa.eu/press/key/date/2016/html/sp160407.en.html,clean/speeches/2016/2016-04-07-sp.txt,ok
2016-04-07-1,https://www.ecb.europa.eu/press/key/date/2016/html/sp160407_1.en.html,clean/speeches/2016/2016-04-07-1-sp.txt,ok
2016-04-07-2,https://www.ecb.europa.eu/press/key/date/2016/html/sp160407_2.en.html,clean/speeches/2016/2016-04-07-2-sp.txt,ok
2016-04-09,https://www.ecb.europa.eu/press/key/date/2016/html/sp160409.en.html,clean/speeches/2016/2016-04-09-sp.txt,ok
2016-04-13,https://www.ecb.europa.eu/press/key/date/2016/html/sp160413.en.html,clean/speeches/2016/2016-04-13-sp.txt,ok
2016-04-15,https://www.ecb.europa.eu/press/key/date/2016/html/sp160415.en.html,clean/speeches/2016/2016-04-15-sp.txt,ok
2016-04-25,https://www.ecb.europa.eu/press/key/date/2016/html/sp160425.en.html,clean/speeches/2016/2016-04-25-sp.txt,ok
2016-04-25-1,https://www.ecb.europa.eu/press/key/date/2016/html/sp160425_1.en.html,clean/speeches/2016/2016-04-25-1-sp.txt,ok
2016-04-25-2,https://www.ecb.europa.eu/press/key/date/2016/html/sp160425_2.en.html,clean/speeches/2016/2016-04-25-2-sp.txt,ok
2016-04-26,https://www.ecb.europa.eu/press/key/date/2016/html/sp160426.en.html,clean/speeches/2016/2016-04-26-sp.txt,ok
2016-05-02,https://www.ecb.europa.eu/press/key/date/2016/html/sp160502.en.html,clean/speeches/2016/2016-05-02-sp.txt,ok
2016-05-02-1,https://www.ecb.europa.eu/press/key/date/2016/html/sp160502_1.en.html,clean/speeches/2016/2016-05-02-1-sp.txt,ok
2016-05-03,https://www.ecb.europa.eu/press/key/date/2016/html/sp160503.en.html,clean/speeches/2016/2016-05-03-sp.txt,ok
2016-05-09,https://www.ecb.europa.eu/press/key/date/2016/html/sp160509.en.html,clean/speeches/2016/2016-05-09-sp.txt,ok
2016-06-01,https://www.ecb.europa.eu/press/key/date/2016/html/sp160601.en.html,clean/speeches/2016/2016-06-01-sp.txt,ok
2016-06-02,https://www.ecb.europa.eu/press/key/date/2016/html/sp160602.en.html,clean/speeches/2016/2016-06-02-sp.txt,ok
2016-06-06,https://www.ecb.europa.eu/press/key/date/2016/html/sp160606.en.html,clean/speeches/2016/2016-06-06-sp.txt,ok
2016-06-06-1,https://www.ecb.europa.eu/press/key/date/2016/html/sp160606_1.en.html,clean/speeches/2016/2016-06-06-1-sp.txt,ok
2016-06-07,https://www.ecb.europa.eu/press/key/date/2016/html/sp160607.en.html,clean/speeches/2016/2016-06-07-sp.txt,ok
2016-06-09,https://www.ecb.europa.eu/press/key/date/2016/html/sp160609.en.html,clean/speeches/2016/2016-06-09-sp.txt,ok
2016-06-14,https://www.ecb.europa.eu/press/key/date/2016/html/sp160614.en.html,clean/speeches/2016/2016-06-14-sp.txt,ok
2016-06-15,https://www.ecb.europa.eu/press/key/date/2016/html/sp160615.en.html,clean/speeches/2016/2016-06-15-sp.txt,ok
2016-06-17,https://www.ecb.europa.eu/press/key/date/2016/html/sp160617.en.html,clean/speeches/2016/2016-06-17-sp.txt,ok
2016-06-17-1,https://www.ecb.europa.eu/press/key/date/2016/html/sp160617_1.en.html,clean/speeches/2016/2016-06-17-1-sp.txt,ok
2016-06-20,https://www.ecb.europa.eu/press/key/date/2016/html/sp160620.en.html,clean/speeches/2016/2016-06-20-sp.txt,ok
2016-06-21,https://www.ecb.europa.eu/press/key/date/2016/html/sp160621.en.html,clean/speeches/2016/2016-06-21-sp.txt,ok
2016-06-21-1,https://www.ecb.europa.eu/press/key/date/2016/html/sp160621_1.en.html,clean/speeches/2016/2016-06-21-1-sp.txt,ok
2016-06-23,https://www.ecb.europa.eu/press/key/date/2016/html/sp160623.en.html,clean/speeches/2016/2016-06-23-sp.txt,ok
2016-06-28,https://www.ecb.europa.eu/press/key/date/2016/html/sp160628.en.html,clean/speeches/2016/2016-06-28-sp.txt,ok
2016-06-29,https://www.ecb.europa.eu/press/key/date/2016/html/sp160629.en.html,clean/speeches/2016/2016-06-29-sp.txt,ok
2016-07-01,https://www.ecb.europa.eu/press/key/date/2016/html/sp160701.en.html,clean/speeches/2016/2016-07-01-sp.txt,ok
2016-07-05-1,https://www.ecb.europa.eu/press/key/date/2016/html/sp160705_1.en.html,clean/speeches/2016/2016-07-05-1-sp.txt,ok
2016-07-06,https://www.ecb.europa.eu/press/key/date/2016/html/sp160706.en.html,clean/speeches/2016/2016-07-06-sp.txt,ok
2016-07-07,https://www.ecb.europa.eu/press/key/date/2016/html/sp160707.en.html,clean/speeches/2016/2016-07-07-sp.txt,ok
2016-07-07-1,https://www.ecb.europa.eu/press/key/date/2016/html/sp160707_1.en.html,clean/speeches/2016/2016-07-07-1-sp.txt,ok
2016-07-28,https://www.ecb.europa.eu/press/key/date/2016/html/sp160728.en.html,clean/speeches/2016/2016-07-28-sp.txt,ok
2016-08-27,https://www.ecb.europa.eu/press/key/date/2016/html/sp160827.en.html,clean/speeches/2016/2016-08-27-sp.txt,ok
2016-08-31,https://www.ecb.europa.eu/press/key/date/2016/html/sp160831.en.html,clean/speeches/2016/2016-08-31-sp.txt,ok
2016-09-03,https://www.ecb.europa.eu/press/key/date/2016/html/sp160903.en.html,clean/speeches/2016/2016-09-03-sp.txt,ok
2016-09-13,https://www.ecb.europa.eu/press/key/date/2016/html/sp160913.en.html,clean/speeches/2016/2016-09-13-sp.txt,ok
2016-09-13-1,https://www.ecb.europa.eu/press/key/date/2016/html/sp160913_1.en.html,clean/speeches/2016/2016-09-13-1-sp.txt,ok
2016-09-15,https://www.ecb.europa.eu/press/key/date/2016/html/sp160915.en.html,clean/speeches/2016/2016-09-15-sp.txt,ok
2016-09-15-1,https://www.ecb.europa.eu/press/key/date/2016/html/sp160915_1.en.html,clean/speeches/2016/2016-09-15-1-sp.txt,ok
2016-09-19,https://www.ecb.europa.eu/press/key/date/2016/html/sp160919.en.html,clean/speeches/2016/2016-09-19-sp.txt,ok
2016-09-22,https://www.ecb.europa.eu/press/key/date/2016/html/sp160922.en.html,clean/speeches/2016/2016-09-22-sp.txt,ok
2016-09-26,https://www.ecb.europa.eu/press/key/date/2016/html/sp160926.en.html,clean/speeches/2016/2016-09-26-sp.txt,ok
2016-09-26-1,https://www.ecb.europa.eu/press/key/date/2016/html/sp160926_1.en.html,clean/speeches/2016/2016-09-26-1-sp.txt,ok
2016-09-26-2,https://www.ecb.europa.eu/press/key/date/2016/html/sp160926_2.en.html,clean/speeches/2016/2016-09-26-2-sp.txt,ok
2016-09-27,https://www.ecb.europa.eu/press/key/date/2016/html/sp160927.en.html,clean/speeches/2016/2016-09-27-sp.txt,ok
2016-09-28,https://www.ecb.europa.eu/press/key/date/2016/html/sp160928.en.html,clean/speeches/2016/2016-09-28-sp.txt,ok
2016-09-28-1,https://www.ecb.europa.eu/press/key/date/2016/html/sp160928_1.en.html,clean/speeches/2016/2016-09-28-1-sp.txt,ok
2016-10-03,https://www.ecb.europa.eu/press/key/date/2016/html/sp161003.en.html,clean/speeches/2016/2016-10-03-sp.txt,ok
2016-10-04,https://www.ecb.europa.eu/press/key/date/2016/html/sp161004.en.html,clean/speeches/2016/2016-10-04-sp.txt,ok
2016-10-06,https://www.ecb.europa.eu/press/key/date/2016/html/sp161006.en.html,clean/speeches/2016/2016-10-06-sp.txt,ok
2016-10-06-1,https://www.ecb.europa.eu/press/key/date/2016/html/sp161006_1.en.html,clean/speeches/2016/2016-10-06-1-sp.txt,ok
2016-10-07,https://www.ecb.europa.eu/press/key/date/2016/html/sp161007.en.html,clean/speeches/2016/2016-10-07-sp.txt,ok
2016-10-07-1,https://www.ecb.europa.eu/press/key/date/2016/html/sp161007_1.en.html,clean/speeches/2016/2016-10-07-1-sp.txt,ok
2016-10-09,https://www.ecb.europa.eu/press/key/date/2016/html/sp161009.en.html,clean/speeches/2016/2016-10-09-sp.txt,ok
2016-10-11,https://www.ecb.europa.eu/press/key/date/2016/html/sp161011.en.html,clean/speeches/2016/2016-10-11-sp.txt,ok
2016-10-12,https://www.ecb.europa.eu/press/key/date/2016/html/sp161012.en.html,clean/speeches/2016/2016-10-12-sp.txt,ok
2016-10-12-1,https://www.ecb.europa.eu/press/key/date/2016/html/sp161012_1.en.html,clean/speeches/2016/2016-10-12-1-sp.txt,ok
2016-10-25,https://www.ecb.europa.eu/press/key/date/2016/html/sp161025.en.html,clean/speeches/2016/2016-10-25-sp.txt,ok
2016-10-26,https://www.ecb.europa.eu/press/key/date/2016/html/sp161026.en.html,clean/speeches/2016/2016-10-26-sp.txt,ok
2016-10-27,https://www.ecb.europa.eu/press/key/date/2016/html/ecb.sp161027~1b28e03935.en.html,clean/speeches/2016/2016-10-27-sp.txt,ok
2016-10-28,https://www.ecb.europa.eu/press/key/date/2016/html/sp161028.en.html,clean/speeches/2016/2016-10-28-sp.txt,ok
2016-11-03,https://www.ecb.europa.eu/press/key/date/2016/html/sp161103.en.html,clean/speeches/2016/2016-11-03-sp.txt,ok
2016-11-04,https://www.ecb.europa.eu/press/key/date/2016/html/sp161104.en.html,clean/speeches/2016/2016-11-04-sp.txt,ok
2016-11-07,https://www.ecb.europa.eu/press/key/date/2016/html/sp161107.en.html,clean/speeches/2016/2016-11-07-sp.txt,ok
2016-11-09,https://www.ecb.europa.eu/press/key/date/2016/html/sp161109.en.html,clean/speeches/2016/2016-11-09-sp.txt,ok
2016-11-10,https://www.ecb.europa.eu/press/key/date/2016/html/sp161110.en.html,clean/speeches/2016/2016-11-10-sp.txt,ok
2016-11-14,https://www.ecb.europa.eu/press/key/date/2016/html/sp161114.en.html,clean/speeches/2016/2016-11-14-sp.txt,ok
2016-11-14-2,https://www.ecb.europa.eu/press/key/date/2016/html/sp161114_2.en.html,clean/speeches/2016/2016-11-14-2-sp.txt,ok
2016-11-15,https://www.ecb.europa.eu/press/key/date/2016/html/sp161115.en.html,clean/speeches/2016/2016-11-15-sp.txt,ok
2016-11-17,https://www.ecb.europa.eu/press/key/date/2016/html/sp161117.en.html,clean/speeches/2016/2016-11-17-sp.txt,ok
2016-11-17-1,https://www.ecb.europa.eu/press/key/date/2016/html/sp161117_1.en.html,clean/speeches/2016/2016-11-17-1-sp.txt,ok
2016-11-18,https://www.ecb.europa.eu/press/key/date/2016/html/sp161118.en.html,clean/speeches/2016/2016-11-18-sp.txt,ok
2016-11-18-1,https://www.ecb.europa.eu/press/key/date/2016/html/sp161118_1.en.html,clean/speeches/2016/2016-11-18-1-sp.txt,ok
2016-11-21,https://www.ecb.europa.eu/press/key/date/2016/html/sp161121.en.html,clean/speeches/2016/2016-11-21-sp.txt,ok
2016-11-21-1,https://www.ecb.europa.eu/press/key/date/2016/html/sp161121_1.en.html,clean/speeches/2016/2016-11-21-1-sp.txt,ok
2016-11-24,https://www.ecb.europa.eu/press/key/date/2016/html/sp161124.en.html,clean/speeches/2016/2016-11-24-sp.txt,ok
2016-11-28,https://www.ecb.europa.eu/press/key/date/2016/html/sp161128.en.html,clean/speeches/2016/2016-11-28-sp.txt,ok
2016-11-28-1,https://www.ecb.europa.eu/press/key/date/2016/html/sp161128_1.en.html,clean/speeches/2016/2016-11-28-1-sp.txt,ok
2016-11-30-1,https://www.ecb.europa.eu/press/key/date/2016/html/sp161130_1.en.html,clean/speeches/2016/2016-11-30-1-sp.txt,ok
2016-12-06,https://www.ecb.europa.eu/press/key/date/2016/html/sp161206.en.html,clean/speeches/2016/2016-12-06-sp.txt,ok
2016-12-16,https://www.ecb.europa.eu/press/key/date/2016/html/sp161216.en.html,clean/speeches/2016/2016-12-16-sp.txt,ok
2017-01-06,https://www.ecb.europa.eu/press/key/date/2017/html/sp170106.en.html,clean/speeches/2017/2017-01-06-sp.txt,ok
2017-01-16,https://www.ecb.europa.eu/press/key/date/2017/html/sp170116.en.html,clean/speeches/2017/2017-01-16-sp.txt,ok
2017-01-20,https://www.ecb.europa.eu/press/key/date/2017/html/sp170120.en.html,clean/speeches/2017/2017-01-20-sp.txt,ok
2017-01-20-2,https://www.ecb.europa.eu/press/key/date/2017/html/sp170120_2.en.html,clean/speeches/2017/2017-01-20-2-sp.txt,ok
2017-01-23,https://www.ecb.europa.eu/press/key/date/2017/html/sp170123.en.html,clean/speeches/2017/2017-01-23-sp.txt,ok
2017-01-24,https://www.ecb.europa.eu/press/key/date/2017/html/sp170124.en.html,clean/speeches/2017/2017-01-24-sp.txt,ok
2017-01-24-1,https://www.ecb.europa.eu/press/key/date/2017/html/sp170124_1.en.html,clean/speeches/2017/2017-01-24-1-sp.txt,ok
2017-01-26,https://www.ecb.europa.eu/press/key/date/2017/html/sp170126.en.html,clean/speeches/2017/2017-01-26-sp.txt,ok
2017-01-31,https://www.ecb.europa.eu/press/key/date/2017/html/sp170131.en.html,clean/speeches/2017/2017-01-31-sp.txt,ok
2017-01-31-1,https://www.ecb.europa.eu/press/key/date/2017/html/sp170131_1.en.html,clean/speeches/2017/2017-01-31-1-sp.txt,ok
2017-02-02,https://www.ecb.europa.eu/press/key/date/2017/html/sp170202.en.html,clean/speeches/2017/2017-02-02-sp.txt,ok
2017-02-02-1,https://www.ecb.europa.eu/press/key/date/2017/html/sp170202_1.en.html,clean/speeches/2017/2017-02-02-1-sp.txt,ok
2017-02-02-2,https://www.ecb.europa.eu/press/key/date/2017/html/sp170202_2.en.html,clean/speeches/2017/2017-02-02-2-sp.txt,ok
2017-02-03,https://www.ecb.europa.eu/press/key/date/2017/html/sp170203.en.html,clean/speeches/2017/2017-02-03-sp.txt,ok
2017-02-06,https://www.ecb.europa.eu/press/key/date/2017/html/sp170206.en.html,clean/speeches/2017/2017-02-06-sp.txt,ok
2017-02-10,https://www.ecb.europa.eu/press/key/date/2017/html/sp170210.en.html,clean/speeches/2017/2017-02-10-sp.txt,ok
2017-02-16,https://www.ecb.europa.eu/press/key/date/2017/html/sp170216.en.html,clean/speeches/2017/2017-02-16-sp.txt,ok
2017-02-23,https://www.ecb.europa.eu/press/key/date/2017/html/sp170223.en.html,clean/speeches/2017/2017-02-23-sp.txt,ok
2017-02-23-1,https://www.ecb.europa.eu/press/key/date/2017/html/sp170223_1.en.html,clean/speeches/2017/2017-02-23-1-sp.txt,ok
2017-03-02,https://www.ecb.europa.eu/press/key/date/2017/html/sp170302.en.html,clean/speeches/2017/2017-03-02-sp.txt,ok
2017-03-13,https://www.ecb.europa.eu/press/key/date/2017/html/sp170313.en.html,clean/speeches/2017/2017-03-13-sp.txt,ok
2017-03-13-1,https://www.ecb.europa.eu/press/key/date/2017/html/sp170313_1.en.html,clean/speeches/2017/2017-03-13-1-sp.txt,ok
2017-03-15,https://www.ecb.europa.eu/press/key/date/2017/html/sp170315.en.html,clean/speeches/2017/2017-03-15-sp.txt,ok
2017-03-16,https://www.ecb.europa.eu/press/key/date/2017/html/sp170316.en.html,clean/speeches/2017/2017-03-16-sp.txt,ok
2017-03-22,https://www.ecb.europa.eu/press/key/date/2017/html/sp170322.en.html,clean/speeches/2017/2017-03-22-sp.txt,ok
2017-03-23,https://www.ecb.europa.eu/press/key/date/2017/html/sp170323.en.html,clean/speeches/2017/2017-03-23-sp.txt,ok
2017-03-27,https://www.ecb.europa.eu/press/key/date/2017/html/sp170327.en.html,clean/speeches/2017/2017-03-27-sp.txt,ok
2017-03-27-1,https://www.ecb.europa.eu/press/key/date/2017/html/sp170327_1.en.html,clean/speeches/2017/2017-03-27-1-sp.txt,ok
2017-03-28,https://www.ecb.europa.eu/press/key/date/2017/html/sp170328.en.html,clean/speeches/2017/2017-03-28-sp.txt,ok
2017-03-28-1,https://www.ecb.europa.eu/press/key/date/2017/html/sp170328_1.en.html,clean/speeches/2017/2017-03-28-1-sp.txt,ok
2017-03-29,https://www.ecb.europa.eu/press/key/date/2017/html/sp170329.en.html,clean/speeches/2017/2017-03-29-sp.txt,ok
2017-03-30,https://www.ecb.europa.eu/press/key/date/2017/html/sp170330.en.html,clean/speeches/2017/2017-03-30-sp.txt,ok
2017-03-30-1,https://www.ecb.europa.eu/press/key/date/2017/html/sp170330_1.en.html,clean/speeches/2017/2017-03-30-1-sp.txt,ok
2017-03-31,https://www.ecb.europa.eu/press/key/date/2017/html/sp170331.en.html,clean/speeches/2017/2017-03-31-sp.txt,ok
2017-04-03-1,https://www.ecb.europa.eu/press/key/date/2017/html/sp170403_1.en.html,clean/speeches/2017/2017-04-03-1-sp.txt,ok
2017-04-04,https://www.ecb.europa.eu/press/key/date/2017/html/sp170404.en.html,clean/speeches/2017/2017-04-04-sp.txt,ok
2017-04-04-1,https://www.ecb.europa.eu/press/key/date/2017/html/sp170404_1.en.html,clean/speeches/2017/2017-04-04-1-sp.txt,ok
2017-04-04-2,https://www.ecb.europa.eu/press/key/date/2017/html/sp170404_2.en.html,clean/speeches/2017/2017-04-04-2-sp.txt,ok
2017-04-06,https://www.ecb.europa.eu/press/key/date/2017/html/sp170406.en.html,clean/speeches/2017/2017-04-06-sp.txt,ok
2017-04-06-1,https://www.ecb.europa.eu/press/key/date/2017/html/sp170406_1.en.html,clean/speeches/2017/2017-04-06-1-sp.txt,ok
2017-04-06-2,https://www.ecb.europa.eu/press/key/date/2017/html/sp170406_2.en.html,clean/speeches/2017/2017-04-06-2-sp.txt,ok
2017-04-06-3,https://www.ecb.europa.eu/press/key/date/2017/html/sp170406_3.en.html,clean/speeches/2017/2017-04-06-3-sp.txt,ok
2017-04-08,https://www.ecb.europa.eu/press/key/date/2017/html/sp170408.en.html,clean/speeches/2017/2017-04-08-sp.txt,ok
2017-04-10,https://www.ecb.europa.eu/press/key/date/2017/html/sp170410.en.html,clean/speeches/2017/2017-04-10-sp.txt,ok
2017-04-19,https://www.ecb.europa.eu/press/key/date/2017/html/ecb.sp170419.en.html,clean/speeches/2017/2017-04-19-sp.txt,ok
2017-04-19-1,https://www.ecb.europa.eu/press/key/date/2017/html/ecb.sp170419_1.en.html,clean/speeches/2017/2017-04-19-1-sp.txt,ok
2017-04-20,https://www.ecb.europa.eu/press/key/date/2017/html/ecb.sp170420.en.html,clean/speeches/2017/2017-04-20-sp.txt,ok
2017-04-21,https://www.ecb.europa.eu/press/key/date/2017/html/ecb.sp170421.en.html,clean/speeches/2017/2017-04-21-sp.txt,ok
2017-04-28,https://www.ecb.europa.eu/press/key/date/2017/html/ecb.sp170428.en.html,clean/speeches/2017/2017-04-28-sp.txt,ok
2017-05-04,https://www.ecb.europa.eu/press/key/date/2017/html/ecb.sp170504.en.html,clean/speeches/2017/2017-05-04-sp.txt,ok
2017-05-04-1,https://www.ecb.europa.eu/press/key/date/2017/html/ecb.sp170504_1.en.html,clean/speeches/2017/2017-05-04-1-sp.txt,ok
2017-05-08,https://www.ecb.europa.eu/press/key/date/2017/html/ecb.sp170508.en.html,clean/speeches/2017/2017-05-08-sp.txt,ok
2017-05-10,https://www.ecb.europa.eu/press/key/date/2017/html/ecb.sp170510.en.html,clean/speeches/2017/2017-05-10-sp.txt,ok
2017-05-11,https://www.ecb.europa.eu/press/key/date/2017/html/ecb.sp170511.en.html,clean/speeches/2017/2017-05-11-sp.txt,ok
2017-05-11-1,https://www.ecb.europa.eu/press/key/date/2017/html/ecb.sp170511_1.en.html,clean/speeches/2017/2017-05-11-1-sp.txt,ok
2017-05-15,https://www.ecb.europa.eu/press/key/date/2017/html/ecb.sp170515.en.html,clean/speeches/2017/2017-05-15-sp.txt,ok
2017-05-16,https://www.ecb.europa.eu/press/key/date/2017/html/ecb.sp170516.en.html,clean/speeches/2017/2017-05-16-sp.txt,ok
2017-05-18,https://www.ecb.europa.eu/press/key/date/2017/html/ecb.sp170518.en.html,clean/speeches/2017/2017-05-18-sp.txt,ok
2017-05-18-1,https://www.ecb.europa.eu/press/key/date/2017/html/ecb.sp170518_1.en.html,clean/speeches/2017/2017-05-18-1-sp.txt,ok
2017-05-18-2,https://www.ecb.europa.eu/press/key/date/2017/html/ecb.sp170518_2.en.html,clean/speeches/2017/2017-05-18-2-sp.txt,ok
2017-05-18-3,https://www.ecb.europa.eu/press/key/date/2017/html/ecb.sp170518_3.en.html,clean/speeches/2017/2017-05-18-3-sp.txt,ok
2017-05-19,https://www.ecb.europa.eu/press/key/date/2017/html/ecb.sp170519.en.html,clean/speeches/2017/2017-05-19-sp.txt,ok
2017-05-19-1,https://www.ecb.europa.eu/press/key/date/2017/html/ecb.sp170519_1.en.html,clean/speeches/2017/2017-05-19-1-sp.txt,ok
2017-05-24,https://www.ecb.europa.eu/press/key/date/2017/html/ecb.sp170524.en.html,clean/speeches/2017/2017-05-24-sp.txt,ok
2017-05-24-1,https://www.ecb.europa.eu/press/key/date/2017/html/ecb.sp170524_1.en.html,clean/speeches/2017/2017-05-24-1-sp.txt,ok
2017-05-25,https://www.ecb.europa.eu/press/key/date/2017/html/ecb.sp170525.en.html,clean/speeches/2017/2017-05-25-sp.txt,ok
2017-05-29,https://www.ecb.europa.eu/press/key/date/2017/html/ecb.sp170529.en.html,clean/speeches/2017/2017-05-29-sp.txt,ok
2017-05-31,https://www.ecb.europa.eu/press/key/date/2017/html/ecb.sp170531.en.html,clean/speeches/2017/2017-05-31-sp.txt,ok
2017-05-31-1,https://www.ecb.europa.eu/press/key/date/2017/html/ecb.sp170531_1.en.html,clean/speeches/2017/2017-05-31-1-sp.txt,ok
2017-06-01,https://www.ecb.europa.eu/press/key/date/2017/html/ecb.sp170601.en.html,clean/speeches/2017/2017-06-01-sp.txt,ok
2017-06-13,https://www.ecb.europa.eu/press/key/date/2017/html/ecb.sp170613.en.html,clean/speeches/2017/2017-06-13-sp.txt,ok
2017-06-14,https://www.ecb.europa.eu/press/key/date/2017/html/ecb.sp170614.en.html,clean/speeches/2017/2017-06-14-sp.txt,ok
2017-06-19,https://www.ecb.europa.eu/press/key/date/2017/html/ecb.sp170619.en.html,clean/speeches/2017/2017-06-19-sp.txt,ok
2017-06-19-1,https://www.ecb.europa.eu/press/key/date/2017/html/ecb.sp170619_1.en.html,clean/speeches/2017/2017-06-19-1-sp.txt,ok
2017-06-20,https://www.ecb.europa.eu/press/key/date/2017/html/ecb.sp170620.en.html,clean/speeches/2017/2017-06-20-sp.txt,ok
2017-06-27,https://www.ecb.europa.eu/press/key/date/2017/html/ecb.sp170627.en.html,clean/speeches/2017/2017-06-27-sp.txt,ok
2017-06-28,https://www.ecb.europa.eu/press/key/date/2017/html/ecb.sp170628.en.html,clean/speeches/2017/2017-06-28-sp.txt,ok
2017-06-30,https://www.ecb.europa.eu/press/key/date/2017/html/ecb.sp170630.en.html,clean/speeches/2017/2017-06-30-sp.txt,ok
2017-06-30-1,https://www.ecb.europa.eu/press/key/date/2017/html/ecb.sp170630_1.en.html,clean/speeches/2017/2017-06-30-1-sp.txt,ok
2017-07-04,https://www.ecb.europa.eu/press/key/date/2017/html/ecb.sp170704.en.html,clean/speeches/2017/2017-07-04-sp.txt,ok
2017-07-04-1,https://www.ecb.europa.eu/press/key/date/2017/html/ecb.sp170704_1.en.html,clean/speeches/2017/2017-07-04-1-sp.txt,ok
2017-07-06,https://www.ecb.europa.eu/press/key/date/2017/html/ecb.sp170706.en.html,clean/speeches/2017/2017-07-06-sp.txt,ok
2017-07-07,https://www.ecb.europa.eu/press/key/date/2017/html/ecb.sp170707.en.html,clean/speeches/2017/2017-07-07-sp.txt,ok
2017-07-11,https://www.ecb.europa.eu/press/key/date/2017/html/ecb.sp170711.en.html,clean/speeches/2017/2017-07-11-sp.txt,ok
2017-07-17,https://www.ecb.europa.eu/press/key/date/2019/html/ecb.sp170717~a8ceb3a93f.en.html,clean/speeches/2017/2017-07-17-sp.txt,ok
2017-07-24,https://www.ecb.europa.eu/press/key/date/2017/html/ecb.sp170724.en.html,clean/speeches/2017/2017-07-24-sp.txt,ok
2017-07-25,https://www.ecb.europa.eu/press/key/date/2017/html/ecb.sp170725.en.html,clean/speeches/2017/2017-07-25-sp.txt,ok
2017-07-26,https://www.ecb.europa.eu/press/key/date/2017/html/ecb.sp170726.en.html,clean/speeches/2017/2017-07-26-sp.txt,ok
2017-08-22,https://www.ecb.europa.eu/press/key/date/2017/html/ecb.sp170822.en.html,clean/speeches/2017/2017-08-22-sp.txt,ok
2017-08-23,https://www.ecb.europa.eu/press/key/date/2017/html/ecb.sp170823.en.html,clean/speeches/2017/2017-08-23-sp.txt,ok
2017-08-25,https://www.ecb.europa.eu/press/key/date/2017/html/ecb.sp170825.en.html,clean/speeches/2017/2017-08-25-sp.txt,ok
2017-09-01,https://www.ecb.europa.eu/press/key/date/2017/html/ecb.sp170901.en.html,clean/speeches/2017/2017-09-01-sp.txt,ok
2017-09-04,https://www.ecb.europa.eu/press/key/date/2017/html/ecb.sp170904.en.html,clean/speeches/2017/2017-09-04-sp.txt,ok
2017-09-11,https://www.ecb.europa.eu/press/key/date/2017/html/ecb.sp170911.en.html,clean/speeches/2017/2017-09-11-sp.txt,ok
2017-09-12,https://www.ecb.europa.eu/press/key/date/2017/html/ecb.sp170912.en.html,clean/speeches/2017/2017-09-12-sp.txt,ok
2017-09-13,https://www.ecb.europa.eu/press/key/date/2017/html/ecb.sp170913.en.html,clean/speeches/2017/2017-09-13-sp.txt,ok
2017-09-14,https://www.ecb.europa.eu/press/key/date/2017/html/ecb.sp170914.en.html,clean/speeches/2017/2017-09-14-sp.txt,ok
2017-09-15,https://www.ecb.europa.eu/press/key/date/2017/html/ecb.sp170915.en.html,clean/speeches/2017/2017-09-15-sp.txt,ok
2017-09-15-1,https://www.ecb.europa.eu/press/key/date/2017/html/ecb.sp170915_1.en.html,clean/speeches/2017/2017-09-15-1-sp.txt,ok
2017-09-18,https://www.ecb.europa.eu/press/key/date/2017/html/ecb.sp170918.en.html,clean/speeches/2017/2017-09-18-sp.txt,ok
2017-09-21,https://www.ecb.europa.eu/press/key/date/2017/html/ecb.sp170921.en.html,clean/speeches/2017/2017-09-21-sp.txt,ok
2017-09-22,https://www.ecb.europa.eu/press/key/date/2017/html/ecb.sp170922.en.html,clean/speeches/2017/2017-09-22-sp.txt,ok
2017-09-22-1,https://www.ecb.europa.eu/press/key/date/2017/html/ecb.sp170922_1.en.html,clean/speeches/2017/2017-09-22-1-sp.txt,ok
2017-09-22-2,https://www.ecb.europa.eu/press/key/date/2017/html/ecb.sp170922_2.en.html,clean/speeches/2017/2017-09-22-2-sp.txt,ok
2017-09-22-3,https://www.ecb.europa.eu/press/key/date/2017/html/ecb.sp170922_3.en.html,clean/speeches/2017/2017-09-22-3-sp.txt,ok
2017-09-25,https://www.ecb.europa.eu/press/key/date/2017/html/ecb.sp170925.en.html,clean/speeches/2017/2017-09-25-sp.txt,ok
2017-09-25-1,https://www.ecb.europa.eu/press/key/date/2017/html/ecb.sp170925_1.en.html,clean/speeches/2017/2017-09-25-1-sp.txt,ok
2017-09-25-2,https://www.ecb.europa.eu/press/key/date/2017/html/ecb.sp170925_2.en.html,clean/speeches/2017/2017-09-25-2-sp.txt,ok
2017-09-28,https://www.ecb.europa.eu/press/key/date/2017/html/ecb.sp170928.en.html,clean/speeches/2017/2017-09-28-sp.txt,ok
2017-09-28-1,https://www.ecb.europa.eu/press/key/date/2017/html/ecb.sp170928_1.en.html,clean/speeches/2017/2017-09-28-1-sp.txt,ok
2017-10-02,https://www.ecb.europa.eu/press/key/date/2017/html/ecb.sp171002.en.html,clean/speeches/2017/2017-10-02-sp.txt,ok
2017-10-09,https://www.ecb.europa.eu/press/key/date/2017/html/ecb.sp171009.en.html,clean/speeches/2017/2017-10-09-sp.txt,ok
2017-10-09-1,https://www.ecb.europa.eu/press/key/date/2017/html/ecb.sp171009_1.en.html,clean/speeches/2017/2017-10-09-1-sp.txt,ok
2017-10-11,https://www.ecb.europa.eu/press/key/date/2017/html/ecb.sp171011.en.html,clean/speeches/2017/2017-10-11-sp.txt,ok
2017-10-12,https://www.ecb.europa.eu/press/key/date/2017/html/ecb.sp171012.en.html,clean/speeches/2017/2017-10-12-sp.txt,ok
2017-10-12-1,https://www.ecb.europa.eu/press/key/date/2017/html/ecb.sp171012_1.en.html,clean/speeches/2017/2017-10-12-1-sp.txt,ok
2017-10-13,https://www.ecb.europa.eu/press/key/date/2017/html/ecb.sp171013.en.html,clean/speeches/2017/2017-10-13-sp.txt,ok
2017-10-13-1,https://www.ecb.europa.eu/press/key/date/2017/html/ecb.sp171013_1.en.html,clean/speeches/2017/2017-10-13-1-sp.txt,ok
2017-10-13-2,https://www.ecb.europa.eu/press/key/date/2017/html/ecb.sp171013_2.en.html,clean/speeches/2017/2017-10-13-2-sp.txt,ok
2017-10-14,https://www.ecb.europa.eu/press/key/date/2017/html/ecb.sp171014.en.html,clean/speeches/2017/2017-10-14-sp.txt,ok
2017-10-15,https://www.ecb.europa.eu/press/key/date/2017/html/ecb.sp171015.en.html,clean/speeches/2017/2017-10-15-sp.txt,ok
2017-10-16,https://www.ecb.europa.eu/press/key/date/2017/html/ecb.sp171016.en.html,clean/speeches/2017/2017-10-16-sp.txt,ok
2017-10-17,https://www.ecb.europa.eu/press/key/date/2017/html/ecb.sp171017.en.html,clean/speeches/2017/2017-10-17-sp.txt,ok
2017-10-18,https://www.ecb.europa.eu/press/key/date/2017/html/ecb.sp171018.en.html,clean/speeches/2017/2017-10-18-sp.txt,ok
2017-10-27,https://www.ecb.europa.eu/press/key/date/2017/html/ecb.sp171027.en.html,clean/speeches/2017/2017-10-27-sp.txt,ok
2017-11-03,https://www.ecb.europa.eu/press/key/date/2017/html/ecb.sp171103.en.html,clean/speeches/2017/2017-11-03-sp.txt,ok
2017-11-06,https://www.ecb.europa.eu/press/key/date/2017/html/ecb.sp171106.en.html,clean/speeches/2017/2017-11-06-sp.txt,ok
2017-11-06-1,https://www.ecb.europa.eu/press/key/date/2017/html/ecb.sp171106_1.en.html,clean/speeches/2017/2017-11-06-1-sp.txt,ok
2017-11-07,https://www.ecb.europa.eu/press/key/date/2017/html/ecb.sp171107.en.html,clean/speeches/2017/2017-11-07-sp.txt,ok
2017-11-07-1,https://www.ecb.europa.eu/press/key/date/2017/html/ecb.sp171107_1.en.html,clean/speeches/2017/2017-11-07-1-sp.txt,ok
2017-11-09,https://www.ecb.europa.eu/press/key/date/2017/html/ecb.sp171109.en.html,clean/speeches/2017/2017-11-09-sp.txt,ok
2017-11-09-1,https://www.ecb.europa.eu/press/key/date/2017/html/ecb.sp171109_1.en.html,clean/speeches/2017/2017-11-09-1-sp.txt,ok
2017-11-10,https://www.ecb.europa.eu/press/key/date/2017/html/ecb.sp171110.en.html,clean/speeches/2017/2017-11-10-sp.txt,ok
2017-11-13,https://www.ecb.europa.eu/press/key/date/2017/html/ecb.sp171113.en.html,clean/speeches/2017/2017-11-13-sp.txt,ok
2017-11-14,https://www.ecb.europa.eu/press/key/date/2017/html/ecb.sp171114.en.html,clean/speeches/2017/2017-11-14-sp.txt,ok
2017-11-14-1,https://www.ecb.europa.eu/press/key/date/2017/html/ecb.sp171114_1.en.html,clean/speeches/2017/2017-11-14-1-sp.txt,ok
2017-11-15,https://www.ecb.europa.eu/press/key/date/2017/html/ecb.sp171115.en.html,clean/speeches/2017/2017-11-15-sp.txt,ok
2017-11-16,https://www.ecb.europa.eu/press/key/date/2017/html/ecb.sp171116.en.html,clean/speeches/2017/2017-11-16-sp.txt,ok
2017-11-16-1,https://www.ecb.europa.eu/press/key/date/2017/html/ecb.sp171116_1.en.html,clean/speeches/2017/2017-11-16-1-sp.txt,ok
2017-11-17,https://www.ecb.europa.eu/press/key/date/2017/html/ecb.sp171117.en.html,clean/speeches/2017/2017-11-17-sp.txt,ok
2017-11-20,https://www.ecb.europa.eu/press/key/date/2017/html/ecb.sp171120.en.html,clean/speeches/2017/2017-11-20-sp.txt,ok
2017-11-20-1,https://www.ecb.europa.eu/press/key/date/2017/html/ecb.sp171120_1.en.html,clean/speeches/2017/2017-11-20-1-sp.txt,ok
2017-11-23,https://www.ecb.europa.eu/press/key/date/2017/html/ecb.sp171123.en.html,clean/speeches/2017/2017-11-23-sp.txt,ok
2017-11-24,https://www.ecb.europa.eu/press/key/date/2017/html/ecb.sp171124.en.html,clean/speeches/2017/2017-11-24-sp.txt,ok
2017-11-24-1,https://www.ecb.europa.eu/press/key/date/2017/html/ecb.sp171124_1.en.html,clean/speeches/2017/2017-11-24-1-sp.txt,ok
2017-11-30,https://www.ecb.europa.eu/press/key/date/2017/html/ecb.sp171130.en.html,clean/speeches/2017/2017-11-30-sp.txt,ok
2017-11-30-1,https://www.ecb.europa.eu/press/key/date/2017/html/ecb.sp171130_1.en.html,clean/speeches/2017/2017-11-30-1-sp.txt,ok
2017-12-06,https://www.ecb.europa.eu/press/key/date/2017/html/ecb.sp171206.en.html,clean/speeches/2017/2017-12-06-sp.txt,ok
2017-12-16,https://www.ecb.europa.eu/press/key/date/2017/html/ecb.sp171216.en.html,clean/speeches/2017/2017-12-16-sp.txt,ok
2018-01-29,https://www.ecb.europa.eu/press/key/date/2018/html/ecb.sp180129.en.html,clean/speeches/2018/2018-01-29-sp.txt,ok
2018-01-29-1,https://www.ecb.europa.eu/press/key/date/2018/html/ecb.sp180129_1.en.html,clean/speeches/2018/2018-01-29-1-sp.txt,ok
2018-01-30,https://www.ecb.europa.eu/press/key/date/2018/html/ecb.sp180130.en.html,clean/speeches/2018/2018-01-30-sp.txt,ok
2018-01-31,https://www.ecb.europa.eu/press/key/date/2018/html/ecb.sp180131.en.html,clean/speeches/2018/2018-01-31-sp.txt,ok
2018-02-01,https://www.ecb.europa.eu/press/key/date/2018/html/ecb.sp180201.en.html,clean/speeches/2018/2018-02-01-sp.txt,ok
2018-02-02,https://www.ecb.europa.eu/press/key/date/2018/html/ecb.sp180202.en.html,clean/speeches/2018/2018-02-02-sp.txt,ok
2018-02-05,https://www.ecb.europa.eu/press/key/date/2018/html/ecb.sp180205.en.html,clean/speeches/2018/2018-02-05-sp.txt,ok
2018-02-08,https://www.ecb.europa.eu/press/key/date/2018/html/ecb.sp180208.en.html,clean/speeches/2018/2018-02-08-sp.txt,ok
2018-02-08-1,https://www.ecb.europa.eu/press/key/date/2018/html/ecb.sp180208_1.en.html,clean/speeches/2018/2018-02-08-1-sp.txt,ok
2018-02-14,https://www.ecb.europa.eu/press/key/date/2018/html/ecb.sp180214.en.html,clean/speeches/2018/2018-02-14-sp.txt,ok
2018-02-15,https://www.ecb.europa.eu/press/key/date/2018/html/ecb.sp180215.en.html,clean/speeches/2018/2018-02-15-sp.txt,ok
2018-02-15-1,https://www.ecb.europa.eu/press/key/date/2018/html/ecb.sp180215_1.en.html,clean/speeches/2018/2018-02-15-1-sp.txt,ok
2018-02-15-2,https://www.ecb.europa.eu/press/key/date/2018/html/ecb.sp180215_2.en.html,clean/speeches/2018/2018-02-15-2-sp.txt,ok
2018-02-16,https://www.ecb.europa.eu/press/key/date/2018/html/ecb.sp180216.en.html,clean/speeches/2018/2018-02-16-sp.txt,ok
2018-02-22,https://www.ecb.europa.eu/press/key/date/2018/html/ecb.sp180222.en.html,clean/speeches/2018/2018-02-22-sp.txt,ok
2018-02-23,https://www.ecb.europa.eu/press/key/date/2018/html/ecb.sp180223.en.html,clean/speeches/2018/2018-02-23-sp.txt,ok
2018-02-26,https://www.ecb.europa.eu/press/key/date/2018/html/ecb.sp180226.en.html,clean/speeches/2018/2018-02-26-sp.txt,ok
2018-02-26-1,https://www.ecb.europa.eu/press/key/date/2018/html/ecb.sp180226_1.en.html,clean/speeches/2018/2018-02-26-1-sp.txt,ok
2018-02-27,https://www.ecb.europa.eu/press/key/date/2018/html/ecb.sp180227.en.html,clean/speeches/2018/2018-02-27-sp.txt,ok
2018-03-09-1,https://www.ecb.europa.eu/press/key/date/2018/html/ecb.sp180309_1.en.html,clean/speeches/2018/2018-03-09-1-sp.txt,ok
2018-03-09-2,https://www.ecb.europa.eu/press/key/date/2018/html/ecb.sp180309_2.en.html,clean/speeches/2018/2018-03-09-2-sp.txt,ok
2018-03-14,https://www.ecb.europa.eu/press/key/date/2018/html/ecb.sp180314.en.html,clean/speeches/2018/2018-03-14-sp.txt,ok
2018-03-14-1,https://www.ecb.europa.eu/press/key/date/2018/html/ecb.sp180314_1.en.html,clean/speeches/2018/2018-03-14-1-sp.txt,ok
2018-03-14-2,https://www.ecb.europa.eu/press/key/date/2018/html/ecb.sp180314_2.en.html,clean/speeches/2018/2018-03-14-2-sp.txt,ok
2018-03-14-3,https://www.ecb.europa.eu/press/key/date/2018/html/ecb.sp180314_3.en.html,clean/speeches/2018/2018-03-14-3-sp.txt,ok
2018-03-14-4,https://www.ecb.europa.eu/press/key/date/2018/html/ecb.sp180314_4.en.html,clean/speeches/2018/2018-03-14-4-sp.txt,ok
2018-03-15,https://www.ecb.europa.eu/press/key/date/2018/html/ecb.sp180315.en.html,clean/speeches/2018/2018-03-15-sp.txt,ok
2018-03-19,https://www.ecb.europa.eu/press/key/date/2018/html/ecb.sp180319.en.html,clean/speeches/2018/2018-03-19-sp.txt,ok
2018-03-22,https://www.ecb.europa.eu/press/key/date/2018/html/ecb.sp180322.en.html,clean/speeches/2018/2018-03-22-sp.txt,ok
2018-04-06,https://www.ecb.europa.eu/press/key/date/2018/html/ecb.sp180406.en.html,clean/speeches/2018/2018-04-06-sp.txt,ok
2018-04-09,https://www.ecb.europa.eu/press/key/date/2018/html/ecb.sp180409.en.html,clean/speeches/2018/2018-04-09-sp.txt,ok
2018-04-09-1,https://www.ecb.europa.eu/press/key/date/2018/html/ecb.sp180409_1.en.html,clean/speeches/2018/2018-04-09-1-sp.txt,ok
2018-04-11,https://www.ecb.europa.eu/press/key/date/2018/html/ecb.sp180411.en.html,clean/speeches/2018/2018-04-11-sp.txt,ok
2018-04-12,https://www.ecb.europa.eu/press/key/date/2018/html/ecb.sp180412.en.html,clean/speeches/2018/2018-04-12-sp.txt,ok
2018-04-16,https://www.ecb.europa.eu/press/key/date/2018/html/ecb.sp180416.en.html,clean/speeches/2018/2018-04-16-sp.txt,ok
2018-04-20,https://www.ecb.europa.eu/press/key/date/2018/html/ecb.sp180420.en.html,clean/speeches/2018/2018-04-20-sp.txt,ok
2018-04-23,https://www.ecb.europa.eu/press/key/date/2018/html/ecb.sp180423.en.html,clean/speeches/2018/2018-04-23-sp.txt,ok
2018-04-27,https://www.ecb.europa.eu/press/key/date/2018/html/ecb.sp180427.en.html,clean/speeches/2018/2018-04-27-sp.txt,ok
2018-05-03,https://www.ecb.europa.eu/press/key/date/2018/html/ecb.sp180503.en.html,clean/speeches/2018/2018-05-03-sp.txt,ok
2018-05-03-1,https://www.ecb.europa.eu/press/key/date/2018/html/ecb.sp180503_1.en.html,clean/speeches/2018/2018-05-03-1-sp.txt,ok
2018-05-04,https://www.ecb.europa.eu/press/key/date/2018/html/ecb.sp180504.en.html,clean/speeches/2018/2018-05-04-sp.txt,ok
2018-05-07,https://www.ecb.europa.eu/press/key/date/2018/html/ecb.sp180507.en.html,clean/speeches/2018/2018-05-07-sp.txt,ok
2018-05-11,https://www.ecb.europa.eu/press/key/date/2018/html/ecb.sp180511.en.html,clean/speeches/2018/2018-05-11-sp.txt,ok
2018-05-14,https://www.ecb.europa.eu/press/key/date/2018/html/ecb.sp180514.en.html,clean/speeches/2018/2018-05-14-sp.txt,ok
2018-05-14-1,https://www.ecb.europa.eu/press/key/date/2018/html/ecb.sp180514_1.en.html,clean/speeches/2018/2018-05-14-1-sp.txt,ok
2018-05-14-2,https://www.ecb.europa.eu/press/key/date/2018/html/ecb.sp180514_2.en.html,clean/speeches/2018/2018-05-14-2-sp.txt,ok
2018-05-14-3,https://www.ecb.europa.eu/press/key/date/2018/html/ecb.sp180514_3.en.html,clean/speeches/2018/2018-05-14-3-sp.txt,ok
2018-05-14-4,https://www.ecb.europa.eu/press/key/date/2018/html/ecb.sp180514_4.en.html,clean/speeches/2018/2018-05-14-4-sp.txt,ok
2018-05-17,https://www.ecb.europa.eu/press/key/date/2018/html/ecb.sp180517.en.html,clean/speeches/2018/2018-05-17-sp.txt,ok
2018-05-25,https://www.ecb.europa.eu/press/key/date/2018/html/ecb.sp180525.en.html,clean/speeches/2018/2018-05-25-sp.txt,ok
2018-05-29,https://www.ecb.europa.eu/press/key/date/2018/html/ecb.sp180529.en.html,clean/speeches/2018/2018-05-29-sp.txt,ok
2018-05-29-1,https://www.ecb.europa.eu/press/key/date/2018/html/ecb.sp180529_1.en.html,clean/speeches/2018/2018-05-29-1-sp.txt,ok
2018-06-06,https://www.ecb.europa.eu/press/key/date/2018/html/ecb.sp180606.en.html,clean/speeches/2018/2018-06-06-sp.txt,ok
2018-06-08,https://www.ecb.europa.eu/press/key/date/2018/html/ecb.sp180608.en.html,clean/speeches/2018/2018-06-08-sp.txt,ok
2018-06-19,https://www.ecb.europa.eu/press/key/date/2018/html/ecb.sp180619.en.html,clean/speeches/2018/2018-06-19-sp.txt,ok
2018-06-26,https://www.ecb.europa.eu/press/key/date/2018/html/ecb.sp180626.en.html,clean/speeches/2018/2018-06-26-sp.txt,ok
2018-06-26-1,https://www.ecb.europa.eu/press/key/date/2018/html/ecb.sp180626_1.en.html,clean/speeches/2018/2018-06-26-1-sp.txt,ok
2018-07-01,https://www.ecb.europa.eu/press/key/date/2018/html/ecb.sp180701.en.html,clean/speeches/2018/2018-07-01-sp.txt,ok
2018-07-03,https://www.ecb.europa.eu/press/key/date/2018/html/ecb.sp180703.en.html,clean/speeches/2018/2018-07-03-sp.txt,ok
2018-07-05,https://www.ecb.europa.eu/press/key/date/2018/html/ecb.sp180705.en.html,clean/speeches/2018/2018-07-05-sp.txt,ok
2018-07-05-1,https://www.ecb.europa.eu/press/key/date/2018/html/ecb.sp180705_1.en.html,clean/speeches/2018/2018-07-05-1-sp.txt,ok
2018-07-08,https://www.ecb.europa.eu/press/key/date/2018/html/ecb.sp180708.en.html,clean/speeches/2018/2018-07-08-sp.txt,ok
2018-07-09,https://www.ecb.europa.eu/press/key/date/2018/html/ecb.sp180709.en.html,clean/speeches/2018/2018-07-09-sp.txt,ok
2018-07-10,https://www.ecb.europa.eu/press/key/date/2018/html/ecb.sp180710.en.html,clean/speeches/2018/2018-07-10-sp.txt,ok
2018-08-31,https://www.ecb.europa.eu/press/key/date/2018/html/ecb.sp180831.en.html,clean/speeches/2018/2018-08-31-sp.txt,ok
2018-09-03,https://www.ecb.europa.eu/press/key/date/2018/html/ecb.sp180903.en.html,clean/speeches/2018/2018-09-03-sp.txt,ok
2018-09-05,https://www.ecb.europa.eu/press/key/date/2018/html/ecb.sp180905.en.html,clean/speeches/2018/2018-09-05-sp.txt,ok
2018-09-06,https://www.ecb.europa.eu/press/key/date/2018/html/ecb.sp180906.en.html,clean/speeches/2018/2018-09-06-sp.txt,ok
2018-09-06-1,https://www.ecb.europa.eu/press/key/date/2018/html/ecb.sp180906_1.en.html,clean/speeches/2018/2018-09-06-1-sp.txt,ok
2018-09-17-1,https://www.ecb.europa.eu/press/key/date/2018/html/ecb.sp180917_1.en.html,clean/speeches/2018/2018-09-17-1-sp.txt,ok
2018-09-18,https://www.ecb.europa.eu/press/key/date/2018/html/ecb.sp180918.en.html,clean/speeches/2018/2018-09-18-sp.txt,ok
2018-09-19,https://www.ecb.europa.eu/press/key/date/2018/html/ecb.sp180919.en.html,clean/speeches/2018/2018-09-19-sp.txt,ok
2018-09-20,https://www.ecb.europa.eu/press/key/date/2018/html/ecb.sp180920.en.html,clean/speeches/2018/2018-09-20-sp.txt,ok
2018-09-24,https://www.ecb.europa.eu/press/key/date/2018/html/ecb.sp180924.en.html,clean/speeches/2018/2018-09-24-sp.txt,ok
2018-09-25,https://www.ecb.europa.eu/press/key/date/2018/html/ecb.sp180925.en.html,clean/speeches/2018/2018-09-25-sp.txt,ok
2018-09-27,https://www.ecb.europa.eu/press/key/date/2018/html/ecb.sp180927.en.html,clean/speeches/2018/2018-09-27-sp.txt,ok
2018-09-27-1,https://www.ecb.europa.eu/press/key/date/2018/html/ecb.sp180927_1.en.html,clean/speeches/2018/2018-09-27-1-sp.txt,ok
2018-10-03,https://www.ecb.europa.eu/press/key/date/2018/html/ecb.sp181003.en.html,clean/speeches/2018/2018-10-03-sp.txt,ok
2018-10-04,https://www.ecb.europa.eu/press/key/date/2018/html/ecb.sp181004.en.html,clean/speeches/2018/2018-10-04-sp.txt,ok
2018-10-05,https://www.ecb.europa.eu/press/key/date/2018/html/ecb.sp181005.en.html,clean/speeches/2018/2018-10-05-sp.txt,ok
2018-10-10,https://www.ecb.europa.eu/press/key/date/2018/html/ecb.sp181010.en.html,clean/speeches/2018/2018-10-10-sp.txt,ok
2018-10-12,https://www.ecb.europa.eu/press/key/date/2018/html/ecb.sp181012.en.html,clean/speeches/2018/2018-10-12-sp.txt,ok
2018-10-12-1,https://www.ecb.europa.eu/press/key/date/2018/html/ecb.sp181012_1.en.html,clean/speeches/2018/2018-10-12-1-sp.txt,ok
2018-10-15,https://www.ecb.europa.eu/press/key/date/2018/html/ecb.sp181015.en.html,clean/speeches/2018/2018-10-15-sp.txt,ok
2018-10-17,https://www.ecb.europa.eu/press/key/date/2018/html/ecb.sp181017.en.html,clean/speeches/2018/2018-10-17-sp.txt,ok
2018-10-26,https://www.ecb.europa.eu/press/key/date/2018/html/ecb.sp181026.en.html,clean/speeches/2018/2018-10-26-sp.txt,ok
2018-10-26-1,https://www.ecb.europa.eu/press/key/date/2018/html/ecb.sp181026_1.en.html,clean/speeches/2018/2018-10-26-1-sp.txt,ok
2018-10-30,https://www.ecb.europa.eu/press/key/date/2018/html/ecb.sp181030.en.html,clean/speeches/2018/2018-10-30-sp.txt,ok
2018-11-05,https://www.ecb.europa.eu/press/key/date/2018/html/ecb.sp181105.en.html,clean/speeches/2018/2018-11-05-sp.txt,ok
2018-11-06,https://www.ecb.europa.eu/press/key/date/2018/html/ecb.sp181106.en.html,clean/speeches/2018/2018-11-06-sp.txt,ok
2018-11-08,https://www.ecb.europa.eu/press/key/date/2018/html/ecb.sp181108.en.html,clean/speeches/2018/2018-11-08-sp.txt,ok
2018-11-08-1,https://www.ecb.europa.eu/press/key/date/2018/html/ecb.sp181108_1.en.html,clean/speeches/2018/2018-11-08-1-sp.txt,ok
2018-11-12,https://www.ecb.europa.eu/press/key/date/2018/html/ecb.sp181112.en.html,clean/speeches/2018/2018-11-12-sp.txt,ok
2018-11-13,https://www.ecb.europa.eu/press/key/date/2018/html/ecb.sp181113.en.html,clean/speeches/2018/2018-11-13-sp.txt,ok
2018-11-13-1,https://www.ecb.europa.eu/press/key/date/2018/html/ecb.sp181113_1.en.html,clean/speeches/2018/2018-11-13-1-sp.txt,ok
2018-11-13-2,https://www.ecb.europa.eu/press/key/date/2018/html/ecb.sp181113_2.en.html,clean/speeches/2018/2018-11-13-2-sp.txt,ok
2018-11-15,https://www.ecb.europa.eu/press/key/date/2018/html/ecb.sp181115.en.html,clean/speeches/2018/2018-11-15-sp.txt,ok
2018-11-15-1,https://www.ecb.europa.eu/press/key/date/2018/html/ecb.sp181115_1.en.html,clean/speeches/2018/2018-11-15-1-sp.txt,ok
2018-11-16,https://www.ecb.europa.eu/press/key/date/2018/html/ecb.sp181116.en.html,clean/speeches/2018/2018-11-16-sp.txt,ok
2018-11-22,https://www.ecb.europa.eu/press/key/date/2018/html/ecb.sp181122.en.html,clean/speeches/2018/2018-11-22-sp.txt,ok
2018-11-23,https://www.ecb.europa.eu/press/key/date/2018/html/ecb.sp181123.en.html,clean/speeches/2018/2018-11-23-sp.txt,ok
2018-11-26,https://www.ecb.europa.eu/press/key/date/2018/html/ecb.sp181126.en.html,clean/speeches/2018/2018-11-26-sp.txt,ok
2018-11-26-1,https://www.ecb.europa.eu/press/key/date/2018/html/ecb.sp181126_1.en.html,clean/speeches/2018/2018-11-26-1-sp.txt,ok
2018-11-26-2,https://www.ecb.europa.eu/press/key/date/2018/html/ecb.sp181126_2.en.html,clean/speeches/2018/2018-11-26-2-sp.txt,ok
2018-11-27,https://www.ecb.europa.eu/press/key/date/2018/html/ecb.sp181127.en.html,clean/speeches/2018/2018-11-27-sp.txt,ok
2018-11-28,https://www.ecb.europa.eu/press/key/date/2018/html/ecb.sp181128.en.html,clean/speeches/2018/2018-11-28-sp.txt,ok
2018-11-28-1,https://www.ecb.europa.eu/press/key/date/2018/html/ecb.sp181128_1.en.html,clean/speeches/2018/2018-11-28-1-sp.txt,ok
2018-11-30,https://www.ecb.europa.eu/press/key/date/2018/html/ecb.sp181130.en.html,clean/speeches/2018/2018-11-30-sp.txt,ok
2018-12-07,https://www.ecb.europa.eu/press/key/date/2018/html/ecb.sp181207.en.html,clean/speeches/2018/2018-12-07-sp.txt,ok
2018-12-14,https://www.ecb.europa.eu/press/key/date/2018/html/ecb.sp181214.en.html,clean/speeches/2018/2018-12-14-sp.txt,ok
2018-12-14-1,https://www.ecb.europa.eu/press/key/date/2018/html/ecb.sp181214_1.en.html,clean/speeches/2018/2018-12-14-1-sp.txt,ok
2018-12-15,https://www.ecb.europa.eu/press/key/date/2018/html/ecb.sp181215.en.html,clean/speeches/2018/2018-12-15-sp.txt,ok
2018-12-18,https://www.ecb.europa.eu/press/key/date/2018/html/ecb.sp181218.en.html,clean/speeches/2018/2018-12-18-sp.txt,ok
2019-01-07,https://www.ecb.europa.eu/press/key/date/2019/html/ecb.sp190107.en.html,clean/speeches/2019/2019-01-07-sp.txt,ok
2019-01-11,https://www.ecb.europa.eu/press/key/date/2019/html/ecb.sp190111.en.html,clean/speeches/2019/2019-01-11-sp.txt,ok
2019-01-15,https://www.ecb.europa.eu/press/key/date/2019/html/ecb.sp190115.en.html,clean/speeches/2019/2019-01-15-sp.txt,ok
2019-01-15-1,https://www.ecb.europa.eu/press/key/date/2019/html/ecb.sp190115_1.en.html,clean/speeches/2019/2019-01-15-1-sp.txt,ok
2019-01-17,https://www.ecb.europa.eu/press/key/date/2019/html/ecb.sp190117.en.html,clean/speeches/2019/2019-01-17-sp.txt,ok
2019-01-28,https://www.ecb.europa.eu/press/key/date/2019/html/ecb.sp190128~8b43137b4f.en.html,clean/speeches/2019/2019-01-28-sp.txt,ok
2019-01-31,https://www.ecb.europa.eu/press/key/date/2019/html/ecb.sp190131~24b8e3fb49.en.html,clean/speeches/2019/2019-01-31-sp.txt,ok
2019-01-31-1,https://www.ecb.europa.eu/press/key/date/2019/html/ecb.sp190131_1~8d17d2ff95.en.html,clean/speeches/2019/2019-01-31-1-sp.txt,ok
2019-02-04,https://www.ecb.europa.eu/press/key/date/2019/html/ecb.sp190204~fc6f950d31.en.html,clean/speeches/2019/2019-02-04-sp.txt,ok
2019-02-07,https://www.ecb.europa.eu/press/key/date/2019/html/ecb.sp190207~f900d9105b.en.html,clean/speeches/2019/2019-02-07-sp.txt,ok
2019-02-11,https://www.ecb.europa.eu/press/key/date/2019/html/ecb.sp190211~6b70b3a599.en.html,clean/speeches/2019/2019-02-11-sp.txt,ok
2019-02-13,https://www.ecb.europa.eu/press/key/date/2019/html/ecb.sp190213~eab73a449d.en.html,clean/speeches/2019/2019-02-13-sp.txt,ok
2019-02-15,https://www.ecb.europa.eu/press/key/date/2019/html/ecb.sp190215~15c89d887b.en.html,clean/speeches/2019/2019-02-15-sp.txt,ok
2019-02-19,https://www.ecb.europa.eu/press/key/date/2019/html/ecb.sp190219~6f4c9be85b.en.html,clean/speeches/2019/2019-02-19-sp.txt,ok
2019-02-21,https://www.ecb.europa.eu/press/key/date/2019/html/ecb.sp190221~09c2b7ac1f.en.html,clean/speeches/2019/2019-02-21-sp.txt,ok
2019-02-22,https://www.ecb.europa.eu/press/key/date/2019/html/ecb.sp190222~fc5501c1b1.en.html,clean/speeches/2019/2019-02-22-sp.txt,ok
2019-02-26,https://www.ecb.europa.eu/press/key/date/2019/html/ecb.sp190226~d98d307ad4.en.html,clean/speeches/2019/2019-02-26-sp.txt,ok
2019-02-26-1,https://www.ecb.europa.eu/press/key/date/2019/html/ecb.sp190226_1~aa8f2f6274.en.html,clean/speeches/2019/2019-02-26-1-sp.txt,ok
2019-02-27,https://www.ecb.europa.eu/press/key/date/2019/html/ecb.sp190227~cf2acdb23d.en.html,clean/speeches/2019/2019-02-27-sp.txt,ok
2019-03-12,https://www.ecb.europa.eu/press/key/date/2019/html/ecb.sp190312~e879b04205.en.html,clean/speeches/2019/2019-03-12-sp.txt,ok
2019-03-13,https://www.ecb.europa.eu/press/key/date/2019/html/ecb.sp190313~65244d26e7.en.html,clean/speeches/2019/2019-03-13-sp.txt,ok
2019-03-18,https://www.ecb.europa.eu/press/key/date/2019/html/ecb.sp190318~7a3db34387.en.html,clean/speeches/2019/2019-03-18-sp.txt,ok
2019-03-18-1,https://www.ecb.europa.eu/press/key/date/2019/html/ecb.sp190318_1~8d608350ab.en.html,clean/speeches/2019/2019-03-18-1-sp.txt,ok
2019-03-22,https://www.ecb.europa.eu/press/key/date/2019/html/ecb.sp190322~58f82e0d4d.en.html,clean/speeches/2019/2019-03-22-sp.txt,ok
2019-03-27,https://www.ecb.europa.eu/press/key/date/2019/html/ecb.sp190327~2b454e4326.en.html,clean/speeches/2019/2019-03-27-sp.txt,ok
2019-03-27-1,https://www.ecb.europa.eu/press/key/date/2019/html/ecb.sp190327_1~bf08da5340.en.html,clean/speeches/2019/2019-03-27-1-sp.txt,ok
2019-03-27-2,https://www.ecb.europa.eu/press/key/date/2019/html/ecb.sp190327_2~f288a94261.en.html,clean/speeches/2019/2019-03-27-2-sp.txt,ok
2019-03-27-3,https://www.ecb.europa.eu/press/key/date/2019/html/ecb.sp190327_3~487f149635.en.html,clean/speeches/2019/2019-03-27-3-sp.txt,ok
2019-03-27-4,https://www.ecb.europa.eu/press/key/date/2019/html/ecb.sp190327_4~4ccf5d35bc.en.html,clean/speeches/2019/2019-03-27-4-sp.txt,ok
2019-03-29,https://www.ecb.europa.eu/press/key/date/2019/html/ecb.sp190329~da3110cea9.en.html,clean/speeches/2019/2019-03-29-sp.txt,ok
2019-04-01,https://www.ecb.europa.eu/press/key/date/2019/html/ecb.sp190401~6cedae5843.en.html,clean/speeches/2019/2019-04-01-sp.txt,ok
2019-04-06,https://www.ecb.europa.eu/press/key/date/2019/html/ecb.sp190406~f2af7b707b.en.html,clean/speeches/2019/2019-04-06-sp.txt,ok
2019-04-12,https://www.ecb.europa.eu/press/key/date/2019/html/ecb.sp190412~8acda1aa03.en.html,clean/speeches/2019/2019-04-12-sp.txt,ok
2019-04-17,https://www.ecb.europa.eu/press/key/date/2019/html/ecb.sp190417~efcf14da2a.en.html,clean/speeches/2019/2019-04-17-sp.txt,ok
2019-05-01,https://www.ecb.europa.eu/press/key/date/2019/html/ecb.sp190501~7733ecc1a9.en.html,clean/speeches/2019/2019-05-01-sp.txt,ok
2019-05-06,https://www.ecb.europa.eu/press/key/date/2019/html/ecb.sp190506~14299d5b80.en.html,clean/speeches/2019/2019-05-06-sp.txt,ok
2019-05-10,https://www.ecb.europa.eu/press/key/date/2019/html/ecb.sp190510~50af1eb695.en.html,clean/speeches/2019/2019-05-10-sp.txt,ok
2019-05-10-1,https://www.ecb.europa.eu/press/key/date/2019/html/ecb.sp190510_1~5803aca48c.en.html,clean/speeches/2019/2019-05-10-1-sp.txt,ok
2019-05-10-2,https://www.ecb.europa.eu/press/key/date/2019/html/ecb.sp190510_2~2e988cb439.en.html,clean/speeches/2019/2019-05-10-2-sp.txt,ok
2019-05-15,https://www.ecb.europa.eu/press/key/date/2019/html/ecb.sp190515~e09ee2ec5f.en.html,clean/speeches/2019/2019-05-15-sp.txt,ok
2019-05-15-1,https://www.ecb.europa.eu/press/key/date/2019/html/ecb.sp190515_1~8105888d6c.en.html,clean/speeches/2019/2019-05-15-1-sp.txt,ok
2019-05-16,https://www.ecb.europa.eu/press/key/date/2019/html/ecb.sp190516~1c0d48c7d8.en.html,clean/speeches/2019/2019-05-16-sp.txt,ok
2019-05-16-1,https://www.ecb.europa.eu/press/key/date/2019/html/ecb.sp190516_1~37af9e6bcb.en.html,clean/speeches/2019/2019-05-16-1-sp.txt,ok
2019-05-21,https://www.ecb.europa.eu/press/key/date/2019/html/ecb.sp190521~fb65e03559.en.html,clean/speeches/2019/2019-05-21-sp.txt,ok
2019-05-23,https://www.ecb.europa.eu/press/key/date/2019/html/ecb.sp190523~b1245030d5.en.html,clean/speeches/2019/2019-05-23-sp.txt,ok
2019-05-27,https://www.ecb.europa.eu/press/key/date/2019/html/ecb.sp190527~dc0760b772.en.html,clean/speeches/2019/2019-05-27-sp.txt,ok
2019-05-29,https://www.ecb.europa.eu/press/key/date/2019/html/ecb.sp190529~7e037a684b.en.html,clean/speeches/2019/2019-05-29-sp.txt,ok
2019-06-10,https://www.ecb.europa.eu/press/key/date/2019/html/ecb.sp190610~1104548162.en.html,clean/speeches/2019/2019-06-10-sp.txt,ok
2019-06-12,https://www.ecb.europa.eu/press/key/date/2019/html/ecb.sp190612~3bc4b02961.en.html,clean/speeches/2019/2019-06-12-sp.txt,ok
2019-06-12-1,https://www.ecb.europa.eu/press/key/date/2019/html/ecb.sp190612_1~1a3bede969.en.html,clean/speeches/2019/2019-06-12-1-sp.txt,ok
2019-06-14,https://www.ecb.europa.eu/press/key/date/2019/html/ecb.sp190614~509788164a.en.html,clean/speeches/2019/2019-06-14-sp.txt,ok
2019-06-18,https://www.ecb.europa.eu/press/key/date/2019/html/ecb.sp190618~ec4cd2443b.en.html,clean/speeches/2019/2019-06-18-sp.txt,ok
2019-06-25,https://www.ecb.europa.eu/press/key/date/2019/html/ecb.sp190625~6d33411cff.en.html,clean/speeches/2019/2019-06-25-sp.txt,ok
2019-06-25-1,https://www.ecb.europa.eu/press/key/date/2019/html/ecb.sp190625_1~49befd1908.en.html,clean/speeches/2019/2019-06-25-1-sp.txt,ok
2019-06-28,https://www.ecb.europa.eu/press/key/date/2019/html/ecb.sp190628~7028294af9.en.html,clean/speeches/2019/2019-06-28-sp.txt,ok
2019-06-29,https://www.ecb.europa.eu/press/key/date/2019/html/ecb.sp190629~c6939a893b.en.html,clean/speeches/2019/2019-06-29-sp.txt,ok
2019-07-01,https://www.ecb.europa.eu/press/key/date/2019/html/ecb.sp190701~0c1fa3c8fc.en.html,clean/speeches/2019/2019-07-01-sp.txt,ok
2019-07-04,https://www.ecb.europa.eu/press/key/date/2019/html/ecb.sp190704~975f757478.en.html,clean/speeches/2019/2019-07-04-sp.txt,ok
2019-07-04-1,https://www.ecb.europa.eu/press/key/date/2019/html/ecb.sp190704_1~c105b24fd6.en.html,clean/speeches/2019/2019-07-04-1-sp.txt,ok
2019-07-11,https://www.ecb.europa.eu/press/key/date/2019/html/ecb.sp190711~6dcaf97c01.en.html,clean/speeches/2019/2019-07-11-sp.txt,ok
2019-08-27,https://www.ecb.europa.eu/press/key/date/2019/html/ecb.sp190827~0941246e14.en.html,clean/speeches/2019/2019-08-27-sp.txt,ok
2019-09-02,https://www.ecb.europa.eu/press/key/date/2019/html/ecb.sp190902~aedded9219.en.html,clean/speeches/2019/2019-09-02-sp.txt,ok
2019-09-04-1,https://www.ecb.europa.eu/press/key/date/2019/html/ecb.sp190904_1~bac2a6696b.en.html,clean/speeches/2019/2019-09-04-1-sp.txt,ok
2019-09-04-2,https://www.ecb.europa.eu/press/key/date/2019/html/ecb.sp190904_2~4c8236275b.en.html,clean/speeches/2019/2019-09-04-2-sp.txt,ok
2019-09-07,https://www.ecb.europa.eu/press/key/date/2019/html/ecb.sp190907~81df41228e.en.html,clean/speeches/2019/2019-09-07-sp.txt,ok
2019-09-16,https://www.ecb.europa.eu/press/key/date/2019/html/ecb.sp190916~ca77017a8e.en.html,clean/speeches/2019/2019-09-16-sp.txt,ok
2019-09-17,https://www.ecb.europa.eu/press/key/date/2019/html/ecb.sp190917~9b63e0ea23.en.html,clean/speeches/2019/2019-09-17-sp.txt,ok
2019-09-23,https://www.ecb.europa.eu/press/key/date/2019/html/ecb.sp190923~f7dc5b72be.en.html,clean/speeches/2019/2019-09-23-sp.txt,ok
2019-09-24,https://www.ecb.europa.eu/press/key/date/2019/html/ecb.sp190924~fc8df55cd2.en.html,clean/speeches/2019/2019-09-24-sp.txt,ok
2019-09-24-1,https://www.ecb.europa.eu/press/key/date/2019/html/ecb.sp190924_1~11f3b9886d.en.html,clean/speeches/2019/2019-09-24-1-sp.txt,ok
2019-09-25,https://www.ecb.europa.eu/press/key/date/2019/html/ecb.sp190925~3afa2f7508.en.html,clean/speeches/2019/2019-09-25-sp.txt,ok
2019-09-26,https://www.ecb.europa.eu/press/key/date/2019/html/ecb.sp190926~9c2034d370.en.html,clean/speeches/2019/2019-09-26-sp.txt,ok
2019-10-01,https://www.ecb.europa.eu/press/key/date/2019/html/ecb.sp191001~b4d59257ea.en.html,clean/speeches/2019/2019-10-01-sp.txt,ok
2019-10-01-1,https://www.ecb.europa.eu/press/key/date/2019/html/ecb.sp191001_1~5d7713fcd1.en.html,clean/speeches/2019/2019-10-01-1-sp.txt,ok
2019-10-02,https://www.ecb.europa.eu/press/key/date/2019/html/ecb.sp191002~e8a0faff45.en.html,clean/speeches/2019/2019-10-02-sp.txt,ok
2019-10-03,https://www.ecb.europa.eu/press/key/date/2019/html/ecb.sp191003~bd60483a70.en.html,clean/speeches/2019/2019-10-03-sp.txt,ok
2019-10-11,https://www.ecb.europa.eu/press/key/date/2019/html/ecb.sp191011~b0a4d1e7c5.en.html,clean/speeches/2019/2019-10-11-sp.txt,ok
2019-10-11-1,https://www.ecb.europa.eu/press/key/date/2019/html/ecb.sp191011_1~8222e60996.en.html,clean/speeches/2019/2019-10-11-1-sp.txt,ok
2019-10-17,https://www.ecb.europa.eu/press/key/date/2019/html/ecb.sp191017~8c8b08be0d.en.html,clean/speeches/2019/2019-10-17-sp.txt,ok
2019-10-18,https://www.ecb.europa.eu/press/key/date/2019/html/ecb.sp191018~30bef7bc14.en.html,clean/speeches/2019/2019-10-18-sp.txt,ok
2019-10-28,https://www.ecb.europa.eu/press/key/date/2019/html/ecb.sp191028~7e8b444d6f.en.html,clean/speeches/2019/2019-10-28-sp.txt,ok
2019-10-30,https://www.ecb.europa.eu/press/key/date/2019/html/ecb.sp191030~c6127fd888.en.html,clean/speeches/2019/2019-10-30-sp.txt,ok
2019-11-04,https://www.ecb.europa.eu/press/key/date/2019/html/ecb.sp191104~bc0e09d455.en.html,clean/speeches/2019/2019-11-04-sp.txt,ok
2019-11-06,https://www.ecb.europa.eu/press/key/date/2019/html/ecb.sp191106~1910820033.en.html,clean/speeches/2019/2019-11-06-sp.txt,ok
2019-11-11,https://www.ecb.europa.eu/press/key/date/2019/html/ecb.sp191111~b1002256a1.en.html,clean/speeches/2019/2019-11-11-sp.txt,ok
2019-11-12,https://www.ecb.europa.eu/press/key/date/2019/html/ecb.sp191112~5808616051.en.html,clean/speeches/2019/2019-11-12-sp.txt,ok
2019-11-12-1,https://www.ecb.europa.eu/press/key/date/2019/html/ecb.sp191112_1~f304b47e14.en.html,clean/speeches/2019/2019-11-12-1-sp.txt,ok
2019-11-14,https://www.ecb.europa.eu/press/key/date/2019/html/ecb.sp191114~dbaf624e6a.en.html,clean/speeches/2019/2019-11-14-sp.txt,ok
2019-11-15,https://www.ecb.europa.eu/press/key/date/2019/html/ecb.sp191115~4369baad76.en.html,clean/speeches/2019/2019-11-15-sp.txt,ok
2019-11-18,https://www.ecb.europa.eu/press/key/date/2019/html/ecb.sp191118~01665d0697.en.html,clean/speeches/2019/2019-11-18-sp.txt,ok
2019-11-21,https://www.ecb.europa.eu/press/key/date/2019/html/ecb.sp191121~ac8d57f61c.en.html,clean/speeches/2019/2019-11-21-sp.txt,ok
2019-11-21-1,https://www.ecb.europa.eu/press/key/date/2019/html/ecb.sp191121_1~af63c4de7d.en.html,clean/speeches/2019/2019-11-21-1-sp.txt,ok
2019-11-22,https://www.ecb.europa.eu/press/key/date/2019/html/ecb.sp191122~0c1f115db0.en.html,clean/speeches/2019/2019-11-22-sp.txt,ok
2019-11-25,https://www.ecb.europa.eu/press/key/date/2019/html/ecb.sp191125~b0ecc8e6f0.en.html,clean/speeches/2019/2019-11-25-sp.txt,ok
2019-11-25-1,https://www.ecb.europa.eu/press/key/date/2019/html/ecb.sp191125_1~8f087c6781.en.html,clean/speeches/2019/2019-11-25-1-sp.txt,ok
2019-11-26,https://www.ecb.europa.eu/press/key/date/2019/html/ecb.sp191126~5230672c11.en.html,clean/speeches/2019/2019-11-26-sp.txt,ok
2019-11-27,https://www.ecb.europa.eu/press/key/date/2019/html/ecb.sp191127~3ad384365f.en.html,clean/speeches/2019/2019-11-27-sp.txt,ok
2019-11-28,https://www.ecb.europa.eu/press/key/date/2019/html/ecb.sp191128~9216194199.en.html,clean/speeches/2019/2019-11-28-sp.txt,ok
2019-11-28-1,https://www.ecb.europa.eu/press/key/date/2019/html/ecb.sp191128_1~de8e7283e6.en.html,clean/speeches/2019/2019-11-28-1-sp.txt,ok
2019-11-29,https://www.ecb.europa.eu/press/key/date/2019/html/ecb.sp191129~ae00529dce.en.html,clean/speeches/2019/2019-11-29-sp.txt,ok
2019-12-02,https://www.ecb.europa.eu/press/key/date/2019/html/ecb.sp191202~f8d16c9361.en.html,clean/speeches/2019/2019-12-02-sp.txt,ok
2019-12-03,https://www.ecb.europa.eu/press/key/date/2019/html/ecb.sp191203~043847dfc1.en.html,clean/speeches/2019/2019-12-03-sp.txt,ok
2019-12-13,https://www.ecb.europa.eu/press/key/date/2019/html/ecb.sp191213~e902526bbf.en.html,clean/speeches/2019/2019-12-13-sp.txt,ok
2019-12-16,https://www.ecb.europa.eu/press/key/date/2019/html/ecb.sp191216~323ce6bb61.en.html,clean/speeches/2019/2019-12-16-sp.txt,ok
2019-12-16-1,https://www.ecb.europa.eu/press/key/date/2019/html/ecb.sp191216_1~43d8f281dd.en.html,clean/speeches/2019/2019-12-16-1-sp.txt,ok
2019-12-18,https://www.ecb.europa.eu/press/key/date/2019/html/ecb.sp191218~12a0385d3b.en.html,clean/speeches/2019/2019-12-18-sp.txt,ok
2020-01-08,https://www.ecb.europa.eu/press/key/date/2020/html/ecb.sp200108~323f3e7dac.en.html,clean/speeches/2020/2020-01-08-sp.txt,ok
2020-01-16,https://www.ecb.europa.eu/press/key/date/2020/html/ecb.sp200116~462f31d9b3.en.html,clean/speeches/2020/2020-01-16-sp.txt,ok
2020-01-23,https://www.ecb.europa.eu/press/key/date/2020/html/ecb.sp200123~ac51bf0c46.en.html,clean/speeches/2020/2020-01-23-sp.txt,ok
2020-01-27,https://www.ecb.europa.eu/press/key/date/2020/html/ecb.sp200127~f80408b6da.en.html,clean/speeches/2020/2020-01-27-sp.txt,ok
2020-02-05-1,https://www.ecb.europa.eu/press/key/date/2020/html/ecb.sp200205_1~cc8a8787f6.en.html,clean/speeches/2020/2020-02-05-1-sp.txt,ok
2020-02-06,https://www.ecb.europa.eu/press/key/date/2020/html/ecb.sp200206~edb83d06a3.en.html,clean/speeches/2020/2020-02-06-sp.txt,ok
2020-02-06-1,https://www.ecb.europa.eu/press/key/date/2020/html/ecb.sp200206_1~063a81a96d.en.html,clean/speeches/2020/2020-02-06-1-sp.txt,ok
2020-02-11,https://www.ecb.europa.eu/press/key/date/2020/html/ecb.sp200211~f188a4e20f.en.html,clean/speeches/2020/2020-02-11-sp.txt,ok
2020-02-11-1,https://www.ecb.europa.eu/press/key/date/2020/html/ecb.sp200211_1~b439a2f4a0.en.html,clean/speeches/2020/2020-02-11-1-sp.txt,ok
2020-02-11-2,https://www.ecb.europa.eu/press/key/date/2020/html/ecb.sp200211_2~eae18c54ff.en.html,clean/speeches/2020/2020-02-11-2-sp.txt,ok
2020-02-17,https://www.ecb.europa.eu/press/key/date/2020/html/ecb.sp200217~1123672b04.en.html,clean/speeches/2020/2020-02-17-sp.txt,ok
2020-02-18,https://www.ecb.europa.eu/press/key/date/2020/html/ecb.sp200218~0ba27c66b2.en.html,clean/speeches/2020/2020-02-18-sp.txt,ok
2020-02-20,https://www.ecb.europa.eu/press/key/date/2020/html/ecb.sp200220~7bf389feeb.en.html,clean/speeches/2020/2020-02-20-sp.txt,ok
2020-02-21,https://www.ecb.europa.eu/press/key/date/2020/html/ecb.sp200221~d147a71a37.en.html,clean/speeches/2020/2020-02-21-sp.txt,ok
2020-02-26,https://www.ecb.europa.eu/press/key/date/2020/html/ecb.sp200226~e33a0d0c1c.en.html,clean/speeches/2020/2020-02-26-sp.txt,ok
2020-02-27,https://www.ecb.europa.eu/press/key/date/2020/html/ecb.sp200227~7aae128657.en.html,clean/speeches/2020/2020-02-27-sp.txt,ok
2020-02-27-1,https://www.ecb.europa.eu/press/key/date/2020/html/ecb.sp200227_1~5eac0ce39a.en.html,clean/speeches/2020/2020-02-27-1-sp.txt,ok
2020-02-27-2,https://www.ecb.europa.eu/press/key/date/2020/html/ecb.sp200227_2~301776ff2a.en.html,clean/speeches/2020/2020-02-27-2-sp.txt,ok
2020-02-27-3,https://www.ecb.europa.eu/press/key/date/2020/html/ecb.sp200227_3~949cf2d793.en.html,clean/speeches/2020/2020-02-27-3-sp.txt,ok
2020-03-02,https://www.ecb.europa.eu/press/key/date/2020/html/ecb.sp200302~0aa9fbaddd.en.html,clean/speeches/2020/2020-03-02-sp.txt,ok
2020-04-16,https://www.ecb.europa.eu/press/key/date/2020/html/ecb.sp200416~4d6bd9b9c0.en.html,clean/speeches/2020/2020-04-16-sp.txt,ok
2020-04-16-1,https://www.ecb.europa.eu/press/key/date/2020/html/ecb.sp200416_1~e05b5b3ee9.en.html,clean/speeches/2020/2020-04-16-1-sp.txt,ok
2020-05-07,https://www.ecb.europa.eu/press/key/date/2020/html/ecb.sp200507~576464bc66.en.html,clean/speeches/2020/2020-05-07-sp.txt,ok
2020-05-08,https://www.ecb.europa.eu/press/key/date/2020/html/ecb.sp200508~81cd924af6.en.html,clean/speeches/2020/2020-05-08-sp.txt,ok
2020-05-11,https://www.ecb.europa.eu/press/key/date/2020/html/ecb.sp200511~01209cb324.en.html,clean/speeches/2020/2020-05-11-sp.txt,ok
2020-05-19,https://www.ecb.europa.eu/press/key/date/2020/html/ecb.sp200519~e5203d3520.en.html,clean/speeches/2020/2020-05-19-sp.txt,ok
2020-05-22,https://www.ecb.europa.eu/press/key/date/2020/html/ecb.sp200522~45e87ab7ae.en.html,clean/speeches/2020/2020-05-22-sp.txt,ok
2020-06-08,https://www.ecb.europa.eu/press/key/date/2020/html/ecb.sp200608~4225ba8a1b.en.html,clean/speeches/2020/2020-06-08-sp.txt,ok
2020-06-10,https://www.ecb.europa.eu/press/key/date/2020/html/ecb.sp200610~a16c903e5c.en.html,clean/speeches/2020/2020-06-10-sp.txt,ok
2020-06-10-1,https://www.ecb.europa.eu/press/key/date/2020/html/ecb.sp200610_1~64efe479b2.en.html,clean/speeches/2020/2020-06-10-1-sp.txt,ok
2020-06-13,https://www.ecb.europa.eu/press/key/date/2020/html/ecb.sp200613~890270bad1.en.html,clean/speeches/2020/2020-06-13-sp.txt,ok
2020-06-22,https://www.ecb.europa.eu/press/key/date/2020/html/ecb.sp200622~422531a969.en.html,clean/speeches/2020/2020-06-22-sp.txt,ok
2020-06-24,https://www.ecb.europa.eu/press/key/date/2020/html/ecb.sp200624~d102335222.en.html,clean/speeches/2020/2020-06-24-sp.txt,ok
2020-06-25,https://www.ecb.europa.eu/press/key/date/2020/html/ecb.sp200625~5eee0165a7.en.html,clean/speeches/2020/2020-06-25-sp.txt,ok
2020-06-27,https://www.ecb.europa.eu/press/key/date/2020/html/ecb.sp200627~6009be389f.en.html,clean/speeches/2020/2020-06-27-sp.txt,ok
2020-07-01,https://www.ecb.europa.eu/press/key/date/2020/html/ecb.sp200701.en.html,clean/speeches/2020/2020-07-01-sp.txt,ok
2020-07-02,https://www.ecb.europa.eu/press/key/date/2020/html/ecb.sp200702~87ce377373.en.html,clean/speeches/2020/2020-07-02-sp.txt,ok
2020-07-07,https://www.ecb.europa.eu/press/key/date/2020/html/ecb.sp200707~3eebd4e721.en.html,clean/speeches/2020/2020-07-07-sp.txt,ok
2020-07-13,https://www.ecb.europa.eu/press/key/date/2020/html/ecb.sp200713~ecca67c570.en.html,clean/speeches/2020/2020-07-13-sp.txt,ok
2020-07-17,https://www.ecb.europa.eu/press/key/date/2020/html/ecb.sp200717~1556b0f988.en.html,clean/speeches/2020/2020-07-17-sp.txt,ok
2020-07-22,https://www.ecb.europa.eu/press/key/date/2020/html/ecb.sp200722~338ac4a611.en.html,clean/speeches/2020/2020-07-22-sp.txt,ok
2020-08-26,https://www.ecb.europa.eu/press/key/date/2020/html/ecb.sp200826~77ce66626c.en.html,clean/speeches/2020/2020-08-26-sp.txt,ok
2020-08-27,https://www.ecb.europa.eu/press/key/date/2020/html/ecb.sp200827~1957819fff.en.html,clean/speeches/2020/2020-08-27-sp.txt,ok
2020-09-10,https://www.ecb.europa.eu/press/key/date/2020/html/ecb.sp200910~31e6ae9835.en.html,clean/speeches/2020/2020-09-10-sp.txt,ok
2020-09-11,https://www.ecb.europa.eu/press/key/date/2020/html/ecb.sp200911~ea32bd8bb3.en.html,clean/speeches/2020/2020-09-11-sp.txt,ok
2020-09-11-1,https://www.ecb.europa.eu/press/key/date/2020/html/ecb.sp200911_1~0f5e648887.en.html,clean/speeches/2020/2020-09-11-1-sp.txt,ok
2020-09-13,https://www.ecb.europa.eu/press/key/date/2020/html/ecb.sp200913~18360b36e5.en.html,clean/speeches/2020/2020-09-13-sp.txt,ok
2020-09-15,https://www.ecb.europa.eu/press/key/date/2020/html/ecb.sp200915~1fd7e01e3d.en.html,clean/speeches/2020/2020-09-15-sp.txt,ok
2020-09-18,https://www.ecb.europa.eu/press/key/date/2020/html/ecb.sp200918~8aaf49cd79.en.html,clean/speeches/2020/2020-09-18-sp.txt,ok
2020-09-21,https://www.ecb.europa.eu/press/key/date/2020/html/ecb.sp200921~5a30d9013b.en.html,clean/speeches/2020/2020-09-21-sp.txt,ok
2020-09-22,https://www.ecb.europa.eu/press/key/date/2020/html/ecb.sp200922~d158475fe0.en.html,clean/speeches/2020/2020-09-22-sp.txt,ok
2020-09-28,https://www.ecb.europa.eu/press/key/date/2020/html/ecb.sp200928~97c7e2ba27.en.html,clean/speeches/2020/2020-09-28-sp.txt,ok
2020-09-28-1,https://www.ecb.europa.eu/press/key/date/2020/html/ecb.sp200928_1~268b0b672f.en.html,clean/speeches/2020/2020-09-28-1-sp.txt,ok
2020-09-28-2,https://www.ecb.europa.eu/press/key/date/2020/html/ecb.sp200928_2~7869b4af93.en.html,clean/speeches/2020/2020-09-28-2-sp.txt,ok
2020-09-30,https://www.ecb.europa.eu/press/key/date/2020/html/ecb.sp200930~169abb1202.en.html,clean/speeches/2020/2020-09-30-sp.txt,ok
2020-10-06,https://www.ecb.europa.eu/press/key/date/2020/html/ecb.sp201006~e1d38a1ccc.en.html,clean/speeches/2020/2020-10-06-sp.txt,ok
2020-10-08,https://www.ecb.europa.eu/press/key/date/2020/html/ecb.sp201008~cd8a007730.en.html,clean/speeches/2020/2020-10-08-sp.txt,ok
2020-10-12,https://www.ecb.europa.eu/press/key/date/2020/html/ecb.sp201012~167b6b14de.en.html,clean/speeches/2020/2020-10-12-sp.txt,ok
2020-10-12-1,https://www.ecb.europa.eu/press/key/date/2020/html/ecb.sp201012_1~1d14637163.en.html,clean/speeches/2020/2020-10-12-1-sp.txt,ok
2020-10-15,https://www.ecb.europa.eu/press/key/date/2020/html/ecb.sp201015~1cb2135e70.en.html,clean/speeches/2020/2020-10-15-sp.txt,ok
2020-10-18,https://www.ecb.europa.eu/press/key/date/2020/html/ecb.sp201018~03cc2e7ce5.en.html,clean/speeches/2020/2020-10-18-sp.txt,ok
2020-10-19,https://www.ecb.europa.eu/press/key/date/2020/html/ecb.sp201019~20fac0cd9c.en.html,clean/speeches/2020/2020-10-19-sp.txt,ok
2020-10-21-1,https://www.ecb.europa.eu/press/key/date/2020/html/ecb.sp201021_1~b8eb7ecd1d.en.html,clean/speeches/2020/2020-10-21-1-sp.txt,ok
2020-10-22,https://www.ecb.europa.eu/press/key/date/2020/html/ecb.sp201022~d66111be97.en.html,clean/speeches/2020/2020-10-22-sp.txt,ok
2020-11-02,https://www.ecb.europa.eu/press/key/date/2020/html/ecb.sp201102~5660377b52.en.html,clean/speeches/2020/2020-11-02-sp.txt,ok
2020-11-04,https://www.ecb.europa.eu/press/key/date/2020/html/ecb.sp201104~7908460f0d.en.html,clean/speeches/2020/2020-11-04-sp.txt,ok
2020-11-04-1,https://www.ecb.europa.eu/press/key/date/2020/html/ecb.sp201104_1~fe0f5b9a45.en.html,clean/speeches/2020/2020-11-04-1-sp.txt,ok
2020-11-04-2,https://www.ecb.europa.eu/press/key/date/2020/html/ecb.sp201104_2~9afd2bf0ad.en.html,clean/speeches/2020/2020-11-04-2-sp.txt,ok
2020-11-11,https://www.ecb.europa.eu/press/key/date/2020/html/ecb.sp201111~d01e03eb9c.en.html,clean/speeches/2020/2020-11-11-sp.txt,ok
2020-11-12,https://www.ecb.europa.eu/press/key/date/2020/html/ecb.sp201112~0913fc32f3.en.html,clean/speeches/2020/2020-11-12-sp.txt,ok
2020-11-16,https://www.ecb.europa.eu/press/key/date/2020/html/ecb.sp201116~36fba64064.en.html,clean/speeches/2020/2020-11-16-sp.txt,ok
2020-11-19,https://www.ecb.europa.eu/press/key/date/2020/html/ecb.sp201119~c21450a2d2.en.html,clean/speeches/2020/2020-11-19-sp.txt,ok
2020-11-19-1,https://www.ecb.europa.eu/press/key/date/2020/html/ecb.sp201119_1~4a1ff0daf9.en.html,clean/speeches/2020/2020-11-19-1-sp.txt,ok
2020-11-20,https://www.ecb.europa.eu/press/key/date/2020/html/ecb.sp201120~e92d92352f.en.html,clean/speeches/2020/2020-11-20-sp.txt,ok
2020-11-23,https://www.ecb.europa.eu/press/key/date/2020/html/ecb.sp201123~8d9573b1b1.en.html,clean/speeches/2020/2020-11-23-sp.txt,ok
2020-11-24,https://www.ecb.europa.eu/press/key/date/2020/html/ecb.sp201124~bcaebee7c0.en.html,clean/speeches/2020/2020-11-24-sp.txt,ok
2020-11-26,https://www.ecb.europa.eu/press/key/date/2020/html/ecb.sp201126~c5c1036327.en.html,clean/speeches/2020/2020-11-26-sp.txt,ok
2020-11-27,https://www.ecb.europa.eu/press/key/date/2020/html/ecb.sp201127~a781c4e0fc.en.html,clean/speeches/2020/2020-11-27-sp.txt,ok
2020-12-14,https://www.ecb.europa.eu/press/key/date/2020/html/ecb.sp201214~f98082db90.en.html,clean/speeches/2020/2020-12-14-sp.txt,ok
2020-12-14-1,https://www.ecb.europa.eu/press/key/date/2020/html/ecb.sp201214_1~49ae296dae.en.html,clean/speeches/2020/2020-12-14-1-sp.txt,ok
2020-12-16,https://www.ecb.europa.eu/press/key/date/2020/html/ecb.sp201216~7042bffe07.en.html,clean/speeches/2020/2020-12-16-sp.txt,ok
2020-12-16-1,https://www.ecb.europa.eu/press/key/date/2020/html/ecb.sp201216_1~9caf7588cd.en.html,clean/speeches/2020/2020-12-16-1-sp.txt,ok
2021-01-25,https://www.ecb.europa.eu/press/key/date/2021/html/ecb.sp210125~f87e826ca5.en.html,clean/speeches/2021/2021-01-25-sp.txt,ok
2021-01-25-1,https://www.ecb.europa.eu/press/key/date/2021/html/ecb.sp210125_1~2d98c11cf8.en.html,clean/speeches/2021/2021-01-25-1-sp.txt,ok
2021-01-25-2,https://www.ecb.europa.eu/press/key/date/2021/html/ecb.sp210125_2~5d8b84dc5a.en.html,clean/speeches/2021/2021-01-25-2-sp.txt,ok
2021-01-25-3,https://www.ecb.europa.eu/press/key/date/2021/html/ecb.sp210125_3~f053d89e66.en.html,clean/speeches/2021/2021-01-25-3-sp.txt,ok
2021-01-28,https://www.ecb.europa.eu/press/key/date/2021/html/ecb.sp210128~8f5dc86601.en.html,clean/speeches/2021/2021-01-28-sp.txt,ok
2021-02-08,https://www.ecb.europa.eu/press/key/date/2021/html/ecb.sp210208~296c27d246.en.html,clean/speeches/2021/2021-02-08-sp.txt,ok
2021-02-10,https://www.ecb.europa.eu/press/key/date/2021/html/ecb.sp210210~a1665d3188.en.html,clean/speeches/2021/2021-02-10-sp.txt,ok
2021-02-22,https://www.ecb.europa.eu/press/key/date/2021/html/ecb.sp210222~baf3d08a02.en.html,clean/speeches/2021/2021-02-22-sp.txt,ok
2021-02-25,https://www.ecb.europa.eu/press/key/date/2021/html/ecb.sp210225~7e2955b6e5.en.html,clean/speeches/2021/2021-02-25-sp.txt,ok
2021-02-26,https://www.ecb.europa.eu/press/key/date/2021/html/ecb.sp210226~ff6ad267d4.en.html,clean/speeches/2021/2021-02-26-sp.txt,ok
2021-03-01,https://www.ecb.europa.eu/press/key/date/2021/html/ecb.sp210301~207a2ecf7e.en.html,clean/speeches/2021/2021-03-01-sp.txt,ok
2021-03-01-1,https://www.ecb.europa.eu/press/key/date/2021/html/ecb.sp210301_1~ab924b7e65.en.html,clean/speeches/2021/2021-03-01-1-sp.txt,ok
2021-03-02,https://www.ecb.europa.eu/press/key/date/2021/html/ecb.sp210302~b618d33987.en.html,clean/speeches/2021/2021-03-02-sp.txt,ok
2021-03-03,https://www.ecb.europa.eu/press/key/date/2021/html/ecb.sp210303~3a3d6522b0.en.html,clean/speeches/2021/2021-03-03-sp.txt,ok
2021-03-03-1,https://www.ecb.europa.eu/press/key/date/2021/html/ecb.sp210303_1~f3df48854e.en.html,clean/speeches/2021/2021-03-03-1-sp.txt,ok
2021-03-18,https://www.ecb.europa.eu/press/key/date/2021/html/ecb.sp210318~c9815a6845.en.html,clean/speeches/2021/2021-03-18-sp.txt,ok
2021-03-18-1,https://www.ecb.europa.eu/press/key/date/2021/html/ecb.sp210318_1~e2126b2dec.en.html,clean/speeches/2021/2021-03-18-1-sp.txt,ok
2021-03-25,https://www.ecb.europa.eu/press/key/date/2021/html/ecb.sp210325~e424a7f6cf.en.html,clean/speeches/2021/2021-03-25-sp.txt,ok
2021-03-27,https://www.ecb.europa.eu/press/key/date/2021/html/ecb.sp210327~7b65e6526e.en.html,clean/speeches/2021/2021-03-27-sp.txt,ok
2021-04-08,https://www.ecb.europa.eu/press/key/date/2021/html/ecb.sp210408~87574463be.en.html,clean/speeches/2021/2021-04-08-sp.txt,ok
2021-04-14,https://www.ecb.europa.eu/press/key/date/2021/html/ecb.sp210414~4291d0b4db.en.html,clean/speeches/2021/2021-04-14-sp.txt,ok
2021-04-14-1,https://www.ecb.europa.eu/press/key/date/2021/html/ecb.sp210414_1~e76b855b5c.en.html,clean/speeches/2021/2021-04-14-1-sp.txt,ok
2021-04-26,https://www.ecb.europa.eu/press/key/date/2021/html/ecb.sp210426~0ac9c74462.en.html,clean/speeches/2021/2021-04-26-sp.txt,ok
2021-04-26-1,https://www.ecb.europa.eu/press/key/date/2021/html/ecb.sp210426_1~b81fd0ff15.en.html,clean/speeches/2021/2021-04-26-1-sp.txt,ok
2021-04-29,https://www.ecb.europa.eu/press/key/date/2021/html/ecb.sp210429~3f8606edca.en.html,clean/speeches/2021/2021-04-29-sp.txt,ok
2021-05-06,https://www.ecb.europa.eu/press/key/date/2021/html/ecb.sp210506~4ec98730ee.en.html,clean/speeches/2021/2021-05-06-sp.txt,ok
2021-05-19,https://www.ecb.europa.eu/press/key/date/2021/html/ecb.sp210519~6a4523d953.en.html,clean/speeches/2021/2021-05-19-sp.txt,ok
2021-05-27,https://www.ecb.europa.eu/press/key/date/2021/html/ecb.sp210527~6500964615.en.html,clean/speeches/2021/2021-05-27-sp.txt,ok
2021-05-27-1,https://www.ecb.europa.eu/press/key/date/2021/html/ecb.sp210527_1~ae50e2be97.en.html,clean/speeches/2021/2021-05-27-1-sp.txt,ok
2021-06-02,https://www.ecb.europa.eu/press/key/date/2021/html/ecb.sp210602~41661afb3a.en.html,clean/speeches/2021/2021-06-02-sp.txt,ok
2021-06-03,https://www.ecb.europa.eu/press/key/date/2021/html/ecb.sp210603~2da57607e2.en.html,clean/speeches/2021/2021-06-03-sp.txt,ok
2021-06-14,https://www.ecb.europa.eu/press/key/date/2021/html/ecb.sp210614~162bd7c253.en.html,clean/speeches/2021/2021-06-14-sp.txt,ok
2021-06-15,https://www.ecb.europa.eu/press/key/date/2021/html/ecb.sp210615~05b32c4e55.en.html,clean/speeches/2021/2021-06-15-sp.txt,ok
2021-06-16,https://www.ecb.europa.eu/press/key/date/2021/html/ecb.sp210616~44c5a95300.en.html,clean/speeches/2021/2021-06-16-sp.txt,ok
2021-06-21,https://www.ecb.europa.eu/press/key/date/2021/html/ecb.sp210621~352acef702.en.html,clean/speeches/2021/2021-06-21-sp.txt,ok
2021-06-28,https://www.ecb.europa.eu/press/key/date/2021/html/ecb.sp210628~695f98b30c.en.html,clean/speeches/2021/2021-06-28-sp.txt,ok
2021-06-28-1,https://www.ecb.europa.eu/press/key/date/2021/html/ecb.sp210628_1~a91b7b3d4a.en.html,clean/speeches/2021/2021-06-28-1-sp.txt,ok
2021-06-29,https://www.ecb.europa.eu/press/key/date/2021/html/ecb.sp210629~e6458f8392.en.html,clean/speeches/2021/2021-06-29-sp.txt,ok
2021-07-03,https://www.ecb.europa.eu/press/key/date/2021/html/ecb.sp210703~f221554ff2.en.html,clean/speeches/2021/2021-07-03-sp.txt,ok
2021-07-11,https://www.ecb.europa.eu/press/key/date/2021/html/ecb.sp210711~ffe35034d0.en.html,clean/speeches/2021/2021-07-11-sp.txt,ok
2021-07-14,https://www.ecb.europa.eu/press/key/date/2021/html/ecb.sp210714~0d62f657bc.en.html,clean/speeches/2021/2021-07-14-sp.txt,ok
2021-08-24,https://www.ecb.europa.eu/press/key/date/2021/html/ecb.sp210824~9ab47b501b.en.html,clean/speeches/2021/2021-08-24-sp.txt,ok
2021-09-13,https://www.ecb.europa.eu/press/key/date/2021/html/ecb.sp210913~031462fe79.en.html,clean/speeches/2021/2021-09-13-sp.txt,ok
2021-09-15,https://www.ecb.europa.eu/press/key/date/2021/html/ecb.sp210915~75de3a2dfa.en.html,clean/speeches/2021/2021-09-15-sp.txt,ok
2021-09-20,https://www.ecb.europa.eu/press/key/date/2021/html/ecb.sp210920~ae2c7412dc.en.html,clean/speeches/2021/2021-09-20-sp.txt,ok
2021-09-23,https://www.ecb.europa.eu/press/key/date/2021/html/ecb.sp210923~0c7bd9c596.en.html,clean/speeches/2021/2021-09-23-sp.txt,ok
2021-09-24,https://www.ecb.europa.eu/press/key/date/2021/html/ecb.sp210924~da7423b5e8.en.html,clean/speeches/2021/2021-09-24-sp.txt,ok
2021-09-28,https://www.ecb.europa.eu/press/key/date/2021/html/ecb.sp210928~4cc57f558d.en.html,clean/speeches/2021/2021-09-28-sp.txt,ok
2021-09-30,https://www.ecb.europa.eu/press/key/date/2021/html/ecb.sp210930~e58b5eed9b.en.html,clean/speeches/2021/2021-09-30-sp.txt,ok
2021-10-01,https://www.ecb.europa.eu/press/key/date/2021/html/ecb.sp211001~ca589c6afc.en.html,clean/speeches/2021/2021-10-01-sp.txt,ok
2021-10-05,https://www.ecb.europa.eu/press/key/date/2021/html/ecb.sp211005~3419fc667f.en.html,clean/speeches/2021/2021-10-05-sp.txt,ok
2021-10-07,https://www.ecb.europa.eu/press/key/date/2021/html/ecb.sp211007~ab617e7d60.en.html,clean/speeches/2021/2021-10-07-sp.txt,ok
2021-10-08,https://www.ecb.europa.eu/press/key/date/2021/html/ecb.sp211008~3c37b106cf.en.html,clean/speeches/2021/2021-10-08-sp.txt,ok
2021-10-11,https://www.ecb.europa.eu/press/key/date/2021/html/ecb.sp211011~5a5d2e55f1.en.html,clean/speeches/2021/2021-10-11-sp.txt,ok
2021-10-12,https://www.ecb.europa.eu/press/key/date/2021/html/ecb.sp211012~bfe7738d35.en.html,clean/speeches/2021/2021-10-12-sp.txt,ok
2021-10-14,https://www.ecb.europa.eu/press/key/date/2021/html/ecb.sp211014~0ebead6ce2.en.html,clean/speeches/2021/2021-10-14-sp.txt,ok
2021-10-16,https://www.ecb.europa.eu/press/key/date/2021/html/ecb.sp211016~25550329d5.en.html,clean/speeches/2021/2021-10-16-sp.txt,ok
2021-10-19,https://www.ecb.europa.eu/press/key/date/2021/html/ecb.sp211019~84d1b39bcb.en.html,clean/speeches/2021/2021-10-19-sp.txt,ok
2021-10-19-1,https://www.ecb.europa.eu/press/key/date/2021/html/ecb.sp211019_1~b91b5f9595.en.html,clean/speeches/2021/2021-10-19-1-sp.txt,ok
2021-10-20,https://www.ecb.europa.eu/press/key/date/2021/html/ecb.sp211020~03fba70983.en.html,clean/speeches/2021/2021-10-20-sp.txt,ok
2021-11-03,https://www.ecb.europa.eu/press/key/date/2021/html/ecb.sp211103~d0720ef27b.en.html,clean/speeches/2021/2021-11-03-sp.txt,ok
2021-11-03-1,https://www.ecb.europa.eu/press/key/date/2021/html/ecb.sp211103_1~981d1ed885.en.html,clean/speeches/2021/2021-11-03-1-sp.txt,ok
2021-11-04,https://www.ecb.europa.eu/press/key/date/2021/html/ecb.sp211104~701dd5f918.en.html,clean/speeches/2021/2021-11-04-sp.txt,ok
2021-11-05,https://www.ecb.europa.eu/press/key/date/2021/html/ecb.sp211105~08781cb638.en.html,clean/speeches/2021/2021-11-05-sp.txt,ok
2021-11-08,https://www.ecb.europa.eu/press/key/date/2021/html/ecb.sp211108~c915d47d4c.en.html,clean/speeches/2021/2021-11-08-sp.txt,ok
2021-11-09-1,https://www.ecb.europa.eu/press/key/date/2021/html/ecb.sp211109_1~6cdc943638.en.html,clean/speeches/2021/2021-11-09-1-sp.txt,ok
2021-11-09-2,https://www.ecb.europa.eu/press/key/date/2021/html/ecb.sp211109_2~cca25b0a68.en.html,clean/speeches/2021/2021-11-09-2-sp.txt,ok
2021-11-12,https://www.ecb.europa.eu/press/key/date/2021/html/ecb.sp211112~739d3447ab.en.html,clean/speeches/2021/2021-11-12-sp.txt,ok
2021-11-15,https://www.ecb.europa.eu/press/key/date/2021/html/ecb.sp211115~6fa9a12c1e.en.html,clean/speeches/2021/2021-11-15-sp.txt,ok
2021-11-15-1,https://www.ecb.europa.eu/press/key/date/2021/html/ecb.sp211115_1~c86d858b33.en.html,clean/speeches/2021/2021-11-15-1-sp.txt,ok
2021-11-17,https://www.ecb.europa.eu/press/key/date/2021/html/ecb.sp211117~78f0a1f435.en.html,clean/speeches/2021/2021-11-17-sp.txt,ok
2021-11-18,https://www.ecb.europa.eu/press/key/date/2021/html/ecb.sp211118~b36013b7c5.en.html,clean/speeches/2021/2021-11-18-sp.txt,ok
2021-11-19,https://www.ecb.europa.eu/press/key/date/2021/html/ecb.sp211119~3749d3556c.en.html,clean/speeches/2021/2021-11-19-sp.txt,ok
2021-11-22,https://www.ecb.europa.eu/press/key/date/2021/html/ecb.sp211122~75b8a1488c.en.html,clean/speeches/2021/2021-11-22-sp.txt,ok
2021-11-24,https://www.ecb.europa.eu/press/key/date/2021/html/ecb.sp211124~a0bb243dfe.en.html,clean/speeches/2021/2021-11-24-sp.txt,ok
2021-11-25,https://www.ecb.europa.eu/press/key/date/2021/html/ecb.sp211125~2da387f2ce.en.html,clean/speeches/2021/2021-11-25-sp.txt,ok
2021-11-26,https://www.ecb.europa.eu/press/key/date/2021/html/ecb.sp211126~6fe408acd1.en.html,clean/speeches/2021/2021-11-26-sp.txt,ok
2021-11-29-1,https://www.ecb.europa.eu/press/key/date/2021/html/ecb.sp211129_1~12fc1248a8.en.html,clean/speeches/2021/2021-11-29-1-sp.txt,ok
2021-12-08,https://www.ecb.europa.eu/press/key/date/2021/html/ecb.sp211208~e18612adce.en.html,clean/speeches/2021/2021-12-08-sp.txt,ok
2021-12-08-1,https://www.ecb.europa.eu/press/key/date/2021/html/ecb.sp211208_1~9a61c122f7.en.html,clean/speeches/2021/2021-12-08-1-sp.txt,ok
2021-12-08-2,https://www.ecb.europa.eu/press/key/date/2021/html/ecb.sp211208_2~97c82f5cfb.en.html,clean/speeches/2021/2021-12-08-2-sp.txt,ok
2021-12-10,https://www.ecb.europa.eu/press/key/date/2021/html/ecb.sp211210~09b6887f8b.en.html,clean/speeches/2021/2021-12-10-sp.txt,ok
2022-01-08,https://www.ecb.europa.eu/press/key/date/2022/html/ecb.sp220108~0425a24eb7.en.html,clean/speeches/2022/2022-01-08-sp.txt,ok
2022-01-11,https://www.ecb.europa.eu/press/key/date/2022/html/ecb.sp220111~1778c4939d.en.html,clean/speeches/2022/2022-01-11-sp.txt,ok
2022-01-14,https://www.ecb.europa.eu/press/key/date/2022/html/ecb.sp220114~fe1e70ec1a.en.html,clean/speeches/2022/2022-01-14-sp.txt,ok
2022-02-07,https://www.ecb.europa.eu/press/key/date/2022/html/ecb.sp220207~7208d9e3a2.en.html,clean/speeches/2022/2022-02-07-sp.txt,ok
2022-02-10,https://www.ecb.europa.eu/press/key/date/2022/html/ecb.sp220210~2923b1c6d4.en.html,clean/speeches/2022/2022-02-10-sp.txt,ok
2022-02-14,https://www.ecb.europa.eu/press/key/date/2022/html/ecb.sp220214~2c44645ea0.en.html,clean/speeches/2022/2022-02-14-sp.txt,ok
2022-02-14-1,https://www.ecb.europa.eu/press/key/date/2022/html/ecb.sp220214_1~ec87ef8c3a.en.html,clean/speeches/2022/2022-02-14-1-sp.txt,ok
2022-02-17-1,https://www.ecb.europa.eu/press/key/date/2022/html/ecb.sp220217_1~592ac6ec12.en.html,clean/speeches/2022/2022-02-17-1-sp.txt,ok
2022-02-18,https://www.ecb.europa.eu/press/key/date/2022/html/ecb.sp220218~c55e646426.en.html,clean/speeches/2022/2022-02-18-sp.txt,ok
2022-02-18-1,https://www.ecb.europa.eu/press/key/date/2022/html/ecb.sp220218_1~938e881b13.en.html,clean/speeches/2022/2022-02-18-1-sp.txt,ok
2022-02-23,https://www.ecb.europa.eu/press/key/date/2022/html/ecb.sp220223~7505dcf777.en.html,clean/speeches/2022/2022-02-23-sp.txt,ok
2022-02-23-1,https://www.ecb.europa.eu/press/key/date/2022/html/ecb.sp220223_1~d58aaf0546.en.html,clean/speeches/2022/2022-02-23-1-sp.txt,ok
2022-02-24,https://www.ecb.europa.eu/press/key/date/2022/html/ecb.sp220224~232cb567cd.en.html,clean/speeches/2022/2022-02-24-sp.txt,ok
2022-02-28,https://www.ecb.europa.eu/press/key/date/2022/html/ecb.sp220228~2ce9f09429.en.html,clean/speeches/2022/2022-02-28-sp.txt,ok
2022-03-02,https://www.ecb.europa.eu/press/key/date/2022/html/ecb.sp220302~8031458eab.en.html,clean/speeches/2022/2022-03-02-sp.txt,ok
2022-03-14,https://www.ecb.europa.eu/press/key/date/2022/html/ecb.sp220314~41d74ce161.en.html,clean/speeches/2022/2022-03-14-sp.txt,ok
2022-03-15,https://www.ecb.europa.eu/press/key/date/2022/html/ecb.sp220315~c861c9d88f.en.html,clean/speeches/2022/2022-03-15-sp.txt,ok
2022-03-17,https://www.ecb.europa.eu/press/key/date/2022/html/ecb.sp220317~9d2f052c92.en.html,clean/speeches/2022/2022-03-17-sp.txt,ok
2022-03-17-2,https://www.ecb.europa.eu/press/key/date/2022/html/ecb.sp220317_2~dbb3582f0a.en.html,clean/speeches/2022/2022-03-17-2-sp.txt,ok
2022-03-22,https://www.ecb.europa.eu/press/key/date/2022/html/ecb.sp220322~fb2f159779.en.html,clean/speeches/2022/2022-03-22-sp.txt,ok
2022-03-24,https://www.ecb.europa.eu/press/key/date/2022/html/ecb.sp220324~61c5afb6b9.en.html,clean/speeches/2022/2022-03-24-sp.txt,ok
2022-03-30,https://www.ecb.europa.eu/press/key/date/2022/html/ecb.sp220330~49ddaafb85.en.html,clean/speeches/2022/2022-03-30-sp.txt,ok
2022-03-30-1,https://www.ecb.europa.eu/press/key/date/2022/html/ecb.sp220330_1~f9fa9a6137.en.html,clean/speeches/2022/2022-03-30-1-sp.txt,ok
2022-03-31,https://www.ecb.europa.eu/press/key/date/2022/html/ecb.sp220331~b11d74f249.en.html,clean/speeches/2022/2022-03-31-sp.txt,ok
2022-04-02,https://www.ecb.europa.eu/press/key/date/2022/html/ecb.sp220402~9af4336c23.en.html,clean/speeches/2022/2022-04-02-sp.txt,ok
2022-04-06,https://www.ecb.europa.eu/press/key/date/2022/html/ecb.sp220406~d3d0ce4b13.en.html,clean/speeches/2022/2022-04-06-sp.txt,ok
2022-04-06-1,https://www.ecb.europa.eu/press/key/date/2022/html/ecb.sp220406_1~643fc94dab.en.html,clean/speeches/2022/2022-04-06-1-sp.txt,ok
2022-04-08,https://www.ecb.europa.eu/press/key/date/2022/html/ecb.sp220408~980e39957b.en.html,clean/speeches/2022/2022-04-08-sp.txt,ok
2022-04-21,https://www.ecb.europa.eu/press/key/date/2022/html/ecb.sp220421~589f9733bc.en.html,clean/speeches/2022/2022-04-21-sp.txt,ok
2022-04-22,https://www.ecb.europa.eu/press/key/date/2022/html/ecb.sp220422~c43af3db20.en.html,clean/speeches/2022/2022-04-22-sp.txt,ok
2022-04-25,https://www.ecb.europa.eu/press/key/date/2022/html/ecb.sp220425~6436006db0.en.html,clean/speeches/2022/2022-04-25-sp.txt,ok
2022-04-27,https://www.ecb.europa.eu/press/key/date/2022/html/ecb.sp220427~df7c9ea061.en.html,clean/speeches/2022/2022-04-27-sp.txt,ok
2022-04-27-1,https://www.ecb.europa.eu/press/key/date/2022/html/ecb.sp220427_1~1bb33143fc.en.html,clean/speeches/2022/2022-04-27-1-sp.txt,ok
2022-04-28,https://www.ecb.europa.eu/press/key/date/2022/html/ecb.sp220428~4e38b8ed52.en.html,clean/speeches/2022/2022-04-28-sp.txt,ok
2022-05-05,https://www.ecb.europa.eu/press/key/date/2022/html/ecb.sp220505~dcbd30ecb6.en.html,clean/speeches/2022/2022-05-05-sp.txt,ok
2022-05-11,https://www.ecb.europa.eu/press/key/date/2022/html/ecb.sp220511~4c8d4500f6.en.html,clean/speeches/2022/2022-05-11-sp.txt,ok
2022-05-11-1,https://www.ecb.europa.eu/press/key/date/2022/html/ecb.sp220511_1~e9ba02e127.en.html,clean/speeches/2022/2022-05-11-1-sp.txt,ok
2022-05-16,https://www.ecb.europa.eu/press/key/date/2022/html/ecb.sp220516~454821f0e3.en.html,clean/speeches/2022/2022-05-16-sp.txt,ok
2022-05-19,https://www.ecb.europa.eu/press/key/date/2022/html/ecb.sp220519~d262d1ba32.en.html,clean/speeches/2022/2022-05-19-sp.txt,ok
2022-05-25,https://www.ecb.europa.eu/press/key/date/2022/html/ecb.sp220525~eef274e856.en.html,clean/speeches/2022/2022-05-25-sp.txt,ok
2022-06-01,https://www.ecb.europa.eu/press/key/date/2022/html/ecb.sp220601~89cc3f518c.en.html,clean/speeches/2022/2022-06-01-sp.txt,ok
2022-06-01-1,https://www.ecb.europa.eu/press/key/date/2022/html/ecb.sp220601_1~0a8d84186b.en.html,clean/speeches/2022/2022-06-01-1-sp.txt,ok
2022-06-11,https://www.ecb.europa.eu/press/key/date/2022/html/ecb.sp220611~01ae4a6b1c.en.html,clean/speeches/2022/2022-06-11-sp.txt,ok
2022-06-14,https://www.ecb.europa.eu/press/key/date/2022/html/ecb.sp220614~67eda62c44.en.html,clean/speeches/2022/2022-06-14-sp.txt,ok
2022-06-15,https://www.ecb.europa.eu/press/key/date/2022/html/ecb.sp220615~0b859eb8bc.en.html,clean/speeches/2022/2022-06-15-sp.txt,ok
2022-06-16,https://www.ecb.europa.eu/press/key/date/2022/html/ecb.sp220616~9f8d1e277b.en.html,clean/speeches/2022/2022-06-16-sp.txt,ok
2022-06-20,https://www.ecb.europa.eu/press/key/date/2022/html/ecb.sp220620~b91bded4f1.en.html,clean/speeches/2022/2022-06-20-sp.txt,ok
2022-06-22,https://www.ecb.europa.eu/press/key/date/2022/html/ecb.sp220622~860a2aef6b.en.html,clean/speeches/2022/2022-06-22-sp.txt,ok
2022-06-28,https://www.ecb.europa.eu/press/key/date/2022/html/ecb.sp220628~754ac25107.en.html,clean/speeches/2022/2022-06-28-sp.txt,ok
2022-07-01,https://www.ecb.europa.eu/press/key/date/2022/html/ecb.sp220701~254252d76e.en.html,clean/speeches/2022/2022-07-01-sp.txt,ok
2022-07-04,https://www.ecb.europa.eu/press/key/date/2022/html/ecb.sp220704~9f5fc26b43.en.html,clean/speeches/2022/2022-07-04-sp.txt,ok
2022-08-27,https://www.ecb.europa.eu/press/key/date/2022/html/ecb.sp220827~93f7d07535.en.html,clean/speeches/2022/2022-08-27-sp.txt,ok
2022-08-29,https://www.ecb.europa.eu/press/key/date/2022/html/ecb.sp220829~b9fac50217.en.html,clean/speeches/2022/2022-08-29-sp.txt,ok
2022-09-12,https://www.ecb.europa.eu/press/key/date/2022/html/ecb.sp220912~3d48b8f309.en.html,clean/speeches/2022/2022-09-12-sp.txt,ok
2022-09-14,https://www.ecb.europa.eu/press/key/date/2022/html/ecb.sp220914~79c898d157.en.html,clean/speeches/2022/2022-09-14-sp.txt,ok
2022-09-15,https://www.ecb.europa.eu/press/key/date/2022/html/ecb.sp220915~84012f3dea.en.html,clean/speeches/2022/2022-09-15-sp.txt,ok
2022-09-20,https://www.ecb.europa.eu/press/key/date/2022/html/ecb.sp220920~c3afc1a441.en.html,clean/speeches/2022/2022-09-20-sp.txt,ok
2022-09-26,https://www.ecb.europa.eu/press/key/date/2022/html/ecb.sp220926~5f9b85685a.en.html,clean/speeches/2022/2022-09-26-sp.txt,ok
2022-09-26-1,https://www.ecb.europa.eu/press/key/date/2022/html/ecb.sp220926_1~0bd6fcc86c.en.html,clean/speeches/2022/2022-09-26-1-sp.txt,ok
2022-09-28,https://www.ecb.europa.eu/press/key/date/2022/html/ecb.sp220928~13fb6e1240.en.html,clean/speeches/2022/2022-09-28-sp.txt,ok
2022-09-29,https://www.ecb.europa.eu/press/key/date/2022/html/ecb.sp220929~91a3775a2a.en.html,clean/speeches/2022/2022-09-29-sp.txt,ok
2022-09-29-1,https://www.ecb.europa.eu/press/key/date/2022/html/ecb.sp220929_1~99e5e3455a.en.html,clean/speeches/2022/2022-09-29-1-sp.txt,ok
2022-09-29-2,https://www.ecb.europa.eu/press/key/date/2022/html/ecb.sp220929_2~d6497c36da.en.html,clean/speeches/2022/2022-09-29-2-sp.txt,ok
2022-09-30,https://www.ecb.europa.eu/press/key/date/2022/html/ecb.sp220930~9dac17b1fe.en.html,clean/speeches/2022/2022-09-30-sp.txt,ok
2022-10-11,https://www.ecb.europa.eu/press/key/date/2022/html/ecb.sp221011~5062b44330.en.html,clean/speeches/2022/2022-10-11-sp.txt,ok
2022-10-14,https://www.ecb.europa.eu/press/key/date/2022/html/ecb.sp221014~c09c0b8fbc.en.html,clean/speeches/2022/2022-10-14-sp.txt,ok
2022-11-03,https://www.ecb.europa.eu/press/key/date/2022/html/ecb.sp221103~881bc2c186.en.html,clean/speeches/2022/2022-11-03-sp.txt,ok
2022-11-04,https://www.ecb.europa.eu/press/key/date/2022/html/ecb.sp221104~b1fcbec7e6.en.html,clean/speeches/2022/2022-11-04-sp.txt,ok
2022-11-04-1,https://www.ecb.europa.eu/press/key/date/2022/html/ecb.sp221104_1~8be9a4f4c1.en.html,clean/speeches/2022/2022-11-04-1-sp.txt,ok
2022-11-07,https://www.ecb.europa.eu/press/key/date/2022/html/ecb.sp221107~dcc0cd8ed9.en.html,clean/speeches/2022/2022-11-07-sp.txt,ok
2022-11-09,https://www.ecb.europa.eu/press/key/date/2022/html/ecb.sp221109~e0c1f2520d.en.html,clean/speeches/2022/2022-11-09-sp.txt,ok
2022-11-11,https://www.ecb.europa.eu/press/key/date/2022/html/ecb.sp221111~9dfd501542.en.html,clean/speeches/2022/2022-11-11-sp.txt,ok
2022-11-14,https://www.ecb.europa.eu/press/key/date/2022/html/ecb.sp221114~23b213922c.en.html,clean/speeches/2022/2022-11-14-sp.txt,ok
2022-11-14-1,https://www.ecb.europa.eu/press/key/date/2022/html/ecb.sp221114_1~666e64bcc4.en.html,clean/speeches/2022/2022-11-14-1-sp.txt,ok
2022-11-15,https://www.ecb.europa.eu/press/key/date/2022/html/ecb.sp221115~2bad2ebaec.en.html,clean/speeches/2022/2022-11-15-sp.txt,ok
2022-11-16,https://www.ecb.europa.eu/press/key/date/2022/html/ecb.sp221116~c1d5160785.en.html,clean/speeches/2022/2022-11-16-sp.txt,ok
2022-11-18,https://www.ecb.europa.eu/press/key/date/2022/html/ecb.sp221118~639420cee0.en.html,clean/speeches/2022/2022-11-18-sp.txt,ok
2022-11-24,https://www.ecb.europa.eu/press/key/date/2022/html/ecb.sp221124~fa733bc432.en.html,clean/speeches/2022/2022-11-24-sp.txt,ok
2022-11-28,https://www.ecb.europa.eu/press/key/date/2022/html/ecb.sp221128~5a858fbefd.en.html,clean/speeches/2022/2022-11-28-sp.txt,ok
2022-12-01-1,https://www.ecb.europa.eu/press/key/date/2022/html/ecb.sp221201_1~435e6ea81a.en.html,clean/speeches/2022/2022-12-01-1-sp.txt,ok
2022-12-07-1,https://www.ecb.europa.eu/press/key/date/2022/html/ecb.sp221207_1~7dcbb0e1d0.en.html,clean/speeches/2022/2022-12-07-1-sp.txt,ok
2022-12-08,https://www.ecb.europa.eu/press/key/date/2022/html/ecb.sp221208~f83c604a23.en.html,clean/speeches/2022/2022-12-08-sp.txt,ok
2023-01-10,https://www.ecb.europa.eu/press/key/date/2023/html/ecb.sp230110~21c89bef1b.en.html,clean/speeches/2023/2023-01-10-sp.txt,ok
2023-01-23,https://www.ecb.europa.eu/press/key/date/2023/html/ecb.sp230123~2f8271ed76.en.html,clean/speeches/2023/2023-01-23-sp.txt,ok
2023-01-23-1,https://www.ecb.europa.eu/press/key/date/2023/html/ecb.sp230123_1~2d9786eedf.en.html,clean/speeches/2023/2023-01-23-1-sp.txt,ok
2023-02-15,https://www.ecb.europa.eu/press/key/date/2023/html/ecb.sp230215~a512d68d9f.en.html,clean/speeches/2023/2023-02-15-sp.txt,ok
2023-02-16,https://www.ecb.europa.eu/press/key/date/2023/html/ecb.sp230216~a297a41feb.en.html,clean/speeches/2023/2023-02-16-sp.txt,ok
2023-02-16-1,https://www.ecb.europa.eu/press/key/date/2023/html/ecb.sp230216_1~f8cf2cd689.en.html,clean/speeches/2023/2023-02-16-1-sp.txt,ok
2023-03-02,https://www.ecb.europa.eu/press/key/date/2023/html/ecb.sp230302~41273ad467.en.html,clean/speeches/2023/2023-03-02-sp.txt,ok
2023-03-06,https://www.ecb.europa.eu/press/key/date/2023/html/ecb.sp230306~57f17143da.en.html,clean/speeches/2023/2023-03-06-sp.txt,ok
2023-03-08,https://www.ecb.europa.eu/press/key/date/2023/html/ecb.sp230308~92211cd1f5.en.html,clean/speeches/2023/2023-03-08-sp.txt,ok
2023-03-08-1,https://www.ecb.europa.eu/press/key/date/2023/html/ecb.sp230308_1~daa5630397.en.html,clean/speeches/2023/2023-03-08-1-sp.txt,ok
2023-03-20,https://www.ecb.europa.eu/press/key/date/2023/html/ecb.sp230320~8cfe38e846.en.html,clean/speeches/2023/2023-03-20-sp.txt,ok
2023-03-22,https://www.ecb.europa.eu/press/key/date/2023/html/ecb.sp230322~306119d102.en.html,clean/speeches/2023/2023-03-22-sp.txt,ok
2023-03-22-2,https://www.ecb.europa.eu/press/key/date/2023/html/ecb.sp230322_2~af38beedf3.en.html,clean/speeches/2023/2023-03-22-2-sp.txt,ok
2023-03-27,https://www.ecb.europa.eu/press/key/date/2023/html/ecb.sp230327~595cc102da.en.html,clean/speeches/2023/2023-03-27-sp.txt,ok
2023-03-27-1,https://www.ecb.europa.eu/press/key/date/2023/html/ecb.sp230327_1~fe4adb3e9b.en.html,clean/speeches/2023/2023-03-27-1-sp.txt,ok
2023-04-01,https://www.ecb.europa.eu/press/key/date/2023/html/ecb.sp230401~d66e5a2335.en.html,clean/speeches/2023/2023-04-01-sp.txt,ok
2023-04-14,https://www.ecb.europa.eu/press/key/date/2023/html/ecb.sp230414~48b38bc71c.en.html,clean/speeches/2023/2023-04-14-sp.txt,ok
2023-04-17,https://www.ecb.europa.eu/press/key/date/2023/html/ecb.sp230417~9f8d34fbd6.en.html,clean/speeches/2023/2023-04-17-sp.txt,ok
2023-04-19,https://www.ecb.europa.eu/press/key/date/2023/html/ecb.sp230419~09fe9b3295.en.html,clean/speeches/2023/2023-04-19-sp.txt,ok
2023-04-21,https://www.ecb.europa.eu/press/key/date/2023/html/ecb.sp230421~489cd977e0.en.html,clean/speeches/2023/2023-04-21-sp.txt,ok
2023-04-24,https://www.ecb.europa.eu/press/key/date/2023/html/ecb.sp230424~67a4af298c.en.html,clean/speeches/2023/2023-04-24-sp.txt,ok
2023-04-24-1,https://www.ecb.europa.eu/press/key/date/2023/html/ecb.sp230424_1~f44c7ac164.en.html,clean/speeches/2023/2023-04-24-1-sp.txt,ok
2023-05-05,https://www.ecb.europa.eu/press/key/date/2023/html/ecb.sp230505~06e499fce7.en.html,clean/speeches/2023/2023-05-05-sp.txt,ok
2023-05-16,https://www.ecb.europa.eu/press/key/date/2023/html/ecb.sp230516~f6f9794177.en.html,clean/speeches/2023/2023-05-16-sp.txt,ok
2023-05-17-1,https://www.ecb.europa.eu/press/key/date/2023/html/ecb.sp230517_1~5747dc857a.en.html,clean/speeches/2023/2023-05-17-1-sp.txt,ok
2023-05-19,https://www.ecb.europa.eu/press/key/date/2023/html/ecb.sp230519~de2f790b1c.en.html,clean/speeches/2023/2023-05-19-sp.txt,ok
2023-05-23,https://www.ecb.europa.eu/press/key/date/2023/html/ecb.sp230523~22f6621da7.en.html,clean/speeches/2023/2023-05-23-sp.txt,ok
2023-05-24,https://www.ecb.europa.eu/press/key/date/2023/html/ecb.sp230524~4e026cefbc.en.html,clean/speeches/2023/2023-05-24-sp.txt,ok
2023-05-25,https://www.ecb.europa.eu/press/key/date/2023/html/ecb.sp230525~17a96d98fc.en.html,clean/speeches/2023/2023-05-25-sp.txt,ok
2023-06-01,https://www.ecb.europa.eu/press/key/date/2023/html/ecb.sp230601~2740cf2320.en.html,clean/speeches/2023/2023-06-01-sp.txt,ok
2023-06-01-1,https://www.ecb.europa.eu/press/key/date/2023/html/ecb.sp230601_1~618cf8f1af.en.html,clean/speeches/2023/2023-06-01-1-sp.txt,ok
2023-06-05,https://www.ecb.europa.eu/press/key/date/2023/html/ecb.sp230605~0aadd43ce7.en.html,clean/speeches/2023/2023-06-05-sp.txt,ok
2023-06-07,https://www.ecb.europa.eu/press/key/date/2023/html/ecb.sp230607~eaf4f8b47a.en.html,clean/speeches/2023/2023-06-07-sp.txt,ok
2023-06-09,https://www.ecb.europa.eu/press/key/date/2023/html/ecb.sp230609~c9ef904931.en.html,clean/speeches/2023/2023-06-09-sp.txt,ok
2023-06-16,https://www.ecb.europa.eu/press/key/date/2023/html/ecb.sp230616~855cf9b61d.en.html,clean/speeches/2023/2023-06-16-sp.txt,ok
2023-06-19-1,https://www.ecb.europa.eu/press/key/date/2023/html/ecb.sp230619_1~2c0bdf2422.en.html,clean/speeches/2023/2023-06-19-1-sp.txt,ok
2023-06-20,https://www.ecb.europa.eu/press/key/date/2023/html/ecb.sp230620~96d593594d.en.html,clean/speeches/2023/2023-06-20-sp.txt,ok
2023-06-22,https://www.ecb.europa.eu/press/key/date/2023/html/ecb.sp230622~e1a8c64758.en.html,clean/speeches/2023/2023-06-22-sp.txt,ok
2023-06-23,https://www.ecb.europa.eu/press/key/date/2023/html/ecb.sp230623~3e2a3aaa82.en.html,clean/speeches/2023/2023-06-23-sp.txt,ok
2023-06-23-1,https://www.ecb.europa.eu/press/key/date/2023/html/ecb.sp230623_1~80751450e6.en.html,clean/speeches/2023/2023-06-23-1-sp.txt,ok
2023-06-27,https://www.ecb.europa.eu/press/key/date/2023/html/ecb.sp230627~b8694e47c8.en.html,clean/speeches/2023/2023-06-27-sp.txt,ok
2023-07-07,https://www.ecb.europa.eu/press/key/date/2023/html/ecb.sp230707~8f8f9debc6.en.html,clean/speeches/2023/2023-07-07-sp.txt,ok
2023-07-12,https://www.ecb.europa.eu/press/key/date/2023/html/ecb.sp230712~d950906f00.en.html,clean/speeches/2023/2023-07-12-sp.txt,ok
2023-07-17,https://www.ecb.europa.eu/press/key/date/2023/html/ecb.sp230717~a9e0adacb8.en.html,clean/speeches/2023/2023-07-17-sp.txt,ok
2023-08-03,https://www.ecb.europa.eu/press/key/date/2023/html/ecb.sp230803~30bdb2c935.en.html,clean/speeches/2023/2023-08-03-sp.txt,ok
2023-08-25,https://www.ecb.europa.eu/press/key/date/2023/html/ecb.sp230825~77711105fe.en.html,clean/speeches/2023/2023-08-25-sp.txt,ok
2023-08-31,https://www.ecb.europa.eu/press/key/date/2023/html/ecb.sp230831~c25314a3fc.en.html,clean/speeches/2023/2023-08-31-sp.txt,ok
2023-09-04,https://www.ecb.europa.eu/press/key/date/2023/html/ecb.sp230904~8f5dff1e57.en.html,clean/speeches/2023/2023-09-04-sp.txt,ok
2023-09-04-1,https://www.ecb.europa.eu/press/key/date/2023/html/ecb.sp230904_1~9d14ab8648.en.html,clean/speeches/2023/2023-09-04-1-sp.txt,ok
2023-09-04-2,https://www.ecb.europa.eu/press/key/date/2023/html/ecb.sp230904_2~f2d3ee13d9.en.html,clean/speeches/2023/2023-09-04-2-sp.txt,ok
2023-09-05,https://www.ecb.europa.eu/press/key/date/2023/html/ecb.sp230905~8617fdf411.en.html,clean/speeches/2023/2023-09-05-sp.txt,ok
2023-09-20,https://www.ecb.europa.eu/press/key/date/2023/html/ecb.sp230920~c21e96e03f.en.html,clean/speeches/2023/2023-09-20-sp.txt,ok
2023-09-20-2,https://www.ecb.europa.eu/press/key/date/2023/html/ecb.sp230920_2~be0ddb6faf.en.html,clean/speeches/2023/2023-09-20-2-sp.txt,ok
2023-09-21,https://www.ecb.europa.eu/press/key/date/2023/html/ecb.sp230921~9ae279d5ef.en.html,clean/speeches/2023/2023-09-21-sp.txt,ok
2023-09-22,https://www.ecb.europa.eu/press/key/date/2023/html/ecb.sp230922~3104733830.en.html,clean/speeches/2023/2023-09-22-sp.txt,ok
2023-09-25,https://www.ecb.europa.eu/press/key/date/2023/html/ecb.sp230925~036083efca.en.html,clean/speeches/2023/2023-09-25-sp.txt,ok
2023-09-25-1,https://www.ecb.europa.eu/press/key/date/2023/html/ecb.sp230925_1~7ad8ef22e2.en.html,clean/speeches/2023/2023-09-25-1-sp.txt,ok
2023-09-29,https://www.ecb.europa.eu/press/key/date/2023/html/ecb.sp230929~9cd14eddfc.en.html,clean/speeches/2023/2023-09-29-sp.txt,ok
2023-10-04,https://www.ecb.europa.eu/press/key/date/2023/html/ecb.sp231004~61531ca833.en.html,clean/speeches/2023/2023-10-04-sp.txt,ok
2023-10-04-1,https://www.ecb.europa.eu/press/key/date/2023/html/ecb.sp231004_1~ed2ed840b5.en.html,clean/speeches/2023/2023-10-04-1-sp.txt,ok
2023-10-14,https://www.ecb.europa.eu/press/key/date/2023/html/ecb.sp231014~60c5eb8328.en.html,clean/speeches/2023/2023-10-14-sp.txt,ok
2023-10-17,https://www.ecb.europa.eu/press/key/date/2023/html/ecb.sp231017~5c95f7288a.en.html,clean/speeches/2023/2023-10-17-sp.txt,ok
2023-10-25,https://www.ecb.europa.eu/press/key/date/2023/html/ecb.sp231025~edcc5ca1db.en.html,clean/speeches/2023/2023-10-25-sp.txt,ok
2023-10-30,https://www.ecb.europa.eu/press/key/date/2023/html/ecb.sp231030~134add5861.en.html,clean/speeches/2023/2023-10-30-sp.txt,ok
2023-11-02-1,https://www.ecb.europa.eu/press/key/date/2023/html/ecb.sp231102_1~4bb07ebef7.en.html,clean/speeches/2023/2023-11-02-1-sp.txt,ok
2023-11-09,https://www.ecb.europa.eu/press/key/date/2023/html/ecb.sp231109~fd9153a89f.en.html,clean/speeches/2023/2023-11-09-sp.txt,ok
2023-11-13,https://www.ecb.europa.eu/press/key/date/2023/html/ecb.sp231113~c3716415a6.en.html,clean/speeches/2023/2023-11-13-sp.txt,ok
2023-11-14,https://www.ecb.europa.eu/press/key/date/2023/html/ecb.sp231114~5bf50e8b7a.en.html,clean/speeches/2023/2023-11-14-sp.txt,ok
2023-11-16,https://www.ecb.europa.eu/press/key/date/2023/html/ecb.sp231116~1bdd773fdc.en.html,clean/speeches/2023/2023-11-16-sp.txt,ok
2023-11-17,https://www.ecb.europa.eu/press/key/date/2023/html/ecb.sp231117~88389f194b.en.html,clean/speeches/2023/2023-11-17-sp.txt,ok
2023-11-21,https://www.ecb.europa.eu/press/key/date/2023/html/ecb.sp231121~5438d564cb.en.html,clean/speeches/2023/2023-11-21-sp.txt,ok
2023-11-22,https://www.ecb.europa.eu/press/key/date/2023/html/ecb.sp231122~e12db02da3.en.html,clean/speeches/2023/2023-11-22-sp.txt,ok
2023-11-27,https://www.ecb.europa.eu/press/key/date/2023/html/ecb.sp231127~a4af2f4e28.en.html,clean/speeches/2023/2023-11-27-sp.txt,ok
2023-11-30,https://www.ecb.europa.eu/press/key/date/2023/html/ecb.sp231130~48f5947179.en.html,clean/speeches/2023/2023-11-30-sp.txt,ok
2023-12-04,https://www.ecb.europa.eu/press/key/date/2023/html/ecb.sp231204~a2027eb718.en.html,clean/speeches/2023/2023-12-04-sp.txt,ok
2023-12-07,https://www.ecb.europa.eu/press/key/date/2023/html/ecb.sp231207~0a940e45d8.en.html,clean/speeches/2023/2023-12-07-sp.txt,ok
2024-01-10,https://www.ecb.europa.eu/press/key/date/2024/html/ecb.sp240110~cabae85ba4.en.html,clean/speeches/2024/2024-01-10-sp.txt,ok
2024-01-17,https://www.ecb.europa.eu/press/key/date/2024/html/ecb.sp240117~3e839b396f.en.html,clean/speeches/2024/2024-01-17-sp.txt,ok
2024-02-08,https://www.ecb.europa.eu/press/key/date/2024/html/ecb.sp240208~e775b07928.en.html,clean/speeches/2024/2024-02-08-sp.txt,ok
2024-02-09,https://www.ecb.europa.eu/press/key/date/2024/html/ecb.sp240209~d481464c19.en.html,clean/speeches/2024/2024-02-09-sp.txt,ok
2024-02-12,https://www.ecb.europa.eu/press/key/date/2024/html/ecb.sp240212~027144d68f.en.html,clean/speeches/2024/2024-02-12-sp.txt,ok
2024-02-12-1,https://www.ecb.europa.eu/press/key/date/2024/html/ecb.sp240212_1~07f799ef09.en.html,clean/speeches/2024/2024-02-12-1-sp.txt,ok
2024-02-14,https://www.ecb.europa.eu/press/key/date/2024/html/ecb.sp240214~3397307c2b.en.html,clean/speeches/2024/2024-02-14-sp.txt,ok
2024-02-14-1,https://www.ecb.europa.eu/press/key/date/2024/html/ecb.sp240214_1~4bf1ab0319.en.html,clean/speeches/2024/2024-02-14-1-sp.txt,ok
2024-02-16,https://www.ecb.europa.eu/press/key/date/2024/html/ecb.sp240216~df6f8d9c31.en.html,clean/speeches/2024/2024-02-16-sp.txt,ok
2024-02-26,https://www.ecb.europa.eu/press/key/date/2024/html/ecb.sp240226~5a6908b66e.en.html,clean/speeches/2024/2024-02-26-sp.txt,ok
2024-03-14,https://www.ecb.europa.eu/press/key/date/2024/html/ecb.sp240314~8b609de772.en.html,clean/speeches/2024/2024-03-14-sp.txt,ok
2024-03-20,https://www.ecb.europa.eu/press/key/date/2024/html/ecb.sp240320~28c9a70818.en.html,clean/speeches/2024/2024-03-20-sp.txt,ok
2024-03-20-2,https://www.ecb.europa.eu/press/key/date/2024/html/ecb.sp240320_2~65962ef771.en.html,clean/speeches/2024/2024-03-20-2-sp.txt,ok
2024-03-27,https://www.ecb.europa.eu/press/key/date/2024/html/ecb.sp240327~30a05c6862.en.html,clean/speeches/2024/2024-03-27-sp.txt,ok
2024-03-27-1,https://www.ecb.europa.eu/press/key/date/2024/html/ecb.sp240327_1~000d88f066.en.html,clean/speeches/2024/2024-03-27-1-sp.txt,ok
2024-04-12,https://www.ecb.europa.eu/press/key/date/2024/html/ecb.sp240412~0d4a2636db.en.html,clean/speeches/2024/2024-04-12-sp.txt,ok
2024-04-15,https://www.ecb.europa.eu/press/key/date/2024/html/ecb.sp240415~08ef84923c.en.html,clean/speeches/2024/2024-04-15-sp.txt,ok
2024-04-17-1,https://www.ecb.europa.eu/press/key/date/2024/html/ecb.sp240417_1~c4cbe733df.en.html,clean/speeches/2024/2024-04-17-1-sp.txt,ok
2024-04-18,https://www.ecb.europa.eu/press/key/date/2024/html/ecb.sp240418~cf8ae6a58e.en.html,clean/speeches/2024/2024-04-18-sp.txt,ok
2024-04-19,https://www.ecb.europa.eu/press/key/date/2024/html/ecb.sp240419~fab7dbda3e.en.html,clean/speeches/2024/2024-04-19-sp.txt,ok
2024-04-22,https://www.ecb.europa.eu/press/key/date/2024/html/ecb.sp240422~0f3299e7bb.en.html,clean/speeches/2024/2024-04-22-sp.txt,ok
2024-04-24,https://www.ecb.europa.eu/press/key/date/2024/html/ecb.sp240424~12ecb60e1b.en.html,clean/speeches/2024/2024-04-24-sp.txt,ok
2024-04-29,https://www.ecb.europa.eu/press/key/date/2024/html/ecb.sp240429~87c3a4f37f.en.html,clean/speeches/2024/2024-04-29-sp.txt,ok
2024-05-02,https://www.ecb.europa.eu/press/key/date/2024/html/ecb.sp240502~4066265c78.en.html,clean/speeches/2024/2024-05-02-sp.txt,ok
2024-05-14,https://www.ecb.europa.eu/press/key/date/2024/html/ecb.sp240514~aff1495bc4.en.html,clean/speeches/2024/2024-05-14-sp.txt,ok
2024-05-26,https://www.ecb.europa.eu/press/key/date/2024/html/ecb.sp240526~ef011def12.en.html,clean/speeches/2024/2024-05-26-sp.txt,ok
2024-05-27,https://www.ecb.europa.eu/press/key/date/2024/html/ecb.sp240527~13d86a7d66.en.html,clean/speeches/2024/2024-05-27-sp.txt,ok
2024-05-28,https://www.ecb.europa.eu/press/key/date/2024/html/ecb.sp240528~a4f151497d.en.html,clean/speeches/2024/2024-05-28-sp.txt,ok
2024-06-07,https://www.ecb.europa.eu/press/key/date/2024/html/ecb.sp240607~c6ae070dc0.en.html,clean/speeches/2024/2024-06-07-sp.txt,ok
2024-06-07-1,https://www.ecb.europa.eu/press/key/date/2024/html/ecb.sp240607_1~faecc95713.en.html,clean/speeches/2024/2024-06-07-1-sp.txt,ok
2024-06-11,https://www.ecb.europa.eu/press/key/date/2024/html/ecb.sp240611~caf9681480.en.html,clean/speeches/2024/2024-06-11-sp.txt,ok
2024-06-11-1,https://www.ecb.europa.eu/press/key/date/2024/html/ecb.sp240611_1~57c499b3c9.en.html,clean/speeches/2024/2024-06-11-1-sp.txt,ok
2024-06-14,https://www.ecb.europa.eu/press/key/date/2024/html/ecb.sp240614~baa283d69a.en.html,clean/speeches/2024/2024-06-14-sp.txt,ok
2024-06-18,https://www.ecb.europa.eu/press/key/date/2024/html/ecb.sp240618~4d5f03fd1b.en.html,clean/speeches/2024/2024-06-18-sp.txt,ok
2024-06-26,https://www.ecb.europa.eu/press/key/date/2024/html/ecb.sp240626~0cdeaedbb1.en.html,clean/speeches/2024/2024-06-26-sp.txt,ok
2024-07-01,https://www.ecb.europa.eu/press/key/date/2024/html/ecb.sp240701~ba1ae1bd25.en.html,clean/speeches/2024/2024-07-01-sp.txt,ok
2024-07-04-1,https://www.ecb.europa.eu/press/key/date/2024/html/ecb.sp240704_1~e348c05894.en.html,clean/speeches/2024/2024-07-04-1-sp.txt,ok
2024-07-23,https://www.ecb.europa.eu/press/key/date/2024/html/ecb.sp240723~1ea101a6db.en.html,clean/speeches/2024/2024-07-23-sp.txt,ok
2024-08-24,https://www.ecb.europa.eu/press/key/date/2024/html/ecb.sp240824~c215968c41.en.html,clean/speeches/2024/2024-08-24-sp.txt,ok
2024-08-30,https://www.ecb.europa.eu/press/key/date/2024/html/ecb.sp240830~ef0af8d7cc.en.html,clean/speeches/2024/2024-08-30-sp.txt,ok
