date,url,clean_path,status
2012-07-02-why-have-initial-unemployment-claims-stayed-so-high-for-so-l,https://www.federalreserve.gov/econres/notes/feds-notes/why-have-initial-unemployment-claims-stayed-so-high-for-so-long-20120702.html,clean/feds-notes/2012/2012-07-02-why-have-initial-unemployment-claims-stayed-so-high-for-so-l-fedsnote.txt,ok
2016-10-06-updating-the-recession-risk-and-the-excess-bond-premium,https://www.federalreserve.gov/econres/notes/feds-notes/updating-the-recession-risk-and-the-excess-bond-premium-20161006.html,clean/feds-notes/2016/2016-10-06-updating-the-recession-risk-and-the-excess-bond-premium-fedsnote.txt,ok
2017-03-24-effect-of-sales-tax-holidays-on-consumer-spending,https://www.federalreserve.gov/econres/notes/feds-notes/effect-of-sales-tax-holidays-on-consumer-spending-20170324.html,clean/feds-notes/2017/2017-03-24-effect-of-sales-tax-holidays-on-consumer-spending-fedsnote.txt,ok
2017-04-03-robustness-of-long-maturity-term-premium-estimates,https://www.federalreserve.gov/econres/notes/feds-notes/robustness-of-long-maturity-term-premium-estimates-20170403.html,clean/feds-notes/2017/2017-04-03-robustness-of-long-maturity-term-premium-estimates-fedsnote.txt,ok
2017-04-07-measuring-firm-level-uncertainty,https://www.federalreserve.gov/econres/notes/feds-notes/measuring-firm-level-uncertainty-20170407.html,clean/feds-notes/2017/2017-04-07-measuring-firm-level-uncertainty-fedsnote.txt,ok
2017-04-20-effect-of-the-federal-reserves-securities-holdings-on-longer,https://www.federalreserve.gov/econres/notes/feds-notes/effect-of-the-federal-reserves-securities-holdings-on-longer-term-interest-rates-20170420.html,clean/feds-notes/2017/2017-04-20-effect-of-the-federal-reserves-securities-holdings-on-longer-fedsnote.txt,ok
2017-04-20-job-reallocation-and-unemployment-in-equilibrium,https://www.federalreserve.gov/econres/notes/feds-notes/job-reallocation-and-unemployment-in-equilibrium-20170420.html,clean/feds-notes/2017/2017-04-20-job-reallocation-and-unemployment-in-equilibrium-fedsnote.txt,ok
2017-05-05-measuring-the-severity-of-stress-test-scenarios,https://www.federalreserve.gov/econres/notes/feds-notes/measuring-the-severity-of-stress-test-scenarios-20170505.html,clean/feds-notes/2017/2017-05-05-measuring-the-severity-of-stress-test-scenarios-fedsnote.txt,ok
2017-05-15-are-central-cities-poor-and-non-white,https://www.federalreserve.gov/econres/notes/feds-notes/are-central-cities-poor-and-non-white-20170515.html,clean/feds-notes/2017/2017-05-15-are-central-cities-poor-and-non-white-fedsnote.txt,ok
2017-06-02-how-have-the-feds-three-rate-hikes-passed-through-to-selecte,https://www.federalreserve.gov/econres/notes/feds-notes/how-have-the-feds-three-rate-hikes-passed-through-to-selected-short-term-interest-rates-20170602.html,clean/feds-notes/2017/2017-06-02-how-have-the-feds-three-rate-hikes-passed-through-to-selecte-fedsnote.txt,ok
2017-06-16-equity-issuance-and-retirement-by-nonfinancial-corporations,https://www.federalreserve.gov/econres/notes/feds-notes/equity-issuance-and-retirement-by-nonfinancial-corporations-20170616.html,clean/feds-notes/2017/2017-06-16-equity-issuance-and-retirement-by-nonfinancial-corporations-fedsnote.txt,ok
2017-06-16-principal-payments-on-the-federal-reserves-securities-holdin,https://www.federalreserve.gov/econres/notes/feds-notes/principal-payments-on-the-federal-reserves-securities-holdings-20170616.html,clean/feds-notes/2017/2017-06-16-principal-payments-on-the-federal-reserves-securities-holdin-fedsnote.txt,ok
2017-06-22-auto-financing-during-and-after-the-great-recession,https://www.federalreserve.gov/econres/notes/feds-notes/auto-financing-during-and-after-the-great-recession-20170622.html,clean/feds-notes/2017/2017-06-22-auto-financing-during-and-after-the-great-recession-fedsnote.txt,ok
2017-06-22-primary-dealers-behavior-during-the-2007-08-crisis-part-i-re,https://www.federalreserve.gov/econres/notes/feds-notes/primary-dealers-behavior-during-the-2007-08-crisis-part-I-repo-runs-20170622.html,clean/feds-notes/2017/2017-06-22-primary-dealers-behavior-during-the-2007-08-crisis-part-i-re-fedsnote.txt,ok
2017-06-28-primary-dealers-behavior-during-the-2007-08-crisis-part-ii-i,https://www.federalreserve.gov/econres/notes/feds-notes/primary-dealers-behavior-during-the-2007-08-crisis-part-II-intermediation-and-deleveraging-20170628.html,clean/feds-notes/2017/2017-06-28-primary-dealers-behavior-during-the-2007-08-crisis-part-ii-i-fedsnote.txt,ok
2017-06-29-was-there-a-great-moderation-for-inflation-volatility,https://www.federalreserve.gov/econres/notes/feds-notes/was-there-a-great-moderation-for-inflation-volatility-20170629.html,clean/feds-notes/2017/2017-06-29-was-there-a-great-moderation-for-inflation-volatility-fedsnote.txt,ok
2017-07-03-the-systemic-nature-of-settlement-fails,https://www.federalreserve.gov/econres/notes/feds-notes/the-systemic-nature-of-settlement-fails-20170703.html,clean/feds-notes/2017/2017-07-03-the-systemic-nature-of-settlement-fails-fedsnote.txt,ok
2017-07-06-post-crisis-lending-by-large-bank-holding-companies,https://www.federalreserve.gov/econres/notes/feds-notes/post-crisis-lending-by-large-bank-holding-companies-20170706.html,clean/feds-notes/2017/2017-07-06-post-crisis-lending-by-large-bank-holding-companies-fedsnote.txt,ok
2017-07-10-trading-activities-at-systemically-important-banks-part-1-re,https://www.federalreserve.gov/econres/notes/feds-notes/trading-activities-at-systemically-important-banks-part-1-recent-trends-in-trading-performance-20170710.html,clean/feds-notes/2017/2017-07-10-trading-activities-at-systemically-important-banks-part-1-re-fedsnote.txt,ok
2017-07-10-trading-activities-at-systemically-important-banks-part-2-wh,https://www.federalreserve.gov/econres/notes/feds-notes/trading-activities-at-systemically-important-banks-part-2-what-happened-during-recent-risk-events-20170710.html,clean/feds-notes/2017/2017-07-10-trading-activities-at-systemically-important-banks-part-2-wh-fedsnote.txt,ok
2017-07-10-trading-activities-at-systemically-important-banks-part-3-wh,https://www.federalreserve.gov/econres/notes/feds-notes/trading-activities-at-systemically-important-banks-part-3-what-drives-trading-performance-20170710.html,clean/feds-notes/2017/2017-07-10-trading-activities-at-systemically-important-banks-part-3-wh-fedsnote.txt,ok
2017-07-28-another-look-at-residual-seasonality-in-gdp,https://www.federalreserve.gov/econres/notes/feds-notes/another-look-at-residual-seasonality-in-gdp-20170728.html,clean/feds-notes/2017/2017-07-28-another-look-at-residual-seasonality-in-gdp-fedsnote.txt,ok
2017-08-03-the-fomc-meeting-minutes-an-update-of-counting-words,https://www.federalreserve.gov/econres/notes/feds-notes/the-fomc-meeting-minutes-an-update-of-counting-words-20170803.html,clean/feds-notes/2017/2017-08-03-the-fomc-meeting-minutes-an-update-of-counting-words-fedsnote.txt,ok
2017-08-08-matching-banks-by-business-model-geography-and-size-a-datase,https://www.federalreserve.gov/econres/notes/feds-notes/matching-banks-by-business-model-geography-and-size-a-dataset-20170808.html,clean/feds-notes/2017/2017-08-08-matching-banks-by-business-model-geography-and-size-a-datase-fedsnote.txt,ok
2017-08-10-synthetic-etfs,https://www.federalreserve.gov/econres/notes/feds-notes/synthetic-etfs-20170810.html,clean/feds-notes/2017/2017-08-10-synthetic-etfs-fedsnote.txt,ok
2017-08-23-model-based-measures-of-elb-risk,https://www.federalreserve.gov/econres/notes/feds-notes/model-based-measures-of-elb-risk-20170823.html,clean/feds-notes/2017/2017-08-23-model-based-measures-of-elb-risk-fedsnote.txt,ok
2017-09-22-projected-evolution-of-the-soma-portfolio-and-the-10-year-tr,https://www.federalreserve.gov/econres/notes/feds-notes/projected-evolution-of-the-soma-portfolio-and-the-10-year-treasury-term-premium-effect-20170922.html,clean/feds-notes/2017/2017-09-22-projected-evolution-of-the-soma-portfolio-and-the-10-year-tr-fedsnote.txt,ok
2017-09-25-labor-market-outcomes-in-metropolitan-and-non-metropolitan-a,https://www.federalreserve.gov/econres/notes/feds-notes/labor-market-outcomes-in-metropolitan-and-non-metropolitan-areas-signs-of-growing-disparities-20170925.html,clean/feds-notes/2017/2017-09-25-labor-market-outcomes-in-metropolitan-and-non-metropolitan-a-fedsnote.txt,ok
2017-09-27-recent-trends-in-wealth-holding-by-race-and-ethnicity-eviden,https://www.federalreserve.gov/econres/notes/feds-notes/recent-trends-in-wealth-holding-by-race-and-ethnicity-evidence-from-the-survey-of-consumer-finances-20170927.html,clean/feds-notes/2017/2017-09-27-recent-trends-in-wealth-holding-by-race-and-ethnicity-eviden-fedsnote.txt,ok
2017-09-28-are-rising-home-values-restraining-home-buying-for-lower-inc,https://www.federalreserve.gov/econres/notes/feds-notes/are-rising-home-values-restraining-home-buying-for-lower-income-families-20170928.html,clean/feds-notes/2017/2017-09-28-are-rising-home-values-restraining-home-buying-for-lower-inc-fedsnote.txt,ok
2017-09-28-the-decline-in-lending-to-lower-income-borrowers-by-the-bigg,https://www.federalreserve.gov/econres/notes/feds-notes/the-decline-in-lending-to-lower-income-borrowers-by-the-biggest-banks-20170928.html,clean/feds-notes/2017/2017-09-28-the-decline-in-lending-to-lower-income-borrowers-by-the-bigg-fedsnote.txt,ok
2017-10-04-own-account-it-equipment-investment,https://www.federalreserve.gov/econres/notes/feds-notes/own-account-it-equipment-investment-20171004.html,clean/feds-notes/2017/2017-10-04-own-account-it-equipment-investment-fedsnote.txt,ok
2017-10-04-shadow-rate-model-of-intermediate-term-policy-rate-expectati,https://www.federalreserve.gov/econres/notes/feds-notes/shadow-rate-model-of-intermediate-term-policy-rate-expectations-20171004.html,clean/feds-notes/2017/2017-10-04-shadow-rate-model-of-intermediate-term-policy-rate-expectati-fedsnote.txt,ok
2017-10-11-natural-disasters-and-the-measurement-of-industrial-producti,https://www.federalreserve.gov/econres/notes/feds-notes/natural-disasters-and-the-measurement-of-industrial-production-hurricane-harvey-a-case-study-20171011.html,clean/feds-notes/2017/2017-10-11-natural-disasters-and-the-measurement-of-industrial-producti-fedsnote.txt,ok
2017-10-18-the-increased-role-of-the-federal-home-loan-bank-system-in-f,https://www.federalreserve.gov/econres/notes/feds-notes/the-increased-role-of-the-federal-home-loan-bank-system-in-funding-markets-part-1-background-20171018.html,clean/feds-notes/2017/2017-10-18-the-increased-role-of-the-federal-home-loan-bank-system-in-f-fedsnote.txt,ok
2017-10-18-the-increased-role-of-the-federal-home-loan-bank-system-in-f,https://www.federalreserve.gov/econres/notes/feds-notes/the-increased-role-of-the-federal-home-loan-bank-system-in-funding-markets-part-2-20171018.html,clean/feds-notes/2017/2017-10-18-the-increased-role-of-the-federal-home-loan-bank-system-in-f-fedsnote.txt,skipped
2017-10-18-the-increased-role-of-the-federal-home-loan-bank-system-in-f,https://www.federalreserve.gov/econres/notes/feds-notes/the-increased-role-of-the-federal-home-loan-bank-system-in-funding-markets-part-3-20171018.html,clean/feds-notes/2017/2017-10-18-the-increased-role-of-the-federal-home-loan-bank-system-in-f-fedsnote.txt,skipped
2017-10-19-oil-price-pass-through-into-core-inflation,https://www.federalreserve.gov/econres/notes/feds-notes/oil-price-pass-through-into-core-inflation-20171019.html,clean/feds-notes/2017/2017-10-19-oil-price-pass-through-into-core-inflation-fedsnote.txt,ok
2017-10-19-overnight-reverse-repurchase-operations-and-uncertainty-in-t,https://www.federalreserve.gov/econres/notes/feds-notes/overnight-reverse-repurchase-operations-and-uncertainty-in-the-repo-market-20171019.html,clean/feds-notes/2017/2017-10-19-overnight-reverse-repurchase-operations-and-uncertainty-in-t-fedsnote.txt,ok
2017-11-03-trends-in-upsizing-houses-and-shrinking-lots,https://www.federalreserve.gov/econres/notes/feds-notes/trends-in-upsizing-houses-and-shrinking-lots-20171103.html,clean/feds-notes/2017/2017-11-03-trends-in-upsizing-houses-and-shrinking-lots-fedsnote.txt,ok
2017-11-15-potential-increase-in-corporate-debt-interest-rate-payments,https://www.federalreserve.gov/econres/notes/feds-notes/potential-increase-in-corporate-debt-interest-rate-payments-from-changes-in-the-federal-funds-rate-20171115.html,clean/feds-notes/2017/2017-11-15-potential-increase-in-corporate-debt-interest-rate-payments-fedsnote.txt,ok
2017-12-19-stigma-and-the-discount-window,https://www.federalreserve.gov/econres/notes/feds-notes/stigma-and-the-discount-window-20171219.html,clean/feds-notes/2017/2017-12-19-stigma-and-the-discount-window-fedsnote.txt,ok
2017-12-22-assessing-the-severity-of-rent-burden-on-low-income-families,https://www.federalreserve.gov/econres/notes/feds-notes/assessing-the-severity-of-rent-burden-on-low-income-families-20171222.html,clean/feds-notes/2017/2017-12-22-assessing-the-severity-of-rent-burden-on-low-income-families-fedsnote.txt,ok
2018-03-07-measuring-early-stage-business-formation,https://www.federalreserve.gov/econres/notes/feds-notes/measuring-early-stage-business-formation-20180307.html,clean/feds-notes/2018/2018-03-07-measuring-early-stage-business-formation-fedsnote.txt,ok
2018-03-08-what-is-holding-back-household-spending,https://www.federalreserve.gov/econres/notes/feds-notes/what-is-holding-back-household-spending-20180308.html,clean/feds-notes/2018/2018-03-08-what-is-holding-back-household-spending-fedsnote.txt,ok
2018-03-09-evaluating-labor-shortages-in-manufacturing,https://www.federalreserve.gov/econres/notes/feds-notes/evaluating-labor-shortages-in-manufacturing-20180309.html,clean/feds-notes/2018/2018-03-09-evaluating-labor-shortages-in-manufacturing-fedsnote.txt,ok
2018-03-27-mobile-banking-a-closer-look-at-survey-measures,https://www.federalreserve.gov/econres/notes/feds-notes/mobile-banking-a-closer-look-at-survey-measures-20180327.html,clean/feds-notes/2018/2018-03-27-mobile-banking-a-closer-look-at-survey-measures-fedsnote.txt,ok
2018-04-05-concurrent-lending-and-corporate-bond-underwriting,https://www.federalreserve.gov/econres/notes/feds-notes/concurrent-lending-and-corporate-bond-underwriting-20180405.html,clean/feds-notes/2018/2018-04-05-concurrent-lending-and-corporate-bond-underwriting-fedsnote.txt,ok
2018-05-09-low-risk-as-a-predictor-of-financial-crises,https://www.federalreserve.gov/econres/notes/feds-notes/low-risk-as-a-predictor-of-financial-crises-20180509.html,clean/feds-notes/2018/2018-05-09-low-risk-as-a-predictor-of-financial-crises-fedsnote.txt,ok
2018-05-18-monetary-policy-surprises-and-monetary-policy-uncertainty,https://www.federalreserve.gov/econres/notes/feds-notes/monetary-policy-surprises-and-monetary-policy-uncertainty-20180518.html,clean/feds-notes/2018/2018-05-18-monetary-policy-surprises-and-monetary-policy-uncertainty-fedsnote.txt,ok
2018-05-21-comparing-three-credit-scoring-models,https://www.federalreserve.gov/econres/notes/feds-notes/comparing-three-credit-scoring-models-20180521.html,clean/feds-notes/2018/2018-05-21-comparing-three-credit-scoring-models-fedsnote.txt,ok
2018-05-21-operational-risk-regulation-forward-looking-and-sensitive-to,https://www.federalreserve.gov/econres/notes/feds-notes/operational-risk-regulation-forward-looking-and-sensitive-to-current-risks-20180521.html,clean/feds-notes/2018/2018-05-21-operational-risk-regulation-forward-looking-and-sensitive-to-fedsnote.txt,ok
2018-05-22-shedding-light-on-our-economic-and-financial-lives,https://www.federalreserve.gov/econres/notes/feds-notes/shedding-light-on-our-economic-and-financial-lives-20180522.html,clean/feds-notes/2018/2018-05-22-shedding-light-on-our-economic-and-financial-lives-fedsnote.txt,ok
2018-06-01-how-does-intergenerational-wealth-transmission-affect-wealth,https://www.federalreserve.gov/econres/notes/feds-notes/how-does-intergenerational-wealth-transmission-affect-wealth-concentration-20180601.html,clean/feds-notes/2018/2018-06-01-how-does-intergenerational-wealth-transmission-affect-wealth-fedsnote.txt,ok
2018-06-15-on-the-geographic-scope-of-retail-mortgage-markets,https://www.federalreserve.gov/econres/notes/feds-notes/on-the-geographic-scope-of-retail-mortgage-markets-20180615.html,clean/feds-notes/2018/2018-06-15-on-the-geographic-scope-of-retail-mortgage-markets-fedsnote.txt,ok
2018-06-20-importance-of-accounting-for-rent-payments-in-measuring-hous,https://www.federalreserve.gov/econres/notes/feds-notes/importance-of-accounting-for-rent-payments-in-measuring-households-financial-obligations-20180620.html,clean/feds-notes/2018/2018-06-20-importance-of-accounting-for-rent-payments-in-measuring-hous-fedsnote.txt,ok
2018-06-21-high-frequency-spending-responses-to-the-earned-income-tax-c,https://www.federalreserve.gov/econres/notes/feds-notes/high-frequency-spending-responses-to-the-earned-income-tax-credit-20180621.html,clean/feds-notes/2018/2018-06-21-high-frequency-spending-responses-to-the-earned-income-tax-c-fedsnote.txt,ok
2018-06-22-gender-related-differences-in-credit-use-and-credit-scores,https://www.federalreserve.gov/econres/notes/feds-notes/gender-related-differences-in-credit-use-and-credit-scores-20180622.html,clean/feds-notes/2018/2018-06-22-gender-related-differences-in-credit-use-and-credit-scores-fedsnote.txt,ok
2018-06-28-dont-fear-the-yield-curve,https://www.federalreserve.gov/econres/notes/feds-notes/dont-fear-the-yield-curve-20180628.html,clean/feds-notes/2018/2018-06-28-dont-fear-the-yield-curve-fedsnote.txt,ok
2018-07-19-effects-of-fixed-nominal-thresholds-for-enhanced-supervision,https://www.federalreserve.gov/econres/notes/feds-notes/effects-of-fixed-nominal-thresholds-for-enhanced-supervision-20180719.html,clean/feds-notes/2018/2018-07-19-effects-of-fixed-nominal-thresholds-for-enhanced-supervision-fedsnote.txt,ok
2018-07-20-simulating-the-macroeconomic-effects-of-unconventional-monet,https://www.federalreserve.gov/econres/notes/feds-notes/simulating-the-macroeconomic-effects-of-unconventional-monetary-policies-20180720.html,clean/feds-notes/2018/2018-07-20-simulating-the-macroeconomic-effects-of-unconventional-monet-fedsnote.txt,ok
2018-08-13-are-income-and-credit-scores-highly-correlated,https://www.federalreserve.gov/econres/notes/feds-notes/are-income-and-credit-scores-highly-correlated-20180813.html,clean/feds-notes/2018/2018-08-13-are-income-and-credit-scores-highly-correlated-fedsnote.txt,ok
2018-08-13-somas-unrealized-loss-what-does-it-mean,https://www.federalreserve.gov/econres/notes/feds-notes/somas-unrealized-loss-what-does-it-mean-20180813.html,clean/feds-notes/2018/2018-08-13-somas-unrealized-loss-what-does-it-mean-fedsnote.txt,ok
2018-08-20-why-are-there-still-bank-branches,https://www.federalreserve.gov/econres/notes/feds-notes/why-are-there-still-bank-branches-20180820.html,clean/feds-notes/2018/2018-08-20-why-are-there-still-bank-branches-fedsnote.txt,ok
2018-08-29-monetary-policy-response-to-uncertain-inflation-persistence,https://www.federalreserve.gov/econres/notes/feds-notes/monetary-policy-response-to-uncertain-inflation-persistence-20180829.html,clean/feds-notes/2018/2018-08-29-monetary-policy-response-to-uncertain-inflation-persistence-fedsnote.txt,ok
2018-09-04-us-corporations-repatriation-of-offshore-profits,https://www.federalreserve.gov/econres/notes/feds-notes/us-corporations-repatriation-of-offshore-profits-20180904.html,clean/feds-notes/2018/2018-09-04-us-corporations-repatriation-of-offshore-profits-fedsnote.txt,ok
2018-09-05-estimate-of-the-long-term-neutral-rate-of-interest,https://www.federalreserve.gov/econres/notes/feds-notes/estimate-of-the-long-term-neutral-rate-of-interest-20180905.html,clean/feds-notes/2018/2018-09-05-estimate-of-the-long-term-neutral-rate-of-interest-fedsnote.txt,ok
2018-09-13-asset-ownership-and-the-uneven-recovery-from-the-great-reces,https://www.federalreserve.gov/econres/notes/feds-notes/asset-ownership-and-the-uneven-recovery-from-the-great-recession-20180913.html,clean/feds-notes/2018/2018-09-13-asset-ownership-and-the-uneven-recovery-from-the-great-reces-fedsnote.txt,ok
2018-09-28-new-measure-of-housing-wealth-in-the-financial-accounts-of-t,https://www.federalreserve.gov/econres/notes/feds-notes/new-measure-of-housing-wealth-in-the-financial-accounts-of-the-us-20180928.html,clean/feds-notes/2018/2018-09-28-new-measure-of-housing-wealth-in-the-financial-accounts-of-t-fedsnote.txt,ok
2018-09-28-unlocking-the-treasury-market-through-trace,https://www.federalreserve.gov/econres/notes/feds-notes/unlocking-the-treasury-market-through-trace-20180928.html,clean/feds-notes/2018/2018-09-28-unlocking-the-treasury-market-through-trace-fedsnote.txt,ok
2018-10-11-comparing-model-based-estimates-with-owner-occupant-estimate,https://www.federalreserve.gov/econres/notes/feds-notes/comparing-model-based-estimates-with-owner-occupant-estimates-20181011.html,clean/feds-notes/2018/2018-10-11-comparing-model-based-estimates-with-owner-occupant-estimate-fedsnote.txt,ok
2018-10-12-accounting-for-reinsurance-transactions-in-the-financial-acc,https://www.federalreserve.gov/econres/notes/feds-notes/accounting-for-reinsurance-transactions-in-the-financial-accounts-of-the-united-states-20181012.html,clean/feds-notes/2018/2018-10-12-accounting-for-reinsurance-transactions-in-the-financial-acc-fedsnote.txt,ok
2018-10-12-relationship-between-macroeconomic-overheating-and-financial,https://www.federalreserve.gov/econres/notes/feds-notes/relationship-between-macroeconomic-overheating-and-financial-vulnerability-narrative-20181012.html,clean/feds-notes/2018/2018-10-12-relationship-between-macroeconomic-overheating-and-financial-fedsnote.txt,ok
2018-10-12-relationship-between-macroeconomic-overheating-and-financial,https://www.federalreserve.gov/econres/notes/feds-notes/relationship-between-macroeconomic-overheating-and-financial-vulnerability-quantitative-20181012.html,clean/feds-notes/2018/2018-10-12-relationship-between-macroeconomic-overheating-and-financial-fedsnote.txt,skipped
2018-10-19-optimal-monetary-policy-in-a-dsge-model-with-attenuated-forw,https://www.federalreserve.gov/econres/notes/feds-notes/optimal-monetary-policy-in-a-dsge-model-with-attenuated-forward-guidance-effects-20181019.html,clean/feds-notes/2018/2018-10-19-optimal-monetary-policy-in-a-dsge-model-with-attenuated-forw-fedsnote.txt,ok
2018-10-22-do-marketplace-lending-platforms-offer-lower-rates-to-consum,https://www.federalreserve.gov/econres/notes/feds-notes/do-marketplace-lending-platforms-offer-lower-rates-to-consumers-20181022.html,clean/feds-notes/2018/2018-10-22-do-marketplace-lending-platforms-offer-lower-rates-to-consum-fedsnote.txt,ok
2018-11-14-intercorporate-equity-holdings-in-the-financial-accounts-of,https://www.federalreserve.gov/econres/notes/feds-notes/intercorporate-equity-holdings-in-the-financial-accounts-of-the-united-states-20181114.html,clean/feds-notes/2018/2018-11-14-intercorporate-equity-holdings-in-the-financial-accounts-of-fedsnote.txt,ok
2018-11-16-effects-of-the-ability-to-repay-qualified-mortgage-rule-on-m,https://www.federalreserve.gov/econres/notes/feds-notes/effects-of-the-ability-to-repay-qualified-mortgage-rule-on-mortgage-lending-20181116.html,clean/feds-notes/2018/2018-11-16-effects-of-the-ability-to-repay-qualified-mortgage-rule-on-m-fedsnote.txt,ok
2018-11-19-assessing-families-liquid-savings-using-the-survey-of-consum,https://www.federalreserve.gov/econres/notes/feds-notes/assessing-families-liquid-savings-using-the-survey-of-consumer-finances-20181119.html,clean/feds-notes/2018/2018-11-19-assessing-families-liquid-savings-using-the-survey-of-consum-fedsnote.txt,ok
2018-11-29-breaking-down-trace-volumes-further,https://www.federalreserve.gov/econres/notes/feds-notes/breaking-down-trace-volumes-further-20181129.html,clean/feds-notes/2018/2018-11-29-breaking-down-trace-volumes-further-fedsnote.txt,ok
2018-12-07-overview-of-the-changes-to-the-frb-us-model-2018,https://www.federalreserve.gov/econres/notes/feds-notes/overview-of-the-changes-to-the-frb-us-model-2018-20181207.html,clean/feds-notes/2018/2018-12-07-overview-of-the-changes-to-the-frb-us-model-2018-fedsnote.txt,ok
2018-12-21-education-debt-owed-by-older-families-in-the-2016-survey-of,https://www.federalreserve.gov/econres/notes/feds-notes/education-debt-owed-by-older-families-in-the-2016-survey-of-consumer-finances-20181221.html,clean/feds-notes/2018/2018-12-21-education-debt-owed-by-older-families-in-the-2016-survey-of-fedsnote.txt,ok
2018-12-21-factors-in-unemployment-dynamics,https://www.federalreserve.gov/econres/notes/feds-notes/factors-in-unemployment-dynamics-20181221.html,clean/feds-notes/2018/2018-12-21-factors-in-unemployment-dynamics-fedsnote.txt,ok
2018-12-21-how-the-largest-bank-holding-companies-grew-organic-growth-o,https://www.federalreserve.gov/econres/notes/feds-notes/how-the-largest-bank-holding-companies-grew-organic-growth-or-acquisitions-20181221.html,clean/feds-notes/2018/2018-12-21-how-the-largest-bank-holding-companies-grew-organic-growth-o-fedsnote.txt,ok
2018-12-21-ins-and-outs-of-collateral-re-use,https://www.federalreserve.gov/econres/notes/feds-notes/ins-and-outs-of-collateral-re-use-20181221.html,clean/feds-notes/2018/2018-12-21-ins-and-outs-of-collateral-re-use-fedsnote.txt,ok
2019-01-04-household-and-nonprofit-balance-sheets-in-the-financial-acco,https://www.federalreserve.gov/econres/notes/feds-notes/household-and-nonprofit-balance-sheets-in-the-financial-accounts-of-the-us-20190104.html,clean/feds-notes/2019/2019-01-04-household-and-nonprofit-balance-sheets-in-the-financial-acco-fedsnote.txt,ok
2019-01-08-simple-macro-finance-measure-of-risk-premia-in-fed-funds-fut,https://www.federalreserve.gov/econres/notes/feds-notes/simple-macro-finance-measure-of-risk-premia-in-fed-funds-futures-20190108.html,clean/feds-notes/2019/2019-01-08-simple-macro-finance-measure-of-risk-premia-in-fed-funds-fut-fedsnote.txt,ok
2019-01-10-information-in-interest-coverage-ratios-of-the-us-nonfinanci,https://www.federalreserve.gov/econres/notes/feds-notes/information-in-interest-coverage-ratios-of-the-us-nonfinancial-corporate-sector-20190110.html,clean/feds-notes/2019/2019-01-10-information-in-interest-coverage-ratios-of-the-us-nonfinanci-fedsnote.txt,ok
2019-01-15-revisions-to-the-federal-reserve-dollar-indexes,https://www.federalreserve.gov/econres/notes/feds-notes/revisions-to-the-federal-reserve-dollar-indexes-20190115.html,clean/feds-notes/2019/2019-01-15-revisions-to-the-federal-reserve-dollar-indexes-fedsnote.txt,ok
2019-02-01-are-disappearing-employer-pensions-contributing-to-rising-we,https://www.federalreserve.gov/econres/notes/feds-notes/are-disappearing-employer-pensions-contributing-to-rising-wealth-inequality-20190201.html,clean/feds-notes/2019/2019-02-01-are-disappearing-employer-pensions-contributing-to-rising-we-fedsnote.txt,ok
2019-02-05-young-adults-spending-in-and-out-of-their-parents-home,https://www.federalreserve.gov/econres/notes/feds-notes/young-adults-spending-in-and-out-of-their-parents-home-20190205.html,clean/feds-notes/2019/2019-02-05-young-adults-spending-in-and-out-of-their-parents-home-fedsnote.txt,ok
2019-02-12-gender-diversity-on-bank-board-of-directors-and-performance,https://www.federalreserve.gov/econres/notes/feds-notes/gender-diversity-on-bank-board-of-directors-and-performance-20190212.html,clean/feds-notes/2019/2019-02-12-gender-diversity-on-bank-board-of-directors-and-performance-fedsnote.txt,ok
2019-02-12-residual-seasonality-in-core-consumer-price-inflation-an-upd,https://www.federalreserve.gov/econres/notes/feds-notes/residual-seasonality-in-core-consumer-price-inflation-an-update-20190212.html,clean/feds-notes/2019/2019-02-12-residual-seasonality-in-core-consumer-price-inflation-an-upd-fedsnote.txt,ok
2019-02-27-new-interactive-website-exploring-race-ethnicity-gender-of-e,https://www.federalreserve.gov/econres/notes/feds-notes/new-interactive-website-exploring-race-ethnicity-gender-of-economics-majors-at-us-colleges-universities-20190227.html,clean/feds-notes/2019/2019-02-27-new-interactive-website-exploring-race-ethnicity-gender-of-e-fedsnote.txt,ok
2019-03-07-new-procedure-for-generating-the-stochastic-simulations-in-f,https://www.federalreserve.gov/econres/notes/feds-notes/new-procedure-for-generating-the-stochastic-simulations-in-frb-us-20190307.html,clean/feds-notes/2019/2019-03-07-new-procedure-for-generating-the-stochastic-simulations-in-f-fedsnote.txt,ok
2019-03-08-green-dividend-dilemma-carbon-dividends-versus-double-divide,https://www.federalreserve.gov/econres/notes/feds-notes/green-dividend-dilemma-carbon-dividends-versus-double-dividends-20190308.html,clean/feds-notes/2019/2019-03-08-green-dividend-dilemma-carbon-dividends-versus-double-divide-fedsnote.txt,ok
2019-03-22-re-emergence-of-the-federal-reserve-funds-market-in-the-1950,https://www.federalreserve.gov/econres/notes/feds-notes/re-emergence-of-the-federal-reserve-funds-market-in-the-1950s-20190322.html,clean/feds-notes/2019/2019-03-22-re-emergence-of-the-federal-reserve-funds-market-in-the-1950-fedsnote.txt,ok
2019-04-09-estimating-system-demand-for-reserve-balances-using-the-2018,https://www.federalreserve.gov/econres/notes/feds-notes/estimating-system-demand-for-reserve-balances-using-the-2018-senior-financial-officer-survey-20190409.html,clean/feds-notes/2019/2019-04-09-estimating-system-demand-for-reserve-balances-using-the-2018-fedsnote.txt,ok
2019-04-19-changes-in-monetary-policy-and-banks-net-interest-margins-a,https://www.federalreserve.gov/econres/notes/feds-notes/changes-in-monetary-policy-and-banks-net-interest-margins-a-comparison-20190419.html,clean/feds-notes/2019/2019-04-19-changes-in-monetary-policy-and-banks-net-interest-margins-a-fedsnote.txt,ok
2019-04-19-indicative-forward-looking-sofr-term-rates,https://www.federalreserve.gov/econres/notes/feds-notes/indicative-forward-looking-sofr-term-rates-20190419.html,clean/feds-notes/2019/2019-04-19-indicative-forward-looking-sofr-term-rates-fedsnote.txt,ok
2019-05-06-predicting-future-recessions,https://www.federalreserve.gov/econres/notes/feds-notes/predicting-future-recessions-20190506.html,clean/feds-notes/2019/2019-05-06-predicting-future-recessions-fedsnote.txt,ok
2019-05-21-assessing-the-size-of-the-risks-posed-by-life-insurers-nontr,https://www.federalreserve.gov/econres/notes/feds-notes/assessing-the-size-of-the-risks-posed-by-life-insurers-nontraditional-liabilities-20190521.html,clean/feds-notes/2019/2019-05-21-assessing-the-size-of-the-risks-posed-by-life-insurers-nontr-fedsnote.txt,ok
2019-05-21-there-is-no-single-best-predictor-of-recessions,https://www.federalreserve.gov/econres/notes/feds-notes/there-is-no-single-best-predictor-of-recessions-20190521.html,clean/feds-notes/2019/2019-05-21-there-is-no-single-best-predictor-of-recessions-fedsnote.txt,ok
2019-05-21-tips-from-tips-update-and-discussions,https://www.federalreserve.gov/econres/notes/feds-notes/tips-from-tips-update-and-discussions-20190521.html,clean/feds-notes/2019/2019-05-21-tips-from-tips-update-and-discussions-fedsnote.txt,ok
2019-05-24-fluctuations-over-the-business-cycle,https://www.federalreserve.gov/econres/notes/feds-notes/fluctuations-over-the-business-cycle-20190524.html,clean/feds-notes/2019/2019-05-24-fluctuations-over-the-business-cycle-fedsnote.txt,ok
2019-05-30-assessing-the-resiliency-of-the-banking-industry-to-a-commer,https://www.federalreserve.gov/econres/notes/feds-notes/assessing-the-resiliency-of-the-banking-industry-to-a-commercial-real-estate-price-shock-20190530.html,clean/feds-notes/2019/2019-05-30-assessing-the-resiliency-of-the-banking-industry-to-a-commer-fedsnote.txt,ok
2019-06-07-cyclicality-and-the-severity-of-the-us-supervisory-stress-te,https://www.federalreserve.gov/econres/notes/feds-notes/cyclicality-and-the-severity-of-the-us-supervisory-stress-test-2014-to-2018-20190607.html,clean/feds-notes/2019/2019-06-07-cyclicality-and-the-severity-of-the-us-supervisory-stress-te-fedsnote.txt,ok
2019-06-25-the-role-of-credit-score-transitions,https://www.federalreserve.gov/econres/notes/feds-notes/the-role-of-credit-score-transitions-20190625.html,clean/feds-notes/2019/2019-06-25-the-role-of-credit-score-transitions-fedsnote.txt,ok
2019-06-26-measuring-domestic-and-export-flows-in-buyer-supplier-data,https://www.federalreserve.gov/econres/notes/feds-notes/measuring-domestic-and-export-flows-in-buyer-supplier-data-20190626.html,clean/feds-notes/2019/2019-06-26-measuring-domestic-and-export-flows-in-buyer-supplier-data-fedsnote.txt,ok
2019-07-15-historical-proxies-for-the-secured-overnight-financing-rate,https://www.federalreserve.gov/econres/notes/feds-notes/historical-proxies-for-the-secured-overnight-financing-rate-20190715.html,clean/feds-notes/2019/2019-07-15-historical-proxies-for-the-secured-overnight-financing-rate-fedsnote.txt,ok
2019-07-15-long-run-effects-on-chinese-gdp-from-us-china-tariff-hikes,https://www.federalreserve.gov/econres/notes/feds-notes/long-run-effects-on-chinese-gdp-from-us-china-tariff-hikes-20190715.html,clean/feds-notes/2019/2019-07-15-long-run-effects-on-chinese-gdp-from-us-china-tariff-hikes-fedsnote.txt,ok
2019-07-19-substitutability-of-monetary-policy-instruments,https://www.federalreserve.gov/econres/notes/feds-notes/substitutability-of-monetary-policy-instruments-20190719.html,clean/feds-notes/2019/2019-07-19-substitutability-of-monetary-policy-instruments-fedsnote.txt,ok
2019-07-19-who-owns-us-clo-securities,https://www.federalreserve.gov/econres/notes/feds-notes/who-owns-us-clo-securities-20190719.html,clean/feds-notes/2019/2019-07-19-who-owns-us-clo-securities-fedsnote.txt,ok
2019-08-02-comparing-two-measures-of-core-inflation,https://www.federalreserve.gov/econres/notes/feds-notes/comparing-two-measures-of-core-inflation-20190802.html,clean/feds-notes/2019/2019-08-02-comparing-two-measures-of-core-inflation-fedsnote.txt,ok
2019-08-02-universe-of-leveraged-bank-loan-and-high-yield-bond-us-mutua,https://www.federalreserve.gov/econres/notes/feds-notes/universe-of-leveraged-bank-loan-and-high-yield-bond-us-mutual-funds-20190802.html,clean/feds-notes/2019/2019-08-02-universe-of-leveraged-bank-loan-and-high-yield-bond-us-mutua-fedsnote.txt,ok
2019-08-05-mysterious-cross-country-dispersion-in-mobile-phone-price-tr,https://www.federalreserve.gov/econres/notes/feds-notes/mysterious-cross-country-dispersion-in-mobile-phone-price-trends-20190805.html,clean/feds-notes/2019/2019-08-05-mysterious-cross-country-dispersion-in-mobile-phone-price-tr-fedsnote.txt,ok
2019-08-06-us-corporations-repatriation-of-offshore-profits,https://www.federalreserve.gov/econres/notes/feds-notes/us-corporations-repatriation-of-offshore-profits-20190806.html,clean/feds-notes/2019/2019-08-06-us-corporations-repatriation-of-offshore-profits-fedsnote.txt,ok
2019-08-09-liquidity-transformation-risks-in-us-bank-loan-and-high-yiel,https://www.federalreserve.gov/econres/notes/feds-notes/liquidity-transformation-risks-in-US-bank-loan-and-high-yield-mutual-funds-20190809.html,clean/feds-notes/2019/2019-08-09-liquidity-transformation-risks-in-us-bank-loan-and-high-yiel-fedsnote.txt,ok
2019-08-14-international-trade-in-services-stylized-facts-about-exporte,https://www.federalreserve.gov/econres/notes/feds-notes/international-trade-in-services-stylized-facts-about-exporters-in-the-service-sector-20190814.html,clean/feds-notes/2019/2019-08-14-international-trade-in-services-stylized-facts-about-exporte-fedsnote.txt,ok
2019-08-26-federal-funds-rate-control-with-voluntary-reserve-targets,https://www.federalreserve.gov/econres/notes/feds-notes/federal-funds-rate-control-with-voluntary-reserve-targets-20190826.html,clean/feds-notes/2019/2019-08-26-federal-funds-rate-control-with-voluntary-reserve-targets-fedsnote.txt,ok
2019-08-30-the-distributional-financial-accounts,https://www.federalreserve.gov/econres/notes/feds-notes/the-distributional-financial-accounts-20190830.html,clean/feds-notes/2019/2019-08-30-the-distributional-financial-accounts-fedsnote.txt,ok
2019-09-04-does-trade-policy-uncertainty-affect-global-economic-activit,https://www.federalreserve.gov/econres/notes/feds-notes/does-trade-policy-uncertainty-affect-global-economic-activity-20190904.html,clean/feds-notes/2019/2019-09-04-does-trade-policy-uncertainty-affect-global-economic-activit-fedsnote.txt,ok
2019-09-06-globalization-and-the-geography-of-capital-flows,https://www.federalreserve.gov/econres/notes/feds-notes/globalization-and-the-geography-of-capital-flows-20190906.html,clean/feds-notes/2019/2019-09-06-globalization-and-the-geography-of-capital-flows-fedsnote.txt,ok
2019-09-20-collateralized-loan-obligations-in-the-financial-accounts-of,https://www.federalreserve.gov/econres/notes/feds-notes/collateralized-loan-obligations-in-the-financial-accounts-of-the-united-states-20190920.html,clean/feds-notes/2019/2019-09-20-collateralized-loan-obligations-in-the-financial-accounts-of-fedsnote.txt,ok
2019-09-20-new-way-to-visualize-the-evolution-of-monetary-policy-expect,https://www.federalreserve.gov/econres/notes/feds-notes/new-way-to-visualize-the-evolution-of-monetary-policy-expectations-20190920.html,clean/feds-notes/2019/2019-09-20-new-way-to-visualize-the-evolution-of-monetary-policy-expect-fedsnote.txt,ok
2019-09-20-tracking-the-labor-market-with-big-data,https://www.federalreserve.gov/econres/notes/feds-notes/tracking-the-labor-market-with-big-data-20190920.html,clean/feds-notes/2019/2019-09-20-tracking-the-labor-market-with-big-data-fedsnote.txt,ok
2019-09-27-housing-affordability-in-the-us-trends-by-geography-tenure-a,https://www.federalreserve.gov/econres/notes/feds-notes/housing-affordability-in-the-us-trends-by-geography-tenure-and-household-income-20190927.html,clean/feds-notes/2019/2019-09-27-housing-affordability-in-the-us-trends-by-geography-tenure-a-fedsnote.txt,ok
2019-09-30-innovation-trade-policy-and-globalization,https://www.federalreserve.gov/econres/notes/feds-notes/innovation-trade-policy-and-globalization-20190930.html,clean/feds-notes/2019/2019-09-30-innovation-trade-policy-and-globalization-fedsnote.txt,ok
2019-10-08-quantifying-the-impact-of-foreign-economic-uncertainty-on-th,https://www.federalreserve.gov/econres/notes/feds-notes/quantifying-the-impact-of-foreign-economic-uncertainty-on-the-us-economy-20191008.html,clean/feds-notes/2019/2019-10-08-quantifying-the-impact-of-foreign-economic-uncertainty-on-th-fedsnote.txt,ok
2019-10-09-expectations-about-the-federal-funds-rate-in-the-long-run,https://www.federalreserve.gov/econres/notes/feds-notes/expectations-about-the-federal-funds-rate-in-the-long-run-20191009.html,clean/feds-notes/2019/2019-10-09-expectations-about-the-federal-funds-rate-in-the-long-run-fedsnote.txt,ok
2019-10-15-real-time-historical-estimates-of-the-output-gap,https://www.federalreserve.gov/econres/notes/feds-notes/real-time-historical-estimates-of-the-output-gap-20191015.html,clean/feds-notes/2019/2019-10-15-real-time-historical-estimates-of-the-output-gap-fedsnote.txt,ok
2019-10-16-foreign-portfolio-investment-when-the-united-states-was-an-e,https://www.federalreserve.gov/econres/notes/feds-notes/foreign-portfolio-investment-when-the-united-states-was-an-emerging-market-20191016.html,clean/feds-notes/2019/2019-10-16-foreign-portfolio-investment-when-the-united-states-was-an-e-fedsnote.txt,ok
2019-10-17-approaches-to-estimating-aggregate-demand-for-reserve-balanc,https://www.federalreserve.gov/econres/notes/feds-notes/approaches-to-estimating-aggregate-demand-for-reserve-balances-20191017.html,clean/feds-notes/2019/2019-10-17-approaches-to-estimating-aggregate-demand-for-reserve-balanc-fedsnote.txt,ok
2019-10-18-interest-on-excess-reserves-and-us-commercial-bank-lending,https://www.federalreserve.gov/econres/notes/feds-notes/interest-on-excess-reserves-and-us-commercial-bank-lending-20191018.html,clean/feds-notes/2019/2019-10-18-interest-on-excess-reserves-and-us-commercial-bank-lending-fedsnote.txt,ok
2019-11-05-a-brexit-case-study,https://www.federalreserve.gov/econres/notes/feds-notes/a-brexit-case-study-20191105.html,clean/feds-notes/2019/2019-11-05-a-brexit-case-study-fedsnote.txt,ok
2019-11-25-the-us-syndicated-term-loan-market,https://www.federalreserve.gov/econres/notes/feds-notes/the-us-syndicated-term-loan-market-20191125.html,clean/feds-notes/2019/2019-11-25-the-us-syndicated-term-loan-market-fedsnote.txt,ok
2019-11-29-do-negative-interest-rates-explain-low-profitability-of-euro,https://www.federalreserve.gov/econres/notes/feds-notes/do-negative-interest-rates-explain-low-profitability-of-european-banks-20191129.html,clean/feds-notes/2019/2019-11-29-do-negative-interest-rates-explain-low-profitability-of-euro-fedsnote.txt,ok
2019-12-13-increasing-business-cycles-synchronization,https://www.federalreserve.gov/econres/notes/feds-notes/increasing-business-cycles-synchronization-20191213.html,clean/feds-notes/2019/2019-12-13-increasing-business-cycles-synchronization-fedsnote.txt,ok
2019-12-13-out-of-sample-performance-of-recession-probability-models,https://www.federalreserve.gov/econres/notes/feds-notes/out-of-sample-performance-of-recession-probability-models-20191213.html,clean/feds-notes/2019/2019-12-13-out-of-sample-performance-of-recession-probability-models-fedsnote.txt,ok
2019-12-13-spike-in-2019q1-leverage-ratios,https://www.federalreserve.gov/econres/notes/feds-notes/spike-in-2019Q1-leverage-ratios-20191213.html,clean/feds-notes/2019/2019-12-13-spike-in-2019q1-leverage-ratios-fedsnote.txt,ok
2019-12-16-fiscal-flow-volatility-and-reserves,https://www.federalreserve.gov/econres/notes/feds-notes/fiscal-flow-volatility-and-reserves-20191216.html,clean/feds-notes/2019/2019-12-16-fiscal-flow-volatility-and-reserves-fedsnote.txt,ok
2019-12-20-dealer-funding-and-internalization,https://www.federalreserve.gov/econres/notes/feds-notes/dealer-funding-and-internalization-20191220.html,clean/feds-notes/2019/2019-12-20-dealer-funding-and-internalization-fedsnote.txt,ok
2020-01-08-monetary-policy-space-in-a-recession,https://www.federalreserve.gov/econres/notes/feds-notes/monetary-policy-space-in-a-recession-20200108.html,clean/feds-notes/2020/2020-01-08-monetary-policy-space-in-a-recession-fedsnote.txt,ok
2020-01-08-raising-the-inflation-target-lessons-from-japan,https://www.federalreserve.gov/econres/notes/feds-notes/raising-the-inflation-target-lessons-from-japan-20200108.html,clean/feds-notes/2020/2020-01-08-raising-the-inflation-target-lessons-from-japan-fedsnote.txt,ok
2020-01-17-goods-market-frictions-and-international-trade,https://www.federalreserve.gov/econres/notes/feds-notes/goods-market-frictions-and-international-trade-20200117.html,clean/feds-notes/2020/2020-01-17-goods-market-frictions-and-international-trade-fedsnote.txt,ok
2020-01-31-how-do-us-global-systemically-important-banks-lower-their-ca,https://www.federalreserve.gov/econres/notes/feds-notes/how-do-us-global-systemically-important-banks-lower-their-capital-surcharges-20200131.html,clean/feds-notes/2020/2020-01-31-how-do-us-global-systemically-important-banks-lower-their-ca-fedsnote.txt,ok
2020-02-03-how-global-value-chains-change-the-trade-currency-relationsh,https://www.federalreserve.gov/econres/notes/feds-notes/how-global-value-chains-change-the-trade-currency-relationship-20200203.html,clean/feds-notes/2020/2020-02-03-how-global-value-chains-change-the-trade-currency-relationsh-fedsnote.txt,ok
2020-02-13-what-happened-to-foreign-direct-investment-in-the-united-sta,https://www.federalreserve.gov/econres/notes/feds-notes/what-happened-to-foreign-direct-investment-in-the-united-states-20200213.html,clean/feds-notes/2020/2020-02-13-what-happened-to-foreign-direct-investment-in-the-united-sta-fedsnote.txt,ok
2020-02-14-what-happened-to-us-business-dynamism,https://www.federalreserve.gov/econres/notes/feds-notes/what-happened-to-us-business-dynamism-20200214.html,clean/feds-notes/2020/2020-02-14-what-happened-to-us-business-dynamism-fedsnote.txt,ok
2020-02-20-wealth-concentration-levels-and-growth-1989-2016,https://www.federalreserve.gov/econres/notes/feds-notes/wealth-concentration-levels-and-growth-1989-2016-20200220.html,clean/feds-notes/2020/2020-02-20-wealth-concentration-levels-and-growth-1989-2016-fedsnote.txt,ok
2020-02-26-the-liquidity-coverage-ratio-and-corporate-liquidity-managem,https://www.federalreserve.gov/econres/notes/feds-notes/the-liquidity-coverage-ratio-and-corporate-liquidity-management-20200226.html,clean/feds-notes/2020/2020-02-26-the-liquidity-coverage-ratio-and-corporate-liquidity-managem-fedsnote.txt,ok
2020-02-27-what-happened-in-money-markets-in-september-2019,https://www.federalreserve.gov/econres/notes/feds-notes/what-happened-in-money-markets-in-september-2019-20200227.html,clean/feds-notes/2020/2020-02-27-what-happened-in-money-markets-in-september-2019-fedsnote.txt,ok
2020-03-05-common-and-idiosyncratic-inflation,https://www.federalreserve.gov/econres/notes/feds-notes/common-and-idiosyncratic-inflation-20200305.html,clean/feds-notes/2020/2020-03-05-common-and-idiosyncratic-inflation-fedsnote.txt,ok
2020-03-06-the-great-recession-and-a-missing-generation-of-exporters,https://www.federalreserve.gov/econres/notes/feds-notes/the-great-recession-and-a-missing-generation-of-exporters-20200306.html,clean/feds-notes/2020/2020-03-06-the-great-recession-and-a-missing-generation-of-exporters-fedsnote.txt,ok
2020-03-30-regulatory-arbitrage-in-the-use-of-insurance-in-the-new-stan,https://www.federalreserve.gov/econres/notes/feds-notes/regulatory-arbitrage-in-the-use-of-insurance-in-the-new-standardized-approach-for-operational-risk-capital-20200330.html,clean/feds-notes/2020/2020-03-30-regulatory-arbitrage-in-the-use-of-insurance-in-the-new-stan-fedsnote.txt,ok
2020-05-01-how-much-does-home-equity-extraction-matter-for-spending,https://www.federalreserve.gov/econres/notes/feds-notes/how-much-does-home-equity-extraction-matter-for-spending-20200501.html,clean/feds-notes/2020/2020-05-01-how-much-does-home-equity-extraction-matter-for-spending-fedsnote.txt,ok
2020-05-04-an-aggregate-view-of-bank-lending-standards-and-demand,https://www.federalreserve.gov/econres/notes/feds-notes/an-aggregate-view-of-bank-lending-standards-and-demand-20200504.html,clean/feds-notes/2020/2020-05-04-an-aggregate-view-of-bank-lending-standards-and-demand-fedsnote.txt,ok
2020-05-11-real-effects-of-uncertainty-evidence-from-brexit,https://www.federalreserve.gov/econres/notes/feds-notes/real-effects-of-uncertainty-evidence-from-brexit-20200511.html,clean/feds-notes/2020/2020-05-11-real-effects-of-uncertainty-evidence-from-brexit-fedsnote.txt,ok
2020-05-26-analyzing-the-community-bank-leverage-ratio,https://www.federalreserve.gov/econres/notes/feds-notes/analyzing-the-community-bank-leverage-ratio-20200526.html,clean/feds-notes/2020/2020-05-26-analyzing-the-community-bank-leverage-ratio-fedsnote.txt,ok
2020-05-26-how-do-children-spend-their-time-time-use-and-skill-developm,https://www.federalreserve.gov/econres/notes/feds-notes/how-do-children-spend-their-time-time-use-and-skill-development-in-the-psid-20200526.html,clean/feds-notes/2020/2020-05-26-how-do-children-spend-their-time-time-use-and-skill-developm-fedsnote.txt,ok
2020-05-28-a-comparison-of-living-standards-across-the-states-of-americ,https://www.federalreserve.gov/econres/notes/feds-notes/a-comparison-of-living-standards-across-the-states-of-america-20200528.html,clean/feds-notes/2020/2020-05-28-a-comparison-of-living-standards-across-the-states-of-americ-fedsnote.txt,ok
2020-05-28-the-geography-of-small-business-dynamics,https://www.federalreserve.gov/econres/notes/feds-notes/the-geography-of-small-business-dynamics-20200528.html,clean/feds-notes/2020/2020-05-28-the-geography-of-small-business-dynamics-fedsnote.txt,ok
2020-05-29-monitoring-the-liquidity-profile-of-mutual-funds,https://www.federalreserve.gov/econres/notes/feds-notes/monitoring-the-liquidity-profile-of-mutual-funds-20200529.html,clean/feds-notes/2020/2020-05-29-monitoring-the-liquidity-profile-of-mutual-funds-fedsnote.txt,ok
2020-06-12-assessing-the-resiliency-of-non-dfast-banks-to-a-financial-s,https://www.federalreserve.gov/econres/notes/feds-notes/assessing-the-resiliency-of-non-dfast-banks-to-a-financial-shock-20200612.html,clean/feds-notes/2020/2020-06-12-assessing-the-resiliency-of-non-dfast-banks-to-a-financial-s-fedsnote.txt,ok
2020-06-12-how-do-rural-and-urban-retail-banking-customers-differ,https://www.federalreserve.gov/econres/notes/feds-notes/how-do-rural-and-urban-retail-banking-customers-differ-20200612.html,clean/feds-notes/2020/2020-06-12-how-do-rural-and-urban-retail-banking-customers-differ-fedsnote.txt,ok
2020-06-19-measuring-the-natural-rate-of-interest-the-role-of-inflation,https://www.federalreserve.gov/econres/notes/feds-notes/measuring-the-natural-rate-of-interest-the-role-of-inflation-expectations-20200619.html,clean/feds-notes/2020/2020-06-19-measuring-the-natural-rate-of-interest-the-role-of-inflation-fedsnote.txt,ok
2020-06-25-who-owns-us-clo-securities-an-update-by-tranche,https://www.federalreserve.gov/econres/notes/feds-notes/who-owns-us-clo-securities-an-update-by-tranche-20200625.html,clean/feds-notes/2020/2020-06-25-who-owns-us-clo-securities-an-update-by-tranche-fedsnote.txt,ok
2020-06-29-how-correlated-is-libor-with-bank-funding-costs,https://www.federalreserve.gov/econres/notes/feds-notes/how-correlated-is-libor-with-bank-funding-costs-20200629.html,clean/feds-notes/2020/2020-06-29-how-correlated-is-libor-with-bank-funding-costs-fedsnote.txt,ok
2020-07-01-implementing-monetary-policy-in-an-ample-reserves-regime-the,https://www.federalreserve.gov/econres/notes/feds-notes/implementing-monetary-policy-in-an-ample-reserves-regime-the-basics-note-1-of-3-20200701.html,clean/feds-notes/2020/2020-07-01-implementing-monetary-policy-in-an-ample-reserves-regime-the-fedsnote.txt,ok
2020-07-02-modeling-the-global-effects-of-the-covid-19-sudden-stop-in-c,https://www.federalreserve.gov/econres/notes/feds-notes/modeling-the-global-effects-of-the-covid-19-sudden-stop-in-capital-flows-20200702.html,clean/feds-notes/2020/2020-07-02-modeling-the-global-effects-of-the-covid-19-sudden-stop-in-c-fedsnote.txt,ok
2020-07-08-a-new-indicator-of-common-wage-inflation,https://www.federalreserve.gov/econres/notes/feds-notes/a-new-indicator-of-common-wage-inflation-20200708.html,clean/feds-notes/2020/2020-07-08-a-new-indicator-of-common-wage-inflation-fedsnote.txt,ok
2020-07-08-why-has-wage-growth-been-subdued-in-the-advanced-foreign-eco,https://www.federalreserve.gov/econres/notes/feds-notes/why-has-wage-growth-been-subdued-in-the-advanced-foreign-economies-20200708.html,clean/feds-notes/2020/2020-07-08-why-has-wage-growth-been-subdued-in-the-advanced-foreign-eco-fedsnote.txt,ok
2020-07-15-the-increasing-deflationary-impact-of-consumer-digital-acces,https://www.federalreserve.gov/econres/notes/feds-notes/the-increasing-deflationary-impact-of-consumer-digital-access-services-20200715.html,clean/feds-notes/2020/2020-07-15-the-increasing-deflationary-impact-of-consumer-digital-acces-fedsnote.txt,ok
2020-07-17-dealer-inventory-constraints-during-covid-19-pandemic-eviden,https://www.federalreserve.gov/econres/notes/feds-notes/dealer-inventory-constraints-during-covid-19-pandemic-evidence-from-treasury-market-broader-implications-20200717.html,clean/feds-notes/2020/2020-07-17-dealer-inventory-constraints-during-covid-19-pandemic-eviden-fedsnote.txt,ok
2020-07-31-how-did-banks-fund-c-and-i-drawdowns-at-the-onset-of-the-cov,https://www.federalreserve.gov/econres/notes/feds-notes/how-did-banks-fund-c-and-i-drawdowns-at-the-onset-of-the-covid-19-crisis-20200731.html,clean/feds-notes/2020/2020-07-31-how-did-banks-fund-c-and-i-drawdowns-at-the-onset-of-the-cov-fedsnote.txt,ok
2020-07-31-monitoring-risk-from-collateral-runs,https://www.federalreserve.gov/econres/notes/feds-notes/monitoring-risk-from-collateral-runs-20200731.html,clean/feds-notes/2020/2020-07-31-monitoring-risk-from-collateral-runs-fedsnote.txt,ok
2020-08-03-new-financial-market-measures-of-the-neutral-real-rate-and-i,https://www.federalreserve.gov/econres/notes/feds-notes/new-financial-market-measures-of-the-neutral-real-rate-and-inflation-expectations-20200803.html,clean/feds-notes/2020/2020-08-03-new-financial-market-measures-of-the-neutral-real-rate-and-i-fedsnote.txt,ok
2020-08-04-principal-trading-firm-activity-in-treasury-cash-markets,https://www.federalreserve.gov/econres/notes/feds-notes/principal-trading-firm-activity-in-treasury-cash-markets-20200804.html,clean/feds-notes/2020/2020-08-04-principal-trading-firm-activity-in-treasury-cash-markets-fedsnote.txt,ok
2020-08-07-an-early-evaluation-of-the-effects-of-the-pandemic-on-living,https://www.federalreserve.gov/econres/notes/feds-notes/an-early-evaluation-of-the-effects-of-the-pandemic-on-living-arrangements-and-household-formation-20200807.html,clean/feds-notes/2020/2020-08-07-an-early-evaluation-of-the-effects-of-the-pandemic-on-living-fedsnote.txt,ok
2020-08-10-are-there-competitive-concerns-in-middle-market-lending,https://www.federalreserve.gov/econres/notes/feds-notes/are-there-competitive-concerns-in-middle-market-lending-20200810.html,clean/feds-notes/2020/2020-08-10-are-there-competitive-concerns-in-middle-market-lending-fedsnote.txt,ok
2020-08-12-the-cost-structure-of-consumer-finance-companies-and-its-imp,https://www.federalreserve.gov/econres/notes/feds-notes/the-cost-structure-of-consumer-finance-companies-and-its-implications-for-interest-rates-20200812.html,clean/feds-notes/2020/2020-08-12-the-cost-structure-of-consumer-finance-companies-and-its-imp-fedsnote.txt,ok
2020-08-13-comparing-means-of-payment-what-role-for-a-central-bank-digi,https://www.federalreserve.gov/econres/notes/feds-notes/comparing-means-of-payment-what-role-for-a-central-bank-digital-currency-20200813.html,clean/feds-notes/2020/2020-08-13-comparing-means-of-payment-what-role-for-a-central-bank-digi-fedsnote.txt,ok
2020-08-13-observations-from-the-foowire-project-experimenting-with-dlt,https://www.federalreserve.gov/econres/notes/feds-notes/observations-from-the-foowire-project-experimenting-with-dlt-for-payments-use-20200813.html,clean/feds-notes/2020/2020-08-13-observations-from-the-foowire-project-experimenting-with-dlt-fedsnote.txt,ok
2020-08-24-worker-churn-at-establishments-over-the-business-cycle,https://www.federalreserve.gov/econres/notes/feds-notes/worker-churn-at-establishments-over-the-business-cycle-20200824.html,clean/feds-notes/2020/2020-08-24-worker-churn-at-establishments-over-the-business-cycle-fedsnote.txt,ok
2020-08-25-fixed-income-market-structure-treasuries-vs-agency-mbs,https://www.federalreserve.gov/econres/notes/feds-notes/fixed-income-market-structure-treasuries-vs-agency-mbs-20200825.html,clean/feds-notes/2020/2020-08-25-fixed-income-market-structure-treasuries-vs-agency-mbs-fedsnote.txt,ok
2020-08-27-the-federal-reserves-review-of-its-monetary-policy-framework,https://www.federalreserve.gov/econres/notes/feds-notes/the-federal-reserves-review-of-its-monetary-policy-framework-a-roadmap-20200827.html,clean/feds-notes/2020/2020-08-27-the-federal-reserves-review-of-its-monetary-policy-framework-fedsnote.txt,ok
2020-08-28-implementing-monetary-policy-in-an-ample-reserves-regime-mai,https://www.federalreserve.gov/econres/notes/feds-notes/implementing-monetary-policy-in-an-ample-reserves-regime-maintaining-an-ample-quantity-of-reserves-note-2-of-3-20200828.html,clean/feds-notes/2020/2020-08-28-implementing-monetary-policy-in-an-ample-reserves-regime-mai-fedsnote.txt,ok
2020-08-31-conflicting-signals-implications-of-divergence-in-surveys-an,https://www.federalreserve.gov/econres/notes/feds-notes/conflicting-signals-implications-of-divergence-in-surveys-and-market-based-measures-of-policy-expectations-20200831.html,clean/feds-notes/2020/2020-08-31-conflicting-signals-implications-of-divergence-in-surveys-an-fedsnote.txt,ok
2020-09-02-index-of-common-inflation-expectations,https://www.federalreserve.gov/econres/notes/feds-notes/index-of-common-inflation-expectations-20200902.html,clean/feds-notes/2020/2020-09-02-index-of-common-inflation-expectations-fedsnote.txt,ok
2020-09-18-central-banks-financial-stability-communications-during-the,https://www.federalreserve.gov/econres/notes/feds-notes/central-banks-financial-stability-communications-during-the-covid-19-pandemic-20200918.html,clean/feds-notes/2020/2020-09-18-central-banks-financial-stability-communications-during-the-fedsnote.txt,ok
2020-09-18-sriskv2-a-note,https://www.federalreserve.gov/econres/notes/feds-notes/sriskv2-a-note-20200918.html,clean/feds-notes/2020/2020-09-18-sriskv2-a-note-fedsnote.txt,ok
2020-09-18-underlying-inflation-its-measurement-and-significance,https://www.federalreserve.gov/econres/notes/feds-notes/underlying-inflation-its-measurement-and-significance-20200918.html,clean/feds-notes/2020/2020-09-18-underlying-inflation-its-measurement-and-significance-fedsnote.txt,ok
2020-09-21-avoiding-sovereign-default-contagion-a-normative-analysis,https://www.federalreserve.gov/econres/notes/feds-notes/avoiding-sovereign-default-contagion-a-normative-analysis-20200921.html,clean/feds-notes/2020/2020-09-21-avoiding-sovereign-default-contagion-a-normative-analysis-fedsnote.txt,ok
2020-09-24-retrospective-the-agency-mbs-market-on-october-15-2014,https://www.federalreserve.gov/econres/notes/feds-notes/retrospective-the-agency-mbs-market-on-october-15-2014-20200924.html,clean/feds-notes/2020/2020-09-24-retrospective-the-agency-mbs-market-on-october-15-2014-fedsnote.txt,ok
2020-09-25-what-do-quoted-spreads-tell-us-about-machine-trading-market,https://www.federalreserve.gov/econres/notes/feds-notes/what-do-quoted-spreads-tell-us-about-machine-trading-market-stress-march-2020-20200925.html,clean/feds-notes/2020/2020-09-25-what-do-quoted-spreads-tell-us-about-machine-trading-market-fedsnote.txt,ok
2020-09-28-disparities-in-wealth-by-race-and-ethnicity-in-the-2019-surv,https://www.federalreserve.gov/econres/notes/feds-notes/disparities-in-wealth-by-race-and-ethnicity-in-the-2019-survey-of-consumer-finances-20200928.html,clean/feds-notes/2020/2020-09-28-disparities-in-wealth-by-race-and-ethnicity-in-the-2019-surv-fedsnote.txt,ok
2020-09-28-wealth-and-income-concentration-in-the-scf,https://www.federalreserve.gov/econres/notes/feds-notes/wealth-and-income-concentration-in-the-scf-20200928.html,clean/feds-notes/2020/2020-09-28-wealth-and-income-concentration-in-the-scf-fedsnote.txt,ok
2020-10-02-implementing-monetary-policy-in-an-ample-reserves-regime-whe,https://www.federalreserve.gov/econres/notes/feds-notes/implementing-monetary-policy-in-an-ample-reserves-regime-when-in-crisis-note-3-of-3-20201002.html,clean/feds-notes/2020/2020-10-02-implementing-monetary-policy-in-an-ample-reserves-regime-whe-fedsnote.txt,ok
2020-10-07-the-corporate-bond-market-crises-and-the-government-response,https://www.federalreserve.gov/econres/notes/feds-notes/the-corporate-bond-market-crises-and-the-government-response-20201007.html,clean/feds-notes/2020/2020-10-07-the-corporate-bond-market-crises-and-the-government-response-fedsnote.txt,ok
2020-10-07-the-impact-of-covid-19-on-emerging-markets-economies-financi,https://www.federalreserve.gov/econres/notes/feds-notes/the-impact-of-covid-19-on-emerging-markets-economies-financial-conditions-20201007.html,clean/feds-notes/2020/2020-10-07-the-impact-of-covid-19-on-emerging-markets-economies-financi-fedsnote.txt,ok
2020-10-08-fire-sale-vulnerabilities-of-banks-bank-specific-risks-under,https://www.federalreserve.gov/econres/notes/feds-notes/fire-sale-vulnerabilities-of-banks-bank-specific-risks-under-stress-and-credit-drawdowns-20201008.html,clean/feds-notes/2020/2020-10-08-fire-sale-vulnerabilities-of-banks-bank-specific-risks-under-fedsnote.txt,ok
2020-10-14-macroeconomic-news-and-stock-prices-over-the-fomc-cycle,https://www.federalreserve.gov/econres/notes/feds-notes/macroeconomic-news-and-stock-prices-over-the-fomc-cycle-20201014.html,clean/feds-notes/2020/2020-10-14-macroeconomic-news-and-stock-prices-over-the-fomc-cycle-fedsnote.txt,ok
2020-10-14-the-stock-market-real-economy-disconnect-a-closer-look,https://www.federalreserve.gov/econres/notes/feds-notes/the-stock-market-real-economy-disconnect-a-closer-look-20201014.html,clean/feds-notes/2020/2020-10-14-the-stock-market-real-economy-disconnect-a-closer-look-fedsnote.txt,ok
2020-10-16-beyond-imports-the-supply-chain-effects-of-trade-protection,https://www.federalreserve.gov/econres/notes/feds-notes/beyond-imports-the-supply-chain-effects-of-trade-protection-on-export-growth-20201016.html,clean/feds-notes/2020/2020-10-16-beyond-imports-the-supply-chain-effects-of-trade-protection-fedsnote.txt,ok
2020-10-20-improving-housing-payment-projections-during-the-covid-19-pa,https://www.federalreserve.gov/econres/notes/feds-notes/improving-housing-payment-projections-during-the-covid-19-pandemic-20201020.html,clean/feds-notes/2020/2020-10-20-improving-housing-payment-projections-during-the-covid-19-pa-fedsnote.txt,ok
2020-10-21-electricity-demand-as-a-high-frequency-economic-indicator,https://www.federalreserve.gov/econres/notes/feds-notes/electricity-demand-as-a-high-frequency-economic-indicator-20201021.html,clean/feds-notes/2020/2020-10-21-electricity-demand-as-a-high-frequency-economic-indicator-fedsnote.txt,ok
2020-10-21-the-effects-of-the-covid-19-shutdown-on-the-consumer-credit,https://www.federalreserve.gov/econres/notes/feds-notes/the-effects-of-the-covid-19-shutdown-on-the-consumer-credit-card-market-revolvers-versus-transactors-20201021.html,clean/feds-notes/2020/2020-10-21-the-effects-of-the-covid-19-shutdown-on-the-consumer-credit-fedsnote.txt,ok
2020-10-23-closing-the-monetary-policy-curriculum-gap,https://www.federalreserve.gov/econres/notes/feds-notes/closing-the-monetary-policy-curriculum-gap-20201023.html,clean/feds-notes/2020/2020-10-23-closing-the-monetary-policy-curriculum-gap-fedsnote.txt,ok
2020-10-23-what-drove-recent-trends-in-corporate-bonds-and-loans-usage,https://www.federalreserve.gov/econres/notes/feds-notes/what-drove-recent-trends-in-corporate-bonds-and-loans-usage-20201023.html,clean/feds-notes/2020/2020-10-23-what-drove-recent-trends-in-corporate-bonds-and-loans-usage-fedsnote.txt,ok
2020-11-09-central-bank-digital-currency-a-literature-review,https://www.federalreserve.gov/econres/notes/feds-notes/central-bank-digital-currency-a-literature-review-20201109.html,clean/feds-notes/2020/2020-11-09-central-bank-digital-currency-a-literature-review-fedsnote.txt,ok
2020-11-09-short-term-funding-stresses-and-asset-prices-lessons-from-u,https://www.federalreserve.gov/econres/notes/feds-notes/short-term-funding-stresses-and-asset-prices-lessons-from-u-s-history-20201109.html,clean/feds-notes/2020/2020-11-09-short-term-funding-stresses-and-asset-prices-lessons-from-u-fedsnote.txt,ok
2020-11-09-the-stability-of-safe-asset-production,https://www.federalreserve.gov/econres/notes/feds-notes/the-stability-of-safe-asset-production-20201109.html,clean/feds-notes/2020/2020-11-09-the-stability-of-safe-asset-production-fedsnote.txt,ok
2020-11-09-updating-the-distributional-financial-accounts,https://www.federalreserve.gov/econres/notes/feds-notes/updating-the-distributional-financial-accounts-20201109.html,clean/feds-notes/2020/2020-11-09-updating-the-distributional-financial-accounts-fedsnote.txt,ok
2020-11-12-how-the-federal-reserves-central-bank-swap-lines-have-suppor,https://www.federalreserve.gov/econres/notes/feds-notes/how-the-federal-reserves-central-bank-swap-lines-have-supported-uscb-in-the-llm-20201112.html,clean/feds-notes/2020/2020-11-12-how-the-federal-reserves-central-bank-swap-lines-have-suppor-fedsnote.txt,ok
2020-11-12-stuck-at-home-the-drag-of-homeownership-on-earnings-after-jo,https://www.federalreserve.gov/econres/notes/feds-notes/stuck-at-home-the-drag-of-homeownership-on-earnings-after-job-separation-20201112.html,clean/feds-notes/2020/2020-11-12-stuck-at-home-the-drag-of-homeownership-on-earnings-after-jo-fedsnote.txt,ok
2020-12-03-dementia-harms-household-finances-years-before-clinical-reco,https://www.federalreserve.gov/econres/notes/feds-notes/dementia-harms-household-finances-years-before-clinical-recognition-20201203.html,clean/feds-notes/2020/2020-12-03-dementia-harms-household-finances-years-before-clinical-reco-fedsnote.txt,ok
2020-12-03-interest-coverage-ratios-assessing-vulnerabilities-in-nonfin,https://www.federalreserve.gov/econres/notes/feds-notes/interest-coverage-ratios-assessing-vulnerabilities-in-nonfinancial-corporate-credit-20201203.html,clean/feds-notes/2020/2020-12-03-interest-coverage-ratios-assessing-vulnerabilities-in-nonfin-fedsnote.txt,ok
2020-12-04-treasury-market-functioning-during-the-covid-19-outbreak-evi,https://www.federalreserve.gov/econres/notes/feds-notes/treasury-market-functioning-during-the-covid-19-outbreak-evidence-from-collateral-re-use-20201204.html,clean/feds-notes/2020/2020-12-04-treasury-market-functioning-during-the-covid-19-outbreak-evi-fedsnote.txt,ok
2020-12-18-globalization-and-the-reach-of-multinationals-implications-f,https://www.federalreserve.gov/econres/notes/feds-notes/globalization-and-the-reach-of-multinationals-implications-for-portfolio-20201218.html,clean/feds-notes/2020/2020-12-18-globalization-and-the-reach-of-multinationals-implications-f-fedsnote.txt,ok
2020-12-18-natural-disasters-climate-change-and-sovereign-risk,https://www.federalreserve.gov/econres/notes/feds-notes/natural-disasters-climate-change-and-sovereign-risk-20201218.html,clean/feds-notes/2020/2020-12-18-natural-disasters-climate-change-and-sovereign-risk-fedsnote.txt,ok
2020-12-29-why-were-treasury-yields-so-stable-over-the-summer,https://www.federalreserve.gov/econres/notes/feds-notes/why-were-treasury-yields-so-stable-over-the-summer-20201229.html,clean/feds-notes/2020/2020-12-29-why-were-treasury-yields-so-stable-over-the-summer-fedsnote.txt,ok
2020-12-30-remittances-and-covid-19-a-tale-of-two-countries,https://www.federalreserve.gov/econres/notes/feds-notes/remittances-and-covid-19-a-tale-of-two-countries-20201230.html,clean/feds-notes/2020/2020-12-30-remittances-and-covid-19-a-tale-of-two-countries-fedsnote.txt,ok
2020-12-31-how-do-principal-trading-firms-and-dealers-trade-around-fomc,https://www.federalreserve.gov/econres/notes/feds-notes/how-do-principal-trading-firms-and-dealers-trade-around-fomc-statement-releases-20201231.html,clean/feds-notes/2020/2020-12-31-how-do-principal-trading-firms-and-dealers-trade-around-fomc-fedsnote.txt,ok
2021-01-14-the-unusual-composition-of-demand-during-the-pandemic,https://www.federalreserve.gov/econres/notes/feds-notes/the-unusual-composition-of-demand-during-the-pandemic-20210114.html,clean/feds-notes/2021/2021-01-14-the-unusual-composition-of-demand-during-the-pandemic-fedsnote.txt,ok
2021-02-01-forecasting-during-the-covid-19-pandemic-a-structural-analys,https://www.federalreserve.gov/econres/notes/feds-notes/forecasting-during-the-covid-19-pandemic-a-structural-analysis-of-downside-risk-20210201.html,clean/feds-notes/2021/2021-02-01-forecasting-during-the-covid-19-pandemic-a-structural-analys-fedsnote.txt,ok
2021-02-01-household-and-business-debt-a-fire-sale-risk-analysis,https://www.federalreserve.gov/econres/notes/feds-notes/household-and-business-debt-a-fire-sale-risk-analysis-20210201.html,clean/feds-notes/2021/2021-02-01-household-and-business-debt-a-fire-sale-risk-analysis-fedsnote.txt,ok
2021-02-04-regional-trade-agreements-with-global-value-chains,https://www.federalreserve.gov/econres/notes/feds-notes/regional-trade-agreements-with-global-value-chains-20210204.html,clean/feds-notes/2021/2021-02-04-regional-trade-agreements-with-global-value-chains-fedsnote.txt,ok
2021-02-12-the-effects-of-covid-19-as-reported-by-local-communities,https://www.federalreserve.gov/econres/notes/feds-notes/the-effects-of-covid-19-as-reported-by-local-communities-20210212.html,clean/feds-notes/2021/2021-02-12-the-effects-of-covid-19-as-reported-by-local-communities-fedsnote.txt,ok
2021-02-17-factors-affecting-recent-us-tariffs-on-imports-from-china,https://www.federalreserve.gov/econres/notes/feds-notes/factors-affecting-recent-us-tariffs-on-imports-from-china-20210217.html,clean/feds-notes/2021/2021-02-17-factors-affecting-recent-us-tariffs-on-imports-from-china-fedsnote.txt,ok
2021-02-24-acts-of-congress-and-covid-19-unemployment-insurance-benefit,https://www.federalreserve.gov/econres/notes/feds-notes/acts-of-congress-and-covid-19-unemployment-insurance-benefits-and-stimulus-checks-20210224.html,clean/feds-notes/2021/2021-02-24-acts-of-congress-and-covid-19-unemployment-insurance-benefit-fedsnote.txt,ok
2021-02-24-preconditions-for-a-general-purpose-central-bank-digital-cur,https://www.federalreserve.gov/econres/notes/feds-notes/preconditions-for-a-general-purpose-central-bank-digital-currency-20210224.html,clean/feds-notes/2021/2021-02-24-preconditions-for-a-general-purpose-central-bank-digital-cur-fedsnote.txt,ok
2021-02-25-quantifying-the-covid-19-effects-on-core-pce-price-inflation,https://www.federalreserve.gov/econres/notes/feds-notes/quantifying-the-covid-19-effects-on-core-pce-price-inflation-20210225.html,clean/feds-notes/2021/2021-02-25-quantifying-the-covid-19-effects-on-core-pce-price-inflation-fedsnote.txt,ok
2021-03-04-the-effect-of-us-china-tariff-hikes-differences-in-demand-co,https://www.federalreserve.gov/econres/notes/feds-notes/the-effect-of-us-china-tariff-hikes-differences-in-demand-composition-matter-20210304.html,clean/feds-notes/2021/2021-03-04-the-effect-of-us-china-tariff-hikes-differences-in-demand-co-fedsnote.txt,ok
2021-03-04-why-is-the-default-rate-so-low,https://www.federalreserve.gov/econres/notes/feds-notes/why-is-the-default-rate-so-low-20210304.html,clean/feds-notes/2021/2021-03-04-why-is-the-default-rate-so-low-fedsnote.txt,ok
2021-03-05-research-data-series-index-of-common-inflation-expectations,https://www.federalreserve.gov/econres/notes/feds-notes/research-data-series-index-of-common-inflation-expectations-20210305.html,clean/feds-notes/2021/2021-03-05-research-data-series-index-of-common-inflation-expectations-fedsnote.txt,ok
2021-03-19-climate-change-and-financial-stability,https://www.federalreserve.gov/econres/notes/feds-notes/climate-change-and-financial-stability-20210319.html,clean/feds-notes/2021/2021-03-19-climate-change-and-financial-stability-fedsnote.txt,ok
2021-03-19-non-financial-corporate-credit-and-recessions,https://www.federalreserve.gov/econres/notes/feds-notes/non-financial-corporate-credit-and-recessions-20210319.html,clean/feds-notes/2021/2021-03-19-non-financial-corporate-credit-and-recessions-fedsnote.txt,ok
2021-03-19-the-effect-of-mortgage-forbearance-on-house-prices-during-co,https://www.federalreserve.gov/econres/notes/feds-notes/the-effect-of-mortgage-forbearance-on-house-prices-during-covid-19-20210319.html,clean/feds-notes/2021/2021-03-19-the-effect-of-mortgage-forbearance-on-house-prices-during-co-fedsnote.txt,ok
2021-04-12-inflation-thresholds-and-policy-rule-inertia-some-simulation,https://www.federalreserve.gov/econres/notes/feds-notes/inflation-thresholds-and-policy-rule-inertia-some-simulation-results-20210412.html,clean/feds-notes/2021/2021-04-12-inflation-thresholds-and-policy-rule-inertia-some-simulation-fedsnote.txt,ok
2021-04-14-oil-equities-and-a-nonbinding-zero-lower-bound-the-monetary,https://www.federalreserve.gov/econres/notes/feds-notes/oil-equities-and-a-nonbinding-zero-lower-bound-the-monetary-policy-response-to-covid-19-20210414.html,clean/feds-notes/2021/2021-04-14-oil-equities-and-a-nonbinding-zero-lower-bound-the-monetary-fedsnote.txt,ok
2021-04-16-bank-borrowings-by-asset-managers-evidence-from-us-open-end,https://www.federalreserve.gov/econres/notes/feds-notes/bank-borrowings-by-asset-managers-evidence-from-us-open-end-mutual-funds-and-exchange-traded-funds-20210416.html,clean/feds-notes/2021/2021-04-16-bank-borrowings-by-asset-managers-evidence-from-us-open-end-fedsnote.txt,ok
2021-04-16-uptake-of-the-main-street-lending-program,https://www.federalreserve.gov/econres/notes/feds-notes/uptake-of-the-main-street-lending-program-20210416.html,clean/feds-notes/2021/2021-04-16-uptake-of-the-main-street-lending-program-fedsnote.txt,ok
2021-04-30-developments-in-the-credit-score-distribution-over-2020,https://www.federalreserve.gov/econres/notes/feds-notes/developments-in-the-credit-score-distribution-over-2020-20210430.html,clean/feds-notes/2021/2021-04-30-developments-in-the-credit-score-distribution-over-2020-fedsnote.txt,ok
2021-05-12-foreign-banks-asset-reallocation-intermediate-holding-compan,https://www.federalreserve.gov/econres/notes/feds-notes/foreign-banks-asset-reallocation-intermediate-holding-company-rule-of-2016-20210512.html,clean/feds-notes/2021/2021-05-12-foreign-banks-asset-reallocation-intermediate-holding-compan-fedsnote.txt,ok
2021-05-14-the-treasury-market-flash-event-of-february-25-2021,https://www.federalreserve.gov/econres/notes/feds-notes/the-treasury-market-flash-event-of-february-25-2021-20210514.html,clean/feds-notes/2021/2021-05-14-the-treasury-market-flash-event-of-february-25-2021-fedsnote.txt,ok
2021-05-24-how-much-lockdown-policies-contribute-to-local-unemployment,https://www.federalreserve.gov/econres/notes/feds-notes/how-much-lockdown-policies-contribute-to-local-unemployment-20210524.html,clean/feds-notes/2021/2021-05-24-how-much-lockdown-policies-contribute-to-local-unemployment-fedsnote.txt,ok
2021-05-24-spatial-variation-in-the-2020-housing-market-decline-and-rec,https://www.federalreserve.gov/econres/notes/feds-notes/spatial-variation-in-the-2020-housing-market-decline-and-recovery-20210524.html,clean/feds-notes/2021/2021-05-24-spatial-variation-in-the-2020-housing-market-decline-and-rec-fedsnote.txt,ok
2021-06-01-the-vaccine-boost-an-analysis-of-the-impact-of-the-covid-19,https://www.federalreserve.gov/econres/notes/feds-notes/the-vaccine-boost-an-analysis-of-the-impact-of-the-covid-19-vaccine-rollout-on-measures-of-activity-20210601.html,clean/feds-notes/2021/2021-06-01-the-vaccine-boost-an-analysis-of-the-impact-of-the-covid-19-fedsnote.txt,ok
2021-06-21-did-the-us-bilateral-goods-deficit-with-china-increase-or-de,https://www.federalreserve.gov/econres/notes/feds-notes/did-the-us-bilateral-goods-deficit-with-china-increase-or-decrease-during-the-us-china-trade-conflict-20210621.html,clean/feds-notes/2021/2021-06-21-did-the-us-bilateral-goods-deficit-with-china-increase-or-de-fedsnote.txt,ok
2021-06-21-improving-the-measurement-of-racial-and-ethnic-disparities-i,https://www.federalreserve.gov/econres/notes/feds-notes/improving-the-measurement-of-racial-and-ethnic-disparities-in-the-survey-of-consumer-finances-20210621.html,clean/feds-notes/2021/2021-06-21-improving-the-measurement-of-racial-and-ethnic-disparities-i-fedsnote.txt,ok
2021-06-21-primary-markets-for-short-term-debt-and-the-stabilizing-effe,https://www.federalreserve.gov/econres/notes/feds-notes/primary-markets-for-short-term-debt-and-the-stabilizing-effects-of-the-pdcf-20210621.html,clean/feds-notes/2021/2021-06-21-primary-markets-for-short-term-debt-and-the-stabilizing-effe-fedsnote.txt,ok
2021-06-21-the-104th-anniversary-of-the-federal-reserves-oldest-data-co,https://www.federalreserve.gov/econres/notes/feds-notes/the-104th-anniversary-of-the-federal-reserves-oldest-data-collection-20210621.html,clean/feds-notes/2021/2021-06-21-the-104th-anniversary-of-the-federal-reserves-oldest-data-co-fedsnote.txt,ok
2021-06-22-the-global-recovery-lessons-from-the-past,https://www.federalreserve.gov/econres/notes/feds-notes/the-global-recovery-lessons-from-the-past-20210622.html,clean/feds-notes/2021/2021-06-22-the-global-recovery-lessons-from-the-past-fedsnote.txt,ok
2021-06-23-are-rising-u-s-interest-rates-destabilizing-for-emerging-mar,https://www.federalreserve.gov/econres/notes/feds-notes/are-rising-u-s-interest-rates-destabilizing-for-emerging-market-economies-20210623.html,clean/feds-notes/2021/2021-06-23-are-rising-u-s-interest-rates-destabilizing-for-emerging-mar-fedsnote.txt,ok
2021-06-23-what-is-programmable-money,https://www.federalreserve.gov/econres/notes/feds-notes/what-is-programmable-money-20210623.html,clean/feds-notes/2021/2021-06-23-what-is-programmable-money-fedsnote.txt,ok
2021-07-02-unpredictable-recessions,https://www.federalreserve.gov/econres/notes/feds-notes/unpredictable-recessions-20210702.html,clean/feds-notes/2021/2021-07-02-unpredictable-recessions-fedsnote.txt,ok
2021-07-08-banks-backtesting-exceptions-during-the-covid-19-crash-cause,https://www.federalreserve.gov/econres/notes/feds-notes/banks-backtesting-exceptions-during-the-covid-19-crash-causes-and-consequences-20210708.html,clean/feds-notes/2021/2021-07-08-banks-backtesting-exceptions-during-the-covid-19-crash-cause-fedsnote.txt,ok
2021-07-08-housing-market-tightness-during-covid-19-increased-demand-or,https://www.federalreserve.gov/econres/notes/feds-notes/housing-market-tightness-during-covid-19-increased-demand-or-reduced-supply-20210708.html,clean/feds-notes/2021/2021-07-08-housing-market-tightness-during-covid-19-increased-demand-or-fedsnote.txt,ok
2021-07-08-seasonal-unemployment-rate-differences-by-race-ethnicity-and,https://www.federalreserve.gov/econres/notes/feds-notes/seasonal-unemployment-rate-differences-by-race-ethnicity-and-gender-20210708.html,clean/feds-notes/2021/2021-07-08-seasonal-unemployment-rate-differences-by-race-ethnicity-and-fedsnote.txt,ok
2021-07-15-dealer-inventory-constraints-in-the-corporate-bond-market-du,https://www.federalreserve.gov/econres/notes/feds-notes/dealer-inventory-constraints-in-the-corporate-bond-market-during-the-covid-crisis-20210715.html,clean/feds-notes/2021/2021-07-15-dealer-inventory-constraints-in-the-corporate-bond-market-du-fedsnote.txt,ok
2021-07-15-does-the-age-at-which-a-consumer-gets-their-first-credit-mat,https://www.federalreserve.gov/econres/notes/feds-notes/does-the-age-at-which-a-consumer-gets-their-first-credit-matter-20210715.html,clean/feds-notes/2021/2021-07-15-does-the-age-at-which-a-consumer-gets-their-first-credit-mat-fedsnote.txt,ok
2021-07-30-accounting-for-covid-related-funding-credit-liquidity-and-lo,https://www.federalreserve.gov/econres/notes/feds-notes/accounting-for-covid-related-funding-credit-liquidity-and-loan-facilities-20210730.html,clean/feds-notes/2021/2021-07-30-accounting-for-covid-related-funding-credit-liquidity-and-lo-fedsnote.txt,ok
2021-07-30-the-pandemics-impact-on-credit-risk-averted-or-delayed,https://www.federalreserve.gov/econres/notes/feds-notes/the-pandemics-impact-on-credit-risk-averted-or-delayed-20210730.html,clean/feds-notes/2021/2021-07-30-the-pandemics-impact-on-credit-risk-averted-or-delayed-fedsnote.txt,ok
2021-07-30-us-zombie-firms-how-many-and-how-consequential,https://www.federalreserve.gov/econres/notes/feds-notes/us-zombie-firms-how-many-and-how-consequential-20210730.html,clean/feds-notes/2021/2021-07-30-us-zombie-firms-how-many-and-how-consequential-fedsnote.txt,ok
2021-08-02-the-dynamics-of-the-us-overnight-triparty-repo-market,https://www.federalreserve.gov/econres/notes/feds-notes/the-dynamics-of-the-us-overnight-triparty-repo-market-20210802.html,clean/feds-notes/2021/2021-08-02-the-dynamics-of-the-us-overnight-triparty-repo-market-fedsnote.txt,ok
2021-08-06-changes-in-womens-representation-in-economics-new-data-from,https://www.federalreserve.gov/econres/notes/feds-notes/changes-in-womens-representation-in-economics-new-data-from-the-aea-papers-and-proceedings-20210806.html,clean/feds-notes/2021/2021-08-06-changes-in-womens-representation-in-economics-new-data-from-fedsnote.txt,ok
2021-08-06-use-of-the-federal-reserves-repo-operations-and-changes-in-d,https://www.federalreserve.gov/econres/notes/feds-notes/use-of-the-federal-reserves-repo-operations-and-changes-in-dealer-balance-sheets-20210806.html,clean/feds-notes/2021/2021-08-06-use-of-the-federal-reserves-repo-operations-and-changes-in-d-fedsnote.txt,ok
2021-08-16-have-pandemic-induced-declines-in-home-listings-fueled-house,https://www.federalreserve.gov/econres/notes/feds-notes/have-pandemic-induced-declines-in-home-listings-fueled-house-price-growth-20210816.html,clean/feds-notes/2021/2021-08-16-have-pandemic-induced-declines-in-home-listings-fueled-house-fedsnote.txt,ok
2021-08-24-local-concentration-in-the-small-business-lending-market-and,https://www.federalreserve.gov/econres/notes/feds-notes/local-concentration-in-the-small-business-lending-market-and-its-relationship-to-the-deposit-market-20210824.html,clean/feds-notes/2021/2021-08-24-local-concentration-in-the-small-business-lending-market-and-fedsnote.txt,ok
2021-08-30-how-dynamic-is-bank-liquidity-including-when-the-covid-19-pa,https://www.federalreserve.gov/econres/notes/feds-notes/how-dynamic-is-bank-liquidity-including-when-the-covid-19-pandemic-first-set-In-20210830.html,clean/feds-notes/2021/2021-08-30-how-dynamic-is-bank-liquidity-including-when-the-covid-19-pa-fedsnote.txt,ok
2021-08-30-wealth-inequality-and-covid-19-evidence-from-the-distributio,https://www.federalreserve.gov/econres/notes/feds-notes/wealth-inequality-and-covid-19-evidence-from-the-distributional-financial-accounts-20210830.html,clean/feds-notes/2021/2021-08-30-wealth-inequality-and-covid-19-evidence-from-the-distributio-fedsnote.txt,ok
2021-09-01-what-did-we-learn-from-2-billion-jabs-early-cross-country-ev,https://www.federalreserve.gov/econres/notes/feds-notes/what-did-we-learn-from-2-billion-jabs-early-cross-country-evidence-covid-19-20210901.html,clean/feds-notes/2021/2021-09-01-what-did-we-learn-from-2-billion-jabs-early-cross-country-ev-fedsnote.txt,ok
2021-09-30-measuring-the-systemic-importance-of-large-us-banks,https://www.federalreserve.gov/econres/notes/feds-notes/measuring-the-systemic-importance-of-large-us-banks-20210930.html,clean/feds-notes/2021/2021-09-30-measuring-the-systemic-importance-of-large-us-banks-fedsnote.txt,ok
2021-10-06-forward-looking-exporters,https://www.federalreserve.gov/econres/notes/feds-notes/forward-looking-exporters-20211006.html,clean/feds-notes/2021/2021-10-06-forward-looking-exporters-fedsnote.txt,ok
2021-10-06-sizing-hedge-funds-treasury-market-activities-and-holdings,https://www.federalreserve.gov/econres/notes/feds-notes/sizing-hedge-funds-treasury-market-activities-and-holdings-20211006.html,clean/feds-notes/2021/2021-10-06-sizing-hedge-funds-treasury-market-activities-and-holdings-fedsnote.txt,ok
2021-10-06-the-international-role-of-the-u-s-dollar,https://www.federalreserve.gov/econres/notes/feds-notes/the-international-role-of-the-u-s-dollar-20211006.html,clean/feds-notes/2021/2021-10-06-the-international-role-of-the-u-s-dollar-fedsnote.txt,ok
2021-10-12-questions-and-answers-the-information-content-of-the-post-fo,https://www.federalreserve.gov/econres/notes/feds-notes/questions-and-answers-the-information-content-of-the-post-fomc-meeting-press-conference-20211012.html,clean/feds-notes/2021/2021-10-12-questions-and-answers-the-information-content-of-the-post-fo-fedsnote.txt,ok
2021-10-15-bank-lending-conditions-during-the-pandemic,https://www.federalreserve.gov/econres/notes/feds-notes/bank-lending-conditions-during-the-pandemic-20211015.html,clean/feds-notes/2021/2021-10-15-bank-lending-conditions-during-the-pandemic-fedsnote.txt,ok
2021-10-15-lessons-from-the-history-of-the-u-s-regulatory-perimeter,https://www.federalreserve.gov/econres/notes/feds-notes/lessons-from-the-history-of-the-u-s-regulatory-perimeter-20211015.html,clean/feds-notes/2021/2021-10-15-lessons-from-the-history-of-the-u-s-regulatory-perimeter-fedsnote.txt,ok
2021-10-22-wealth-inequality-and-the-racial-wealth-gap,https://www.federalreserve.gov/econres/notes/feds-notes/wealth-inequality-and-the-racial-wealth-gap-20211022.html,clean/feds-notes/2021/2021-10-22-wealth-inequality-and-the-racial-wealth-gap-fedsnote.txt,ok
2021-11-05-caregiving-for-children-and-parental-labor-force-participati,https://www.federalreserve.gov/econres/notes/feds-notes/caregiving-for-children-and-parental-labor-force-participation-during-the-pandemic-20211105.html,clean/feds-notes/2021/2021-11-05-caregiving-for-children-and-parental-labor-force-participati-fedsnote.txt,ok
2021-11-05-differences-in-rent-growth-by-income-1985-2019-and-implicati,https://www.federalreserve.gov/econres/notes/feds-notes/differences-in-rent-growth-by-income-1985-2019-and-implications-for-real-income-inequality-20211105.html,clean/feds-notes/2021/2021-11-05-differences-in-rent-growth-by-income-1985-2019-and-implicati-fedsnote.txt,ok
2021-11-05-international-measures-of-common-inflation,https://www.federalreserve.gov/econres/notes/feds-notes/international-measures-of-common-inflation-20211105.html,clean/feds-notes/2021/2021-11-05-international-measures-of-common-inflation-fedsnote.txt,ok
2021-11-19-quantifying-bottlenecks-in-manufacturing,https://www.federalreserve.gov/econres/notes/feds-notes/quantifying-bottlenecks-in-manufacturing-20211119.html,clean/feds-notes/2021/2021-11-19-quantifying-bottlenecks-in-manufacturing-fedsnote.txt,ok
2021-11-26-credit-portfolio-convergence-in-u-s-banks-since-the-covid-19,https://www.federalreserve.gov/econres/notes/feds-notes/credit-portfolio-convergence-in-u-s-banks-since-the-covid-19-shock-20211126.html,clean/feds-notes/2021/2021-11-26-credit-portfolio-convergence-in-u-s-banks-since-the-covid-19-fedsnote.txt,ok
2021-11-26-the-ability-to-work-remotely-measures-and-implications,https://www.federalreserve.gov/econres/notes/feds-notes/the-ability-to-work-remotely-measures-and-implications-20211126.html,clean/feds-notes/2021/2021-11-26-the-ability-to-work-remotely-measures-and-implications-fedsnote.txt,ok
2021-12-03-effects-of-supply-chain-bottlenecks-on-prices-using-textual,https://www.federalreserve.gov/econres/notes/feds-notes/effects-of-supply-chain-bottlenecks-on-prices-using-textual-analysis-20211203.html,clean/feds-notes/2021/2021-12-03-effects-of-supply-chain-bottlenecks-on-prices-using-textual-fedsnote.txt,ok
2021-12-03-new-accounting-framework-faces-its-first-test-cecl-during-th,https://www.federalreserve.gov/econres/notes/feds-notes/new-accounting-framework-faces-its-first-test-cecl-during-the-pandemic-20211203.html,clean/feds-notes/2021/2021-12-03-new-accounting-framework-faces-its-first-test-cecl-during-th-fedsnote.txt,ok
2021-12-03-why-did-credit-card-balances-decline-so-much-during-the-covi,https://www.federalreserve.gov/econres/notes/feds-notes/why-did-credit-card-balances-decline-so-much-during-the-covid-19-pandemic-20211203.html,clean/feds-notes/2021/2021-12-03-why-did-credit-card-balances-decline-so-much-during-the-covi-fedsnote.txt,ok
2021-12-17-bank-branches-and-covid-19-where-are-banks-closing-branches,https://www.federalreserve.gov/econres/notes/feds-notes/bank-branches-and-covid-19-where-are-banks-closing-branches-during-the-pandemic-20211217.html,clean/feds-notes/2021/2021-12-17-bank-branches-and-covid-19-where-are-banks-closing-branches-fedsnote.txt,ok
2022-01-28-foreign-demand-for-us-treasury-securities-during-the-pandemi,https://www.federalreserve.gov/econres/notes/feds-notes/foreign-demand-for-us-treasury-securities-during-the-pandemic-20220128.html,clean/feds-notes/2022/2022-01-28-foreign-demand-for-us-treasury-securities-during-the-pandemi-fedsnote.txt,ok
2022-02-03-how-global-risk-perceptions-affect-economic-growth,https://www.federalreserve.gov/econres/notes/feds-notes/how-global-risk-perceptions-affect-economic-growth-20220203.html,clean/feds-notes/2022/2022-02-03-how-global-risk-perceptions-affect-economic-growth-fedsnote.txt,ok
2022-02-03-security-considerations-for-a-central-bank-digital-currency,https://www.federalreserve.gov/econres/notes/feds-notes/security-considerations-for-a-central-bank-digital-currency-20220203.html,clean/feds-notes/2022/2022-02-03-security-considerations-for-a-central-bank-digital-currency-fedsnote.txt,ok
2022-02-03-using-distributed-ledger-technology-for-payment-directories,https://www.federalreserve.gov/econres/notes/feds-notes/using-distributed-ledger-technology-for-payment-directories-20220203.html,clean/feds-notes/2022/2022-02-03-using-distributed-ledger-technology-for-payment-directories-fedsnote.txt,ok
2022-02-04-a-lawyers-perspective-on-us-payment-system-evolution-and-mon,https://www.federalreserve.gov/econres/notes/feds-notes/a-lawyers-perspective-on-us-payment-system-evolution-and-money-in-the-digital-age-20220204.html,clean/feds-notes/2022/2022-02-04-a-lawyers-perspective-on-us-payment-system-evolution-and-mon-fedsnote.txt,ok
2022-02-11-delinquency-rates-and-the-missing-originations-in-the-auto-l,https://www.federalreserve.gov/econres/notes/feds-notes/delinquency-rates-and-the-missing-originations-in-the-auto-loan-market-20220211.html,clean/feds-notes/2022/2022-02-11-delinquency-rates-and-the-missing-originations-in-the-auto-l-fedsnote.txt,ok
2022-02-18-estimating-u-s-cross-border-securities-flows-ten-years-of-th,https://www.federalreserve.gov/econres/notes/feds-notes/estimating-u-s-cross-border-securities-flows-ten-years-of-the-tic-slt-20220218.html,clean/feds-notes/2022/2022-02-18-estimating-u-s-cross-border-securities-flows-ten-years-of-th-fedsnote.txt,ok
2022-02-18-global-real-economic-uncertainty-and-covid-19,https://www.federalreserve.gov/econres/notes/feds-notes/global-real-economic-uncertainty-and-covid-19-20220218.html,clean/feds-notes/2022/2022-02-18-global-real-economic-uncertainty-and-covid-19-fedsnote.txt,ok
2022-02-18-what-happens-when-banks-tighten-c-i-loan-supply,https://www.federalreserve.gov/econres/notes/feds-notes/what-happens-when-banks-tighten-c-i-loan-supply-20220218.html,clean/feds-notes/2022/2022-02-18-what-happens-when-banks-tighten-c-i-loan-supply-fedsnote.txt,ok
2022-02-22-drivers-of-bank-supply-of-business-loans,https://www.federalreserve.gov/econres/notes/feds-notes/drivers-of-bank-supply-of-business-loans-20220222.html,clean/feds-notes/2022/2022-02-22-drivers-of-bank-supply-of-business-loans-fedsnote.txt,ok
2022-03-18-testing-bank-resiliency-through-time,https://www.federalreserve.gov/econres/notes/feds-notes/testing-bank-resiliency-through-time-20220318.html,clean/feds-notes/2022/2022-03-18-testing-bank-resiliency-through-time-fedsnote.txt,ok
2022-03-25-dont-fear-the-yield-curve-reprise,https://www.federalreserve.gov/econres/notes/feds-notes/dont-fear-the-yield-curve-reprise-20220325.html,clean/feds-notes/2022/2022-03-25-dont-fear-the-yield-curve-reprise-fedsnote.txt,ok
2022-03-31-is-trend-inflation-at-risk-of-becoming-unanchored-the-role-o,https://www.federalreserve.gov/econres/notes/feds-notes/is-trend-inflation-at-risk-of-becoming-unanchored-the-role-of-inflation-expectations-20220331.html,clean/feds-notes/2022/2022-03-31-is-trend-inflation-at-risk-of-becoming-unanchored-the-role-o-fedsnote.txt,ok
2022-04-08-anchored-or-not-a-short-summary-of-a-bayesian-approach-to-th,https://www.federalreserve.gov/econres/notes/feds-notes/anchored-or-not-a-short-summary-of-a-bayesian-approach-to-the-persistence-of-inflation-20220408.html,clean/feds-notes/2022/2022-04-08-anchored-or-not-a-short-summary-of-a-bayesian-approach-to-th-fedsnote.txt,ok
2022-04-19-investor-base-and-prime-money-market-fund-behavior,https://www.federalreserve.gov/econres/notes/feds-notes/investor-base-and-prime-money-market-fund-behavior-20220419.html,clean/feds-notes/2022/2022-04-19-investor-base-and-prime-money-market-fund-behavior-fedsnote.txt,ok
2022-05-06-business-entry-and-exit-in-the-covid-19-pandemic-a-prelimina,https://www.federalreserve.gov/econres/notes/feds-notes/business-entry-and-exit-in-the-covid-19-pandemic-a-preliminary-look-at-official-data-20220506.html,clean/feds-notes/2022/2022-05-06-business-entry-and-exit-in-the-covid-19-pandemic-a-prelimina-fedsnote.txt,ok
2022-05-06-the-remarkable-recent-rebound-in-household-formation-and-the,https://www.federalreserve.gov/econres/notes/feds-notes/the-remarkable-recent-rebound-in-household-formation-and-the-prospects-for-future-housing-demand-20220506.html,clean/feds-notes/2022/2022-05-06-the-remarkable-recent-rebound-in-household-formation-and-the-fedsnote.txt,ok
2022-05-12-implications-of-cyber-risk-for-financial-stability,https://www.federalreserve.gov/econres/notes/feds-notes/implications-of-cyber-risk-for-financial-stability-20220512.html,clean/feds-notes/2022/2022-05-12-implications-of-cyber-risk-for-financial-stability-fedsnote.txt,ok
2022-05-20-international-trade-and-gender-gaps-in-college-enrollment,https://www.federalreserve.gov/econres/notes/feds-notes/international-trade-and-gender-gaps-in-college-enrollment-20220520.html,clean/feds-notes/2022/2022-05-20-international-trade-and-gender-gaps-in-college-enrollment-fedsnote.txt,ok
2022-05-27-a-note-on-the-expected-expiration-of-federal-student-loan-fo,https://www.federalreserve.gov/econres/notes/feds-notes/a-note-on-the-expected-expiration-of-federal-student-loan-forbearance-20220527.html,clean/feds-notes/2022/2022-05-27-a-note-on-the-expected-expiration-of-federal-student-loan-fo-fedsnote.txt,ok
2022-05-27-the-effect-of-the-war-in-ukraine-on-global-activity-and-infl,https://www.federalreserve.gov/econres/notes/feds-notes/the-effect-of-the-war-in-ukraine-on-global-activity-and-inflation-20220527.html,clean/feds-notes/2022/2022-05-27-the-effect-of-the-war-in-ukraine-on-global-activity-and-infl-fedsnote.txt,ok
2022-06-01-economic-restrictions-during-the-covid-19-pandemic-and-measu,https://www.federalreserve.gov/econres/notes/feds-notes/economic-restrictions-during-the-covid-19-pandemic-and-measures-of-small-business-health-20220601.html,clean/feds-notes/2022/2022-06-01-economic-restrictions-during-the-covid-19-pandemic-and-measu-fedsnote.txt,ok
2022-06-02-runs-on-algorithmic-stablecoins-evidence-from-iron-titan-and,https://www.federalreserve.gov/econres/notes/feds-notes/runs-on-algorithmic-stablecoins-evidence-from-iron-titan-and-steel-20220602.html,clean/feds-notes/2022/2022-06-02-runs-on-algorithmic-stablecoins-evidence-from-iron-titan-and-fedsnote.txt,ok
2022-06-03-substitutability-between-balance-sheet-reductions-and-policy,https://www.federalreserve.gov/econres/notes/feds-notes/substitutability-between-balance-sheet-reductions-and-policy-rate-hikes-some-illustrations-20220603.html,clean/feds-notes/2022/2022-06-03-substitutability-between-balance-sheet-reductions-and-policy-fedsnote.txt,ok
2022-06-03-understanding-bank-deposit-growth-during-the-covid-19-pandem,https://www.federalreserve.gov/econres/notes/feds-notes/understanding-bank-deposit-growth-during-the-covid-19-pandemic-20220603.html,clean/feds-notes/2022/2022-06-03-understanding-bank-deposit-growth-during-the-covid-19-pandem-fedsnote.txt,ok
2022-06-17-interest-rates-expectations-and-flow-dynamics-in-high-yield,https://www.federalreserve.gov/econres/notes/feds-notes/interest-rates-expectations-and-flow-dynamics-in-high-yield-corporate-debt-mutual-funds-20220617.html,clean/feds-notes/2022/2022-06-17-interest-rates-expectations-and-flow-dynamics-in-high-yield-fedsnote.txt,ok
2022-06-17-the-post-covid-stock-listing-boom,https://www.federalreserve.gov/econres/notes/feds-notes/the-post-covid-stock-listing-boom-20220617.html,clean/feds-notes/2022/2022-06-17-the-post-covid-stock-listing-boom-fedsnote.txt,ok
2022-06-21-financial-and-macroeconomic-indicators-of-recession-risk,https://www.federalreserve.gov/econres/notes/feds-notes/financial-and-macroeconomic-indicators-of-recession-risk-20220621.html,clean/feds-notes/2022/2022-06-21-financial-and-macroeconomic-indicators-of-recession-risk-fedsnote.txt,ok
2022-06-21-how-effective-were-national-state-and-local-eviction-morator,https://www.federalreserve.gov/econres/notes/feds-notes/how-effective-were-national-state-and-local-eviction-moratoria-20220621.html,clean/feds-notes/2022/2022-06-21-how-effective-were-national-state-and-local-eviction-morator-fedsnote.txt,ok
2022-06-24-bottlenecks-shortages-and-soaring-prices-in-the-us-economy,https://www.federalreserve.gov/econres/notes/feds-notes/bottlenecks-shortages-and-soaring-prices-in-the-us-economy-20220624.html,clean/feds-notes/2022/2022-06-24-bottlenecks-shortages-and-soaring-prices-in-the-us-economy-fedsnote.txt,ok
2022-06-30-survey-responses-improved-perceptions-discount-window-usage,https://www.federalreserve.gov/econres/notes/feds-notes/survey-responses-improved-perceptions-discount-window-usage-observed-borrowing-behavior-20220630.html,clean/feds-notes/2022/2022-06-30-survey-responses-improved-perceptions-discount-window-usage-fedsnote.txt,ok
2022-07-01-an-approach-to-quantifying-operational-resilience-concepts,https://www.federalreserve.gov/econres/notes/feds-notes/an-approach-to-quantifying-operational-resilience-concepts-20220701.html,clean/feds-notes/2022/2022-07-01-an-approach-to-quantifying-operational-resilience-concepts-fedsnote.txt,ok
2022-07-01-economic-resilience-in-the-covid-19-pandemic,https://www.federalreserve.gov/econres/notes/feds-notes/economic-resilience-in-the-covid-19-pandemic-20220701.html,clean/feds-notes/2022/2022-07-01-economic-resilience-in-the-covid-19-pandemic-fedsnote.txt,ok
2022-07-05-the-feds-inaugural-conference-on-the-international-roles-of,https://www.federalreserve.gov/econres/notes/feds-notes/the-feds-inaugural-conference-on-the-international-roles-of-the-us-dollar-20220705.html,clean/feds-notes/2022/2022-07-05-the-feds-inaugural-conference-on-the-international-roles-of-fedsnote.txt,ok
2022-07-05-unemployment-insurance-in-survey-and-administrative-data,https://www.federalreserve.gov/econres/notes/feds-notes/unemployment-insurance-in-survey-and-administrative-data-20220705.html,clean/feds-notes/2022/2022-07-05-unemployment-insurance-in-survey-and-administrative-data-fedsnote.txt,ok
2022-07-07-income-declines-during-covid-19,https://www.federalreserve.gov/econres/notes/feds-notes/income-declines-during-covid-19-20220707.html,clean/feds-notes/2022/2022-07-07-income-declines-during-covid-19-fedsnote.txt,ok
2022-07-08-declining-affordability-and-home-purchase-borrowing-by-lower,https://www.federalreserve.gov/econres/notes/feds-notes/declining-affordability-and-home-purchase-borrowing-by-lower-income-households-20220708.html,clean/feds-notes/2022/2022-07-08-declining-affordability-and-home-purchase-borrowing-by-lower-fedsnote.txt,ok
2022-07-12-monetary-policy-inflation-outlook-and-recession-probabilitie,https://www.federalreserve.gov/econres/notes/feds-notes/monetary-policy-inflation-outlook-and-recession-probabilities-20220712.html,clean/feds-notes/2022/2022-07-12-monetary-policy-inflation-outlook-and-recession-probabilitie-fedsnote.txt,ok
2022-07-13-decomposing-changes-in-higher-education-return-on-investment,https://www.federalreserve.gov/econres/notes/feds-notes/decomposing-changes-in-higher-education-return-on-investment-over-time-20220713.html,clean/feds-notes/2022/2022-07-13-decomposing-changes-in-higher-education-return-on-investment-fedsnote.txt,ok
2022-07-14-fit-for-purpose-payment-system-interoperability-a-framework,https://www.federalreserve.gov/econres/notes/feds-notes/fit-for-purpose-payment-system-interoperability-a-framework-20220714.html,clean/feds-notes/2022/2022-07-14-fit-for-purpose-payment-system-interoperability-a-framework-fedsnote.txt,ok
2022-07-14-young-borrowers-usage-of-cosigned-credit-cards-and-long-run,https://www.federalreserve.gov/econres/notes/feds-notes/young-borrowers-usage-of-cosigned-credit-cards-and-long-run-outcomes-20220714.html,clean/feds-notes/2022/2022-07-14-young-borrowers-usage-of-cosigned-credit-cards-and-long-run-fedsnote.txt,ok
2022-07-15-an-analysis-of-the-interest-rate-risk-of-the-federal-reserve,https://www.federalreserve.gov/econres/notes/feds-notes/an-analysis-of-the-interest-rate-risk-of-the-federal-reserves-balance-sheet-part-1-20220715.html,clean/feds-notes/2022/2022-07-15-an-analysis-of-the-interest-rate-risk-of-the-federal-reserve-fedsnote.txt,ok
2022-07-15-an-analysis-of-the-interest-rate-risk-of-the-federal-reserve,https://www.federalreserve.gov/econres/notes/feds-notes/an-analysis-of-the-interest-rate-risk-of-the-federal-reserves-balance-sheet-part-2-20220715.html,clean/feds-notes/2022/2022-07-15-an-analysis-of-the-interest-rate-risk-of-the-federal-reserve-fedsnote.txt,skipped
2022-07-15-fiscal-policy-and-excess-inflation-during-covid-19-a-cross-c,https://www.federalreserve.gov/econres/notes/feds-notes/fiscal-policy-and-excess-inflation-during-covid-19-a-cross-country-view-20220715.html,clean/feds-notes/2022/2022-07-15-fiscal-policy-and-excess-inflation-during-covid-19-a-cross-c-fedsnote.txt,ok
2022-07-29-what-does-the-beveridge-curve-tell-us-about-the-likelihood-o,https://www.federalreserve.gov/econres/notes/feds-notes/what-does-the-beveridge-curve-tell-us-about-the-likelihood-of-a-soft-landing-20220729.html,clean/feds-notes/2022/2022-07-29-what-does-the-beveridge-curve-tell-us-about-the-likelihood-o-fedsnote.txt,ok
2022-08-05-insights-from-revised-form-fr2004-into-primary-dealer-securi,https://www.federalreserve.gov/econres/notes/feds-notes/insights-from-revised-form-fr2004-into-primary-dealer-securities-financing-and-mbs-activity-20220805.html,clean/feds-notes/2022/2022-08-05-insights-from-revised-form-fr2004-into-primary-dealer-securi-fedsnote.txt,ok
2022-08-05-long-covid-cognitive-impairment-and-the-stalled-decline-in-d,https://www.federalreserve.gov/econres/notes/feds-notes/long-covid-cognitive-impairment-and-the-stalled-decline-in-disability-rates-20220805.html,clean/feds-notes/2022/2022-08-05-long-covid-cognitive-impairment-and-the-stalled-decline-in-d-fedsnote.txt,ok
2022-08-18-are-stocks-pricing-in-recession-risks-evidence-from-dividend,https://www.federalreserve.gov/econres/notes/feds-notes/are-stocks-pricing-in-recession-risks-evidence-from-dividend-futures-20220818.html,clean/feds-notes/2022/2022-08-18-are-stocks-pricing-in-recession-risks-evidence-from-dividend-fedsnote.txt,ok
2022-08-23-how-do-us-life-insurers-manage-liquidity-in-times-of-stress,https://www.federalreserve.gov/econres/notes/feds-notes/how-do-us-life-insurers-manage-liquidity-in-times-of-stress-20220823.html,clean/feds-notes/2022/2022-08-23-how-do-us-life-insurers-manage-liquidity-in-times-of-stress-fedsnote.txt,ok
2022-09-06-the-coming-long-run-slowdown-in-corporate-profit-growth-and,https://www.federalreserve.gov/econres/notes/feds-notes/the-coming-long-run-slowdown-in-corporate-profit-growth-and-stock-returns-20220906.html,clean/feds-notes/2022/2022-09-06-the-coming-long-run-slowdown-in-corporate-profit-growth-and-fedsnote.txt,ok
2022-09-09-credit-card-profitability,https://www.federalreserve.gov/econres/notes/feds-notes/credit-card-profitability-20220909.html,clean/feds-notes/2022/2022-09-09-credit-card-profitability-fedsnote.txt,ok
2022-10-07-dealer-intermediation-in-the-primary-market-of-commercial-pa,https://www.federalreserve.gov/econres/notes/feds-notes/dealer-intermediation-in-the-primary-market-of-commercial-paper-20221007.html,clean/feds-notes/2022/2022-10-07-dealer-intermediation-in-the-primary-market-of-commercial-pa-fedsnote.txt,ok
2022-10-11-non-bank-financial-institutions-and-the-slope-of-the-yield-c,https://www.federalreserve.gov/econres/notes/feds-notes/non-bank-financial-institutions-and-the-slope-of-the-yield-curve-20221011.html,clean/feds-notes/2022/2022-10-11-non-bank-financial-institutions-and-the-slope-of-the-yield-c-fedsnote.txt,ok
2022-10-21-excess-savings-during-the-covid-19-pandemic,https://www.federalreserve.gov/econres/notes/feds-notes/excess-savings-during-the-covid-19-pandemic-20221021.html,clean/feds-notes/2022/2022-10-21-excess-savings-during-the-covid-19-pandemic-fedsnote.txt,ok
2022-11-17-house-price-growth-and-inflation-during-covid-19,https://www.federalreserve.gov/econres/notes/feds-notes/house-price-growth-and-inflation-during-covid-19-20221117.html,clean/feds-notes/2022/2022-11-17-house-price-growth-and-inflation-during-covid-19-fedsnote.txt,ok
2022-11-25-an-examination-of-first-mover-advantage-for-a-cbdc,https://www.federalreserve.gov/econres/notes/feds-notes/an-examination-of-first-mover-advantage-for-a-cbdc-20221125.html,clean/feds-notes/2022/2022-11-25-an-examination-of-first-mover-advantage-for-a-cbdc-fedsnote.txt,ok
2022-12-01-longer-run-neutral-rates-in-major-advanced-economies,https://www.federalreserve.gov/econres/notes/feds-notes/longer-run-neutral-rates-in-major-advanced-economies-20221201.html,clean/feds-notes/2022/2022-12-01-longer-run-neutral-rates-in-major-advanced-economies-fedsnote.txt,ok
2022-12-16-the-stable-in-stablecoins,https://www.federalreserve.gov/econres/notes/feds-notes/the-stable-in-stablecoins-20221216.html,clean/feds-notes/2022/2022-12-16-the-stable-in-stablecoins-fedsnote.txt,ok
2022-12-22-international-spillovers-of-tighter-monetary-policy,https://www.federalreserve.gov/econres/notes/feds-notes/international-spillovers-of-tighter-monetary-policy-20221222.html,clean/feds-notes/2022/2022-12-22-international-spillovers-of-tighter-monetary-policy-fedsnote.txt,ok
2023-01-03-the-snb-frb-bis-high-level-conference-on-inflation-risk-and,https://www.federalreserve.gov/econres/notes/feds-notes/the-snb-frb-bis-high-level-conference-on-inflation-risk-and-uncertainty-20230103.html,clean/feds-notes/2023/2023-01-03-the-snb-frb-bis-high-level-conference-on-inflation-risk-and-fedsnote.txt,ok
2023-01-11-new-insights-from-n-cen-liquidity-management-at-open-end-fun,https://www.federalreserve.gov/econres/notes/feds-notes/new-insights-from-n-cen-liquidity-management-at-open-end-funds-and-pmc-of-etfs-20230111.html,clean/feds-notes/2023/2023-01-11-new-insights-from-n-cen-liquidity-management-at-open-end-fun-fedsnote.txt,ok
2023-01-13-drivers-of-post-pandemic-inflation-in-selected-advanced-econ,https://www.federalreserve.gov/econres/notes/feds-notes/drivers-of-post-pandemic-inflation-in-selected-advanced-economies-and-implications-for-the-outlook-20230113.html,clean/feds-notes/2023/2023-01-13-drivers-of-post-pandemic-inflation-in-selected-advanced-econ-fedsnote.txt,ok
2023-02-03-a-note-on-industry-concentration-measurement,https://www.federalreserve.gov/econres/notes/feds-notes/a-note-on-industry-concentration-measurement-20230203.html,clean/feds-notes/2023/2023-02-03-a-note-on-industry-concentration-measurement-fedsnote.txt,ok
2023-02-03-balance-sheet-policies-in-an-evolving-economy-some-modelling,https://www.federalreserve.gov/econres/notes/feds-notes/balance-sheet-policies-in-an-evolving-economy-some-modelling-advances-and-illustrative-simulations-20230203.html,clean/feds-notes/2023/2023-02-03-balance-sheet-policies-in-an-evolving-economy-some-modelling-fedsnote.txt,ok
2023-02-06-measurement-and-effects-of-supply-chain-bottlenecks-using-na,https://www.federalreserve.gov/econres/notes/feds-notes/measurement-and-effects-of-supply-chain-bottlenecks-using-natural-language-processing-20230206.html,clean/feds-notes/2023/2023-02-06-measurement-and-effects-of-supply-chain-bottlenecks-using-na-fedsnote.txt,ok
2023-03-24-from-whom-to-whom-relationships-in-the-financial-accounts-of,https://www.federalreserve.gov/econres/notes/feds-notes/from-whom-to-whom-relationships-in-the-financial-accounts-of-the-united-states-20230324.html,clean/feds-notes/2023/2023-03-24-from-whom-to-whom-relationships-in-the-financial-accounts-of-fedsnote.txt,ok
2023-03-24-gender-gaps-in-the-labor-market-widen-every-summer,https://www.federalreserve.gov/econres/notes/feds-notes/gender-gaps-in-the-labor-market-widen-every-summer-20230324.html,clean/feds-notes/2023/2023-03-24-gender-gaps-in-the-labor-market-widen-every-summer-fedsnote.txt,ok
2023-03-24-nonresidential-construction-spending-is-likely-not-as-weak-a,https://www.federalreserve.gov/econres/notes/feds-notes/nonresidential-construction-spending-is-likely-not-as-weak-as-it-seems-20230324.html,clean/feds-notes/2023/2023-03-24-nonresidential-construction-spending-is-likely-not-as-weak-a-fedsnote.txt,ok
2023-04-18-did-the-pandemic-change-who-became-behind-on-rent,https://www.federalreserve.gov/econres/notes/feds-notes/did-the-pandemic-change-who-became-behind-on-rent-20230418.html,clean/feds-notes/2023/2023-04-18-did-the-pandemic-change-who-became-behind-on-rent-fedsnote.txt,ok
2023-05-12-winners-and-losers-from-recent-asset-price-changes,https://www.federalreserve.gov/econres/notes/feds-notes/winners-and-losers-from-recent-asset-price-changes-20230512.html,clean/feds-notes/2023/2023-05-12-winners-and-losers-from-recent-asset-price-changes-fedsnote.txt,ok
2023-05-16-private-firm-repayment-vulnerabilities-and-adverse-economic,https://www.federalreserve.gov/econres/notes/feds-notes/private-firm-repayment-vulnerabilities-and-adverse-economic-conditions-20230516.html,clean/feds-notes/2023/2023-05-16-private-firm-repayment-vulnerabilities-and-adverse-economic-fedsnote.txt,ok
2023-05-22-real-gdp-and-productivity-measurement-what-do-macro-data-cap,https://www.federalreserve.gov/econres/notes/feds-notes/real-gdp-and-productivity-measurement-what-do-macro-data-capture-20230522.html,clean/feds-notes/2023/2023-05-22-real-gdp-and-productivity-measurement-what-do-macro-data-cap-fedsnote.txt,ok
2023-06-23-2nd-annual-international-roles-of-the-us-dollar-conference,https://www.federalreserve.gov/econres/notes/feds-notes/2nd-annual-international-roles-of-the-us-dollar-conference-20230623.html,clean/feds-notes/2023/2023-06-23-2nd-annual-international-roles-of-the-us-dollar-conference-fedsnote.txt,ok
2023-06-23-accumulated-savings-during-the-pandemic-an-international-com,https://www.federalreserve.gov/econres/notes/feds-notes/accumulated-savings-during-the-pandemic-an-international-comparison-with-historical-perspective-20230623.html,clean/feds-notes/2023/2023-06-23-accumulated-savings-during-the-pandemic-an-international-com-fedsnote.txt,ok
2023-06-23-distressed-firms-and-the-large-effects-of-monetary-policy-ti,https://www.federalreserve.gov/econres/notes/feds-notes/distressed-firms-and-the-large-effects-of-monetary-policy-tightenings-20230623.html,clean/feds-notes/2023/2023-06-23-distressed-firms-and-the-large-effects-of-monetary-policy-ti-fedsnote.txt,ok
2023-06-23-the-international-role-of-the-us-dollar-post-covid-edition,https://www.federalreserve.gov/econres/notes/feds-notes/the-international-role-of-the-us-dollar-post-covid-edition-20230623.html,clean/feds-notes/2023/2023-06-23-the-international-role-of-the-us-dollar-post-covid-edition-fedsnote.txt,ok
2023-06-27-the-transmission-of-global-risk,https://www.federalreserve.gov/econres/notes/feds-notes/the-transmission-of-global-risk-20230627.html,clean/feds-notes/2023/2023-06-27-the-transmission-of-global-risk-fedsnote.txt,ok
2023-06-29-impact-of-leverage-ratio-relief-announcement-and-expiry-on-b,https://www.federalreserve.gov/econres/notes/feds-notes/impact-of-leverage-ratio-relief-announcement-and-expiry-on-bank-stock-prices-20230629.html,clean/feds-notes/2023/2023-06-29-impact-of-leverage-ratio-relief-announcement-and-expiry-on-b-fedsnote.txt,ok
2023-06-30-a-new-index-to-measure-us-financial-conditions,https://www.federalreserve.gov/econres/notes/feds-notes/a-new-index-to-measure-us-financial-conditions-20230630.html,clean/feds-notes/2023/2023-06-30-a-new-index-to-measure-us-financial-conditions-fedsnote.txt,ok
2023-07-07-a-bayesian-update-on-inflation-and-inflation-persistence,https://www.federalreserve.gov/econres/notes/feds-notes/a-bayesian-update-on-inflation-and-inflation-persistence-20230707.html,clean/feds-notes/2023/2023-07-07-a-bayesian-update-on-inflation-and-inflation-persistence-fedsnote.txt,ok
2023-07-28-empirical-assessment-of-sr-ca-small-dollar-lending-letter-im,https://www.federalreserve.gov/econres/notes/feds-notes/empirical-assessment-of-sr-ca-small-dollar-lending-letter-impact-20230728.html,clean/feds-notes/2023/2023-07-28-empirical-assessment-of-sr-ca-small-dollar-lending-letter-im-fedsnote.txt,ok
2023-07-28-the-persistent-urban-shortfall-in-leisure-and-hospitality-em,https://www.federalreserve.gov/econres/notes/feds-notes/the-persistent-urban-shortfall-in-leisure-and-hospitality-employment-20230728.html,clean/feds-notes/2023/2023-07-28-the-persistent-urban-shortfall-in-leisure-and-hospitality-em-fedsnote.txt,ok
2023-07-28-what-determines-passthrough-of-policy-rates-to-deposit-rates,https://www.federalreserve.gov/econres/notes/feds-notes/what-determines-passthrough-of-policy-rates-to-deposit-rates-in-the-euro-area-20230728.html,clean/feds-notes/2023/2023-07-28-what-determines-passthrough-of-policy-rates-to-deposit-rates-fedsnote.txt,ok
2023-08-03-dealers-treasury-market-intermediation-and-the-supplementary,https://www.federalreserve.gov/econres/notes/feds-notes/dealers-treasury-market-intermediation-and-the-supplementary-leverage-ratio-20230803.html,clean/feds-notes/2023/2023-08-03-dealers-treasury-market-intermediation-and-the-supplementary-fedsnote.txt,ok
2023-08-04-financial-flows-to-the-united-states-in-2022-was-there-fragm,https://www.federalreserve.gov/econres/notes/feds-notes/financial-flows-to-the-united-states-in-2022-was-there-fragmentation-20230804.html,clean/feds-notes/2023/2023-08-04-financial-flows-to-the-united-states-in-2022-was-there-fragm-fedsnote.txt,ok
2023-08-04-the-restrained-recovery-of-state-and-local-government-payrol,https://www.federalreserve.gov/econres/notes/feds-notes/the-restrained-recovery-of-state-and-local-government-payrolls-from-the-pandemic-recession-20230804.html,clean/feds-notes/2023/2023-08-04-the-restrained-recovery-of-state-and-local-government-payrol-fedsnote.txt,ok
2023-08-07-europe-well-positioned-to-get-through-next-winter-without-ma,https://www.federalreserve.gov/econres/notes/feds-notes/europe-well-positioned-to-get-through-next-winter-without-major-gas-shortages-20230807.html,clean/feds-notes/2023/2023-08-07-europe-well-positioned-to-get-through-next-winter-without-ma-fedsnote.txt,ok
2023-08-21-non-completion-student-debt-and-financial-well-being,https://www.federalreserve.gov/econres/notes/feds-notes/non-completion-student-debt-and-financial-well-being-20230821.html,clean/feds-notes/2023/2023-08-21-non-completion-student-debt-and-financial-well-being-fedsnote.txt,ok
2023-08-29-price-setting-during-the-covid-era,https://www.federalreserve.gov/econres/notes/feds-notes/price-setting-during-the-covid-era-20230829.html,clean/feds-notes/2023/2023-08-29-price-setting-during-the-covid-era-fedsnote.txt,ok
2023-08-30-fintech-issued-personal-loans-in-the-us,https://www.federalreserve.gov/econres/notes/feds-notes/fintech-issued-personal-loans-in-the-us-20230830.html,clean/feds-notes/2023/2023-08-30-fintech-issued-personal-loans-in-the-us-fedsnote.txt,ok
2023-08-30-recent-developments-in-hedge-funds-treasury-futures-and-repo,https://www.federalreserve.gov/econres/notes/feds-notes/recent-developments-in-hedge-funds-treasury-futures-and-repo-positions-20230830.html,clean/feds-notes/2023/2023-08-30-recent-developments-in-hedge-funds-treasury-futures-and-repo-fedsnote.txt,ok
2023-09-01-size-and-survival-of-entrants-to-retail-banking,https://www.federalreserve.gov/econres/notes/feds-notes/size-and-survival-of-entrants-to-retail-banking-20230901.html,clean/feds-notes/2023/2023-09-01-size-and-survival-of-entrants-to-retail-banking-fedsnote.txt,ok
2023-09-07-analyzing-state-resilience-to-climate-change,https://www.federalreserve.gov/econres/notes/feds-notes/analyzing-state-resilience-to-climate-change-20230907.html,clean/feds-notes/2023/2023-09-07-analyzing-state-resilience-to-climate-change-fedsnote.txt,ok
2023-09-08-a-sourcing-risk-index-for-u-s-manufacturing-industries,https://www.federalreserve.gov/econres/notes/feds-notes/a-sourcing-risk-index-for-u-s-manufacturing-industries-20230908.html,clean/feds-notes/2023/2023-09-08-a-sourcing-risk-index-for-u-s-manufacturing-industries-fedsnote.txt,ok
2023-09-08-corporate-profits-in-the-aftermath-of-covid-19,https://www.federalreserve.gov/econres/notes/feds-notes/corporate-profits-in-the-aftermath-of-covid-19-20230908.html,clean/feds-notes/2023/2023-09-08-corporate-profits-in-the-aftermath-of-covid-19-fedsnote.txt,ok
2023-09-08-examining-cbdc-and-wholesale-payments,https://www.federalreserve.gov/econres/notes/feds-notes/examining-cbdc-and-wholesale-payments-20230908.html,clean/feds-notes/2023/2023-09-08-examining-cbdc-and-wholesale-payments-fedsnote.txt,ok
2023-09-08-hedge-fund-treasury-exposures-repo-and-margining,https://www.federalreserve.gov/econres/notes/feds-notes/hedge-fund-treasury-exposures-repo-and-margining-20230908.html,clean/feds-notes/2023/2023-09-08-hedge-fund-treasury-exposures-repo-and-margining-fedsnote.txt,ok
2023-09-08-understanding-workers-financial-wellbeing-in-states-with-rig,https://www.federalreserve.gov/econres/notes/feds-notes/understanding-workers-financial-wellbeing-in-states-with-right-to-work-laws-20230908.html,clean/feds-notes/2023/2023-09-08-understanding-workers-financial-wellbeing-in-states-with-rig-fedsnote.txt,ok
2023-09-25-global-inflation-uncertainty-and-its-economic-effects,https://www.federalreserve.gov/econres/notes/feds-notes/global-inflation-uncertainty-and-its-economic-effects-20230925.html,clean/feds-notes/2023/2023-09-25-global-inflation-uncertainty-and-its-economic-effects-fedsnote.txt,ok
2023-10-02-measuring-u-s-cross-border-securities-flows-new-data-and-a-g,https://www.federalreserve.gov/econres/notes/feds-notes/measuring-u-s-cross-border-securities-flows-new-data-and-a-guide-for-researchers-20231002.html,clean/feds-notes/2023/2023-10-02-measuring-u-s-cross-border-securities-flows-new-data-and-a-g-fedsnote.txt,ok
2023-10-04-u-s-interest-rates-and-emerging-market-currencies-taking-sto,https://www.federalreserve.gov/econres/notes/feds-notes/u-s-interest-rates-and-emerging-market-currencies-taking-stock-10-years-after-the-taper-tantrum-20231004.html,clean/feds-notes/2023/2023-10-04-u-s-interest-rates-and-emerging-market-currencies-taking-sto-fedsnote.txt,ok
2023-10-18-greater-wealth-greater-uncertainty-changes-in-racial-inequal,https://www.federalreserve.gov/econres/notes/feds-notes/greater-wealth-greater-uncertainty-changes-in-racial-inequality-in-the-survey-of-consumer-finances-20231018.html,clean/feds-notes/2023/2023-10-18-greater-wealth-greater-uncertainty-changes-in-racial-inequal-fedsnote.txt,ok
2023-10-18-u-s-families-experiences-of-the-covid-19-pandemic-evidence-f,https://www.federalreserve.gov/econres/notes/feds-notes/u-s-families-experiences-of-the-covid-19-pandemic-evidence-from-the-survey-of-consumer-finances-20231018.html,clean/feds-notes/2023/2023-10-18-u-s-families-experiences-of-the-covid-19-pandemic-evidence-f-fedsnote.txt,ok
2023-11-03-assessing-the-extent-of-trade-fragmentation,https://www.federalreserve.gov/econres/notes/feds-notes/assessing-the-extent-of-trade-fragmentation-20231103.html,clean/feds-notes/2023/2023-11-03-assessing-the-extent-of-trade-fragmentation-fedsnote.txt,ok
2023-12-01-monetary-policy-tightening-and-debt-servicing-costs-of-nonfi,https://www.federalreserve.gov/econres/notes/feds-notes/monetary-policy-tightening-and-debt-servicing-costs-of-nonfinancial-companies-20231201.html,clean/feds-notes/2023/2023-12-01-monetary-policy-tightening-and-debt-servicing-costs-of-nonfi-fedsnote.txt,ok
2023-12-15-an-update-on-excess-savings-in-selected-advanced-economies,https://www.federalreserve.gov/econres/notes/feds-notes/an-update-on-excess-savings-in-selected-advanced-economies-20231215.html,clean/feds-notes/2023/2023-12-15-an-update-on-excess-savings-in-selected-advanced-economies-fedsnote.txt,ok
2023-12-15-money-market-fund-repo-and-the-on-rrp-facility,https://www.federalreserve.gov/econres/notes/feds-notes/money-market-fund-repo-and-the-on-rrp-facility-20231215.html,clean/feds-notes/2023/2023-12-15-money-market-fund-repo-and-the-on-rrp-facility-fedsnote.txt,ok
2023-12-15-second-round-effects-of-oil-prices-on-inflation-in-the-advan,https://www.federalreserve.gov/econres/notes/feds-notes/second-round-effects-of-oil-prices-on-inflation-in-the-advanced-foreign-economies-20231215.html,clean/feds-notes/2023/2023-12-15-second-round-effects-of-oil-prices-on-inflation-in-the-advan-fedsnote.txt,ok
2023-12-15-the-third-snb-frb-bis-high-level-conference-on-gru-and-vmp-a,https://www.federalreserve.gov/econres/notes/feds-notes/the-third-snb-frb-bis-high-level-conference-on-gru-and-vmp-and-br-20231215.html,clean/feds-notes/2023/2023-12-15-the-third-snb-frb-bis-high-level-conference-on-gru-and-vmp-a-fedsnote.txt,ok
2023-12-22-elevated-option-implied-pinterest-rate-volatility-and-downsi,https://www.federalreserve.gov/econres/notes/feds-notes/elevated-option-implied-pinterest-rate-volatility-and-downside-risks-to-economic-activity-20231222.html,clean/feds-notes/2023/2023-12-22-elevated-option-implied-pinterest-rate-volatility-and-downsi-fedsnote.txt,ok
2024-01-02-question-design-and-the-gender-gap-in-financial-literacy,https://www.federalreserve.gov/econres/notes/feds-notes/question-design-and-the-gender-gap-in-financial-literacy-20240102.html,clean/feds-notes/2024/2024-01-02-question-design-and-the-gender-gap-in-financial-literacy-fedsnote.txt,ok
2024-01-12-the-effects-of-credit-score-migration-on-subprime-auto-loan,https://www.federalreserve.gov/econres/notes/feds-notes/the-effects-of-credit-score-migration-on-subprime-auto-loan-and-credit-card-delinquencies-20240112.html,clean/feds-notes/2024/2024-01-12-the-effects-of-credit-score-migration-on-subprime-auto-loan-fedsnote.txt,ok
2024-01-19-changes-in-the-us-economy-and-rural-urban-employment-dispari,https://www.federalreserve.gov/econres/notes/feds-notes/changes-in-the-us-economy-and-rural-urban-employment-disparities-20240119.html,clean/feds-notes/2024/2024-01-19-changes-in-the-us-economy-and-rural-urban-employment-dispari-fedsnote.txt,ok
2024-01-19-does-the-ability-to-work-remotely-alter-labor-force-attachme,https://www.federalreserve.gov/econres/notes/feds-notes/does-the-ability-to-work-remotely-alter-labor-force-attachment-an-analysis-of-female-lfp-20240119.html,clean/feds-notes/2024/2024-01-19-does-the-ability-to-work-remotely-alter-labor-force-attachme-fedsnote.txt,ok
2024-01-19-inflation-perceptions-during-the-covid-pandemic-and-recovery,https://www.federalreserve.gov/econres/notes/feds-notes/inflation-perceptions-during-the-covid-pandemic-and-recovery-20240119.html,clean/feds-notes/2024/2024-01-19-inflation-perceptions-during-the-covid-pandemic-and-recovery-fedsnote.txt,ok
2024-02-02-assessing-chinas-efforts-to-increase-self-reliance,https://www.federalreserve.gov/econres/notes/feds-notes/assessing-chinas-efforts-to-increase-self-reliance-20240202.html,clean/feds-notes/2024/2024-02-02-assessing-chinas-efforts-to-increase-self-reliance-fedsnote.txt,ok
2024-02-05-measuring-ai-uptake-in-the-workplace,https://www.federalreserve.gov/econres/notes/feds-notes/measuring-ai-uptake-in-the-workplace-20240205.html,clean/feds-notes/2024/2024-02-05-measuring-ai-uptake-in-the-workplace-fedsnote.txt,ok
2024-02-09-governance-of-permissionless-blockchain-networks,https://www.federalreserve.gov/econres/notes/feds-notes/governance-of-permissionless-blockchain-networks-20240209.html,clean/feds-notes/2024/2024-02-09-governance-of-permissionless-blockchain-networks-fedsnote.txt,ok
2024-02-14-the-federal-reserves-responses-to-the-post-covid-period-of-h,https://www.federalreserve.gov/econres/notes/feds-notes/the-federal-reserves-responses-to-the-post-covid-period-of-high-inflation-20240214.html,clean/feds-notes/2024/2024-02-14-the-federal-reserves-responses-to-the-post-covid-period-of-h-fedsnote.txt,ok
2024-02-16-implications-of-a-u-s-cbdc-for-international-payments-and-th,https://www.federalreserve.gov/econres/notes/feds-notes/implications-of-a-u-s-cbdc-for-international-payments-and-the-role-of-the-dollar-20240216.html,clean/feds-notes/2024/2024-02-16-implications-of-a-u-s-cbdc-for-international-payments-and-th-fedsnote.txt,ok
2024-02-23-primary-and-secondary-markets-for-stablecoins,https://www.federalreserve.gov/econres/notes/feds-notes/primary-and-secondary-markets-for-stablecoins-20240223.html,clean/feds-notes/2024/2024-02-23-primary-and-secondary-markets-for-stablecoins-fedsnote.txt,ok
2024-02-23-private-credit-characteristics-and-risks,https://www.federalreserve.gov/econres/notes/feds-notes/private-credit-characteristics-and-risks-20240223.html,clean/feds-notes/2024/2024-02-23-private-credit-characteristics-and-risks-fedsnote.txt,ok
2024-02-23-supply-vs-demand-factors-influencing-prices-of-manufactured,https://www.federalreserve.gov/econres/notes/feds-notes/supply-vs-demand-factors-influencing-prices-of-manufactured-goods-20240223.html,clean/feds-notes/2024/2024-02-23-supply-vs-demand-factors-influencing-prices-of-manufactured-fedsnote.txt,ok
2024-03-08-measuring-unemployment-risk,https://www.federalreserve.gov/econres/notes/feds-notes/measuring-unemployment-risk-20240308.html,clean/feds-notes/2024/2024-03-08-measuring-unemployment-risk-fedsnote.txt,ok
2024-03-08-quantifying-treasury-cash-futures-basis-trades,https://www.federalreserve.gov/econres/notes/feds-notes/quantifying-treasury-cash-futures-basis-trades-20240308.html,clean/feds-notes/2024/2024-03-08-quantifying-treasury-cash-futures-basis-trades-fedsnote.txt,ok
2024-03-08-rising-markups-and-declining-business-dynamism-evidence-from,https://www.federalreserve.gov/econres/notes/feds-notes/rising-markups-and-declining-business-dynamism-evidence-from-the-industry-cross-section-20240308.html,clean/feds-notes/2024/2024-03-08-rising-markups-and-declining-business-dynamism-evidence-from-fedsnote.txt,ok
2024-04-03-tokenized-assets-on-public-blockchains-how-transparent-is-th,https://www.federalreserve.gov/econres/notes/feds-notes/tokenized-assets-on-public-blockchains-how-transparent-is-the-blockchain-20240403.html,clean/feds-notes/2024/2024-04-03-tokenized-assets-on-public-blockchains-how-transparent-is-th-fedsnote.txt,ok
2024-04-12-global-trade-patterns-in-the-wake-of-the-2018-2019-u-s-china,https://www.federalreserve.gov/econres/notes/feds-notes/global-trade-patterns-in-the-wake-of-the-2018-2019-u-s-china-tariff-hikes-20240412.html,clean/feds-notes/2024/2024-04-12-global-trade-patterns-in-the-wake-of-the-2018-2019-u-s-china-fedsnote.txt,ok
2024-04-12-is-this-time-different-how-are-banks-performing-during-the-r,https://www.federalreserve.gov/econres/notes/feds-notes/is-this-time-different-how-are-banks-performing-during-the-rir-increases-compared-to-2004-2006-20240412.html,clean/feds-notes/2024/2024-04-12-is-this-time-different-how-are-banks-performing-during-the-r-fedsnote.txt,ok
2024-04-16-tapping-the-brakes-the-effect-of-the-2023-united-auto-worker,https://www.federalreserve.gov/econres/notes/feds-notes/tapping-the-brakes-the-effect-of-the-2023-united-auto-workers-strike-on-economic-activity-20240416.html,clean/feds-notes/2024/2024-04-16-tapping-the-brakes-the-effect-of-the-2023-united-auto-worker-fedsnote.txt,ok
2024-04-18-introducing-new-valuation-change-data-for-us-cross-border-po,https://www.federalreserve.gov/econres/notes/feds-notes/introducing-new-valuation-change-data-for-us-cross-border-portfolio-holdings-20240418.html,clean/feds-notes/2024/2024-04-18-introducing-new-valuation-change-data-for-us-cross-border-po-fedsnote.txt,ok
2024-04-19-high-tech-business-entry-in-the-pandemic-era,https://www.federalreserve.gov/econres/notes/feds-notes/high-tech-business-entry-in-the-pandemic-era-20240419.html,clean/feds-notes/2024/2024-04-19-high-tech-business-entry-in-the-pandemic-era-fedsnote.txt,ok
2024-04-19-inequality-and-financial-sector-vulnerabilities,https://www.federalreserve.gov/econres/notes/feds-notes/inequality-and-financial-sector-vulnerabilities-20240419.html,clean/feds-notes/2024/2024-04-19-inequality-and-financial-sector-vulnerabilities-fedsnote.txt,ok
2024-05-03-estimating-the-importance-of-monetary-policy-shocks-for-vari,https://www.federalreserve.gov/econres/notes/feds-notes/estimating-the-importance-of-monetary-policy-shocks-for-variation-in-the-u-s-homeownership-rate-20240503.html,clean/feds-notes/2024/2024-05-03-estimating-the-importance-of-monetary-policy-shocks-for-vari-fedsnote.txt,ok
2024-05-03-firms-financing-choice-between-short-term-and-long-term-debt,https://www.federalreserve.gov/econres/notes/feds-notes/firms-financing-choice-between-short-term-and-long-term-debts-are-they-substitutes-20240503.html,clean/feds-notes/2024/2024-05-03-firms-financing-choice-between-short-term-and-long-term-debt-fedsnote.txt,ok
2024-05-09-stress-testing-the-corporate-debt-servicing-capacity-a-scena,https://www.federalreserve.gov/econres/notes/feds-notes/stress-testing-the-corporate-debt-servicing-capacity-a-scenario-analysis-20240509.html,clean/feds-notes/2024/2024-05-09-stress-testing-the-corporate-debt-servicing-capacity-a-scena-fedsnote.txt,ok
2024-05-10-monetary-policy-and-exchange-rates-during-the-global-tighten,https://www.federalreserve.gov/econres/notes/feds-notes/monetary-policy-and-exchange-rates-during-the-global-tightening-20240510.html,clean/feds-notes/2024/2024-05-10-monetary-policy-and-exchange-rates-during-the-global-tighten-fedsnote.txt,ok
2024-05-10-why-do-mutual-funds-invest-in-treasury-futures,https://www.federalreserve.gov/econres/notes/feds-notes/why-do-mutual-funds-invest-in-treasury-futures-20240510.html,clean/feds-notes/2024/2024-05-10-why-do-mutual-funds-invest-in-treasury-futures-fedsnote.txt,ok
2024-05-17-why-is-the-u-s-gdp-recovering-faster-than-other-advanced-eco,https://www.federalreserve.gov/econres/notes/feds-notes/why-is-the-u-s-gdp-recovering-faster-than-other-advanced-economies-20240517.html,clean/feds-notes/2024/2024-05-17-why-is-the-u-s-gdp-recovering-faster-than-other-advanced-eco-fedsnote.txt,ok
2024-05-24-measuring-bank-credit-supply-shocks-using-the-senior-loan-of,https://www.federalreserve.gov/econres/notes/feds-notes/measuring-bank-credit-supply-shocks-using-the-senior-loan-officer-survey-20240524.html,clean/feds-notes/2024/2024-05-24-measuring-bank-credit-supply-shocks-using-the-senior-loan-of-fedsnote.txt,ok
2024-05-24-unpacking-the-effects-of-bank-credit-supply-shocks-on-econom,https://www.federalreserve.gov/econres/notes/feds-notes/unpacking-the-effects-of-Bank-credit-supply-shocks-on-economic-activity-20240524.html,clean/feds-notes/2024/2024-05-24-unpacking-the-effects-of-bank-credit-supply-shocks-on-econom-fedsnote.txt,ok
2024-05-31-lessons-from-past-monetary-easing-cycles,https://www.federalreserve.gov/econres/notes/feds-notes/lessons-from-past-monetary-easing-cycles-20240531.html,clean/feds-notes/2024/2024-05-31-lessons-from-past-monetary-easing-cycles-fedsnote.txt,ok
2024-05-31-rural-employment-disparities-by-race-ethnicity-and-region,https://www.federalreserve.gov/econres/notes/feds-notes/rural-employment-disparities-by-race-ethnicity-and-region-20240531.html,clean/feds-notes/2024/2024-05-31-rural-employment-disparities-by-race-ethnicity-and-region-fedsnote.txt,ok
2024-06-14-a-note-on-revolving-credit-estimates,https://www.federalreserve.gov/econres/notes/feds-notes/a-note-on-revolving-credit-estimates-20240614.html,clean/feds-notes/2024/2024-06-14-a-note-on-revolving-credit-estimates-fedsnote.txt,ok
2024-06-14-mitigating-too-big-to-fail,https://www.federalreserve.gov/econres/notes/feds-notes/mitigating-too-big-to-fail-20240614.html,clean/feds-notes/2024/2024-06-14-mitigating-too-big-to-fail-fedsnote.txt,ok
2024-06-14-who-buys-treasuries-when-the-fed-reduces-its-holdings,https://www.federalreserve.gov/econres/notes/feds-notes/who-buys-treasuries-when-the-fed-reduces-its-holdings-20240614.html,clean/feds-notes/2024/2024-06-14-who-buys-treasuries-when-the-fed-reduces-its-holdings-fedsnote.txt,ok
2024-06-21-estimating-retail-credit-in-the-u-s,https://www.federalreserve.gov/econres/notes/feds-notes/estimating-retail-credit-in-the-u-s-20240621.html,clean/feds-notes/2024/2024-06-21-estimating-retail-credit-in-the-u-s-fedsnote.txt,ok
2024-06-28-lessons-from-the-co-movement-of-inflation-around-the-world,https://www.federalreserve.gov/econres/notes/feds-notes/lessons-from-the-co-movement-of-inflation-around-the-world-20240628.html,clean/feds-notes/2024/2024-06-28-lessons-from-the-co-movement-of-inflation-around-the-world-fedsnote.txt,ok
2024-07-11-the-recent-evolution-of-the-federal-funds-market-and-its-dyn,https://www.federalreserve.gov/econres/notes/feds-notes/the-recent-evolution-of-the-federal-funds-market-and-its-dynamics-during-reductions-of-fr-balance-sheet-20240711.html,clean/feds-notes/2024/2024-07-11-the-recent-evolution-of-the-federal-funds-market-and-its-dyn-fedsnote.txt,ok
2024-07-12-central-clearing-counterparties-in-the-financial-accounts-of,https://www.federalreserve.gov/econres/notes/feds-notes/central-clearing-counterparties-in-the-financial-accounts-of-the-united-states-20240712.html,clean/feds-notes/2024/2024-07-12-central-clearing-counterparties-in-the-financial-accounts-of-fedsnote.txt,ok
2024-07-19-evaluating-forecast-performance-of-market-based-measures-of,https://www.federalreserve.gov/econres/notes/feds-notes/evaluating-forecast-performance-of-market-based-measures-of-inflation-expectations-in-europe-20240719.html,clean/feds-notes/2024/2024-07-19-evaluating-forecast-performance-of-market-based-measures-of-fedsnote.txt,ok
2024-07-19-global-implications-of-brighter-us-productivity-prospects,https://www.federalreserve.gov/econres/notes/feds-notes/global-implications-of-brighter-us-productivity-prospects-20240719.html,clean/feds-notes/2024/2024-07-19-global-implications-of-brighter-us-productivity-prospects-fedsnote.txt,ok
2024-07-19-has-the-inflation-process-become-more-persistent-evidence-fr,https://www.federalreserve.gov/econres/notes/feds-notes/has-the-inflation-process-become-more-persistent-evidence-from-the-major-advanced-economies-20240719.html,clean/feds-notes/2024/2024-07-19-has-the-inflation-process-become-more-persistent-evidence-fr-fedsnote.txt,ok
2024-07-19-small-dollar-loans-in-the-us-evidence-from-credit-bureau-dat,https://www.federalreserve.gov/econres/notes/feds-notes/small-dollar-loans-in-the-us-evidence-from-credit-bureau-data-20240719.html,clean/feds-notes/2024/2024-07-19-small-dollar-loans-in-the-us-evidence-from-credit-bureau-dat-fedsnote.txt,ok
2024-08-02-as-the-u-s-is-derisking-from-china-other-foreign-u-s-supplie,https://www.federalreserve.gov/econres/notes/feds-notes/as-the-u-s-is-derisking-from-china-Other-foreign-u-s-suppliers-are-relying-more-on-chinese-imports-20240802.html,clean/feds-notes/2024/2024-08-02-as-the-u-s-is-derisking-from-china-other-foreign-u-s-supplie-fedsnote.txt,ok
2024-08-02-disinflation-progress-a-comparison-of-advanced-economies,https://www.federalreserve.gov/econres/notes/feds-notes/disinflation-progress-a-comparison-of-advanced-economies-20240802.html,clean/feds-notes/2024/2024-08-02-disinflation-progress-a-comparison-of-advanced-economies-fedsnote.txt,ok
2024-08-02-estimating-securities-based-loans-outstanding,https://www.federalreserve.gov/econres/notes/feds-notes/estimating-securities-based-loans-outstanding-20240802.html,clean/feds-notes/2024/2024-08-02-estimating-securities-based-loans-outstanding-fedsnote.txt,ok
2024-08-02-oil-price-shocks-and-inflation-in-a-dsge-model-of-the-global,https://www.federalreserve.gov/econres/notes/feds-notes/oil-price-shocks-and-inflation-in-a-dsge-model-of-the-global-economy-20240802.html,clean/feds-notes/2024/2024-08-02-oil-price-shocks-and-inflation-in-a-dsge-model-of-the-global-fedsnote.txt,ok
2024-08-02-private-credit-growth-and-monetary-policy-transmission,https://www.federalreserve.gov/econres/notes/feds-notes/private-credit-growth-and-monetary-policy-transmission-20240802.html,clean/feds-notes/2024/2024-08-02-private-credit-growth-and-monetary-policy-transmission-fedsnote.txt,ok
2024-08-12-third-conference-on-the-international-roles-of-the-u-s-dolla,https://www.federalreserve.gov/econres/notes/feds-notes/third-conference-on-the-international-roles-of-the-u-s-dollar-20240812.html,clean/feds-notes/2024/2024-08-12-third-conference-on-the-international-roles-of-the-u-s-dolla-fedsnote.txt,ok
2024-08-16-offline-payments-implications-for-reliability-and-resiliency,https://www.federalreserve.gov/econres/notes/feds-notes/offline-payments-implications-for-reliability-and-resiliency-in-digital-payment-systems-20240816.html,clean/feds-notes/2024/2024-08-16-offline-payments-implications-for-reliability-and-resiliency-fedsnote.txt,ok
2024-08-30-internationalization-of-the-chinese-renminbi-progress-and-ou,https://www.federalreserve.gov/econres/notes/feds-notes/internationalization-of-the-chinese-renminbi-progress-and-outlook-20240830.html,clean/feds-notes/2024/2024-08-30-internationalization-of-the-chinese-renminbi-progress-and-ou-fedsnote.txt,ok
2024-08-30-monetary-policy-in-uncertain-times,https://www.federalreserve.gov/econres/notes/feds-notes/monetary-policy-in-uncertain-times-20240830.html,clean/feds-notes/2024/2024-08-30-monetary-policy-in-uncertain-times-fedsnote.txt,ok
2024-08-30-the-interaction-of-bank-leverage-interest-rate-risk-and-runn,https://www.federalreserve.gov/econres/notes/feds-notes/the-interaction-of-bank-leverage-interest-rate-risk-and-runnable-funding-20240830.html,clean/feds-notes/2024/2024-08-30-the-interaction-of-bank-leverage-interest-rate-risk-and-runn-fedsnote.txt,ok
2024-09-03-convenience-yield-as-a-driver-of-r,https://www.federalreserve.gov/econres/notes/feds-notes/convenience-yield-as-a-driver-of-r-20240903.html,clean/feds-notes/2024/2024-09-03-convenience-yield-as-a-driver-of-r-fedsnote.txt,ok
2024-09-03-the-treasury-tantrum-of-2023,https://www.federalreserve.gov/econres/notes/feds-notes/the-treasury-tantrum-of-2023-20240903.html,clean/feds-notes/2024/2024-09-03-the-treasury-tantrum-of-2023-fedsnote.txt,ok
2024-09-04-introducing-a-credit-bureau-based-measure-of-u-s-household-d,https://www.federalreserve.gov/econres/notes/feds-notes/introducing-a-credit-bureau-based-measure-of-u-s-household-debt-service-20240904.html,clean/feds-notes/2024/2024-09-04-introducing-a-credit-bureau-based-measure-of-u-s-household-d-fedsnote.txt,ok
2024-09-04-nonlinear-phillips-curves,https://www.federalreserve.gov/econres/notes/feds-notes/nonlinear-phillips-curves-20240904.html,clean/feds-notes/2024/2024-09-04-nonlinear-phillips-curves-fedsnote.txt,ok
2024-09-20-financial-conditions-and-risks-to-the-economic-outlook,https://www.federalreserve.gov/econres/notes/feds-notes/financial-conditions-and-risks-to-the-economic-outlook-20240920.html,clean/feds-notes/2024/2024-09-20-financial-conditions-and-risks-to-the-economic-outlook-fedsnote.txt,ok
2024-09-20-the-evolution-of-the-federal-reserves-agency-mbs-holdings,https://www.federalreserve.gov/econres/notes/feds-notes/the-evolution-of-the-federal-reserves-agency-mbs-holdings-20240920.html,clean/feds-notes/2024/2024-09-20-the-evolution-of-the-federal-reserves-agency-mbs-holdings-fedsnote.txt,ok
2024-09-23-dealer-balance-sheet-constraints-evidence-from-dealer-level,https://www.federalreserve.gov/econres/notes/feds-notes/dealer-balance-sheet-constraints-evidence-from-dealer-level-data-across-repo-market-segments-20240923.html,clean/feds-notes/2024/2024-09-23-dealer-balance-sheet-constraints-evidence-from-dealer-level-fedsnote.txt,ok
2024-09-26-rising-auto-loan-delinquencies-and-high-monthly-payments,https://www.federalreserve.gov/econres/notes/feds-notes/rising-auto-loan-delinquencies-and-high-monthly-payments-20240926.html,clean/feds-notes/2024/2024-09-26-rising-auto-loan-delinquencies-and-high-monthly-payments-fedsnote.txt,ok
2024-10-11-a-better-way-of-understanding-the-u-s-consumer-decomposing-r,https://www.federalreserve.gov/econres/notes/feds-notes/a-better-way-of-understanding-the-u-s-consumer-decomposing-retail-spending-by-household-income-20241011.html,clean/feds-notes/2024/2024-10-11-a-better-way-of-understanding-the-u-s-consumer-decomposing-r-fedsnote.txt,ok
2024-10-22-assessment-of-dealer-capacity-to-intermediate-in-treasury-an,https://www.federalreserve.gov/econres/notes/feds-notes/assessment-of-dealer-capacity-to-intermediate-in-treasury-and-agency-mbs-markets-20241022.html,clean/feds-notes/2024/2024-10-22-assessment-of-dealer-capacity-to-intermediate-in-treasury-an-fedsnote.txt,ok
2024-10-24-drivers-of-option-implied-interest-rate-volatility,https://www.federalreserve.gov/econres/notes/feds-notes/drivers-of-option-implied-interest-rate-volatility-20241024.html,clean/feds-notes/2024/2024-10-24-drivers-of-option-implied-interest-rate-volatility-fedsnote.txt,ok
2024-11-12-an-update-to-measuring-the-u-s-monetary-aggregates,https://www.federalreserve.gov/econres/notes/feds-notes/an-update-to-measuring-the-u-s-monetary-aggregates-20241112.html,clean/feds-notes/2024/2024-11-12-an-update-to-measuring-the-u-s-monetary-aggregates-fedsnote.txt,ok
2024-11-12-country-specific-effects-of-euro-area-monetary-policy-the-ro,https://www.federalreserve.gov/econres/notes/feds-notes/country-specific-effects-of-euro-area-monetary-policy-the-role-of-sectoral-differences-20241112.html,clean/feds-notes/2024/2024-11-12-country-specific-effects-of-euro-area-monetary-policy-the-ro-fedsnote.txt,ok
2024-11-21-flexing-the-factory-the-role-of-temporary-help-workers-in-ma,https://www.federalreserve.gov/econres/notes/feds-notes/flexing-the-factory-the-role-of-temporary-help-workers-in-manufacturing-20241121.html,clean/feds-notes/2024/2024-11-21-flexing-the-factory-the-role-of-temporary-help-workers-in-ma-fedsnote.txt,ok
2024-11-21-the-current-month-fed-information-effect,https://www.federalreserve.gov/econres/notes/feds-notes/the-current-month-fed-information-effect-20241121.html,clean/feds-notes/2024/2024-11-21-the-current-month-fed-information-effect-fedsnote.txt,ok
2024-12-06-an-overview-of-credit-building-products,https://www.federalreserve.gov/econres/notes/feds-notes/an-overview-of-credit-building-products-20241206.html,clean/feds-notes/2024/2024-12-06-an-overview-of-credit-building-products-fedsnote.txt,ok
2024-12-06-using-generative-ai-models-to-understand-fomc-monetary-polic,https://www.federalreserve.gov/econres/notes/feds-notes/using-generative-ai-models-to-understand-fomc-monetary-policy-discussions-20241206.html,clean/feds-notes/2024/2024-12-06-using-generative-ai-models-to-understand-fomc-monetary-polic-fedsnote.txt,ok
2024-12-20-a-note-on-gender-differences-in-credit-card-limit-changes,https://www.federalreserve.gov/econres/notes/feds-notes/a-note-on-gender-differences-in-credit-card-limit-changes-20241220.html,clean/feds-notes/2024/2024-12-20-a-note-on-gender-differences-in-credit-card-limit-changes-fedsnote.txt,ok
2024-12-20-an-investigation-into-the-economic-slowdown-in-the-euro-area,https://www.federalreserve.gov/econres/notes/feds-notes/an-investigation-into-the-economic-slowdown-in-the-euro-area-20241220.html,clean/feds-notes/2024/2024-12-20-an-investigation-into-the-economic-slowdown-in-the-euro-area-fedsnote.txt,ok
2024-12-20-how-well-anchored-are-long-term-inflation-expectations-in-la,https://www.federalreserve.gov/econres/notes/feds-notes/how-well-anchored-are-long-term-inflation-expectations-in-latin-america-20241220.html,clean/feds-notes/2024/2024-12-20-how-well-anchored-are-long-term-inflation-expectations-in-la-fedsnote.txt,ok
2024-12-20-new-tools-to-monitor-inflation-in-real-time,https://www.federalreserve.gov/econres/notes/feds-notes/new-tools-to-monitor-inflation-in-real-time-20241220.html,clean/feds-notes/2024/2024-12-20-new-tools-to-monitor-inflation-in-real-time-fedsnote.txt,ok
2024-12-20-the-only-way-i-could-afford-it-who-uses-bnpl-and-why,https://www.federalreserve.gov/econres/notes/feds-notes/the-only-way-i-could-afford-it-who-uses-bnpl-and-why-20241220.html,clean/feds-notes/2024/2024-12-20-the-only-way-i-could-afford-it-who-uses-bnpl-and-why-fedsnote.txt,ok
2024-12-31-cross-border-venture-capital-and-reverse-technology-flows,https://www.federalreserve.gov/econres/notes/feds-notes/cross-border-venture-capital-and-reverse-technology-flows-20241231.html,clean/feds-notes/2024/2024-12-31-cross-border-venture-capital-and-reverse-technology-flows-fedsnote.txt,ok
2025-01-03-using-service-provider-connections-to-model-operational-paym,https://www.federalreserve.gov/econres/notes/feds-notes/using-service-provider-connections-to-model-operational-payment-networks-20250103.html,clean/feds-notes/2025/2025-01-03-using-service-provider-connections-to-model-operational-paym-fedsnote.txt,ok
2025-01-08-what-do-various-wage-measures-tell-us-about-underlying-wage,https://www.federalreserve.gov/econres/notes/feds-notes/what-do-various-wage-measures-tell-us-about-underlying-wage-growth-20250108.html,clean/feds-notes/2025/2025-01-08-what-do-various-wage-measures-tell-us-about-underlying-wage-fedsnote.txt,ok
2025-01-10-industrial-production-vs-goods-gdp-two-sides-of-the-same-coi,https://www.federalreserve.gov/econres/notes/feds-notes/industrial-production-vs-goods-gdp-two-sides-of-the-same-coin-20250110.html,clean/feds-notes/2025/2025-01-10-industrial-production-vs-goods-gdp-two-sides-of-the-same-coi-fedsnote.txt,ok
2025-01-10-the-euro-area-has-a-growth-problem,https://www.federalreserve.gov/econres/notes/feds-notes/the-euro-area-has-a-growth-problem-20250110.html,clean/feds-notes/2025/2025-01-10-the-euro-area-has-a-growth-problem-fedsnote.txt,ok
2025-01-10-the-hidden-costs-of-disability,https://www.federalreserve.gov/econres/notes/feds-notes/the-hidden-costs-of-disability-20250110.html,clean/feds-notes/2025/2025-01-10-the-hidden-costs-of-disability-fedsnote.txt,ok
2025-01-14-from-plans-to-starts-examining-recent-trends-in-manufacturin,https://www.federalreserve.gov/econres/notes/feds-notes/from-plans-to-starts-examining-recent-trends-in-manufacturing-plant-construction-20250114.html,clean/feds-notes/2025/2025-01-14-from-plans-to-starts-examining-recent-trends-in-manufacturin-fedsnote.txt,ok
2025-01-16-the-global-transmission-of-inflation-uncertainty,https://www.federalreserve.gov/econres/notes/feds-notes/the-global-transmission-of-inflation-uncertainty-20250116.html,clean/feds-notes/2025/2025-01-16-the-global-transmission-of-inflation-uncertainty-fedsnote.txt,ok
2025-01-17-developments-in-chinese-chipmaking,https://www.federalreserve.gov/econres/notes/feds-notes/developments-in-chinese-chipmaking-20250117.html,clean/feds-notes/2025/2025-01-17-developments-in-chinese-chipmaking-fedsnote.txt,ok
2025-01-31-market-based-indicators-on-the-road-to-ample-reserves,https://www.federalreserve.gov/econres/notes/feds-notes/market-based-indicators-on-the-road-to-ample-reserves-20250131.html,clean/feds-notes/2025/2025-01-31-market-based-indicators-on-the-road-to-ample-reserves-fedsnote.txt,ok
2025-01-31-trends-in-credit-unions-share-of-us-private-depository-house,https://www.federalreserve.gov/econres/notes/feds-notes/trends-in-credit-unions-share-of-us-private-depository-household-lending-20250131.html,clean/feds-notes/2025/2025-01-31-trends-in-credit-unions-share-of-us-private-depository-house-fedsnote.txt,ok
2025-02-12-does-mutual-fund-fragility-impact-primary-market-pricing-evi,https://www.federalreserve.gov/econres/notes/feds-notes/does-mutual-fund-fragility-impact-primary-market-pricing-evidence-from-commercial-paper-20250212.html,clean/feds-notes/2025/2025-02-12-does-mutual-fund-fragility-impact-primary-market-pricing-evi-fedsnote.txt,ok
2025-02-12-repo-rate-sensitivity-to-treasury-issuance-and-quantitative,https://www.federalreserve.gov/econres/notes/feds-notes/repo-rate-sensitivity-to-treasury-issuance-and-quantitative-tightening-20250212.html,clean/feds-notes/2025/2025-02-12-repo-rate-sensitivity-to-treasury-issuance-and-quantitative-fedsnote.txt,ok
2025-02-14-do-landlords-respond-to-wage-policy-estimating-the-minimum-w,https://www.federalreserve.gov/econres/notes/feds-notes/do-landlords-respond-to-wage-policy-estimating-the-minimum-wage-effect-on-apartment-rent-prices-20250214.html,clean/feds-notes/2025/2025-02-14-do-landlords-respond-to-wage-policy-estimating-the-minimum-w-fedsnote.txt,ok
2025-02-14-proportionate-margining-for-repo-transactions,https://www.federalreserve.gov/econres/notes/feds-notes/proportionate-margining-for-repo-transactions-20250214.html,clean/feds-notes/2025/2025-02-14-proportionate-margining-for-repo-transactions-fedsnote.txt,ok
2025-02-26-central-bank-liquidity-facilities-around-the-world,https://www.federalreserve.gov/econres/notes/feds-notes/central-bank-liquidity-facilities-around-the-world-20250226.html,clean/feds-notes/2025/2025-02-26-central-bank-liquidity-facilities-around-the-world-fedsnote.txt,ok
2025-02-26-educational-exposure-to-generative-artificial-intelligence,https://www.federalreserve.gov/econres/notes/feds-notes/educational-exposure-to-generative-artificial-intelligence-20250226.html,clean/feds-notes/2025/2025-02-26-educational-exposure-to-generative-artificial-intelligence-fedsnote.txt,ok
2025-02-27-global-remittances-cycle,https://www.federalreserve.gov/econres/notes/feds-notes/global-remittances-cycle-20250227.html,clean/feds-notes/2025/2025-02-27-global-remittances-cycle-fedsnote.txt,ok
2025-02-28-how-do-trade-disruptions-affect-inflation,https://www.federalreserve.gov/econres/notes/feds-notes/how-do-trade-disruptions-affect-inflation-20250228.html,clean/feds-notes/2025/2025-02-28-how-do-trade-disruptions-affect-inflation-fedsnote.txt,ok
2025-02-28-predicting-credit-card-delinquency-rates,https://www.federalreserve.gov/econres/notes/feds-notes/predicting-credit-card-delinquency-rates-20250228.html,clean/feds-notes/2025/2025-02-28-predicting-credit-card-delinquency-rates-fedsnote.txt,ok
2025-02-28-the-sectoral-evolution-of-chinas-trade,https://www.federalreserve.gov/econres/notes/feds-notes/the-sectoral-evolution-of-chinas-trade-20250228.html,clean/feds-notes/2025/2025-02-28-the-sectoral-evolution-of-chinas-trade-fedsnote.txt,ok
2025-03-03-how-were-extra-snap-benefits-spent,https://www.federalreserve.gov/econres/notes/feds-notes/how-were-extra-snap-benefits-spent-20250303.html,clean/feds-notes/2025/2025-03-03-how-were-extra-snap-benefits-spent-fedsnote.txt,ok
2025-03-03-insights-from-mmf-portfolio-allocations-amid-balance-sheet-n,https://www.federalreserve.gov/econres/notes/feds-notes/insights-from-mmf-portfolio-allocations-amid-balance-sheet-normalization-20250303.html,clean/feds-notes/2025/2025-03-03-insights-from-mmf-portfolio-allocations-amid-balance-sheet-n-fedsnote.txt,ok
2025-03-21-fragmentation-revisiting-the-ideal-point-distance-measure-of,https://www.federalreserve.gov/econres/notes/feds-notes/fragmentation-revisiting-the-ideal-point-distance-measure-of-geopolitical-distance-20250321.html,clean/feds-notes/2025/2025-03-21-fragmentation-revisiting-the-ideal-point-distance-measure-of-fedsnote.txt,ok
2025-03-21-life-insurers-role-in-the-intermediation-chain-of-public-and,https://www.federalreserve.gov/econres/notes/feds-notes/life-insurers-role-in-the-intermediation-chain-of-public-and-private-credit-to-risky-firms-20250321.html,clean/feds-notes/2025/2025-03-21-life-insurers-role-in-the-intermediation-chain-of-public-and-fedsnote.txt,ok
2025-03-25-underlying-inflation-an-ensemble-averaging-approach,https://www.federalreserve.gov/econres/notes/feds-notes/underlying-inflation-an-ensemble-averaging-approach-20250325.html,clean/feds-notes/2025/2025-03-25-underlying-inflation-an-ensemble-averaging-approach-fedsnote.txt,ok
2025-03-28-crypto-etps-an-examination-of-liquidity-and-nav-premium,https://www.federalreserve.gov/econres/notes/feds-notes/crypto-etps-an-examination-of-liquidity-and-nav-premium-20250328.html,clean/feds-notes/2025/2025-03-28-crypto-etps-an-examination-of-liquidity-and-nav-premium-fedsnote.txt,ok
2025-03-28-do-people-care-more-about-inflation-or-wage-growth,https://www.federalreserve.gov/econres/notes/feds-notes/do-people-care-more-about-inflation-or-wage-growth-20250328.html,clean/feds-notes/2025/2025-03-28-do-people-care-more-about-inflation-or-wage-growth-fedsnote.txt,ok
2025-03-28-monitoring-reserve-scarcity-through-nonbank-cash-lenders,https://www.federalreserve.gov/econres/notes/feds-notes/monitoring-reserve-scarcity-through-nonbank-cash-lenders-20250328.html,clean/feds-notes/2025/2025-03-28-monitoring-reserve-scarcity-through-nonbank-cash-lenders-fedsnote.txt,ok
2025-03-28-outlining-and-measuring-the-benefits-of-risk-sensitivity-in,https://www.federalreserve.gov/econres/notes/feds-notes/Outlining-and-measuring-the-benefits-of-risk-sensitivity-in-bank-capital-requirements-20250328.html,clean/feds-notes/2025/2025-03-28-outlining-and-measuring-the-benefits-of-risk-sensitivity-in-fedsnote.txt,ok
2025-03-31-monetary-policy-and-the-distribution-of-income-evidence-from,https://www.federalreserve.gov/econres/notes/feds-notes/monetary-policy-and-the-distribution-of-income-evidence-from-us-metropolitan-areas-20250331.html,clean/feds-notes/2025/2025-03-31-monetary-policy-and-the-distribution-of-income-evidence-from-fedsnote.txt,ok
2025-03-31-the-effect-of-export-market-access-on-labor-market-power-fir,https://www.federalreserve.gov/econres/notes/feds-notes/the-effect-of-export-market-access-on-labor-market-power-firm-level-evidence-from-vietnam-20250331.html,clean/feds-notes/2025/2025-03-31-the-effect-of-export-market-access-on-labor-market-power-fir-fedsnote.txt,ok
2025-04-09-real-time-global-longer-run-neutral-rates,https://www.federalreserve.gov/econres/notes/feds-notes/real-time-global-longer-run-neutral-rates-20250409.html,clean/feds-notes/2025/2025-04-09-real-time-global-longer-run-neutral-rates-fedsnote.txt,ok
2025-04-10-how-is-geopolitical-fragmentation-reshaping-us-foreign-direc,https://www.federalreserve.gov/econres/notes/feds-notes/how-is-geopolitical-fragmentation-reshaping-us-foreign-direct-investment-20250410.html,clean/feds-notes/2025/2025-04-10-how-is-geopolitical-fragmentation-reshaping-us-foreign-direc-fedsnote.txt,ok
2025-04-16-european-energy-import-dependency,https://www.federalreserve.gov/econres/notes/feds-notes/european-energy-import-dependency-20250416.html,clean/feds-notes/2025/2025-04-16-european-energy-import-dependency-fedsnote.txt,ok
2025-04-24-costs-of-rising-uncertainty,https://www.federalreserve.gov/econres/notes/feds-notes/costs-of-rising-uncertainty-20250424.html,clean/feds-notes/2025/2025-04-24-costs-of-rising-uncertainty-fedsnote.txt,ok
2025-04-24-tracking-consumer-sentiment-versus-how-consumers-are-doing-b,https://www.federalreserve.gov/econres/notes/feds-notes/tracking-consumer-sentiment-versus-how-consumers-are-doing-based-on-verified-retail-purchases-20250424.html,clean/feds-notes/2025/2025-04-24-tracking-consumer-sentiment-versus-how-consumers-are-doing-b-fedsnote.txt,ok
2025-05-09-detecting-tariff-effects-on-consumer-prices-in-real-time,https://www.federalreserve.gov/econres/notes/feds-notes/detecting-tariff-effects-on-consumer-prices-in-real-time-20250509.html,clean/feds-notes/2025/2025-05-09-detecting-tariff-effects-on-consumer-prices-in-real-time-fedsnote.txt,ok
2025-05-12-commissions-and-omissions-trends-in-real-estate-broker-compe,https://www.federalreserve.gov/econres/notes/feds-notes/commissions-and-omissions-trends-in-real-estate-broker-compensation-20250512.html,clean/feds-notes/2025/2025-05-12-commissions-and-omissions-trends-in-real-estate-broker-compe-fedsnote.txt,ok
2025-05-16-chinese-banks-dollar-lending-decline,https://www.federalreserve.gov/econres/notes/feds-notes/chinese-banks-dollar-lending-decline-20250516.html,clean/feds-notes/2025/2025-05-16-chinese-banks-dollar-lending-decline-fedsnote.txt,ok
2025-05-23-bank-lending-to-private-credit-size-characteristics-and-fina,https://www.federalreserve.gov/econres/notes/feds-notes/bank-lending-to-private-credit-size-characteristics-and-financial-stability-implications-20250523.html,clean/feds-notes/2025/2025-05-23-bank-lending-to-private-credit-size-characteristics-and-fina-fedsnote.txt,ok
2025-06-03-what-drives-the-rise-in-remote-work-preliminary-evidence-fro,https://www.federalreserve.gov/econres/notes/feds-notes/what-drives-the-rise-in-remote-work-preliminary-evidence-from-utilization-rates-and-wage-trends-20250603.html,clean/feds-notes/2025/2025-06-03-what-drives-the-rise-in-remote-work-preliminary-evidence-fro-fedsnote.txt,ok
2025-06-06-estimated-quarterly-levels-of-bank-lending-standards-and-cre,https://www.federalreserve.gov/econres/notes/feds-notes/estimated-quarterly-levels-of-bank-lending-standards-and-credit-availability-20250606.html,clean/feds-notes/2025/2025-06-06-estimated-quarterly-levels-of-bank-lending-standards-and-cre-fedsnote.txt,ok
2025-06-06-is-china-really-growing-at-5-percent,https://www.federalreserve.gov/econres/notes/feds-notes/is-china-really-growing-at-5-percent-20250606.html,clean/feds-notes/2025/2025-06-06-is-china-really-growing-at-5-percent-fedsnote.txt,ok
2025-06-06-modeling-bank-stock-returns-a-factor-based-approach,https://www.federalreserve.gov/econres/notes/feds-notes/modeling-bank-stock-returns-a-factor-based-approach-20250606.html,clean/feds-notes/2025/2025-06-06-modeling-bank-stock-returns-a-factor-based-approach-fedsnote.txt,ok
2025-06-06-what-happens-on-quarter-ends-in-the-repo-market,https://www.federalreserve.gov/econres/notes/feds-notes/what-happens-on-quarter-ends-in-the-repo-market-20250606.html,clean/feds-notes/2025/2025-06-06-what-happens-on-quarter-ends-in-the-repo-market-fedsnote.txt,ok
2025-06-26-how-to-design-rules-for-ex-post-evaluation,https://www.federalreserve.gov/econres/notes/feds-notes/how-to-design-rules-for-ex-post-evaluation-20250626.html,clean/feds-notes/2025/2025-06-26-how-to-design-rules-for-ex-post-evaluation-fedsnote.txt,ok
2025-06-26-introducing-new-detail-on-the-racial-composition-of-families,https://www.federalreserve.gov/econres/notes/feds-notes/introducing-new-detail-on-the-racial-composition-of-families-in-the-2022-survey-of-consumer-finances-20250626.html,clean/feds-notes/2025/2025-06-26-introducing-new-detail-on-the-racial-composition-of-families-fedsnote.txt,ok
2025-07-07-commodity-terms-of-trade-uncertainty-and-economic-activity-i,https://www.federalreserve.gov/econres/notes/feds-notes/commodity-terms-of-trade-uncertainty-and-economic-activity-in-emerging-economies-20250707.html,clean/feds-notes/2025/2025-07-07-commodity-terms-of-trade-uncertainty-and-economic-activity-i-fedsnote.txt,ok
2025-07-07-pay-by-bank-and-the-merchant-payments-use-case-benefits,https://www.federalreserve.gov/econres/notes/feds-notes/pay-by-bank-and-the-merchant-payments-use-case-benefits-20250707.html,clean/feds-notes/2025/2025-07-07-pay-by-bank-and-the-merchant-payments-use-case-benefits-fedsnote.txt,ok
2025-07-07-trade-offs-of-higher-u-s-tariffs-gdp-revenues-and-the-trade,https://www.federalreserve.gov/econres/notes/feds-notes/trade-offs-of-higher-u-s-tariffs-gdp-revenues-and-the-trade-deficit-20250707.html,clean/feds-notes/2025/2025-07-07-trade-offs-of-higher-u-s-tariffs-gdp-revenues-and-the-trade-fedsnote.txt,ok
2025-07-08-a-note-on-the-new-credit-union-estimates-in-the-g-19-consume,https://www.federalreserve.gov/econres/notes/feds-notes/a-note-on-the-new-credit-union-estimates-in-the-g-19-consumer-credit-statistical-release-20250708.html,clean/feds-notes/2025/2025-07-08-a-note-on-the-new-credit-union-estimates-in-the-g-19-consume-fedsnote.txt,ok
2025-07-08-a-note-on-the-removal-of-the-nonfinancial-business-sector-in,https://www.federalreserve.gov/econres/notes/feds-notes/a-note-on-the-removal-of-the-nonfinancial-business-sector-in-the-g-19-consumer-credit-stats-release-20250708.html,clean/feds-notes/2025/2025-07-08-a-note-on-the-removal-of-the-nonfinancial-business-sector-in-fedsnote.txt,ok
2025-07-11-the-12-trillion-u-s-repo-market-evidence-from-a-novel-panel,https://www.federalreserve.gov/econres/notes/feds-notes/the-12-trillion-u-s-repo-market-evidence-from-a-novel-panel-of-intermediaries-20250711.html,clean/feds-notes/2025/2025-07-11-the-12-trillion-u-s-repo-market-evidence-from-a-novel-panel-fedsnote.txt,ok
2025-07-11-the-fourth-snb-frb-bis-high-level-conf-on-global-risk-uncert,https://www.federalreserve.gov/econres/notes/feds-notes/the-fourth-snb-frb-bis-high-level-conf-on-global-risk-uncertainty-and-volatility-risk-and-uncertainty-20250711.html,clean/feds-notes/2025/2025-07-11-the-fourth-snb-frb-bis-high-level-conf-on-global-risk-uncert-fedsnote.txt,ok
2025-07-14-shifting-dynamics-in-bank-funding-of-nbis-the-rise-of-credit,https://www.federalreserve.gov/econres/notes/feds-notes/shifting-dynamics-in-bank-funding-of-nbis-the-rise-of-credit-lines-20250714.html,clean/feds-notes/2025/2025-07-14-shifting-dynamics-in-bank-funding-of-nbis-the-rise-of-credit-fedsnote.txt,ok
2025-07-18-the-international-role-of-the-u-s-dollar-2025-edition,https://www.federalreserve.gov/econres/notes/feds-notes/the-international-role-of-the-u-s-dollar-2025-edition-20250718.html,clean/feds-notes/2025/2025-07-18-the-international-role-of-the-u-s-dollar-2025-edition-fedsnote.txt,ok
2025-07-18-trade-compliance-at-what-cost-lessons-from-usmca-automotive,https://www.federalreserve.gov/econres/notes/feds-notes/trade-compliance-at-what-cost-lessons-from-usmca-automotive-trade-20250718.html,clean/feds-notes/2025/2025-07-18-trade-compliance-at-what-cost-lessons-from-usmca-automotive-fedsnote.txt,ok
2025-07-18-what-can-public-fedwire-payments-data-tell-us-about-ample-re,https://www.federalreserve.gov/econres/notes/feds-notes/what-can-public-fedwire-payments-data-tell-us-about-ample-reserves-20250718.html,clean/feds-notes/2025/2025-07-18-what-can-public-fedwire-payments-data-tell-us-about-ample-re-fedsnote.txt,ok
2025-08-01-official-reserve-revaluations-the-international-experience,https://www.federalreserve.gov/econres/notes/feds-notes/official-reserve-revaluations-the-international-experience-20250801.html,clean/feds-notes/2025/2025-08-01-official-reserve-revaluations-the-international-experience-fedsnote.txt,ok
2025-08-01-racing-against-tariffs-global-impacts-of-frontloading,https://www.federalreserve.gov/econres/notes/feds-notes/racing-against-tariffs-global-impacts-of-frontloading-20250801.html,clean/feds-notes/2025/2025-08-01-racing-against-tariffs-global-impacts-of-frontloading-fedsnote.txt,ok
2025-08-04-what-do-bank-stock-returns-say-about-monetary-policy-transmi,https://www.federalreserve.gov/econres/notes/feds-notes/what-do-bank-stock-returns-say-about-monetary-policy-transmission-20250804.html,clean/feds-notes/2025/2025-08-04-what-do-bank-stock-returns-say-about-monetary-policy-transmi-fedsnote.txt,ok
2025-08-05-an-assessment-of-chinas-innovative-capacity,https://www.federalreserve.gov/econres/notes/feds-notes/an-assessment-of-chinas-innovative-capacity-20250805.html,clean/feds-notes/2025/2025-08-05-an-assessment-of-chinas-innovative-capacity-fedsnote.txt,ok
2025-08-05-wealth-heterogeneity-and-consumer-spending,https://www.federalreserve.gov/econres/notes/feds-notes/wealth-heterogeneity-and-consumer-spending-20250805.html,clean/feds-notes/2025/2025-08-05-wealth-heterogeneity-and-consumer-spending-fedsnote.txt,ok
2025-08-06-fluctuations-in-the-treasury-general-account-and-their-effec,https://www.federalreserve.gov/econres/notes/feds-notes/fluctuations-in-the-treasury-general-account-and-their-effect-on-the-feds-balance-sheet-20250806.html,clean/feds-notes/2025/2025-08-06-fluctuations-in-the-treasury-general-account-and-their-effec-fedsnote.txt,ok
2025-08-22-a-roadmap-for-the-federal-reserves-2025-review-of-its-moneta,https://www.federalreserve.gov/econres/notes/feds-notes/a-roadmap-for-the-federal-reserves-2025-review-of-Its-monetary-policy-framework-20250822.html,clean/feds-notes/2025/2025-08-22-a-roadmap-for-the-federal-reserves-2025-review-of-its-moneta-fedsnote.txt,ok
2025-08-22-corporate-cash-accumulation-during-the-covid-19-pandemic,https://www.federalreserve.gov/econres/notes/feds-notes/corporate-cash-accumulation-during-the-covid-19-pandemic-20250822.html,clean/feds-notes/2025/2025-08-22-corporate-cash-accumulation-during-the-covid-19-pandemic-fedsnote.txt,ok
2025-08-25-decoding-the-productivity-puzzle-a-new-perspective-on-the-re,https://www.federalreserve.gov/econres/notes/feds-notes/decoding-the-productivity-puzzle-a-new-perspective-on-the-relationship-between-remote-work-and-prod-20250825.html,clean/feds-notes/2025/2025-08-25-decoding-the-productivity-puzzle-a-new-perspective-on-the-re-fedsnote.txt,ok
2025-08-26-u-s-reciprocal-tariff-announcement-and-european-bank-stock-p,https://www.federalreserve.gov/econres/notes/feds-notes/u-s-reciprocal-tariff-announcement-and-european-bank-stock-performance-20250826.html,clean/feds-notes/2025/2025-08-26-u-s-reciprocal-tariff-announcement-and-european-bank-stock-p-fedsnote.txt,ok
2025-08-29-measuring-geopolitical-risk-exposure-across-industries-a-fir,https://www.federalreserve.gov/econres/notes/feds-notes/measuring-geopolitical-risk-exposure-across-industries-a-firm-centered-approach-20250829.html,clean/feds-notes/2025/2025-08-29-measuring-geopolitical-risk-exposure-across-industries-a-fir-fedsnote.txt,ok
2025-08-29-pre-pledged-collateral-and-likelihood-of-discount-window-use,https://www.federalreserve.gov/econres/notes/feds-notes/pre-pledged-collateral-and-likelihood-of-discount-window-use-20250829.html,clean/feds-notes/2025/2025-08-29-pre-pledged-collateral-and-likelihood-of-discount-window-use-fedsnote.txt,ok
2025-09-05-debt-payments-and-spending-evidence-from-the-2023-student-lo,https://www.federalreserve.gov/econres/notes/feds-notes/debt-payments-and-spending-evidence-from-the-2023-student-loan-payment-20250905.html,clean/feds-notes/2025/2025-09-05-debt-payments-and-spending-evidence-from-the-2023-student-lo-fedsnote.txt,ok
2025-09-19-evaluating-empirical-regularities-in-variable-comovement-in,https://www.federalreserve.gov/econres/notes/feds-notes/evaluating-empirical-regularities-in-variable-comovement-in-stress-test-scenarios-20250919.html,clean/feds-notes/2025/2025-09-19-evaluating-empirical-regularities-in-variable-comovement-in-fedsnote.txt,ok
2025-09-19-inflations-shared-dna-regional-and-global-factors-in-post-pa,https://www.federalreserve.gov/econres/notes/feds-notes/inflations-shared-dna-regional-and-global-factors-in-post-pandemic-core-inflation-20250919.html,clean/feds-notes/2025/2025-09-19-inflations-shared-dna-regional-and-global-factors-in-post-pa-fedsnote.txt,ok
2025-09-19-rising-property-insurance-costs-and-pass-through-to-rents-fo,https://www.federalreserve.gov/econres/notes/feds-notes/rising-property-insurance-costs-and-pass-through-to-rents-for-apartment-buildings-20250919.html,clean/feds-notes/2025/2025-09-19-rising-property-insurance-costs-and-pass-through-to-rents-fo-fedsnote.txt,ok
2025-09-19-the-fed-funds-market-during-the-quantitative-tightening-of-2,https://www.federalreserve.gov/econres/notes/feds-notes/the-fed-funds-market-during-the-quantitative-tightening-of-2017-19-20250919.html,clean/feds-notes/2025/2025-09-19-the-fed-funds-market-during-the-quantitative-tightening-of-2-fedsnote.txt,ok
2025-09-24-examining-the-relationship-between-loan-pricing-and-credit-r,https://www.federalreserve.gov/econres/notes/feds-notes/examining-the-relationship-between-loan-pricing-and-credit-risk-20250924.html,clean/feds-notes/2025/2025-09-24-examining-the-relationship-between-loan-pricing-and-credit-r-fedsnote.txt,ok
2025-09-24-homeownership-and-housing-equity-in-the-mid-twentieth-centur,https://www.federalreserve.gov/econres/notes/feds-notes/homeownership-and-housing-equity-in-the-mid-twentieth-century-20250924.html,clean/feds-notes/2025/2025-09-24-homeownership-and-housing-equity-in-the-mid-twentieth-centur-fedsnote.txt,ok
2025-10-03-which-days-matter-for-global-equity-markets-using-options-to,https://www.federalreserve.gov/econres/notes/feds-notes/which-days-matter-for-global-equity-markets-using-options-to-price-events-in-the-global-calendar-20251003.html,clean/feds-notes/2025/2025-10-03-which-days-matter-for-global-equity-markets-using-options-to-fedsnote.txt,ok
2025-10-06-the-state-of-ai-competition-in-advanced-economies,https://www.federalreserve.gov/econres/notes/feds-notes/the-state-of-ai-competition-in-advanced-economies-20251006.html,clean/feds-notes/2025/2025-10-06-the-state-of-ai-competition-in-advanced-economies-fedsnote.txt,ok
2025-10-15-investment-as-a-source-of-productivity-growth,https://www.federalreserve.gov/econres/notes/feds-notes/investment-as-a-source-of-productivity-growth-20251015.html,clean/feds-notes/2025/2025-10-15-investment-as-a-source-of-productivity-growth-fedsnote.txt,ok
2025-10-15-measuring-u-s-cross-border-securities-flows-out-with-the-old,https://www.federalreserve.gov/econres/notes/feds-notes/measuring-u-s-cross-border-securities-flows-out-with-the-old-in-with-the-new-20251015.html,clean/feds-notes/2025/2025-10-15-measuring-u-s-cross-border-securities-flows-out-with-the-old-fedsnote.txt,ok
2025-10-15-the-cross-border-trail-of-the-treasury-basis-trade,https://www.federalreserve.gov/econres/notes/feds-notes/the-cross-border-trail-of-the-treasury-basis-trade-20251015.html,clean/feds-notes/2025/2025-10-15-the-cross-border-trail-of-the-treasury-basis-trade-fedsnote.txt,ok
2025-10-31-can-tariffs-spur-higher-factory-floor-utilization,https://www.federalreserve.gov/econres/notes/feds-notes/can-tariffs-spur-higher-factory-floor-utilization-20251031.html,clean/feds-notes/2025/2025-10-31-can-tariffs-spur-higher-factory-floor-utilization-fedsnote.txt,ok
2025-11-03-order-flow-imbalances-and-amplification-of-price-movements-e,https://www.federalreserve.gov/econres/notes/feds-notes/order-flow-imbalances-and-amplification-of-price-movements-evidence-from-u-s-treasury-markets-20251103.html,clean/feds-notes/2025/2025-11-03-order-flow-imbalances-and-amplification-of-price-movements-e-fedsnote.txt,ok
2025-11-06-what-drives-the-substitution-between-bank-deposits-and-money,https://www.federalreserve.gov/econres/notes/feds-notes/what-drives-the-substitution-between-bank-deposits-and-money-market-funds-20251106.html,clean/feds-notes/2025/2025-11-06-what-drives-the-substitution-between-bank-deposits-and-money-fedsnote.txt,ok
2025-11-19-implications-of-growth-in-etfs-evidence-from-mutual-fund-to,https://www.federalreserve.gov/econres/notes/feds-notes/implications-of-growth-in-etfs-evidence-from-mutual-fund-to-etf-conversions-20251119.html,clean/feds-notes/2025/2025-11-19-implications-of-growth-in-etfs-evidence-from-mutual-fund-to-fedsnote.txt,ok
2025-11-24-a-note-on-recent-dynamics-of-consumer-delinquency-rates,https://www.federalreserve.gov/econres/notes/feds-notes/a-note-on-recent-dynamics-of-consumer-delinquency-rates-20251124.html,clean/feds-notes/2025/2025-11-24-a-note-on-recent-dynamics-of-consumer-delinquency-rates-fedsnote.txt,ok
2025-12-12-understanding-trade-fragmentation,https://www.federalreserve.gov/econres/notes/feds-notes/understanding-trade-fragmentation-20251212.html,clean/feds-notes/2025/2025-12-12-understanding-trade-fragmentation-fedsnote.txt,ok
2025-12-15-the-empirical-relationship-between-the-tier-1-leverage-ratio,https://www.federalreserve.gov/econres/notes/feds-notes/the-empirical-relationship-between-the-tier-1-leverage-ratio-and-community-bank-failures-after-the-gfc-20251215.html,clean/feds-notes/2025/2025-12-15-the-empirical-relationship-between-the-tier-1-leverage-ratio-fedsnote.txt,ok
2025-12-17-banks-in-the-age-of-stablecoins-implications-for-deposits-cr,https://www.federalreserve.gov/econres/notes/feds-notes/banks-in-the-age-of-stablecoins-implications-for-deposits-credit-and-financial-intermediation-20251217.html,clean/feds-notes/2025/2025-12-17-banks-in-the-age-of-stablecoins-implications-for-deposits-cr-fedsnote.txt,ok
2025-12-17-in-the-shadow-of-bank-run-lessons-from-the-silicon-valley-ba,https://www.federalreserve.gov/econres/notes/feds-notes/in-the-shadow-of-bank-run-lessons-from-the-silicon-valley-bank-failure-and-its-impact-on-stablecoins-20251217.html,clean/feds-notes/2025/2025-12-17-in-the-shadow-of-bank-run-lessons-from-the-silicon-valley-ba-fedsnote.txt,ok
2026-01-07-assessing-recession-risks-with-state-level-data,https://www.federalreserve.gov/econres/notes/feds-notes/assessing-recession-risks-with-state-level-data-20260107.html,clean/feds-notes/2026/2026-01-07-assessing-recession-risks-with-state-level-data-fedsnote.txt,ok
2026-01-14-the-central-bank-balance-sheet-trilemma,https://www.federalreserve.gov/econres/notes/feds-notes/the-central-bank-balance-sheet-trilemma-20260114.html,clean/feds-notes/2026/2026-01-14-the-central-bank-balance-sheet-trilemma-fedsnote.txt,ok
2026-01-16-lessons-from-brexit-on-the-effects-of-trade-disintegration,https://www.federalreserve.gov/econres/notes/feds-notes/lessons-from-brexit-on-the-effects-of-trade-disintegration-20260116.html,clean/feds-notes/2026/2026-01-16-lessons-from-brexit-on-the-effects-of-trade-disintegration-fedsnote.txt,ok
2026-01-16-more-credit-more-debt-new-evidence-on-automated-credit-decis,https://www.federalreserve.gov/econres/notes/feds-notes/more-credit-more-debt-new-evidence-on-automated-credit-decisions-20260116.html,clean/feds-notes/2026/2026-01-16-more-credit-more-debt-new-evidence-on-automated-credit-decis-fedsnote.txt,ok
2026-01-30-bankers-banks-and-their-role-in-the-federal-funds-market,https://www.federalreserve.gov/econres/notes/feds-notes/bankers-banks-and-their-role-in-the-federal-funds-market-20260130.html,clean/feds-notes/2026/2026-01-30-bankers-banks-and-their-role-in-the-federal-funds-market-fedsnote.txt,ok
2026-01-30-model-perspectives-on-supply-and-demand-factors-behind-a-sof,https://www.federalreserve.gov/econres/notes/feds-notes/model-perspectives-on-supply-and-demand-factors-behind-a-soft-labor-market-20260130.html,clean/feds-notes/2026/2026-01-30-model-perspectives-on-supply-and-demand-factors-behind-a-sof-fedsnote.txt,ok
2026-01-30-supply-chain-risk-and-bank-lending-amid-trade-policy-uncerta,https://www.federalreserve.gov/econres/notes/feds-notes/supply-chain-risk-and-bank-lending-amid-trade-policy-uncertainty-20260130.html,clean/feds-notes/2026/2026-01-30-supply-chain-risk-and-bank-lending-amid-trade-policy-uncerta-fedsnote.txt,ok
2026-02-02-a-decomposition-of-balance-sheet-reduction,https://www.federalreserve.gov/econres/notes/feds-notes/a-decomposition-of-balance-sheet-reduction-20260202.html,clean/feds-notes/2026/2026-02-02-a-decomposition-of-balance-sheet-reduction-fedsnote.txt,ok
2026-02-06-a-brief-history-of-bank-notes-in-the-united-states-and-some,https://www.federalreserve.gov/econres/notes/feds-notes/a-brief-history-of-bank-notes-in-the-united-states-and-some-lessons-for-stablecoins-20260206.html,clean/feds-notes/2026/2026-02-06-a-brief-history-of-bank-notes-in-the-united-states-and-some-fedsnote.txt,ok
2026-02-12-downside-and-upside-economic-uncertainty,https://www.federalreserve.gov/econres/notes/feds-notes/downside-and-upside-economic-uncertainty-20260212.html,clean/feds-notes/2026/2026-02-12-downside-and-upside-economic-uncertainty-fedsnote.txt,ok
2026-02-12-why-have-far-forward-nominal-treasury-rates-increased-so-muc,https://www.federalreserve.gov/econres/notes/feds-notes/why-have-far-forward-nominal-treasury-rates-increased-so-much-in-the-past-few-years-20260212.html,clean/feds-notes/2026/2026-02-12-why-have-far-forward-nominal-treasury-rates-increased-so-muc-fedsnote.txt,ok
2026-02-13-a-brief-illustrated-history-of-the-federal-reserves-balance,https://www.federalreserve.gov/econres/notes/feds-notes/a-brief-illustrated-history-of-the-federal-reserves-balance-sheet-20260213.html,clean/feds-notes/2026/2026-02-13-a-brief-illustrated-history-of-the-federal-reserves-balance-fedsnote.txt,ok
2026-02-13-measuring-cross-border-securities-positions-explaining-asymm,https://www.federalreserve.gov/econres/notes/feds-notes/measuring-cross-border-securities-positions-explaining-asymmetries-20260213.html,clean/feds-notes/2026/2026-02-13-measuring-cross-border-securities-positions-explaining-asymm-fedsnote.txt,ok
2026-02-13-the-global-trade-effects-of-the-ai-infrastructure-boom,https://www.federalreserve.gov/econres/notes/feds-notes/the-global-trade-effects-of-the-ai-infrastructure-boom-20260213.html,clean/feds-notes/2026/2026-02-13-the-global-trade-effects-of-the-ai-infrastructure-boom-fedsnote.txt,ok
2026-02-17-assessing-bank-resilience-to-a-funding-shock,https://www.federalreserve.gov/econres/notes/feds-notes/assessing-bank-resilience-to-a-funding-shock-20260217.html,clean/feds-notes/2026/2026-02-17-assessing-bank-resilience-to-a-funding-shock-fedsnote.txt,ok
2026-02-23-measuring-shocks-to-banks-expectations-for-lending-standards,https://www.federalreserve.gov/econres/notes/feds-notes/measuring-shocks-to-banks-expectations-for-lending-standards-using-the-senior-loan-officer-opinion-survey-20260223.html,clean/feds-notes/2026/2026-02-23-measuring-shocks-to-banks-expectations-for-lending-standards-fedsnote.txt,ok
2026-03-05-the-slow-climb-how-tariffs-gradually-raised-retail-prices-in,https://www.federalreserve.gov/econres/notes/feds-notes/the-slow-climb-how-tariffs-gradually-raised-retail-prices-in-2025-20260305.html,clean/feds-notes/2026/2026-03-05-the-slow-climb-how-tariffs-gradually-raised-retail-prices-in-fedsnote.txt,ok
2026-03-23-chinas-trade-dominance-and-the-role-of-industrial-policies,https://www.federalreserve.gov/econres/notes/feds-notes/chinas-trade-dominance-and-the-role-of-industrial-policies-20260323.html,clean/feds-notes/2026/2026-03-23-chinas-trade-dominance-and-the-role-of-industrial-policies-fedsnote.txt,ok
2026-03-27-ai-adoption-and-firms-job-posting-behavior,https://www.federalreserve.gov/econres/notes/feds-notes/ai-adoption-and-firms-job-posting-behavior-20260327.html,clean/feds-notes/2026/2026-03-27-ai-adoption-and-firms-job-posting-behavior-fedsnote.txt,ok
2026-03-30-is-the-inflation-process-in-advanced-economies-different-aft,https://www.federalreserve.gov/econres/notes/feds-notes/is-the-inflation-process-in-advanced-economies-different-after-the-pandemic-20260330.html,clean/feds-notes/2026/2026-03-30-is-the-inflation-process-in-advanced-economies-different-aft-fedsnote.txt,ok
2026-03-30-payment-stablecoins-and-cross-border-payments-benefits-and-i,https://www.federalreserve.gov/econres/notes/feds-notes/payment-stablecoins-and-cross-border-payments-benefits-and-implications-for-monetary-policy-20260330.html,clean/feds-notes/2026/2026-03-30-payment-stablecoins-and-cross-border-payments-benefits-and-i-fedsnote.txt,ok
2026-04-02-labor-force-growth-breakeven-employment-and-potential-gdp-gr,https://www.federalreserve.gov/econres/notes/feds-notes/labor-force-growth-breakeven-employment-and-potential-gdp-growth-20260402.html,clean/feds-notes/2026/2026-04-02-labor-force-growth-breakeven-employment-and-potential-gdp-gr-fedsnote.txt,ok
2026-04-03-monitoring-ai-adoption-in-the-u-s-economy,https://www.federalreserve.gov/econres/notes/feds-notes/monitoring-ai-adoption-in-the-u-s-economy-20260403.html,clean/feds-notes/2026/2026-04-03-monitoring-ai-adoption-in-the-u-s-economy-fedsnote.txt,ok
2026-04-08-detecting-tariff-effects-on-consumer-prices-in-real-time-par,https://www.federalreserve.gov/econres/notes/feds-notes/detecting-tariff-effects-on-consumer-prices-in-real-time-part-II-20260408.html,clean/feds-notes/2026/2026-04-08-detecting-tariff-effects-on-consumer-prices-in-real-time-par-fedsnote.txt,ok
2026-04-08-india-and-the-global-economy,https://www.federalreserve.gov/econres/notes/feds-notes/india-and-the-global-economy-20260408.html,clean/feds-notes/2026/2026-04-08-india-and-the-global-economy-fedsnote.txt,ok
2026-04-08-mind-the-gap-announced-versus-implied-tariff-rates-in-recent,https://www.federalreserve.gov/econres/notes/feds-notes/mind-the-gap-announced-versus-implied-tariff-rates-in-recent-trade-policy-episodes-20260408.html,clean/feds-notes/2026/2026-04-08-mind-the-gap-announced-versus-implied-tariff-rates-in-recent-fedsnote.txt,ok
2026-04-08-stablecoins-in-2025-developments-and-financial-stability-imp,https://www.federalreserve.gov/econres/notes/feds-notes/stablecoins-in-2025-developments-and-financial-stability-implications-20260408.html,clean/feds-notes/2026/2026-04-08-stablecoins-in-2025-developments-and-financial-stability-imp-fedsnote.txt,ok
2026-04-13-wage-and-income-growth-expectations-before-during-and-after,https://www.federalreserve.gov/econres/notes/feds-notes/wage-and-income-growth-expectations-before-during-and-after-the-pandemic-period-20260413.html,clean/feds-notes/2026/2026-04-13-wage-and-income-growth-expectations-before-during-and-after-fedsnote.txt,ok
2026-05-01-banks-in-the-age-of-stablecoins-lessons-from-their-historica,https://www.federalreserve.gov/econres/notes/feds-notes/banks-in-the-age-of-stablecoins-lessons-from-their-historical-responses-to-financial-innovations-20260501.html,clean/feds-notes/2026/2026-05-01-banks-in-the-age-of-stablecoins-lessons-from-their-historica-fedsnote.txt,ok
2026-05-01-monitoring-high-credit-growth-the-link-between-local-deposit,https://www.federalreserve.gov/econres/notes/feds-notes/monitoring-high-credit-growth-the-link-between-local-deposits-and-cre-lending-20260501.html,clean/feds-notes/2026/2026-05-01-monitoring-high-credit-growth-the-link-between-local-deposit-fedsnote.txt,ok
2026-05-08-investor-composition-of-money-market-funds-and-its-implicati,https://www.federalreserve.gov/econres/notes/feds-notes/investor-composition-of-money-market-funds-and-its-implications-for-flow-dynamics-20260508.html,clean/feds-notes/2026/2026-05-08-investor-composition-of-money-market-funds-and-its-implicati-fedsnote.txt,ok
2026-05-08-measuring-mutual-fund-liquidity-with-n-port,https://www.federalreserve.gov/econres/notes/feds-notes/measuring-mutual-fund-liquidity-with-n-port-20260508.html,clean/feds-notes/2026/2026-05-08-measuring-mutual-fund-liquidity-with-n-port-fedsnote.txt,ok
2026-05-08-measuring-renters-in-credit-data-evidence-from-linked-survey,https://www.federalreserve.gov/econres/notes/feds-notes/measuring-renters-in-credit-data-evidence-from-linked-survey-and-administrative-data-20260508.html,clean/feds-notes/2026/2026-05-08-measuring-renters-in-credit-data-evidence-from-linked-survey-fedsnote.txt,ok
2026-05-08-subprime-auto-lending-trends-in-buy-here-pay-here-auto-lendi,https://www.federalreserve.gov/econres/notes/feds-notes/subprime-auto-lending-trends-in-buy-here-pay-here-auto-lending-20260508.html,clean/feds-notes/2026/2026-05-08-subprime-auto-lending-trends-in-buy-here-pay-here-auto-lendi-fedsnote.txt,ok
2026-05-08-trade-finance-activities-of-u-s-banks-what-the-data-can-tell,https://www.federalreserve.gov/econres/notes/feds-notes/trade-finance-activities-of-u-s-banks-what-the-data-can-tell-us-20260508.html,clean/feds-notes/2026/2026-05-08-trade-finance-activities-of-u-s-banks-what-the-data-can-tell-fedsnote.txt,ok
2026-05-20-population-growth-and-labor-market-fragility-lessons-from-do,https://www.federalreserve.gov/econres/notes/feds-notes/population-growth-and-labor-market-fragility-lessons-from-domestic-and-international-experiences-20260520.html,clean/feds-notes/2026/2026-05-20-population-growth-and-labor-market-fragility-lessons-from-do-fedsnote.txt,ok
2026-05-21-the-cslt-unifying-u-s-cross-border-securities-holdings-and-t,https://www.federalreserve.gov/econres/notes/feds-notes/the-cslt-unifying-u-s-cross-border-securities-holdings-and-transactions-data-20260521.html,clean/feds-notes/2026/2026-05-21-the-cslt-unifying-u-s-cross-border-securities-holdings-and-t-fedsnote.txt,ok
2026-05-22-measurement-of-computer-software-and-accessories-inflation,https://www.federalreserve.gov/econres/notes/feds-notes/measurement-of-computer-software-and-accessories-inflation-20260522.html,clean/feds-notes/2026/2026-05-22-measurement-of-computer-software-and-accessories-inflation-fedsnote.txt,ok
2026-05-29-china-shock-2-0-how-china-ongoing-export-surge-differs-from,https://www.federalreserve.gov/econres/notes/feds-notes/china-shock-2-0-how-china-ongoing-export-surge-differs-from-the-early-2000s-20260529.html,clean/feds-notes/2026/2026-05-29-china-shock-2-0-how-china-ongoing-export-surge-differs-from-fedsnote.txt,ok
2026-05-29-federal-reserve-discount-rate-press-releases-in-the-1960s-an,https://www.federalreserve.gov/econres/notes/feds-notes/federal-reserve-discount-rate-press-releases-in-the-1960s-and-1970s-through-the-lens-of-monetary-policy-20260529.html,clean/feds-notes/2026/2026-05-29-federal-reserve-discount-rate-press-releases-in-the-1960s-an-fedsnote.txt,ok
2026-06-02-how-u-s-bank-stock-prices-respond-to-geopolitical-risk,https://www.federalreserve.gov/econres/notes/feds-notes/how-u-s-bank-stock-prices-respond-to-geopolitical-risk-20260602.html,clean/feds-notes/2026/2026-06-02-how-u-s-bank-stock-prices-respond-to-geopolitical-risk-fedsnote.txt,ok
2026-06-04-mortgage-servicing-right-valuations-under-stress,https://www.federalreserve.gov/econres/notes/feds-notes/mortgage-servicing-right-valuations-under-stress-20260604.html,clean/feds-notes/2026/2026-06-04-mortgage-servicing-right-valuations-under-stress-fedsnote.txt,ok
2026-06-05-buy-now-pay-later-beyond-pay-in-4-a-comprehensive-product-ov,https://www.federalreserve.gov/econres/notes/feds-notes/buy-now-pay-later-beyond-pay-in-4-a-comprehensive-product-overview-20260605.html,clean/feds-notes/2026/2026-06-05-buy-now-pay-later-beyond-pay-in-4-a-comprehensive-product-ov-fedsnote.txt,ok
2026-06-05-mexico-in-u-s-supply-chains-lessons-from-2018-19-tariffs,https://www.federalreserve.gov/econres/notes/feds-notes/mexico-in-u-s-supply-chains-lessons-from-2018-19-tariffs-20260605.html,clean/feds-notes/2026/2026-06-05-mexico-in-u-s-supply-chains-lessons-from-2018-19-tariffs-fedsnote.txt,ok
2026-06-22-decomposing-hedge-funds-u-s-treasury-exposures,https://www.federalreserve.gov/econres/notes/feds-notes/decomposing-hedge-funds-u-s-treasury-exposures-20260622.html,clean/feds-notes/2026/2026-06-22-decomposing-hedge-funds-u-s-treasury-exposures-fedsnote.txt,ok
2026-06-22-retail-sweep-behavior-since-the-elimination-of-reserve-requi,https://www.federalreserve.gov/econres/notes/feds-notes/retail-sweep-behavior-since-the-elimination-of-reserve-requirements-20260622.html,clean/feds-notes/2026/2026-06-22-retail-sweep-behavior-since-the-elimination-of-reserve-requi-fedsnote.txt,ok
2026-06-26-a-news-based-approach-to-measuring-shortages-and-their-effec,https://www.federalreserve.gov/econres/notes/feds-notes/a-news-based-approach-to-measuring-shortages-and-their-effects-on-the-global-economy-20260626.html,clean/feds-notes/2026/2026-06-26-a-news-based-approach-to-measuring-shortages-and-their-effec-fedsnote.txt,ok
2026-06-26-recent-developments-in-foreign-direct-investment-into-the-u,https://www.federalreserve.gov/econres/notes/feds-notes/recent-developments-in-foreign-direct-investment-into-the-u-s-20260626.html,clean/feds-notes/2026/2026-06-26-recent-developments-in-foreign-direct-investment-into-the-u-fedsnote.txt,ok
2026-07-02-how-resilient-were-emerging-market-economies-through-the-202,https://www.federalreserve.gov/econres/notes/feds-notes/how-resilient-were-emerging-market-economies-through-the-2022-23-u-s-monetary-tightening-cycle-20260702.html,clean/feds-notes/2026/2026-07-02-how-resilient-were-emerging-market-economies-through-the-202-fedsnote.txt,ok
2026-07-06-do-major-technology-advancements-lead-to-overinvestment,https://www.federalreserve.gov/econres/notes/feds-notes/do-major-technology-advancements-lead-to-overinvestment-20260706.html,clean/feds-notes/2026/2026-07-06-do-major-technology-advancements-lead-to-overinvestment-fedsnote.txt,ok
2026-07-14-technology-shocks-the-ai-boomandthe-u-s-current-account,https://www.federalreserve.gov/econres/notes/feds-notes/technology-shocks-the-ai-boomandthe-u-s-current-account-20260714.html,clean/feds-notes/2026/2026-07-14-technology-shocks-the-ai-boomandthe-u-s-current-account-fedsnote.txt,ok
