text,label,date,source,split,source_file
In subsequent meetings of the Executive Board the first meetings of the Governing and the General Councils were prepared.,N,1998-06-09 00:00:00,press_conference,,1998/1998-06-09-is.txt
"In other words, each national central bank may produce all of the relevant euro banknotes itself or, alternatively, it may enter into bilateral pooling arrangements.",N,1998-06-09 00:00:00,press_conference,,1998/1998-06-09-is.txt
Further details are provided in the separate press release that is being issued to you this morning.,N,1998-07-08 00:00:00,press_conference,,1998/1998-07-08-is.txt
The Governing Council considered that giving such institutions outside the euro area unlimited access to intraday credit would have created risks for the conduct of monetary policy that it was not ready to take.,N,1998-07-08 00:00:00,press_conference,,1998/1998-07-08-is.txt
There is currently no sign of exchange rate tensions among euro area currencies.,N,1998-07-08 00:00:00,press_conference,,1998/1998-07-08-is.txt
"In connection with the setting-up of common market standards, the Governing Council also reached agreement on a number of issues related to the quotation and publication of reference exchange rates for the euro.",N,1998-07-08 00:00:00,press_conference,,1998/1998-07-08-is.txt
"Second, most Member States need to go a step further, and indeed improve structural balances as they are not yet in compliance with the obligations under the Stability and Growth Pact.",N,1998-07-08 00:00:00,press_conference,,1998/1998-07-08-is.txt
"It is evident, however, that economic growth alone will not reduce the urgency to proceed with structural adjustments in order to tackle unacceptably high rates of unemployment.",D,1998-07-08 00:00:00,press_conference,,1998/1998-07-08-is.txt
"Among the three main functions that a minimum reserve system could usefully perform, the Governing Council attaches particularly high importance to its contributions to the stabilisation of money market interest rates and to the enlargement of the demand for central bank money by creating or enlarging a structural liquidity shortage in the market.",D,1998-07-08 00:00:00,press_conference,,1998/1998-07-08-is.txt
One focal aspect of the discussion has been a close monitoring of the financial crisis in Russia.,N,1998-09-11 00:00:00,press_conference,,1998/1998-09-11-is.txt
"For this reason, the EMI had, on behalf of the ECB, prepared a draft Central Bank Agreement to replace the current exchange rate mechanism (ERM I, if you like) by a new one in Stage Three.",N,1998-09-11 00:00:00,press_conference,,1998/1998-09-11-is.txt
(a) Exchange rate policy co-operation between the euro area and other EU countries,N,1998-09-11 00:00:00,press_conference,,1998/1998-09-11-is.txt
"Unemployment has also been declining, but at a modest pace, and from a high level.",H,1998-09-11 00:00:00,press_conference,,1998/1998-09-11-is.txt
"In this context, the Governing Council of the ECB has adopted the following definition: ""Price stability shall be defined as a year-on-year increase in the Harmonised Index of Consumer Prices (HICP) for the euro area of below 2%"".",N,1998-10-13 00:00:00,press_conference,,1998/1998-10-13-is.txt
The ESCB will assess how best to counter these risks.,N,1998-10-13 00:00:00,press_conference,,1998/1998-10-13-is.txt
"Today, the Governing Council discussed the last remaining open issues regarding the ESCBs minimum reserve system and confirmed that, first, the lump-sum allowance will be set at a level of 100,000 and, second, the reserve ratio will be set in the middle of the indicated range, i.e. at 2%.",N,1998-10-13 00:00:00,press_conference,,1998/1998-10-13-is.txt
It also acknowledges the existence of short-term volatility in prices which cannot be controlled by monetary policy.,N,1998-10-13 00:00:00,press_conference,,1998/1998-10-13-is.txt
The length of my introductory statement reflects the importance of the matters dealt with today.,N,1998-10-13 00:00:00,press_conference,,1998/1998-10-13-is.txt
"The Governing Council will continue to monitor closely monetary, financial and economic developments within the euro area with a view to determining the appropriate level of money market interest rates for the euro area.",N,1998-10-13 00:00:00,press_conference,,1998/1998-10-13-is.txt
"Also, at this juncture, data partly available for the summer months point to the possibility that recent rates of output growth may be broadly sustained beyond the first half of this year.",N,1998-11-03 00:00:00,press_conference,,1998/1998-11-03-is-stmt.txt
The Council members hold the view that the establishment of EMU is expected to reinforce the structural tendencies that are already under way in the EU banking systems.,N,1998-11-03 00:00:00,press_conference,,1998/1998-11-03-is-stmt.txt
"Against this background, the Governing Council today adopted an ECB Guideline which establishes certain reporting obligations for the national central banks' domestic asset and liability management operations and subjects such transactions to the prior approval of the ECB whenever they exceed a certain amount.",N,1998-11-03 00:00:00,press_conference,,1998/1998-11-03-is-stmt.txt
"While the trends appear in some cases weaker, particularly when also looking at some national data, the latest euro area-wide survey data on confidence, order books and capacity utilisation generally remain well above their long-run averages.",H,1998-11-03 00:00:00,press_conference,,1998/1998-11-03-is-stmt.txt
This Decision will be published in the Official Journal of the European Communities.,N,1998-11-03 00:00:00,press_conference,,1998/1998-11-03-is-stmt.txt
"In its latest forecast, published on 21 October 1998, the Commission has revised downwards aggregate euro area real GDP growth to 2.6% in 1999, compared with the increase of 3.2% projected earlier this year.",D,1998-11-03 00:00:00,press_conference,,1998/1998-11-03-is-stmt.txt
"With respect to the decline in HICP inflation in September, this is closely related to a relatively strong fall in food prices (from 1.8% in August to 1.4% in September 1998), which account for almost one-quarter of the total HICP.",D,1998-11-03 00:00:00,press_conference,,1998/1998-11-03-is-stmt.txt
"Finally, it gives me pleasure to announce that the central bank Governors of these four countries have committed their NCBs to adhere to the principles laid down in the policy statement on euro payment and settlement systems located outside the euro area, which was released to you on 3 November 1998.",N,1998-12-01 00:00:00,press_conference,,1998/1998-12-01-is-stmt.txt
"Indeed, downward risks continue to exist.",N,1998-12-01 00:00:00,press_conference,,1998/1998-12-01-is-stmt.txt
Confidence in the corporate sector has already declined.,D,1998-12-01 00:00:00,press_conference,,1998/1998-12-01-is-stmt.txt
On 1 January 1999 the ESCB will assume responsibility for defining and implementing the single monetary policy of the euro area.,N,1998-12-22 00:00:00,press_conference,,1998/1998-12-22-is-stmt.txt
Other indicators of real activity were mixed up to November.,N,1998-12-22 00:00:00,press_conference,,1998/1998-12-22-is-stmt.txt
"Although euro banknotes and coins will not be put into circulation until 1 January 2002, from 1 January 1999 the right to authorise the issue of national banknotes - and the right to approve the volume of national coins to be issued - will belong to the Governing Council of the ECB.",N,1998-12-22 00:00:00,press_conference,,1998/1998-12-22-is-stmt.txt
Let me now give the floor to the Vice-President to report on various aspects of the final preparatory work for Stage Three of Economic and Monetary Union.,N,1998-12-22 00:00:00,press_conference,,1998/1998-12-22-is-stmt.txt
"Swap agreements with the Federal Reserve System and Norges Bank The Governing Council took the opportunity of the forthcoming introduction of the euro on 1 January 1999 to review and adjust existing swap agreements between euro area central banks, on the one hand, and the Federal Reserve System and Norges Bank, on the other hand.",N,1998-12-22 00:00:00,press_conference,,1998/1998-12-22-is-stmt.txt
No major news has come in on the outlook for the euro area economy since we met last time.,N,1999-01-07 00:00:00,press_conference,,1999/1999-01-07-is-stmt.txt
"In this connection, I could mention the fall in long-term interest rates in the last couple of days to new historical lows and also the yield curve has shifted down.",D,1999-01-07 00:00:00,press_conference,,1999/1999-01-07-is-stmt.txt
"The value of cross-border transactions settled through TARGET already exceeded EUR 310 billion on the second operating day and this figure does not yet include domestic RTGS transactions, which themselves accounted for at least another EUR 660 billion.",N,1999-01-07 00:00:00,press_conference,,1999/1999-01-07-is-stmt.txt
"From that day onwards, the ""Eurosystem"" - that is, the ECB and the eleven national central banks of the Member States that participate in the euro - has assumed responsibility for the conduct of monetary policy in the euro area with the primary objective of maintaining price stability.",N,1999-01-07 00:00:00,press_conference,,1999/1999-01-07-is-stmt.txt
"Although they are not considered by the Governing Council to imply inflationary risks at this juncture, in particular the developments in credit growth will need to be carefully monitored in the coming months.",H,1999-02-04 00:00:00,press_conference,,1999/1999-02-04-is-stmt.txt
The Governing Council therefore decided to keep ECB interest rates unchanged at the levels currently prevailing.,N,1999-02-04 00:00:00,press_conference,,1999/1999-02-04-is-stmt.txt
Developments in the narrow aggregate M1 have been more buoyant recently.,H,1999-02-04 00:00:00,press_conference,,1999/1999-02-04-is-stmt.txt
"At the same time, recent developments appear to have led to a reduction in some of the uncertainties surrounding the evolution of the world economy in 1999.",N,1999-03-04 00:00:00,press_conference,,1999/1999-03-04-is-stmt.txt
Let me also recall that the nominal effective exchange rate of the euro area in early March stood around 1% below its level on 1 February and around 4% below its starting level on 4 January 1999.,D,1999-03-04 00:00:00,press_conference,,1999/1999-03-04-is-stmt.txt
"However, there is no noticeable evidence as yet of a turnaround in Japan.",N,1999-04-08 00:00:00,press_conference,,1999/1999-04-08-is-stmt.txt
"The Governing Council noted that the Harmonised Index of Consumer Prices (HICP) rates of increase for the euro area have now been below 1% for several months, and even though some increases are likely to be seen in coming months owing to the reversal of energy price trends, the more lasting effect on the outlook for future prices comes from the economic environment.",N,1999-04-08 00:00:00,press_conference,,1999/1999-04-08-is-stmt.txt
The weakness is particularly apparent in the manufacturing,N,1999-04-08 00:00:00,press_conference,,1999/1999-04-08-is-stmt.txt
"Such movements reflect the higher volatility of price changes of some categories of goods, in particular imported oil and other commodities.",N,1999-04-08 00:00:00,press_conference,,1999/1999-04-08-is-stmt.txt
"For the euro area, only a few additional data for economic indicators have become available, and the assessment of forthcoming GDP developments is currently complicated by the fact that the next release will be based on revised data in accordance with the new concept of the European System of Accounts (ESA 95).",N,1999-05-06 00:00:00,press_conference,,1999/1999-05-06-is-stmt.txt
The interest rate on the main refinancing operations will thus remain 2.5%.,N,1999-05-06 00:00:00,press_conference,,1999/1999-05-06-is-stmt.txt
"Against this background, we have observed a further slight widening of the differential between US and euro area long-term interest rates since end-April.",N,1999-06-02 00:00:00,press_conference,,1999/1999-06-02-is-stmt.txt
"However, a reassessment may be appropriate if money and credit growth increase further.",H,1999-07-15 00:00:00,press_conference,,1999/1999-07-15-is-stmt.txt
"The growth of loans to the private sector rose to 10% in May, stimulated by the further decline in bank lending rates.",D,1999-07-15 00:00:00,press_conference,,1999/1999-07-15-is-stmt.txt
The ECB has today issued a press release on this matter.,N,1999-07-15 00:00:00,press_conference,,1999/1999-07-15-is-stmt.txt
"The outlook has improved further, in particular in relation to expectations of continuously strong growth in the US economy and some tentative indications that the prolonged decline in activity in Japan may have come to a halt.",N,1999-07-15 00:00:00,press_conference,,1999/1999-07-15-is-stmt.txt
"However, considering the financial and social cost of keeping the TARGET system open on days which are traditionally public holidays (or bank holidays) in most of the euro area, and in view of the indication given by the European banking industry that it would welcome the closing of TARGET on such days, the Governing Council today decided in principle that next year - in addition to Saturdays and Sundays - TARGET will be closed on New Year's Day, Good Friday, Easter Monday, 1 May (Labour Day), Christmas Day and 26 December.",N,1999-07-15 00:00:00,press_conference,,1999/1999-07-15-is-stmt.txt
"I would like to emphasise that the ECB shares the concerns of the European Parliament, the EU Council and the Commission about the protection of the Communities' financial interests against fraud and other detrimental activities.",N,1999-09-09 00:00:00,press_conference,,1999/1999-09-09-is-stmt.txt
"The latest three-month average of M3 growth, covering the period from May to July 1999, rose to 5.4%, compared with 5.3% in the previous three-month period from April to June 1999.",H,1999-09-09 00:00:00,press_conference,,1999/1999-09-09-is-stmt.txt
"Accordingly, the results of the wage bargaining round for the year 2000 will play a particularly important role for the further assessment of price developments in the euro area.",N,1999-09-09 00:00:00,press_conference,,1999/1999-09-09-is-stmt.txt
It is worth noting that general contingency procedures had already been put in place shortly before the launch of the euro.,N,1999-09-09 00:00:00,press_conference,,1999/1999-09-09-is-stmt.txt
"In line with our expectations, the annual rate of change in the Harmonised Index of Consumer Prices (HICP) saw a further rise in August 1999 to 1.2%, up from 1.1% a month earlier.",H,1999-10-07 00:00:00,press_conference,,1999/1999-10-07-is-stmt.txt
"While a good deal of caution is required when interpreting short-term monetary developments, it should be noted that the 12-month growth rate of M3 has displayed an upward trend during 1999.",H,1999-10-07 00:00:00,press_conference,,1999/1999-10-07-is-stmt.txt
"However, these data do not appear to impinge on the view that there is an upturn in growth in the course of this year.",N,1999-10-07 00:00:00,press_conference,,1999/1999-10-07-is-stmt.txt
"With regard to monetary developments in the euro area, the three-month average of the 12-month growth rates of M3 for the period June to August 1999 increased to 5.6%, from 5.5% in the three-month period ending in July 1999.",H,1999-10-07 00:00:00,press_conference,,1999/1999-10-07-is-stmt.txt
This decision will therefore contribute to sustaining non-inflationary economic growth in the euro area over the medium term.,N,1999-11-04 00:00:00,press_conference,,1999/1999-11-04-is-stmt.txt
"As announced yesterday, the meeting has been brought forward from Thursday, 16 December 1999, to Wednesday, 15 December 1999, in order to enable several Governing Council members to attend a first gathering of a new forum consisting of ministers of finance and central bank governors (the so-called ""G20""), which is to be held in Berlin on 16 December 1999.",N,1999-11-04 00:00:00,press_conference,,1999/1999-11-04-is-stmt.txt
This compares with 6.2% in the previous month.,N,1999-12-02 00:00:00,press_conference,,1999/1999-12-02-is-stmt.txt
"In particular, production growth in the industrial sector saw a further upturn in the third quarter and various survey data suggest that this will continue in the final quarter.",H,1999-12-02 00:00:00,press_conference,,1999/1999-12-02-is-stmt.txt
"This important book documents the statistical methodologies applied in Member States in compiling balance of payments statistics and, as such, improves the transparency of the compilation of euro area statistics.",N,1999-12-02 00:00:00,press_conference,,1999/1999-12-02-is-stmt.txt
"However, in terms of the outlook for price stability in the medium term, it is essential that the immediate upward movement does not translate into general inflationary pressures and, in particular, that it does not trigger second round effects such as excessive wage claims.",H,2000-01-05 00:00:00,press_conference,,2000/2000-01-05-is-stmt.txt
"As you will be aware, the ECB took some precautionary measures to ensure against any problem in the transition to the year 2000, including the provision of sufficient liquidity in the money market during the period around the century date change.",D,2000-01-05 00:00:00,press_conference,,2000/2000-01-05-is-stmt.txt
"Inflation rates are now approaching higher levels than expected earlier, and larger and more protracted commodity and producer price increases are heightening the risk of second round effects.",H,2000-02-03 00:00:00,press_conference,,2000/2000-02-03-is-stmt.txt
"Timely and appropriate monetary policy adjustments should ensure that these risks are kept under control, so that risk premia in financial markets will be diminished.",D,2000-02-03 00:00:00,press_conference,,2000/2000-02-03-is-stmt.txt
Our expectation is that we shall see higher inflation rates in the next few months.,H,2000-02-03 00:00:00,press_conference,,2000/2000-02-03-is-stmt.txt
Monetary growth has consistently been above the reference value and credit to the private sector is continuing to grow at more than 10%.,H,2000-02-03 00:00:00,press_conference,,2000/2000-02-03-is-stmt.txt
"These upside risks will need to be monitored and assessed continuously in order to ensure that timely action can be taken, if and when required.",N,2000-03-02 00:00:00,press_conference,,2000/2000-03-02-is-stmt.txt
"The topic of the conference will be ""Why price stability?"" and it will take place in Frankfurt.",N,2000-03-02 00:00:00,press_conference,,2000/2000-03-02-is-stmt.txt
"With regard to most recent developments in consumer price inflation, as measured by annual increases in the Harmonised Index of Consumer Prices (HICP), the upward movement has continued.",H,2000-03-02 00:00:00,press_conference,,2000/2000-03-02-is-stmt.txt
"In our discussions there has always been a clear understanding, based on the Treaty, that the single monetary policy can only focus on maintaining price stability in the euro area as a whole.",N,2000-03-30 00:00:00,press_conference,,2000/2000-03-30-is-stmt.txt
"With regard to monetary developments, the annual growth rate of M3 in February 2000 was 6.2%, implying a small increase in the three-month moving average of annual M3 growth, to 5.9% for the period from December 1999 to February 2000.",H,2000-03-30 00:00:00,press_conference,,2000/2000-03-30-is-stmt.txt
"The Governing Council has, over recent months, raised ECB interest rates in three steps, in total by 1 percentage point, as a response to signals from both pillars of the Eurosystem's monetary policy strategy that upward risks to price stability were increasing.",H,2000-03-30 00:00:00,press_conference,,2000/2000-03-30-is-stmt.txt
Thus such countries may participate in ERM II with a CBA as a unilateral commitment augmenting the discipline within ERM II.,N,2000-04-13 00:00:00,press_conference,,2000/2000-04-13-is-stmt.txt
"Therefore, the Governing Council neither encourages nor discourages the adoption of euro-based CBAs.",N,2000-04-13 00:00:00,press_conference,,2000/2000-04-13-is-stmt.txt
These risks have to be taken seriously in the light of the current strong upswing.,N,2000-05-11 00:00:00,press_conference,,2000/2000-05-11-is-stmt.txt
"In March 2000 the three-month average of the annual growth rates of M3 - covering the period from January to March 2000 - rose to 6.0%, compared with 5.9% in the period from December 1999 to February 2000.",H,2000-05-11 00:00:00,press_conference,,2000/2000-05-11-is-stmt.txt
Both the Guideline and the Recommendation will be published in the Official Journal of the European Communities in due course.,N,2000-05-11 00:00:00,press_conference,,2000/2000-05-11-is-stmt.txt
"All available indicators and forecasts seem to point to a phase of continued economic growth, following the upturn observed in the second half of 1999.",H,2000-05-11 00:00:00,press_conference,,2000/2000-05-11-is-stmt.txt
"Turning to today's other meeting, the General Council considered public finance developments in the EU.",N,2000-06-08 00:00:00,press_conference,,2000/2000-06-08-is-stmt.txt
"Moreover, the exchange rate of the euro appreciated at the end of May and in the first few days of June, also reflecting expectations that robust economic growth will continue in the euro area.",D,2000-06-08 00:00:00,press_conference,,2000/2000-06-08-is-stmt.txt
"In fact, most inflation forecasts have been revised upwards over recent months.",H,2000-06-08 00:00:00,press_conference,,2000/2000-06-08-is-stmt.txt
The Governing Council conducted its regular examination of recent monetary and economic developments and their implications for the risks to future price stability in the euro area.,N,2000-07-06 00:00:00,press_conference,,2000/2000-07-06-is-stmt.txt
"Therefore, a careful monitoring on the part of the public authorities responsible for prudential supervision and financial stability is required.",N,2000-07-06 00:00:00,press_conference,,2000/2000-07-06-is-stmt.txt
"The overall level of confidence has remained at, or close to, record highs in recent months.",N,2000-09-14 00:00:00,press_conference,,2000/2000-09-14-is-stmt.txt
It is particularly important that this message be understood in an environment in which oil price and exchange rate developments may lead to HICP inflation rates remaining above 2% for a more protracted period than earlier expected.,H,2000-10-05 00:00:00,press_conference,,2000/2000-10-05-is-stmt.txt
"This assessment is based on the protracted deviation of M3 growth from the reference value since the start of Stage Three of EMU, coupled with the still relatively high growth of loans to the private sector.",H,2000-10-05 00:00:00,press_conference,,2000/2000-10-05-is-stmt.txt
"First, the process of monetary policy-making and its implementation has functioned efficiently.",N,2000-10-19 00:00:00,press_conference,,2000/2000-10-19-is-stmt.txt
"A favourable impact on prices, growth and employment of opening up sectors to competition has become clear with regard to the telecommunications and energy sectors.",N,2000-10-19 00:00:00,press_conference,,2000/2000-10-19-is-stmt.txt
"In particular, as far as the decline in real GDP growth in the United States in the third quarter of 2000 is concerned, this may be seen as the first sign of an orderly slowdown towards more sustainable levels, in line with the projections currently available.",N,2000-11-02 00:00:00,press_conference,,2000/2000-11-02-is-stmt.txt
It decided to leave the minimum bid rate on the main refinancing operations of the Eurosystem unchanged at 4.75%.,N,2000-11-02 00:00:00,press_conference,,2000/2000-11-02-is-stmt.txt
"This annual publication documents the statistical methodologies applied in EU Member States for the compilation of balance of payments statistics and, as such, improves the transparency of the compilation of euro area statistics.",N,2000-11-02 00:00:00,press_conference,,2000/2000-11-02-is-stmt.txt
"With regard to the assessment of trend potential output growth, there is still no decisive evidence that measurable and lasting increases in productivity growth in the euro area would warrant a significant upward revision in the assumption for trend potential growth.",H,2000-12-14 00:00:00,press_conference,,2000/2000-12-14-is-stmt.txt
"The ""Vienna Seminar"" will be followed by a press conference at 4 p.m. tomorrow.",N,2000-12-14 00:00:00,press_conference,,2000/2000-12-14-is-stmt.txt
"This seminar will be held tomorrow in Vienna, in co-operation with the Oesterreichische Nationalbank, and will focus in particular on issues related to the price dynamics in accession countries, the role of the central banks in managing the accession process and the co-operation between the Eurosystem and the accession countries' central banks.",N,2000-12-14 00:00:00,press_conference,,2000/2000-12-14-is-stmt.txt
"Starting with the first pillar of the monetary policy strategy of the ECB, monetary data for December 2000 confirmed the gradual moderation of the growth of monetary aggregates which has been observed since the spring of last year.",N,2001-02-01 00:00:00,press_conference,,2001/2001-02-01-is-stmt.txt
"Turning to the examination under the second pillar, broadly similar indications are emerging, as inflationary impulses resulting from previous developments in oil prices and the external value of the euro are gradually diminishing.",D,2001-02-01 00:00:00,press_conference,,2001/2001-02-01-is-stmt.txt
The Governing Council conducted its regular examination of monetary and economic developments and their implications for the maintenance of price stability in the euro area.,N,2001-02-01 00:00:00,press_conference,,2001/2001-02-01-is-stmt.txt
"In this, they can be assured that the Governing Council will maintain price stability over the medium term.",N,2001-03-01 00:00:00,press_conference,,2001/2001-03-01-is-stmt.txt
"In particular, the indications from M3 growth over recent months point to a gradual decline in upward risks.",D,2001-03-01 00:00:00,press_conference,,2001/2001-03-01-is-stmt.txt
"As regards the second pillar, there are indications that euro area real GDP growth was lower in the second half of last year than in the first half, but the general outlook for this year and next remains positive.",D,2001-03-01 00:00:00,press_conference,,2001/2001-03-01-is-stmt.txt
The continuous contribution of social partners will be essential to prevent temporary inflationary pressures from possibly translating into longer-lasting effects.,D,2001-04-11 00:00:00,press_conference,,2001/2001-04-11-is-stmt.txt
The ECB will keep the public informed about ongoing developments in these categories of M3.,N,2001-05-10 00:00:00,press_conference,,2001/2001-05-10-is-stmt.txt
"As regards the second pillar, upward risks to price stability over the medium term have diminished somewhat.",D,2001-05-10 00:00:00,press_conference,,2001/2001-05-10-is-stmt.txt
The information under the second pillar indicates that upward pressure on prices can be contained.,N,2001-05-10 00:00:00,press_conference,,2001/2001-05-10-is-stmt.txt
"The three-month average of the annual growth rates of M3 was 4.8% in the period from January to March 2001, which is close to the reference value of 4 1/2%.",N,2001-05-10 00:00:00,press_conference,,2001/2001-05-10-is-stmt.txt
The growth rate of loans to the private sector continued to moderate over recent months.,N,2001-06-07 00:00:00,press_conference,,2001/2001-06-07-is-stmt.txt
"Rather, real GDP growth may differ, and there may be differences in unemployment rates or other important economic variables, i.e. there may be regional differences, as is the case in all large economic and monetary areas of the world.",N,2001-06-21 00:00:00,press_conference,,2001/2001-06-21-is-stmt.txt
Delays in introducing such reforms on the basis of cyclical considerations would be at the expense of medium-term growth opportunities.,N,2001-07-05 00:00:00,press_conference,,2001/2001-07-05-is-stmt.txt
"Moreover, the ECB calls upon the public's vigilance in monitoring prices and price changes, encouraging consumer and other organisations to actively engage in this task.",N,2001-07-05 00:00:00,press_conference,,2001/2001-07-05-is-stmt.txt
"Of course, we shall continue to monitor closely future developments affecting the balance of risks to price stability, including - in particular - monetary developments, real GDP growth, price-setting behaviour and wage developments.",N,2001-07-05 00:00:00,press_conference,,2001/2001-07-05-is-stmt.txt
"However, given the nature of these shocks and taking into account the present monetary policy stance, we expect them to have only a temporary effect on inflation rates.",N,2001-07-05 00:00:00,press_conference,,2001/2001-07-05-is-stmt.txt
The latter reflects the adverse effects on income and consumption from past increases in energy and food prices and the slowdown in investment.,H,2001-07-05 00:00:00,press_conference,,2001/2001-07-05-is-stmt.txt
All these factors also had a negative impact on investment.,N,2001-08-30 00:00:00,press_conference,,2001/2001-08-30-is-stmt.txt
"It is essential that this trend continues and, at the current juncture, two factors support the view that this should indeed be the case.",N,2001-08-30 00:00:00,press_conference,,2001/2001-08-30-is-stmt.txt
"As adjustment needs are likely to become more visible in periods of less vigorous economic growth, policy-makers must now intensify the acceleration of reforms rather than allow efforts to abate.",D,2001-10-11 00:00:00,press_conference,,2001/2001-10-11-is-stmt.txt
"The mere existence of the euro has sheltered the countries of the euro area from adverse intra-European exchange rate tensions, which had typically plagued many countries when external shocks occurred in the past.",N,2001-10-11 00:00:00,press_conference,,2001/2001-10-11-is-stmt.txt
"Finally, I would like to inform you that the Governing Council has decided that, as from today, it will - as a rule - assess the stance of the ECB's monetary policy only at its first meeting of the month.",N,2001-11-08 00:00:00,press_conference,,2001/2001-11-08-is-stmt.txt
"As regards the outlook for prices in the euro area, recent developments confirm our earlier expectation of a gradual decline in inflation rates, resulting from the unwinding of the previous increase in energy prices and the absence of further shocks to food prices.",D,2001-11-08 00:00:00,press_conference,,2001/2001-11-08-is-stmt.txt
Labour and product market reforms will be beneficial to employment growth in the euro area and will improve the resilience of the euro area economy to adverse shocks in the future.,N,2001-11-08 00:00:00,press_conference,,2001/2001-11-08-is-stmt.txt
"In economic terms, we expect the cash changeover to have no noticeable direct effects on the average price level in the euro area.",N,2001-12-06 00:00:00,press_conference,,2001/2001-12-06-is-stmt.txt
A key remaining challenge for the euro area is to strengthen the productive forces in the economy by providing the proper incentives for economic agents.,N,2001-12-06 00:00:00,press_conference,,2001/2001-12-06-is-stmt.txt
"However, the conditions are there for economic growth to improve in the course of 2002.",N,2001-12-06 00:00:00,press_conference,,2001/2001-12-06-is-stmt.txt
"In conclusion, I am very confident that we have put in place all the necessary measures to reduce counterfeiting and to bring any counterfeiter to justice.",N,2001-12-13 00:00:00,press_conference,,2001/2001-12-13-is.txt
I am also pleased with the good co-operation between Europol and the ECB in a matter which is of utmost importance to assure confidence in and the reputation of the euro cash.,N,2001-12-13 00:00:00,press_conference,,2001/2001-12-13-is.txt
"We do not therefore need this formal agreement between our two institutions to resolve any contentious issues, but rather see it as a manifestation of our joint and co-ordinated efforts in the fight against counterfeiting.",N,2001-12-13 00:00:00,press_conference,,2001/2001-12-13-is.txt
"This will be an ongoing process of close co-operation, which will also involve other important players, such as the European Commission at the European level and Interpol at the international level.",N,2001-12-13 00:00:00,press_conference,,2001/2001-12-13-is.txt
"This concept includes three additional elements: First, banknotes which are well protected against counterfeiting; experts have confirmed that the euro banknotes are extremely well protected.",N,2001-12-13 00:00:00,press_conference,,2001/2001-12-13-is.txt
"If I were to highlight the main issues addressed in the Agreement, I should first of all like to stress the annual meetings between the Director of Europol and the President of the ECB to review the implementation of the Agreement.",N,2001-12-13 00:00:00,press_conference,,2001/2001-12-13-is.txt
"This will require a deepening of structural reform in the labour and goods markets, as well as technological innovation.",D,2002-01-03 00:00:00,press_conference,,2002/2002-01-03-is-stmt.txt
"However, there are signs which point to a gradual recovery in the course of this year, as reflected, for example, in financial market developments or in recent survey data which indicate that the decline in confidence may have bottomed out.",N,2002-01-03 00:00:00,press_conference,,2002/2002-01-03-is-stmt.txt
"There is reason to assume that the physical introduction of the euro banknotes and coins will strengthen competition, thereby supporting the maintenance of price stability.",D,2002-02-07 00:00:00,press_conference,,2002/2002-02-07-is-stmt.txt
The build-up in liquidity reflected in these data occurred in an economic and financial environment characterised by exceptionally high uncertainty worldwide and should therefore be only temporary.,N,2002-02-07 00:00:00,press_conference,,2002/2002-02-07-is-stmt.txt
The responsibility for these procedures lies with the European Commission and the ministers of finance.,N,2002-02-07 00:00:00,press_conference,,2002/2002-02-07-is-stmt.txt
"And we all have the tangible proof of Monetary Union in our pockets, following a highly successful cash changeover process which represents another historic milestone in the process of European monetary integration.",N,2002-02-07 00:00:00,press_conference,,2002/2002-02-07-is-stmt.txt
"If wage moderation is maintained, as we currently expect and in any case consider warranted in order to foster employment growth, and assuming that other determining factors also develop favourably, annual inflation rates should fall safely below 2% this year.",D,2002-02-07 00:00:00,press_conference,,2002/2002-02-07-is-stmt.txt
"In the same vein, we very much support the continued initiatives to foster structural reform.",D,2002-02-07 00:00:00,press_conference,,2002/2002-02-07-is-stmt.txt
Euro area countries have also made some headway in terms of improving the way their labour markets operate.,N,2002-03-07 00:00:00,press_conference,,2002/2002-03-07-is-stmt.txt
The Governing Council supports the actions taken by the European Commission in the context of the Stability and Growth Pact and the subsequent outcome of the ECOFIN Council meeting last month.,N,2002-03-07 00:00:00,press_conference,,2002/2002-03-07-is-stmt.txt
Over the past few years progress has been made with regard to enhancing the flexibility of euro area product and capital markets.,N,2002-03-07 00:00:00,press_conference,,2002/2002-03-07-is-stmt.txt
"Past improvements in the functioning of markets, together with wage moderation, have contributed to strong employment growth and a considerable reduction in unemployment.",H,2002-04-04 00:00:00,press_conference,,2002/2002-04-04-is-stmt.txt
"However, the period of moderation in monetary growth has as yet been too short to allow a definitive assessment.",N,2002-04-04 00:00:00,press_conference,,2002/2002-04-04-is-stmt.txt
"Finally, the positive outlook for the euro area economy is very much supported by sound fundamentals and the absence of major imbalances.",H,2002-04-04 00:00:00,press_conference,,2002/2002-04-04-is-stmt.txt
"As usual, we examined recent monetary, financial and economic developments.",N,2002-04-04 00:00:00,press_conference,,2002/2002-04-04-is-stmt.txt
Real GDP growth rates in the euro area should again be in line with potential growth later this year.,N,2002-04-04 00:00:00,press_conference,,2002/2002-04-04-is-stmt.txt
"Moreover, in the first months of this year HICP inflation excluding the more volatile items of energy and unprocessed food prices has remained stubbornly high, reflecting in particular trends in services prices.",H,2002-06-06 00:00:00,press_conference,,2002/2002-06-06-is-stmt.txt
"At today's meeting, the Governing Council continued its comprehensive examination of monetary, financial and economic developments and assessed new evidence that has become available over the past few weeks.",N,2002-07-04 00:00:00,press_conference,,2002/2002-07-04-is-stmt.txt
"Turning to price developments, Eurostat's flash estimate indicates that annual HICP inflation fell from 2.0% in May to 1.7% in June.",D,2002-07-04 00:00:00,press_conference,,2002/2002-07-04-is-stmt.txt
"In this context, monetary trends need to be assessed with caution.",N,2002-09-12 00:00:00,press_conference,,2002/2002-09-12-is-stmt.txt
"Regarding fiscal policies in the euro area, flood-related costs should lead to a review of priorities and a reallocation of expenditure.",N,2002-09-12 00:00:00,press_conference,,2002/2002-09-12-is-stmt.txt
"However, the short-term trend is also dependent on oil price developments, which have increased significantly over recent months.",H,2002-09-12 00:00:00,press_conference,,2002/2002-09-12-is-stmt.txt
Eurostat's flash estimate for September indicates an annual HICP inflation rate of 2.2%.,N,2002-10-10 00:00:00,press_conference,,2002/2002-10-10-is-stmt.txt
"Concerning the second pillar, the latest data and survey results confirm that economic activity in the euro area remains subdued.",D,2002-10-10 00:00:00,press_conference,,2002/2002-10-10-is-stmt.txt
"Overall, monetary policy will remain geared towards maintaining price stability and will continue to focus on the medium term, thereby providing a reliable anchor for consumers and investors.",D,2002-10-10 00:00:00,press_conference,,2002/2002-10-10-is-stmt.txt
The current fiscal problems in some countries arise from the fact that these countries did not take the opportunity to improve substantially on their fiscal positions when economic growth rates were considerably higher than is currently the case.,N,2002-10-10 00:00:00,press_conference,,2002/2002-10-10-is-stmt.txt
"The recent moderation of the growth in loans to the private sector, particularly to non-financial corporations, supports this assessment.",N,2002-12-05 00:00:00,press_conference,,2002/2002-12-05-is-stmt.txt
The Governing Council considers the recent Commission communication to be a good starting point for rebuilding confidence in the budgetary framework.,N,2002-12-05 00:00:00,press_conference,,2002/2002-12-05-is-stmt.txt
"These factors also have negative effects on euro area consumption, investment and the labour markets.",N,2002-12-05 00:00:00,press_conference,,2002/2002-12-05-is-stmt.txt
We note with some concern the slow progress in many euro area countries and call on governments to take determined action.,N,2002-12-05 00:00:00,press_conference,,2002/2002-12-05-is-stmt.txt
"The assessment which guided today's monetary policy decision was that, overall, the prospect has strengthened for inflation to fall below 2% in the course of 2003 and to remain in line with price stability thereafter.",D,2002-12-05 00:00:00,press_conference,,2002/2002-12-05-is-stmt.txt
"Indeed, structural rigidities have impeded an appropriate adjustment of wages and prices.",H,2002-12-05 00:00:00,press_conference,,2002/2002-12-05-is-stmt.txt
"As a result, annual inflation rates have remained above 2% during most of 2002, including November, as has been confirmed by Eurostat's flash estimate, which indicates an annual HICP inflation rate of 2.2%.",N,2002-12-05 00:00:00,press_conference,,2002/2002-12-05-is-stmt.txt
The Governing Council has decided to leave the current value unchanged at an annual growth rate of 4ï¿½% for the broad aggregate M3.,N,2002-12-05 00:00:00,press_conference,,2002/2002-12-05-is-stmt.txt
We judge the current monetary policy stance appropriate to maintain a favourable outlook for price stability in the medium term.,D,2003-01-09 00:00:00,press_conference,,2003/2003-01-09-is-stmt.txt
An important contribution to strengthening growth prospects in the euro area should also come from fiscal and structural policies.,N,2003-01-09 00:00:00,press_conference,,2003/2003-01-09-is-stmt.txt
A major condition for price stability to also prevail in the medium term will be moderate wage developments.,N,2003-02-06 00:00:00,press_conference,,2003/2003-02-06-is-stmt.txt
"Whereas the appreciation of the euro over recent months may contribute to dampening export growth to some extent, the price competitiveness of euro area companies remains favourable in a medium-term perspective and export growth should benefit from the expected recovery of the world economy.",D,2003-02-06 00:00:00,press_conference,,2003/2003-02-06-is-stmt.txt
"Considering price developments, according to Eurostat's flash estimate, annual HICP inflation decreased to 2.1% in January 2003, from 2.3% in the previous month.",D,2003-02-06 00:00:00,press_conference,,2003/2003-02-06-is-stmt.txt
"It emphasises the need to step up the pace of labour market reform to achieve the Lisbon objectives, to fully implement the Internal Market and to enhance competition in product markets as well as to foster capital market integration, entrepreneurship, a knowledge-based economy, and research and development.",N,2003-02-06 00:00:00,press_conference,,2003/2003-02-06-is-stmt.txt
"This baseline scenario relies on the assumption that, especially in an environment of subdued economic growth, wage moderation will prevail.",D,2003-03-06 00:00:00,press_conference,,2003/2003-03-06-is-stmt.txt
"Over time, the euro area economy should benefit from a global economic recovery and the prevailing low levels of interest rates, as well as from falling inflation supporting real disposable income and underpinning private consumption growth.",D,2003-03-06 00:00:00,press_conference,,2003/2003-03-06-is-stmt.txt
"We concluded that the outlook for price stability over the medium term has improved in recent months, owing in particular to the subdued pace of economic growth and the appreciation of the exchange rate of the euro.",D,2003-03-06 00:00:00,press_conference,,2003/2003-03-06-is-stmt.txt
"First, the significant appreciation of the nominal effective exchange rate of the euro over the past year is expected to continue to feed through the economy into consumer prices, via import and producer prices.",D,2003-03-06 00:00:00,press_conference,,2003/2003-03-06-is-stmt.txt
"The continued strong monetary growth reflects an ongoing pronounced preference for liquidity in an environment of high financial, economic and geopolitical uncertainty.",H,2003-03-06 00:00:00,press_conference,,2003/2003-03-06-is-stmt.txt
Let me now explain our assessment of economic developments in more detail.,N,2003-04-03 00:00:00,press_conference,,2003/2003-04-03-is-stmt.txt
We will therefore continue to monitor events carefully and evaluate them in the light of our mandate.,N,2003-04-03 00:00:00,press_conference,,2003/2003-04-03-is-stmt.txt
The recent drop in oil prices is not likely to be reflected in the price statistics until April.,D,2003-04-03 00:00:00,press_conference,,2003/2003-04-03-is-stmt.txt
"In the context of our economic analysis, focusing on the short to medium term, recently published survey data and the latest information from conjunctural indicators suggest that economic activity in the euro area has remained subdued so far this year.",D,2003-05-08 00:00:00,press_conference,,2003/2003-05-08-is-stmt.txt
This seminar will take place in this room immediately after the press conference.,N,2003-05-08 00:00:00,press_conference,,2003/2003-05-08-is-stmt.txt
Such an assessment also seems to be reflected in recent financial market reactions.,N,2003-05-08 00:00:00,press_conference,,2003/2003-05-08-is-stmt.txt
"Since the end of the war in Iraq, financial market volatility has declined significantly, with a notable increase in stock prices.",N,2003-05-08 00:00:00,press_conference,,2003/2003-05-08-is-stmt.txt
"It also appears that the strong expansion of M3 should not adversely affect this outlook, as portfolio shifts have played a prominent role; in particular, the build up of liquidity should not translate into inflationary pressure as long as economic growth remains modest.",H,2003-05-08 00:00:00,press_conference,,2003/2003-05-08-is-stmt.txt
"Consequently, the euro area economy has continued to accumulate liquidity significantly above the amount needed to sustain non-inflationary growth.",H,2003-06-05 00:00:00,press_conference,,2003/2003-06-05-is-stmt.txt
"In this respect, inflation expectations should remain well anchored at this level, irrespective of shorter-term developments in prices.",N,2003-06-05 00:00:00,press_conference,,2003/2003-06-05-is-stmt.txt
"Following our regular economic and monetary analysis, we have concluded that the current monetary policy stance is appropriate in view of the favourable outlook for price stability over the medium term.",D,2003-07-10 00:00:00,press_conference,,2003/2003-07-10-is-stmt.txt
This assessment is in line with all available forecasts and projections.,N,2003-07-10 00:00:00,press_conference,,2003/2003-07-10-is-stmt.txt
"As you are aware, this will most probably be the last press conference following a meeting of the Governing Council that I will chair.",N,2003-10-02 00:00:00,press_conference,,2003/2003-10-02-is-stmt.txt
"Turning to the outlook for prices, according to Eurostat's latest flash estimate, HICP inflation in September was 2.1%.",N,2003-10-02 00:00:00,press_conference,,2003/2003-10-02-is-stmt.txt
"Finally, although it might mean stating the obvious here in Lisbon, the Lisbon Strategy, which was agreed upon back in March 2000, is of the utmost importance in the process of implementing structural reforms.",N,2003-10-02 00:00:00,press_conference,,2003/2003-10-02-is-stmt.txt
"Exchange rate developments help to contain short-term upward pressure on prices, while higher unprocessed food prices related to the hot and dry weather conditions in some euro area countries could imply some limited upward risk over the next few months.",N,2003-10-02 00:00:00,press_conference,,2003/2003-10-02-is-stmt.txt
"Our project will concentrate mainly on the areas of banking supervision and regulation, inspection and licensing, as well as bank rehabilitation.",N,2003-10-13 00:00:00,press_conference,,2003/2003-10-13-is.txt
Trust and confidence are also crucial in the context of structural reform.,N,2003-12-04 00:00:00,press_conference,,2003/2003-12-04-is-stmt.txt
We also noted that the economic recovery in the euro area has started and that confidence has strengthened further.,N,2003-12-04 00:00:00,press_conference,,2003/2003-12-04-is-stmt.txt
"With the usual lag, it should also profit from an increase in employment growth.",H,2003-12-04 00:00:00,press_conference,,2003/2003-12-04-is-stmt.txt
"Taken together, we look forward to a gradual recovery in euro area economic growth over the next quarters, leading to a broader and stronger upswing in the course of next year and the year after.",H,2003-12-04 00:00:00,press_conference,,2003/2003-12-04-is-stmt.txt
"In particular, wage growth should be contained in the context of a recovery which, for the time being, is expected to remain gradual.",N,2003-12-04 00:00:00,press_conference,,2003/2003-12-04-is-stmt.txt
"Due to adverse food price developments, the evolution of oil prices and planned increases in indirect taxes and administered prices, inflation rates will fall neither as quickly nor as strongly as was expected earlier in the year.",H,2003-12-04 00:00:00,press_conference,,2003/2003-12-04-is-stmt.txt
"For the euro area too, the latest information on production and confidence is consistent with an ongoing recovery in economic activity, and the momentum for growth should strengthen in the course of 2004.",N,2004-01-08 00:00:00,press_conference,,2004/2004-01-08-is-stmt.txt
"In this connection, a thorough assessment of the new Stability Programmes of Member States is currently under way.",N,2004-02-05 00:00:00,press_conference,,2004/2004-02-05-is-stmt.txt
This assessment is reflected in all available forecasts from official and private sources and seems to be confirmed by developments in financial markets.,N,2004-02-05 00:00:00,press_conference,,2004/2004-02-05-is-stmt.txt
This can be explained by the still cautious reallocation of portfolios by economic agents and the effects of generally low interest rates on the growth of very liquid assets.,D,2004-02-05 00:00:00,press_conference,,2004/2004-02-05-is-stmt.txt
"Growth in private consumption, which has so far remained rather subdued, can also be expected to recover in line with an increase in real disposable income.",D,2004-02-05 00:00:00,press_conference,,2004/2004-02-05-is-stmt.txt
"Second, as regards the Stability and Growth Pact, the Governing Council shares the concerns of the European Commission regarding the conclusions of the ECOFIN Council in November last year.",N,2004-02-05 00:00:00,press_conference,,2004/2004-02-05-is-stmt.txt
"While US dollar-denominated global commodity prices have been on an upward trend over recent months, the past appreciation of the euro is dampening their effects on domestic prices.",D,2004-02-05 00:00:00,press_conference,,2004/2004-02-05-is-stmt.txt
The Governing Council strongly supports ongoing efforts in a number of countries to proceed with structural reforms.,N,2004-02-05 00:00:00,press_conference,,2004/2004-02-05-is-stmt.txt
"With regard to fiscal policies, there are several important issues that warrant close attention.",N,2004-02-05 00:00:00,press_conference,,2004/2004-02-05-is-stmt.txt
Whether or not the accumulated excess liquidity will translate into inflationary pressures over the medium term depends on the extent to which past portfolios shifts are reversed and on the future strength of economic growth.,N,2004-02-05 00:00:00,press_conference,,2004/2004-02-05-is-stmt.txt
"The Governing Council recognises that the still low level of consumer confidence is related to prevailing uncertainties, including the debate about the appropriate path for structural reforms in many countries of the euro area.",N,2004-03-04 00:00:00,press_conference,,2004/2004-03-04-is-stmt.txt
"This would risk a repetition of the policy errors of the last economic upswing, when insufficient consolidation efforts and tax cuts without adequate expenditure restraint laid the foundations for the recent fiscal difficulties.",N,2004-03-04 00:00:00,press_conference,,2004/2004-03-04-is-stmt.txt
"Second, on the domestic side, investment should be helped by favourable financing conditions, an improvement in corporate earnings and spillover effects from global demand trends.",N,2004-04-01 00:00:00,press_conference,,2004/2004-04-01-is-stmt.txt
Both monetary and credit growth continue to be supported by the historically low level of interest rates in the euro area and may also reflect the improvement in the economic environment over the last few quarters.,D,2004-05-06 00:00:00,press_conference,,2004/2004-05-06-is-stmt.txt
It is essential that all countries concerned undertake credible measures to address these concerns.,N,2004-05-06 00:00:00,press_conference,,2004/2004-05-06-is-stmt.txt
"This requires credible measures with an emphasis on structural expenditure reform so that imbalances are redressed, tax/benefit systems become more growth-friendly and social security systems are put on a sound financial footing.",D,2004-06-03 00:00:00,press_conference,,2004/2004-06-03-is-stmt.txt
I shall now explain our assessment in more detail.,N,2004-06-03 00:00:00,press_conference,,2004/2004-06-03-is-stmt.txt
The positive experience and familiarity gained over the past few years with the publication of macroeconomic projections have given us the confidence to go a step further by also publishing the interim ECB staff projections.,N,2004-06-03 00:00:00,press_conference,,2004/2004-06-03-is-stmt.txt
"In addition, as a further step towards providing relevant information in a timely manner, we will from today onwards provide you with an advance copy of the Monthly Bulletin section covering the projections.",N,2004-06-03 00:00:00,press_conference,,2004/2004-06-03-is-stmt.txt
"Were this to occur, inflation rates would most likely remain above 2% for longer than previously expected.",H,2004-07-01 00:00:00,press_conference,,2004/2004-07-01-is-stmt.txt
Available forecasts from international and private organisations paint a broadly similar picture of the outlook for the euro area.,N,2004-07-01 00:00:00,press_conference,,2004/2004-07-01-is-stmt.txt
"Moving to the monetary analysis, the overall picture remains unchanged from our previous assessment.",N,2004-07-01 00:00:00,press_conference,,2004/2004-07-01-is-stmt.txt
"This may reflect an increased risk aversion of households and firms, given the stock market losses they experienced between 2000 and the spring of 2003.",N,2004-09-02 00:00:00,press_conference,,2004/2004-09-02-is-stmt.txt
"While these indicators should always be interpreted with caution, their current level calls for particular vigilance.",N,2004-09-02 00:00:00,press_conference,,2004/2004-09-02-is-stmt.txt
"Eurostat's flash estimate for annual HICP inflation in August was 2.3%, unchanged from July On the basis of current market expectations for oil prices, it appears unlikely that annual inflation rates will return to levels below 2% in the remainder of this year.",H,2004-09-02 00:00:00,press_conference,,2004/2004-09-02-is-stmt.txt
"As regards the monetary analysis, M3 growth remains resilient.",H,2004-10-07 00:00:00,press_conference,,2004/2004-10-07-is-stmt.txt
"Looking forward, from a cyclical point of view, employment should recover and unemployment could start falling in the course of next year if overall demand develops as expected.",H,2004-10-07 00:00:00,press_conference,,2004/2004-10-07-is-stmt.txt
"And second, there seems to have been a relatively limited negative impact on employment growth over the past few years.",H,2004-10-07 00:00:00,press_conference,,2004/2004-10-07-is-stmt.txt
"Given the continued strength of M3 growth over the past few years, there remains substantially more liquidity in the euro area than is needed to finance non-inflationary growth.",H,2004-11-04 00:00:00,press_conference,,2004/2004-11-04-is-stmt.txt
"The Pact and the excessive deficit procedure should be fully respected in their current form, while their implementation could be improved, in particular as regards the preventive arm of the Pact.",N,2004-12-02 00:00:00,press_conference,,2004/2004-12-02-is-stmt.txt
"Concerning the European institutional framework, the Stability and Growth Pact and the excessive deficit procedure are the key fiscal cornerstones of EMU.",N,2004-12-02 00:00:00,press_conference,,2004/2004-12-02-is-stmt.txt
"On the one hand, the historically very low level of interest rates in the euro area has stimulated M3 dynamics, in particular demand for the most liquid components of M3 contained in the narrow aggregate M1.",D,2004-12-02 00:00:00,press_conference,,2004/2004-12-02-is-stmt.txt
"In particular, the demand for loans for house purchase has continued to be robust, supported also by strong house price dynamics in several euro area countries.",N,2004-12-02 00:00:00,press_conference,,2004/2004-12-02-is-stmt.txt
Average annual HICP inflation is projected to lie between 2.1% and 2.3% in 2004.,H,2004-12-02 00:00:00,press_conference,,2004/2004-12-02-is-stmt.txt
"While information on the fourth quarter is still incomplete, the latest macroeconomic data and survey evidence, although mixed, appear to suggest ongoing moderate growth.",H,2005-01-13 00:00:00,press_conference,,2005/2005-01-13-is-stmt.txt
"Given the strength of monetary dynamics over the past few years, there remains significantly more liquidity in the euro area than is required to finance non-inflationary growth.",H,2005-01-13 00:00:00,press_conference,,2005/2005-01-13-is-stmt.txt
Commissioner Almunia was also invited to attend.,N,2005-01-13 00:00:00,press_conference,,2005/2005-01-13-is-stmt.txt
"Compliance with the main features of the functional and spatial programme, including modularity;",N,2005-01-20 00:00:00,press_conference,,2005/2005-01-20-is.txt
The euro area is a major economy and is in fact the largest participant in many world markets.,N,2005-01-21 00:00:00,press_conference,,2005/2005-01-21-is.txt
"In turn, it is affected by a broad range of external developments, both financial and non-financial.",N,2005-01-21 00:00:00,press_conference,,2005/2005-01-21-is.txt
"In the year from the fourth quarter of 2003 to the third quarter of 2004, these three countries accounted for approximately 40% of euro area trade in goods and services and for most of its financial transactions.",N,2005-01-21 00:00:00,press_conference,,2005/2005-01-21-is.txt
"Balance of payments statistics for the euro area have long been available at a monthly frequency, and will continue to be published every month.",N,2005-01-21 00:00:00,press_conference,,2005/2005-01-21-is.txt
"The new geographical breakdown - consisting of eleven important counterparts of the euro area - will provide a consistent framework in order to better understand how external links may affect the euro area economy, including:",N,2005-01-21 00:00:00,press_conference,,2005/2005-01-21-is.txt
"Wage increases have remained contained over recent quarters and, in the context of ongoing moderate economic growth and weak labour markets, this trend should continue in the future.",D,2005-02-03 00:00:00,press_conference,,2005/2005-02-03-is-stmt.txt
This could pose risks to price stability over the medium term and warrants vigilance.,D,2005-02-03 00:00:00,press_conference,,2005/2005-02-03-is-stmt.txt
"At the current juncture, the evidence does not suggest that stronger underlying domestic inflationary pressures are building up in the euro area.",D,2005-02-03 00:00:00,press_conference,,2005/2005-02-03-is-stmt.txt
"It would therefore be counterproductive to change the Regulations, dilute the 3% deficit limit or weaken the excessive deficit procedure.",N,2005-02-03 00:00:00,press_conference,,2005/2005-02-03-is-stmt.txt
This increasingly reflects the stimulative effect of the historically very low level of interest rates in the euro area.,D,2005-03-03 00:00:00,press_conference,,2005/2005-03-03-is-stmt.txt
The exceptionally low level of real interest rates is also further stimulating private sector demand for credit.,D,2005-03-03 00:00:00,press_conference,,2005/2005-03-03-is-stmt.txt
"As regards exchange rates, we confirm our position - expressed when the euro rose sharply - that such moves are unwelcome and undesirable for economic growth.",D,2005-03-03 00:00:00,press_conference,,2005/2005-03-03-is-stmt.txt
"Although public finances remain sound in a few euro area countries and fiscal consolidation is progressing slowly in others, in several countries fiscal perspectives are worrying, as imbalances are not projected to decline, as planned earlier, and in some cases are even forecast to rise.",D,2005-04-07 00:00:00,press_conference,,2005/2005-04-07-is-stmt.txt
Recent data and survey indicators on economic activity have been mixed.,N,2005-04-07 00:00:00,press_conference,,2005/2005-04-07-is-stmt.txt
"Turning to price developments, according to Eurostat's flash estimate, annual HICP inflation was 2.1% in April, unchanged from March.",N,2005-05-04 00:00:00,press_conference,,2005/2005-05-04-is-stmt.txt
"According to Eurostat's flash estimate, real GDP grew by 0.5% quarter on quarter in the first quarter of 2005, compared with 0.2% in the previous quarter.",H,2005-06-02 00:00:00,press_conference,,2005/2005-06-02-is-stmt.txt
Over the next few months annual HICP inflation rates are expected to fluctuate around current levels and may not fall below 2% for the remainder of 2005.,H,2005-07-07 00:00:00,press_conference,,2005/2005-07-07-is-stmt.txt
"In this context, as significant revisions of past deficit and debt figures have been reported for a few countries, let me also reiterate previous calls by the Governing Council for the reliable compilation and timely reporting of government finance statistics.",N,2005-07-07 00:00:00,press_conference,,2005/2005-07-07-is-stmt.txt
"In a number of cases these deficits not only imply a rising debt ratio, but also leave no safety margin for short-term budgetary relief in the event of adverse developments.",D,2005-07-07 00:00:00,press_conference,,2005/2005-07-07-is-stmt.txt
Ongoing vigilance is required in order to ensure that longer-term inflation expectations remain well-anchored in the euro area.,D,2005-09-01 00:00:00,press_conference,,2005/2005-09-01-is-stmt.txt
"At the same time, wage increases have remained contained over recent quarters; the projections are based on the assumption that this trend will prevail for the time being given the current labour market situation.",D,2005-09-01 00:00:00,press_conference,,2005/2005-09-01-is-stmt.txt
"For this support to continue, it is of the essence that inflation expectations remain firmly anchored at levels consistent with price stability.",N,2005-10-06 00:00:00,press_conference,,2005/2005-10-06-is-stmt.txt
"To sum up, the economic analysis indicates that energy price increases, in particular, imply upward revisions to the outlook for short-term price developments.",D,2005-11-03 00:00:00,press_conference,,2005/2005-11-03-is-stmt.txt
"In addition, possible further increases in administered prices and indirect taxes have to be taken into account.",N,2005-11-03 00:00:00,press_conference,,2005/2005-11-03-is-stmt.txt
This would be the most effective way to enhance the growth prospects of the euro area and to build confidence in public finances ahead of the time when the challenges of population ageing set in.,D,2005-11-03 00:00:00,press_conference,,2005/2005-11-03-is-stmt.txt
"In addition, the increase in energy prices to a large extent reflects higher global demand for energy.",D,2005-12-01 00:00:00,press_conference,,2005/2005-12-01-is-stmt.txt
"To this effect, we will continue to monitor closely all developments relevant to the medium-term outlook for price stability.",N,2005-12-01 00:00:00,press_conference,,2005/2005-12-01-is-stmt.txt
A parallel Community Lisbon Programme was adopted by the Commission in July 2005 to complement the national programmes with actions to be taken at the European level.,N,2005-12-01 00:00:00,press_conference,,2005/2005-12-01-is-stmt.txt
"Euro area real GDP is projected to grow at rates of between 1.2% and 1.6% in 2005, and between 1.4% and 2.4% in 2006 and 2007.",H,2005-12-01 00:00:00,press_conference,,2005/2005-12-01-is-stmt.txt
These programmes present key country-specific challenges and structural reform measures to increase growth and employment.,D,2005-12-01 00:00:00,press_conference,,2005/2005-12-01-is-stmt.txt
The information which has become available since then supports the assessment that an adjustment of our very accommodative monetary policy stance was warranted.,D,2006-01-12 00:00:00,press_conference,,2006/2006-01-12-is-stmt.txt
The breakdown of GDP data for the third quarter of 2005 confirmed a stronger contribution from domestic demand.,N,2006-01-12 00:00:00,press_conference,,2006/2006-01-12-is-stmt.txt
It also indicates that risks to price stability over the medium term remain on the upside.,H,2006-02-02 00:00:00,press_conference,,2006/2006-02-02-is-stmt.txt
"Given the strength of monetary growth and the ample liquidity situation, cross-checking the outcome of the economic analysis with that of the monetary analysis confirms that upside risks to price stability prevail.",H,2006-03-02 00:00:00,press_conference,,2006/2006-03-02-is-stmt.txt
"Investment is expected to remain strong, benefiting from an extended period of very favourable financing conditions, corporate balance sheet restructuring and gains in earnings and business efficiency.",H,2006-03-02 00:00:00,press_conference,,2006/2006-03-02-is-stmt.txt
"A number of countries continue to report severe imbalances, and in some of them consolidation efforts barely attain the minimum required by the revised Stability and Growth Pact, despite the improving growth outlook.",D,2006-03-02 00:00:00,press_conference,,2006/2006-03-02-is-stmt.txt
"While this policy stance reflects our current assessment, we will continue to monitor closely all developments with respect to risks to price stability.",N,2006-03-02 00:00:00,press_conference,,2006/2006-03-02-is-stmt.txt
"On the labour supply side, tax and benefit system reforms are essential to provide stronger incentives for people to stay in or enter the labour market.",D,2006-03-02 00:00:00,press_conference,,2006/2006-03-02-is-stmt.txt
"Overall, the information which has become available since our last meeting broadly confirms our earlier assessment of the outlook for price developments and economic activity in the euro area, and that monetary and credit growth remains very dynamic.",N,2006-05-04 00:00:00,press_conference,,2006/2006-05-04-is-stmt.txt
"Looking ahead, it is equally crucial that the social partners continue to meet their responsibilities in this regard, not least with a view to fostering employment growth.",N,2006-05-04 00:00:00,press_conference,,2006/2006-05-04-is-stmt.txt
"With regard to price developments, according to Eurostat's flash estimate, annual HICP inflation was 2.4% in April 2006, compared with 2.2% in March and 2.3% in February.",H,2006-05-04 00:00:00,press_conference,,2006/2006-05-04-is-stmt.txt
"Consumption growth should also strengthen over time, in line with developments in real disposable income, as the labour market situation continues to improve.",H,2006-05-04 00:00:00,press_conference,,2006/2006-05-04-is-stmt.txt
"Risks to the outlook for price developments remain on the upside and include further increases in oil prices, a stronger pass-through of oil price rises into consumer prices than currently anticipated, additional increases in administered prices and indirect taxes, and - more fundamentally - stronger wage developments than expected at present, possibly due to second-round effects stemming from past oil price increases.",H,2006-05-04 00:00:00,press_conference,,2006/2006-05-04-is-stmt.txt
"Consumption growth should continue to strengthen gradually over time, in line with developments in real disposable income, as the labour market situation gradually improves.",H,2006-06-08 00:00:00,press_conference,,2006/2006-06-08-is-stmt.txt
"Monetary developments, therefore, require careful monitoring, in particular in the light of strong dynamics in housing markets.",N,2006-06-08 00:00:00,press_conference,,2006/2006-06-08-is-stmt.txt
Examples of such rigidities are low productivity growth due to a lack of competition in some sectors and an explicit or de facto indexation of nominal wages to prices.,N,2006-06-08 00:00:00,press_conference,,2006/2006-06-08-is-stmt.txt
This assessment is further supported by information on activity in the second quarter - such as various confidence surveys and indicator-based estimates - which continues to be encouraging.,N,2006-06-08 00:00:00,press_conference,,2006/2006-06-08-is-stmt.txt
The rapid rate of monetary growth continues to be driven mainly by the expansion of its most liquid components.,H,2006-06-08 00:00:00,press_conference,,2006/2006-06-08-is-stmt.txt
"Investment is expected to pick up, benefiting from an extended period of very favourable financing conditions, balance sheet restructuring and accumulated and ongoing gains in earnings and business efficiency.",H,2006-07-06 00:00:00,press_conference,,2006/2006-07-06-is-stmt.txt
"During the second half of 2006, and on average in 2007, inflation rates are likely to remain above 2%, the precise levels depending on future energy price developments.",H,2006-07-06 00:00:00,press_conference,,2006/2006-07-06-is-stmt.txt
"Monetary developments therefore require careful monitoring, particularly in the light of strong dynamics in housing markets.",N,2006-08-03 00:00:00,press_conference,,2006/2006-08-03-is-stmt.txt
"Beyond the implementation of such prudent policies in the remainder of this year, the medium-term focus of fiscal policies should be on correcting the underlying sources of imbalances in public finances.",D,2006-08-03 00:00:00,press_conference,,2006/2006-08-03-is-stmt.txt
"Given strong monetary and credit growth in a context of ample liquidity, a cross-check of the outcome of the economic analysis with that of the monetary analysis confirms that upside risks to price stability prevail over the medium term.",H,2006-08-03 00:00:00,press_conference,,2006/2006-08-03-is-stmt.txt
"In this respect, the further enlargement of the euro area on 1 January 2007 with the entry of Slovenia will be a new historical landmark.",N,2006-08-03 00:00:00,press_conference,,2006/2006-08-03-is-stmt.txt
"Euro area governments, many of which are now finalising their budget plans for 2007, should take full advantage of the economic environment to bring forward the structural adjustment necessary for the durable correction of excessive deficits, so as to reach their medium-term budgetary objectives at an early stage and thereby prepare public finances for the acute demographic challenges they must cope with.",N,2006-08-03 00:00:00,press_conference,,2006/2006-08-03-is-stmt.txt
All countries should take advantage of the current economic recovery to consolidate fiscal balances.,N,2006-08-31 00:00:00,press_conference,,2006/2006-08-31-is-stmt.txt
This decision reflects the upside risks to price stability over the medium term that we have identified through both our economic and monetary analyses.,D,2006-10-05 00:00:00,press_conference,,2006/2006-10-05-is-stmt.txt
"Finally, let me reiterate previous calls for high quality statistical data and sound statistical reporting, which are key for the prevention and correction of budgetary imbalances.",N,2006-11-02 00:00:00,press_conference,,2006/2006-11-02-is-stmt.txt
The monetary analysis continues to point to upside risks to price stability at medium to longer horizons.,H,2006-11-02 00:00:00,press_conference,,2006/2006-11-02-is-stmt.txt
This would be a crucial contribution of fiscal policies to economic growth and fiscal sustainability as well as to confidence in the revised Stability and Growth Pact.,N,2006-12-07 00:00:00,press_conference,,2006/2006-12-07-is-stmt.txt
"Indeed, acting in a firm and timely manner to ensure price stability in the medium term is warranted.",D,2006-12-07 00:00:00,press_conference,,2006/2006-12-07-is-stmt.txt
Such anchoring is a prerequisite for monetary policy to make an ongoing contribution towards supporting sustainable economic growth and job creation in the euro area.,D,2006-12-07 00:00:00,press_conference,,2006/2006-12-07-is-stmt.txt
"More generally, the rate of monetary and credit expansion remains rapid, reflecting the low level of interest rates and the strengthening of economic activity in the euro area.",H,2006-12-07 00:00:00,press_conference,,2006/2006-12-07-is-stmt.txt
"As regards structural reforms, the Governing Council welcomed the 2006 progress reports submitted by EU Member States on their 2005-08 national reform programmes, in line with the renewed Lisbon Strategy.",N,2006-12-07 00:00:00,press_conference,,2006/2006-12-07-is-stmt.txt
"Turning to the monetary analysis, annual M3 growth rose to 9.3% in November.",H,2007-01-11 00:00:00,press_conference,,2007/2007-01-11-is-stmt.txt
This will permit medium to longer-term inflation expectations in the euro area to remain solidly anchored at levels consistent with price stability.,N,2007-02-08 00:00:00,press_conference,,2007/2007-02-08-is-stmt.txt
"Therefore, looking ahead, acting in a firm and timely manner to ensure price stability in the medium term remains warranted.",D,2007-02-08 00:00:00,press_conference,,2007/2007-02-08-is-stmt.txt
"Our monetary policy remains accommodative, with the key ECB interest rates still at low levels, money and credit growth vigorous, and liquidity ample by all plausible measures.",D,2007-02-08 00:00:00,press_conference,,2007/2007-02-08-is-stmt.txt
Allow me to explain our assessment in greater detail.,N,2007-02-08 00:00:00,press_conference,,2007/2007-02-08-is-stmt.txt
"With regard to price developments, it is essential to stress the importance of taking a medium-term perspective and to look through the possible volatility of inflation rates over the course of 2007.",N,2007-02-08 00:00:00,press_conference,,2007/2007-02-08-is-stmt.txt
"Therefore, looking ahead, acting in a firm and timely manner to ensure price stability in the medium term remains warranted.",D,2007-04-12 00:00:00,press_conference,,2007/2007-04-12-is-stmt.txt
"They relate to fears of a rise in protectionist pressures, the possibility of further increases in oil prices and concerns about possible disorderly developments owing to global imbalances.",D,2007-04-12 00:00:00,press_conference,,2007/2007-04-12-is-stmt.txt
"The ongoing strength of monetary expansion is reflected in the increasingly rapid growth of M3, which in March reached an annual rate of 10.9%, as well as in the ongoing high levels of credit growth.",H,2007-05-10 00:00:00,press_conference,,2007/2007-05-10-is-stmt.txt
Such anchoring is a prerequisite for monetary policy to make an ongoing contribution towards supporting sustainable economic growth and job creation in the euro area.,D,2007-05-10 00:00:00,press_conference,,2007/2007-05-10-is-stmt.txt
"However, the structural improvement is more muted.",N,2007-06-06 00:00:00,press_conference,,2007/2007-06-06-is-stmt.txt
The conditions are in place for the euro area economy to continue to grow at a sustained rate.,N,2007-06-06 00:00:00,press_conference,,2007/2007-06-06-is-stmt.txt
"In this context, let me remind you of the conditional nature of these projections, which are based on a series of technical assumptions, including assumptions for future short and long-term interest rates that are based on market expectations derived from the yield curve, as well as assumptions for oil and non-energy commodity prices.",N,2007-06-06 00:00:00,press_conference,,2007/2007-06-06-is-stmt.txt
"On the basis of our regular economic and monetary analyses, we decided at today's meeting to leave the key ECB interest rates unchanged.",N,2007-07-05 00:00:00,press_conference,,2007/2007-07-05-is-stmt.txt
"As regards the external environment, global economic growth has become more balanced across regions and, while moderating somewhat, remains robust.",N,2007-07-05 00:00:00,press_conference,,2007/2007-07-05-is-stmt.txt
"I also said that, in circumstances that are characterised by increasing volatility and by the reassessment of a number of risks in a number of markets, it was important that the market participants, investors and authorities, keep their composure, maintain their ""sangfroid"".",N,2007-08-02 00:00:00,press_conference,,2007/2007-08-02-is.txt
"The projections foresee average annual real GDP growth in a range between 2.2% and 2.8% in 2007, and between 1.8% and 2.8% in 2008.",D,2007-09-06 00:00:00,press_conference,,2007/2007-09-06-is-stmt.txt
"On the basis of our regular economic and monetary analyses, we decided at today's meeting to leave the key ECB interest rates unchanged.",N,2007-09-06 00:00:00,press_conference,,2007/2007-09-06-is-stmt.txt
"Allow me to explain our assessment in greater detail, starting with the economic analysis.",N,2007-09-06 00:00:00,press_conference,,2007/2007-09-06-is-stmt.txt
"Owing mainly to such effects, as a result of the marked decline in energy prices a year ago combined with the recent substantial increase in oil prices, we expect the inflation rate to remain significantly above 2% in the remaining months of 2007 and in early 2008, before moderating again.",H,2007-10-04 00:00:00,press_conference,,2007/2007-10-04-is-stmt.txt
"However, the August annual growth rate of close to 12% in the monetary aggregate M3 as well as the annual growth rate of loans to non-financial corporations, which reached a record level of more than 14% in August, may have been influenced by a number of temporary or special factors, such as the flattening of the yield curve and the recent financial market volatility, and may therefore overstate the underlying rate of money and credit expansion.",H,2007-10-04 00:00:00,press_conference,,2007/2007-10-04-is-stmt.txt
Such developments would pose upward risks to price stability.,H,2007-10-04 00:00:00,press_conference,,2007/2007-10-04-is-stmt.txt
"Against this background, all euro area countries concerned are urged to meet the commitments made in the context of the Stability and Growth Pact to structurally improve their fiscal balances.",N,2007-10-04 00:00:00,press_conference,,2007/2007-10-04-is-stmt.txt
"On balance, risks to the outlook for growth are judged to lie on the downside.",D,2007-10-04 00:00:00,press_conference,,2007/2007-10-04-is-stmt.txt
"Thus, monetary and credit data can offer an important insight into how financial institutions, households and firms have responded to the financial market volatility.",N,2007-10-04 00:00:00,press_conference,,2007/2007-10-04-is-stmt.txt
"Let me now report on the outcome of our meeting, which was also attended by Commissioner Almunia.",N,2007-10-04 00:00:00,press_conference,,2007/2007-10-04-is-stmt.txt
"Further data will be required to develop a more complete view of the impact of the financial market volatility on bank balance sheets, financing conditions and money and credit growth.",N,2007-10-04 00:00:00,press_conference,,2007/2007-10-04-is-stmt.txt
"The strength of both money and credit growth in recent months - with the annual growth rates of M3 and MFI loans to the private sector both at more than 11% in September - may have been influenced by a number of temporary or special factors, such as the flattening of the yield curve and the recent financial market volatility.",H,2007-11-08 00:00:00,press_conference,,2007/2007-11-08-is-stmt.txt
This warrants a thorough examination of additional information before drawing further conclusions for monetary policy in the context of our medium term-oriented monetary policy strategy focused on maintaining price stability.,N,2007-11-08 00:00:00,press_conference,,2007/2007-11-08-is-stmt.txt
Risks to the medium-term outlook for price developments are fully confirmed to lie on the upside.,H,2007-11-08 00:00:00,press_conference,,2007/2007-11-08-is-stmt.txt
It is encouraging to see that past labour market reforms have contributed to job creation and reduced unemployment.,D,2007-11-08 00:00:00,press_conference,,2007/2007-11-08-is-stmt.txt
"Oil prices have risen strongly in recent months, and food prices have increased substantially, reflecting higher global demand.",H,2007-12-06 00:00:00,press_conference,,2007/2007-12-06-is-stmt.txt
External demand should therefore provide ongoing support to euro area exports and investment.,N,2007-12-06 00:00:00,press_conference,,2007/2007-12-06-is-stmt.txt
"However, even taking these special factors into account, the underlying rate of monetary expansion remains strong.",H,2007-12-06 00:00:00,press_conference,,2007/2007-12-06-is-stmt.txt
"At this juncture, it is imperative that all parties concerned meet their responsibilities and that second-round effects on wage and price-setting stemming from current inflation rates be avoided.",N,2008-01-10 00:00:00,press_conference,,2008/2008-01-10-is-stmt.txt
"On the basis of our regular economic and monetary analyses, we decided at today's meeting to leave the key ECB interest rates unchanged.",H,2008-02-07 00:00:00,press_conference,,2008/2008-02-07-is-stmt.txt
"The firm anchoring of inflation expectations over the medium and long term is of the highest priority to the Governing Council, reflecting its mandate.",N,2008-02-07 00:00:00,press_conference,,2008/2008-02-07-is-stmt.txt
The current short-term upward pressure on inflation must not spill over to the medium term.,H,2008-02-07 00:00:00,press_conference,,2008/2008-02-07-is-stmt.txt
"Against this background, the Governing Council remains committed to preventing second-round effects and the materialisation of upside risks to price stability over the medium term.",H,2008-02-07 00:00:00,press_conference,,2008/2008-02-07-is-stmt.txt
"As a result of the improved economic conditions and wage moderation, the number of people employed and labour force participation have increased significantly.",H,2008-02-07 00:00:00,press_conference,,2008/2008-02-07-is-stmt.txt
"For the time being, there is little evidence that the financial market turbulence seen since early August 2007 has strongly influenced the overall dynamics of broad money and credit aggregates.",N,2008-04-10 00:00:00,press_conference,,2008/2008-04-10-is-stmt.txt
"While being dampened by the impact of higher energy and food prices on purchasing power, consumption growth should continue to contribute to economic expansion, in line with real disposable income growth.",N,2008-04-10 00:00:00,press_conference,,2008/2008-04-10-is-stmt.txt
"With regard to price developments, annual HICP inflation has remained above 3% for the past six months.",H,2008-05-08 00:00:00,press_conference,,2008/2008-05-08-is-stmt.txt
"At the current juncture, it is also important to reinforce the structural reform agenda, in particular with a view to fostering market integration and to reducing rigidities in product and labour markets.",N,2008-05-08 00:00:00,press_conference,,2008/2008-05-08-is-stmt.txt
"Let me report on the outcome of our meeting, which was also attended by Commissioner Almunia.",N,2008-05-08 00:00:00,press_conference,,2008/2008-05-08-is-stmt.txt
"In part, this strength reflected temporary factors, notably the unusually mild winter in many parts of Europe, which appears to have boosted construction activity.",N,2008-06-05 00:00:00,press_conference,,2008/2008-06-05-is-stmt.txt
"Annual M1 growth has continued to moderate in recent months, reflecting higher short-term interest rates which have encouraged further shifts from overnight into time deposits.",D,2008-06-05 00:00:00,press_conference,,2008/2008-06-05-is-stmt.txt
"Moreover, it should be noted that the projections are based on the assumption that the recent dynamism in oil and non-oil commodity prices will diminish over the projection horizon, in line with futures prices.",D,2008-06-05 00:00:00,press_conference,,2008/2008-06-05-is-stmt.txt
The year-on-year growth rates which I have just mentioned need to be interpreted with particular caution on this occasion.,N,2008-06-05 00:00:00,press_conference,,2008/2008-06-05-is-stmt.txt
The Governing Council is monitoring wage negotiations and price-setting behaviour in the euro area with particular attention.,N,2008-06-05 00:00:00,press_conference,,2008/2008-06-05-is-stmt.txt
"All parties concerned, in both the private and the public sector, must meet their responsibilities in this regard.",N,2008-07-03 00:00:00,press_conference,,2008/2008-07-03-is-stmt.txt
Such effects and other temporary factors must be taken into account in assessing monetary developments.,N,2008-08-07 00:00:00,press_conference,,2008/2008-08-07-is-stmt.txt
"The latest economic data point to a weakening of real GDP growth in mid-2008, which in part was expected after the exceptionally strong growth in the first quarter.",D,2008-08-07 00:00:00,press_conference,,2008/2008-08-07-is-stmt.txt
The Governing Council therefore calls for such schemes to be avoided.,N,2008-08-07 00:00:00,press_conference,,2008/2008-08-07-is-stmt.txt
"Over recent quarters, these risks appear to have become manifest as inflation has trended upwards.",H,2008-08-07 00:00:00,press_conference,,2008/2008-08-07-is-stmt.txt
"While this is crucial in all euro area countries, it is particularly pressing in those that have experienced a significant loss of cost and price competitiveness over recent years and where unemployment has already started to rise.",D,2008-09-04 00:00:00,press_conference,,2008/2008-09-04-is-stmt.txt
"At the same time, the growth of loans to households continues to follow the downward trend observed over the past few years, as a result of higher short-term interest rates and housing market weakness in several parts of the euro area.",D,2008-09-04 00:00:00,press_conference,,2008/2008-09-04-is-stmt.txt
"Moreover, fostering productivity through enhanced investment in innovation and education enlarges the scope for increases in real incomes in the longer run.",N,2008-09-04 00:00:00,press_conference,,2008/2008-09-04-is-stmt.txt
This outlook is also reflected in the September 2008 ECB staff macroeconomic projections for the euro area.,N,2008-09-04 00:00:00,press_conference,,2008/2008-09-04-is-stmt.txt
This worrying level of inflation is largely the result of both the direct and indirect effects of past surges in energy and food prices at the global level.,H,2008-09-04 00:00:00,press_conference,,2008/2008-09-04-is-stmt.txt
"In contrast to the dynamic developments in M3, annual M1 growth has fallen to very low levels.",D,2008-10-02 00:00:00,press_conference,,2008/2008-10-02-is-stmt.txt
"Looking ahead, on the basis of current commodity futures prices, annual HICP inflation rates are likely to remain well above levels consistent with price stability for some time, moderating gradually during the course of 2009.",H,2008-10-02 00:00:00,press_conference,,2008/2008-10-02-is-stmt.txt
"When analysing current developments in economic activity, it needs to be stressed that we face an extraordinarily high degree of uncertainty, in large part stemming from the recent intensification of the financial market turmoil.",D,2008-10-02 00:00:00,press_conference,,2008/2008-10-02-is-stmt.txt
The Governing Council calls for these schemes to be abolished.,N,2008-10-02 00:00:00,press_conference,,2008/2008-10-02-is-stmt.txt
"As the world economy as a whole is feeling the adverse effects of the intensified and prolonged financial market turmoil, the most recent data clearly confirm that economic activity in the euro area is weakening, with contracting domestic demand and tighter financing conditions.",D,2008-10-02 00:00:00,press_conference,,2008/2008-10-02-is-stmt.txt
"Looking forward, it will be crucial to lay sound foundations for a recovery.",D,2008-11-06 00:00:00,press_conference,,2008/2008-11-06-is-stmt.txt
"At the same time, for the euro area as a whole, up to September there were no indications of a drying-up in the availability of bank loans to households and non-financial corporations.",N,2008-11-06 00:00:00,press_conference,,2008/2008-11-06-is-stmt.txt
"In the euro area, a number of the downside risks to economic activity that were identified previously have materialised, leading in the third quarter to a contraction of 0.2% in real GDP growth, on a quarterly basis, according to Eurostat's first estimate.",D,2008-12-04 00:00:00,press_conference,,2008/2008-12-04-is-stmt.txt
"Looking over the policy-relevant medium-term horizon, annual HICP inflation is expected to be in line with price stability.",N,2009-02-05 00:00:00,press_conference,,2009/2009-02-05-is-stmt.txt
"They relate mainly to the potential for a stronger impact on the real economy of the turmoil in financial markets, as well as to concerns about the emergence and intensification of protectionist pressures and to possible adverse developments in the world economy stemming from a disorderly correction of global imbalances.",D,2009-02-05 00:00:00,press_conference,,2009/2009-02-05-is-stmt.txt
"Moreover, product and services market reforms should foster competition and help to speed up effective restructuring.",D,2009-02-05 00:00:00,press_conference,,2009/2009-02-05-is-stmt.txt
"On the one hand, there may be stronger than anticipated positive effects, also on confidence, stemming from the extensive macroeconomic stimulus under way and reflecting other policy measures taken.",D,2009-03-05 00:00:00,press_conference,,2009/2009-03-05-is-stmt.txt
"On the other hand, there are concerns that the turmoil in financial markets could have a stronger impact on the real economy, as well as that protectionist pressures could intensify and that there could be adverse developments in the world economy stemming from a disorderly correction of global imbalances.",D,2009-04-02 00:00:00,press_conference,,2009/2009-04-02-is-stmt.txt
The risks surrounding this outlook are broadly balanced.,N,2009-04-02 00:00:00,press_conference,,2009/2009-04-02-is-stmt.txt
It is likely to remain very subdued for the remainder of the year but is expected to gradually recover in 2010.,N,2009-04-02 00:00:00,press_conference,,2009/2009-04-02-is-stmt.txt
They relate in particular to the risks to the outlook for economic activity as well as to risks to commodity prices.,N,2009-04-02 00:00:00,press_conference,,2009/2009-04-02-is-stmt.txt
"Accordingly, we expect to see headline annual inflation rates declining further in the coming months and temporarily reaching negative levels around mid-year.",D,2009-04-02 00:00:00,press_conference,,2009/2009-04-02-is-stmt.txt
"Thereafter, annual inflation rates should increase again.",H,2009-04-02 00:00:00,press_conference,,2009/2009-04-02-is-stmt.txt
"Moreover, signs of a more broad-based reduction in inflationary pressure are increasingly emerging.",D,2009-05-07 00:00:00,press_conference,,2009/2009-05-07-is-stmt.txt
The decline in short-term lending is likely to reflect to a large extent lower demand in the wake of a sharp deterioration in economic activity and business prospects at the start of the year.,D,2009-05-07 00:00:00,press_conference,,2009/2009-05-07-is-stmt.txt
The credibility of fiscal consolidation commitments will be strengthened if they are part of national policy frameworks oriented to the medium term.,N,2009-05-07 00:00:00,press_conference,,2009/2009-05-07-is-stmt.txt
"On the positive side, there may be stronger than anticipated effects stemming from the extensive macroeconomic stimulus under way and from other policy measures taken.",D,2009-06-04 00:00:00,press_conference,,2009/2009-06-04-is-stmt.txt
Risks to these projections are broadly balanced.,N,2009-06-04 00:00:00,press_conference,,2009/2009-06-04-is-stmt.txt
"Hence, any threat to price stability over the medium to longer term can be effectively countered in a timely fashion.",D,2009-06-04 00:00:00,press_conference,,2009/2009-06-04-is-stmt.txt
"As explained on earlier occasions, the further decline in inflation rates was fully anticipated and primarily reflects base effects resulting from the sharp swings in global commodity prices over the past 12 months.",D,2009-06-04 00:00:00,press_conference,,2009/2009-06-04-is-stmt.txt
"To ensure trust in the sustainability of public finances, an ambitious and credible adjustment effort will be required to return as soon as possible to sound fiscal positions, supported by a full application of the provisions of the Stability and Growth Pact.",N,2009-06-04 00:00:00,press_conference,,2009/2009-06-04-is-stmt.txt
"At the same time, many of the policy measures taken in recent months with a view to supporting specific segments of the economy should be phased out in a timely manner.",N,2009-07-02 00:00:00,press_conference,,2009/2009-07-02-is-stmt.txt
"To correct the envisaged large fiscal imbalances of euro area countries, structural consolidation efforts will need to exceed significantly the benchmark of 0.5% of GDP per annum set in the Stability and Growth Pact.",D,2009-07-02 00:00:00,press_conference,,2009/2009-07-02-is-stmt.txt
"However, according to the latest euro area bank lending survey, lenders tightened their credit standards to a significantly lesser extent.",H,2009-08-06 00:00:00,press_conference,,2009/2009-08-06-is-stmt.txt
"However, such short-term movements are not relevant from a monetary policy perspective.",N,2009-08-06 00:00:00,press_conference,,2009/2009-08-06-is-stmt.txt
"It requires, in particular, appropriate wage-setting, sufficient labour market flexibility and effective incentives to work.",N,2009-09-03 00:00:00,press_conference,,2009/2009-09-03-is-stmt.txt
Annual HICP inflation was slightly negative in August according to Eurostat's flash estimate.,D,2009-09-03 00:00:00,press_conference,,2009/2009-09-03-is-stmt.txt
"The flow of loans to households remained slightly positive, whereas in the case of non-financial corporations the flow of loans was negative again.",N,2009-09-03 00:00:00,press_conference,,2009/2009-09-03-is-stmt.txt
"In countries with high deficit and/or debt ratios, the annual structural adjustment should reach at least 1% of GDP.",N,2009-10-08 00:00:00,press_conference,,2009/2009-10-08-is-stmt.txt
The overall flow of bank loans to the non-financial private sector remained subdued in August.,H,2009-10-08 00:00:00,press_conference,,2009/2009-10-08-is-stmt.txt
"In particular, the euro area should benefit from a recovery in exports, the significant macroeconomic stimulus under way and the measures taken to restore the functioning of the financial system.",D,2009-10-08 00:00:00,press_conference,,2009/2009-10-08-is-stmt.txt
"Against the background of highly demanding challenges, banks should take appropriate measures to strengthen further their capital bases and, where necessary, take full advantage of government measures to support the financial sector, particularly as regards recapitalisation.",D,2009-11-05 00:00:00,press_conference,,2009/2009-11-05-is-stmt.txt
Policies that enhance competition and innovation are also urgently needed to speed up restructuring and investment and to create new business opportunities.,N,2009-11-05 00:00:00,press_conference,,2009/2009-11-05-is-stmt.txt
"At the same time, the ongoing improvement in financing conditions should support the demand for credit in the period ahead.",D,2009-11-05 00:00:00,press_conference,,2009/2009-11-05-is-stmt.txt
"Medium to longer-term inflation expectations remain firmly anchored in line with the Governing Council's aim of keeping inflation rates below, but close to, 2% over the medium term.",N,2009-11-05 00:00:00,press_conference,,2009/2009-11-05-is-stmt.txt
"Let me now explain our assessment in greater detail, starting with the economic analysis.",N,2009-11-05 00:00:00,press_conference,,2009/2009-11-05-is-stmt.txt
"These strategies must be based on realistic output growth assumptions and focus on structural expenditure reforms, not least with a view to coping with the budgetary burden associated with an ageing population.",N,2009-12-03 00:00:00,press_conference,,2009/2009-12-03-is-stmt.txt
Such divergence remains in line with business cycle regularities.,N,2010-02-04 00:00:00,press_conference,,2010/2010-02-04-is-stmt.txt
"They relate, in particular, to the further development of economic activity and the evolution of commodity prices.",N,2010-02-04 00:00:00,press_conference,,2010/2010-02-04-is-stmt.txt
"In labour markets, moderate wage-setting, effective incentives to work and sufficient labour market flexibility are required in order to avoid significantly higher structural unemployment over the coming years.",D,2010-02-04 00:00:00,press_conference,,2010/2010-02-04-is-stmt.txt
"This assessment is also reflected in the March 2010 ECB staff macroeconomic projections for the euro area, which foresee annual real GDP growth in a range between 0.4% and 1.2% for 2010 and between 0.5% and 2.5% for 2011.",N,2010-03-04 00:00:00,press_conference,,2010/2010-03-04-is-stmt.txt
"The Governing Council continues to view the risks to this outlook as broadly balanced, in an environment of uncertainty.",N,2010-04-08 00:00:00,press_conference,,2010/2010-04-08-is-stmt.txt
Risks to this outlook remain broadly balanced.,N,2010-04-08 00:00:00,press_conference,,2010/2010-04-08-is-stmt.txt
"Let me now explain our assessment in greater detail, starting with the economic analysis.",N,2010-04-08 00:00:00,press_conference,,2010/2010-04-08-is-stmt.txt
"They relate, in particular, to further developments in economic activity and the evolution of commodity prices.",N,2010-04-08 00:00:00,press_conference,,2010/2010-04-08-is-stmt.txt
"With regard to price developments, euro area annual HICP inflation was 1.5% in March 2010, according to Eurostat's flash estimate, after 0.9% in February.",H,2010-04-08 00:00:00,press_conference,,2010/2010-04-08-is-stmt.txt
"While no breakdown of overall HICP developments is available yet, this higher than expected outcome may be related in particular to the energy component as well as food prices, possibly partly as a result of weather conditions.",H,2010-04-08 00:00:00,press_conference,,2010/2010-04-08-is-stmt.txt
"Looking ahead, the Governing Council expects real GDP to expand at a moderate pace.",H,2010-05-06 00:00:00,press_conference,,2010/2010-05-06-is-stmt.txt
"Overall, we need to monitor closely the future evolution of all available price indicators.",N,2010-05-06 00:00:00,press_conference,,2010/2010-05-06-is-stmt.txt
"The longer the fiscal correction is postponed, the greater the adjustment needs become and the higher the risk of reputational and confidence losses.",D,2010-05-06 00:00:00,press_conference,,2010/2010-05-06-is-stmt.txt
"Let me now explain our assessment in greater detail, starting with the economic analysis.",N,2010-06-10 00:00:00,press_conference,,2010/2010-06-10-is-stmt.txt
"On the downside, concerns remain relating to renewed tensions in some financial market segments and related confidence effects.",D,2010-06-10 00:00:00,press_conference,,2010/2010-06-10-is-stmt.txt
"The actual growth in M3 continues to understate the underlying pace of monetary expansion, but the downward impact of the rather steep yield curve and the associated allocation of funds to longer-term deposits and securities outside M3 appear to be gradually waning.",H,2010-06-10 00:00:00,press_conference,,2010/2010-06-10-is-stmt.txt
"Looking ahead, the Governing Council expects real GDP to grow at a moderate and still uneven pace over time and across economies and sectors of the euro area.",N,2010-06-10 00:00:00,press_conference,,2010/2010-06-10-is-stmt.txt
"However, further adjustments cannot be ruled out and the challenge remains for banks to expand the availability of credit to the non-financial sector when demand picks up.",D,2010-06-10 00:00:00,press_conference,,2010/2010-06-10-is-stmt.txt
It therefore decided to leave them unchanged.,N,2010-07-08 00:00:00,press_conference,,2010/2010-07-08-is-stmt.txt
"As regards fiscal policies, the focus clearly needs to be on ensuring the sustainability of public finances.",N,2010-07-08 00:00:00,press_conference,,2010/2010-07-08-is-stmt.txt
"However, at 10.3%, annual M1 growth is still very strong.",H,2010-07-08 00:00:00,press_conference,,2010/2010-07-08-is-stmt.txt
"Where necessary, to address this challenge, banks should retain earnings, turn to the market to strengthen further their capital bases or take full advantage of government support measures for recapitalisation.",D,2010-08-05 00:00:00,press_conference,,2010/2010-08-05-is-stmt.txt
The stress test has also significantly enhanced transparency regarding the current financial conditions and risk exposures of the 91 institutions that participated in the exercise.,N,2010-08-05 00:00:00,press_conference,,2010/2010-08-05-is-stmt.txt
"Our monetary analysis confirms that inflationary pressures over the medium term remain contained, as suggested by weak money and credit growth.",D,2010-08-05 00:00:00,press_conference,,2010/2010-08-05-is-stmt.txt
"Overall, we expect price stability to be maintained over the medium term, thereby supporting the purchasing power of euro area households.",N,2010-09-02 00:00:00,press_conference,,2010/2010-09-02-is-stmt.txt
The still weak annual growth rate of bank loans to the non-financial private sector continues to conceal positive growth in loans to households and diminishing negative annual growth in loans to non-financial corporations.,D,2010-09-02 00:00:00,press_conference,,2010/2010-09-02-is-stmt.txt
"This assessment is also reflected in the September 2010 ECB staff macroeconomic projections for the euro area, according to which annual real GDP growth will range between 1.4% and 1.8% in 2010 and between 0.5% and 2.3% in 2011.",N,2010-09-02 00:00:00,press_conference,,2010/2010-09-02-is-stmt.txt
The latest developments are consistent with the lagged response of loan developments to economic activity over the business cycle that was also observed in past cycles.,N,2010-10-07 00:00:00,press_conference,,2010/2010-10-07-is-stmt.txt
"Furthermore, increases in indirect taxation and administered prices may be greater than currently expected, owing to the need for fiscal consolidation in the coming years.",N,2010-10-07 00:00:00,press_conference,,2010/2010-10-07-is-stmt.txt
"The yield curve has remained fairly steep, but the downward impact of this on monetary growth is gradually waning.",H,2010-10-07 00:00:00,press_conference,,2010/2010-10-07-is-stmt.txt
"At the same time, risks to domestic price and cost developments are still expected to be contained.",N,2010-11-04 00:00:00,press_conference,,2010/2010-11-04-is-stmt.txt
"Increasing product market competition, particularly in the services sectors, would also facilitate the restructuring of the economy and encourage innovation and the adoption of new technologies.",N,2010-11-04 00:00:00,press_conference,,2010/2010-11-04-is-stmt.txt
"Based on its regular economic and monetary analyses, the Governing Council continues to view the current key ECB interest rates as appropriate.",N,2010-11-04 00:00:00,press_conference,,2010/2010-11-04-is-stmt.txt
"The Governing Council today also decided to continue conducting its main refinancing operations (MROs) and the special-term refinancing operations with a maturity of one maintenance period as fixed rate tender procedures with full allotment for as long as necessary, and at least until the end of the third maintenance period of 2011 on 12 April 2011.",D,2010-12-02 00:00:00,press_conference,,2010/2010-12-02-is-stmt.txt
"Upside risks relate, in particular, to developments in energy and non-energy commodity prices.",N,2011-01-13 00:00:00,press_conference,,2011/2011-01-13-is-stmt.txt
"Looking beyond the special factors that operated in November, broad money and loan growth is still low, corroborating the assessment that the underlying pace of monetary expansion is moderate and that inflationary pressures over the medium term should remain contained.",D,2011-01-13 00:00:00,press_conference,,2011/2011-01-13-is-stmt.txt
"Sound balance sheets, effective risk management and transparent, robust business models remain key to strengthening banks' resilience to shocks and to ensuring adequate access to finance, thereby laying the foundations for sustainable growth and financial stability.",N,2011-01-13 00:00:00,press_conference,,2011/2011-01-13-is-stmt.txt
"In this regard, the Governing Council takes note of the recently announced measures in some euro area countries to reduce their very large fiscal imbalances.",N,2011-01-13 00:00:00,press_conference,,2011/2011-01-13-is-stmt.txt
"Based on its regular economic and monetary analyses, the Governing Council confirmed that the current key ECB interest rates still remain appropriate.",N,2011-02-03 00:00:00,press_conference,,2011/2011-02-03-is-stmt.txt
"Let me now explain our assessment in greater detail, starting with the economic analysis.",N,2011-02-03 00:00:00,press_conference,,2011/2011-02-03-is-stmt.txt
Our monetary analysis indicates that inflationary pressures over the medium to long term should remain contained.,N,2011-02-03 00:00:00,press_conference,,2011/2011-02-03-is-stmt.txt
"At the same time, taking into account the relatively high level of business confidence in the euro area, private sector domestic demand should increasingly contribute to growth, supported by the accommodative monetary policy stance and the measures adopted to improve the functioning of the financial system.",D,2011-02-03 00:00:00,press_conference,,2011/2011-02-03-is-stmt.txt
"Furthermore, increases in indirect taxes and administered prices may be greater than currently assumed, owing to the need for fiscal consolidation in the coming years.",N,2011-03-03 00:00:00,press_conference,,2011/2011-03-03-is-stmt.txt
"The economic analysis indicates that risks to the outlook for price developments are on the upside, while the cross-check with the monetary analysis indicates that the underlying pace of monetary expansion remains moderate.",H,2011-03-03 00:00:00,press_conference,,2011/2011-03-03-is-stmt.txt
This rebalancing within M3 reflects the impact of the recent steepening of the yield curve on the remuneration of different monetary assets.,D,2011-04-07 00:00:00,press_conference,,2011/2011-04-07-is-stmt.txt
"The overall size of bank balance sheets has remained broadly unchanged over the past few months, notwithstanding some volatility.",N,2011-05-05 00:00:00,press_conference,,2011/2011-05-05-is-stmt.txt
"More generally, strong economic growth in emerging markets, supported by ample liquidity at the global level, may further fuel commodity price rises.",H,2011-05-05 00:00:00,press_conference,,2011/2011-05-05-is-stmt.txt
"Upward pressure on inflation, mainly from energy and commodity prices, is also discernible in the earlier stages of the production process.",H,2011-06-09 00:00:00,press_conference,,2011/2011-06-09-is-stmt.txt
"Looking ahead, inflation rates are likely to stay clearly above 2% over the coming months.",H,2011-06-09 00:00:00,press_conference,,2011/2011-06-09-is-stmt.txt
The latest data confirm a continued gradual strengthening in the annual growth of lending to the non-financial private sector.,D,2011-06-09 00:00:00,press_conference,,2011/2011-06-09-is-stmt.txt
"At the same time, taking into account the favourable level of business confidence in the euro area, private sector domestic demand should contribute increasingly to economic growth, benefiting from the still accommodative monetary policy stance and the measures adopted to improve the functioning of the financial system.",D,2011-06-09 00:00:00,press_conference,,2011/2011-06-09-is-stmt.txt
"However, recent information suggests that this impact may be waning.",N,2011-07-07 00:00:00,press_conference,,2011/2011-07-07-is-stmt.txt
"Recent statistical releases and survey-based indicators point towards a continued expansion of economic activity in the euro area in the second quarter of this year, albeit at a slower pace.",D,2011-07-07 00:00:00,press_conference,,2011/2011-07-07-is-stmt.txt
"On the other hand, downside risks relate to the ongoing tensions in some segments of the financial markets that may potentially spill over to the euro area real economy.",D,2011-07-07 00:00:00,press_conference,,2011/2011-07-07-is-stmt.txt
"The provision of liquidity and the allotment modes for refinancing operations will be adjusted when appropriate, taking into account the fact that all the non-standard measures taken during the period of acute financial market tensions are, by construction, temporary in nature.",D,2011-07-07 00:00:00,press_conference,,2011/2011-07-07-is-stmt.txt
"As expected, recent economic data indicate a deceleration in the pace of economic growth in the past few months, following the strong growth rate in the first quarter.",D,2011-08-04 00:00:00,press_conference,,2011/2011-08-04-is-stmt.txt
"Turning to fiscal policies, the Governing Council stresses the need for strict and timely implementation of the IMF/EU adjustment programmes in Greece, Ireland and Portugal.",D,2011-08-04 00:00:00,press_conference,,2011/2011-08-04-is-stmt.txt
"The operation will be announced on 9 August 2011, with allotment on 10 August 2011 and settlement on 11 August 2011, and will mature on 1 March 2012.",N,2011-08-04 00:00:00,press_conference,,2011/2011-08-04-is-stmt.txt
"The annual growth rate of loans to the private sector declined to 2.5% in June, from 2.7% in May.",H,2011-08-04 00:00:00,press_conference,,2011/2011-08-04-is-stmt.txt
The rates in these three-month operations will be fixed at the average rate of the MROs over the life of the respective LTRO.,N,2011-08-04 00:00:00,press_conference,,2011/2011-08-04-is-stmt.txt
The Governing Council views the risks to the medium-term outlook for price developments as being broadly balanced.,N,2011-09-08 00:00:00,press_conference,,2011/2011-09-08-is-stmt.txt
"What is often forgotten these days, are the achievements of the Eurosystem in the past decade.",N,2011-10-06 00:00:00,press_conference,,2011/2011-10-06-is-stmt.txt
"Owing to their unfavourable effects on financing conditions and confidence, the ongoing tensions in financial markets are likely to dampen the pace of economic growth in the euro area in the second half of this year and beyond.",D,2011-11-03 00:00:00,press_conference,,2011/2011-11-03-is-stmt.txt
"The annual growth rate of M1 increased to 2.0% in September, from 1.7% in August.",H,2011-11-03 00:00:00,press_conference,,2011/2011-11-03-is-stmt.txt
"In such an environment, price, cost and wage pressures in the euro area should also moderate; today's decision takes this into account.",N,2011-11-03 00:00:00,press_conference,,2011/2011-11-03-is-stmt.txt
This will support public confidence in the soundness of policy actions and thus strengthen overall economic sentiment.,D,2011-12-08 00:00:00,press_conference,,2011/2011-12-08-is-stmt.txt
"Inflation rates have been at elevated levels since the end of last year, mainly driven by higher energy and other commodity prices.",H,2011-12-08 00:00:00,press_conference,,2011/2011-12-08-is-stmt.txt
"In this respect, it is essential that national supervisors ensure that the implementation of banks' recapitalisation plans does not result in developments that are detrimental to the financing of economic activity in the euro area.",N,2011-12-08 00:00:00,press_conference,,2011/2011-12-08-is-stmt.txt
"Turning to the monetary analysis, taking the appropriate medium-term perspective, the underlying pace of monetary expansion continues to be moderate.",N,2012-01-12 00:00:00,press_conference,,2012/2012-01-12-is-stmt.txt
Product market reforms should focus on fully opening up markets to increased competition.,N,2012-01-12 00:00:00,press_conference,,2012/2012-01-12-is-stmt.txt
"Inflation is likely to stay above 2% for several months to come, before declining to below 2%.",H,2012-01-12 00:00:00,press_conference,,2012/2012-01-12-is-stmt.txt
The further development of the European financial stability tools should make the operation of the European Financial Stability Facility and the European Stability Mechanism more effective.,D,2012-01-12 00:00:00,press_conference,,2012/2012-01-12-is-stmt.txt
"However, subdued global demand growth, the remaining tensions in euro area sovereign debt markets and their impact on credit conditions, as well as the process of balance sheet adjustment in the financial and non-financial sectors, continue to dampen the underlying growth momentum.",D,2012-02-09 00:00:00,press_conference,,2012/2012-02-09-is-stmt.txt
"The annual growth rates of loans to non-financial corporations and loans to households, adjusted for loan sales and securitisation, also decreased further in December, and stood at 1.2% and 1.9% respectively.",H,2012-02-09 00:00:00,press_conference,,2012/2012-02-09-is-stmt.txt
"Moreover, stress in financial markets has diminished in response to our monetary policy measures, but also in response to the progress made towards a stronger euro area governance framework and intensified fiscal consolidation in several euro area countries.",N,2012-02-09 00:00:00,press_conference,,2012/2012-02-09-is-stmt.txt
Loan growth to the private sector also remains subdued.,H,2012-03-08 00:00:00,press_conference,,2012/2012-03-08-is-stmt.txt
"Compared with the December 2011 Eurosystem staff macroeconomic projections, the ranges have been shifted slightly downwards.",D,2012-03-08 00:00:00,press_conference,,2012/2012-03-08-is-stmt.txt
"The volume of MFI loans to non-financial corporations declined only slightly in January, following the pronounced decline in December.",H,2012-03-08 00:00:00,press_conference,,2012/2012-03-08-is-stmt.txt
Available survey indicators confirm signs of a stabilisation in the euro area economy.,N,2012-03-08 00:00:00,press_conference,,2012/2012-03-08-is-stmt.txt
Equally important are structural reforms to increase the adjustment capacity and competitiveness of euro area countries and to strengthen growth prospects and job creation.,D,2012-03-08 00:00:00,press_conference,,2012/2012-03-08-is-stmt.txt
Downside risks continue to exist owing to weaker than expected developments in economic activity.,N,2012-04-04 00:00:00,press_conference,,2012/2012-04-04-is-stmt.txt
"Inflation rates are likely to stay above 2% in 2012, with upside risks prevailing.",H,2012-04-04 00:00:00,press_conference,,2012/2012-04-04-is-stmt.txt
The full supportive impact of the Eurosystem's non-standard measures will need time to unfold and to have a positive effect on the growth of loans when demand recovers.,N,2012-05-03 00:00:00,press_conference,,2012/2012-05-03-is-stmt.txt
"However, over the policy-relevant horizon, we expect price developments to remain in line with price stability.",N,2012-05-03 00:00:00,press_conference,,2012/2012-05-03-is-stmt.txt
Addressing divergences among individual euro area countries is the task of national governments.,N,2012-05-03 00:00:00,press_conference,,2012/2012-05-03-is-stmt.txt
"Policies aimed at enhancing competition in product markets and increasing the wage and employment adjustment capacity of firms will foster innovation, promote job creation and boost longer-term growth prospects.",N,2012-05-03 00:00:00,press_conference,,2012/2012-05-03-is-stmt.txt
"Based on our regular economic and monetary analyses, we decided to keep the key ECB interest rates unchanged.",N,2012-06-06 00:00:00,press_conference,,2012/2012-06-06-is-stmt.txt
Downside risks also relate to possibly renewed increases in commodity prices over the medium term.,H,2012-06-06 00:00:00,press_conference,,2012/2012-06-06-is-stmt.txt
A cross-check with the signals from the monetary analysis confirms this picture.,N,2012-08-02 00:00:00,press_conference,,2012/2012-08-02-is-stmt.txt
"Owing to high energy prices and increases in indirect taxes in some euro area countries, inflation rates are expected to remain above 2% throughout 2012, to fall below that level again in the course of next year and to remain in line with price stability over the policy-relevant horizon.",H,2012-09-06 00:00:00,press_conference,,2012/2012-09-06-is-stmt.txt
Upside risks pertain to further increases in indirect taxes owing to the need for fiscal consolidation.,H,2012-10-04 00:00:00,press_conference,,2012/2012-10-04-is-stmt.txt
"By contrast, the annual growth of loans to households remained unchanged, at 1.0%, in August.",N,2012-10-04 00:00:00,press_conference,,2012/2012-10-04-is-stmt.txt
"As we said last month, the Governing Council will consider entering into OMTs to the extent that they are warranted from a monetary policy perspective as long as programme conditionality is fully respected.",N,2012-10-04 00:00:00,press_conference,,2012/2012-10-04-is-stmt.txt
Let me repeat again what I have said in past months: we act strictly within our mandate to maintain price stability over the medium term; we act independently in determining monetary policy; and the euro is irreversible.,N,2012-10-04 00:00:00,press_conference,,2012/2012-10-04-is-stmt.txt
Monthly outflows from M3 reflected to some extent the reversal of portfolio shifts into the most liquid components of M3.,N,2012-11-08 00:00:00,press_conference,,2012/2012-11-08-is-stmt.txt
"The main downside risks relate to the impact of weaker than expected growth in the euro area, in the event of a renewed intensification of financial market tensions, and its effects on the domestic components of inflation.",D,2012-11-08 00:00:00,press_conference,,2012/2012-11-08-is-stmt.txt
"At the same time, the necessary process of balance sheet adjustment in large parts of the financial and non-financial sectors as well as high uncertainty continue to weigh on the economic outlook.",N,2012-11-08 00:00:00,press_conference,,2012/2012-11-08-is-stmt.txt
"Turning to the monetary analysis, the underlying pace of monetary expansion continues to be subdued, taking into account developments over several months.",N,2012-12-06 00:00:00,press_conference,,2012/2012-12-06-is-stmt.txt
The annual growth in MFI lending to households remained unchanged at 0.8% in October.,N,2012-12-06 00:00:00,press_conference,,2012/2012-12-06-is-stmt.txt
"More generally, all euro area countries must ensure that their product and labour markets possess the adjustment capacity required for their smooth and effective functioning within a monetary union.",N,2012-12-06 00:00:00,press_conference,,2012/2012-12-06-is-stmt.txt
"Over the shorter term, weak activity is expected to extend into next year, reflecting the adverse impact on domestic expenditure of weak consumer and investor sentiment and subdued foreign demand.",D,2012-12-06 00:00:00,press_conference,,2012/2012-12-06-is-stmt.txt
Initiatives to accelerate structural reforms that help restore competitiveness are particularly important to revive the growth potential of euro area countries and to increase employment.,N,2012-12-06 00:00:00,press_conference,,2012/2012-12-06-is-stmt.txt
"Let me now explain our assessment in greater detail, starting with the economic analysis.",N,2013-01-10 00:00:00,press_conference,,2013/2013-01-10-is-stmt.txt
This development reflects further net redemptions in loans to non-financial corporations.,N,2013-01-10 00:00:00,press_conference,,2013/2013-01-10-is-stmt.txt
"Over the policy-relevant horizon, inflationary pressures should remain contained.",D,2013-01-10 00:00:00,press_conference,,2013/2013-01-10-is-stmt.txt
"The annual growth rate of M3 decreased to 3.3% in December 2012, from 3.8% in November.",D,2013-02-07 00:00:00,press_conference,,2013/2013-02-07-is-stmt.txt
"A further strengthening in the deposit base of MFIs in a number of stressed countries took place in December, in combination with further capital inflows into the euro area, both of which continued to reduce fragmentation.",D,2013-02-07 00:00:00,press_conference,,2013/2013-02-07-is-stmt.txt
"In order to ensure adequate transmission of monetary policy to the financing conditions in euro area countries, it is essential to continue strengthening the resilience of banks where needed.",N,2013-02-07 00:00:00,press_conference,,2013/2013-02-07-is-stmt.txt
These factors have the potential to dampen the ongoing improvement in confidence and thereby delay the recovery.,N,2013-02-07 00:00:00,press_conference,,2013/2013-02-07-is-stmt.txt
"In particular, necessary balance sheet adjustments in the public and private sectors will continue to weigh on economic activity.",N,2013-02-07 00:00:00,press_conference,,2013/2013-02-07-is-stmt.txt
"On the basis of current futures prices for oil, inflation rates are expected to decline further to below 2% in the coming months.",D,2013-02-07 00:00:00,press_conference,,2013/2013-02-07-is-stmt.txt
"In the Governing Council's assessment, risks to the outlook for price developments continue to be seen as broadly balanced over the medium term, with upside risks relating to stronger than expected increases in administered prices and indirect taxes, as well as higher oil prices, and downside risks stemming from weaker economic activity.",N,2013-03-07 00:00:00,press_conference,,2013/2013-03-07-is-stmt.txt
These repayments reflect improvements in financial market confidence over the last few months and receding financial market fragmentation.,N,2013-03-07 00:00:00,press_conference,,2013/2013-03-07-is-stmt.txt
"The annual growth in MFI loans to households moderated slightly to 0.5%, from 0.7% in December.",N,2013-03-07 00:00:00,press_conference,,2013/2013-03-07-is-stmt.txt
"The annual growth rate of the narrow monetary aggregate, M1, increased to 7.0% in February, from 6.6% in January.",H,2013-04-04 00:00:00,press_conference,,2013/2013-04-04-is-stmt.txt
"The annual growth rate of loans (adjusted for loan sales and securitisation) to non-financial corporations and households remained broadly unchanged in February, at -1.4% and 0.4% respectively.",N,2013-04-04 00:00:00,press_conference,,2013/2013-04-04-is-stmt.txt
A cross-check with the signals from the monetary analysis confirms this picture.,N,2013-04-04 00:00:00,press_conference,,2013/2013-04-04-is-stmt.txt
The fixed rate in these special-term refinancing operations will be the same as the MRO rate prevailing at the time.,N,2013-05-02 00:00:00,press_conference,,2013/2013-05-02-is-stmt.txt
The cut in interest rates should contribute to support prospects for a recovery later in the year.,D,2013-05-02 00:00:00,press_conference,,2013/2013-05-02-is-stmt.txt
"More generally, weak loan dynamics continue to reflect primarily the current stage of the business cycle, heightened credit risk and the ongoing adjustment of financial and non-financial sector balance sheets.",D,2013-06-06 00:00:00,press_conference,,2013/2013-06-06-is-stmt.txt
"In comparison with the March 2013 ECB staff macroeconomic projections, the projection for inflation for 2013 has been revised downwards, mainly reflecting the fall in oil prices, while the projection for 2014 remains unchanged.",D,2013-06-06 00:00:00,press_conference,,2013/2013-06-06-is-stmt.txt
"In the period ahead, we will monitor very closely all incoming information on economic and monetary developments and assess any impact on the outlook for price stability.",N,2013-06-06 00:00:00,press_conference,,2013/2013-06-06-is-stmt.txt
"Furthermore, notwithstanding recent developments, the overall improvements in financial markets seen since last summer should work their way through to the real economy, as should the progress made in fiscal consolidation.",N,2013-07-04 00:00:00,press_conference,,2013/2013-07-04-is-stmt.txt
"Turning to the monetary analysis, recent data confirm the subdued monetary and, in particular, credit dynamics.",H,2013-07-04 00:00:00,press_conference,,2013/2013-07-04-is-stmt.txt
"To sum up, the economic analysis indicates that price developments should remain in line with price stability over the medium term.",N,2013-09-05 00:00:00,press_conference,,2013/2013-09-05-is.txt
Our monetary policy stance continues to be geared towards maintaining the degree of monetary accommodation warranted by the outlook for price stability and promoting stable money market conditions.,D,2013-09-05 00:00:00,press_conference,,2013/2013-09-05-is.txt
"In order to ensure an adequate transmission of monetary policy to the financing conditions in euro area countries, it is essential that the fragmentation of euro area credit markets declines further and that the resilience of banks is strengthened where needed.",D,2013-09-05 00:00:00,press_conference,,2013/2013-09-05-is.txt
"As regards fiscal policies, governments should not unravel their efforts to reduce deficits and put debt ratios on a downward path.",N,2013-09-05 00:00:00,press_conference,,2013/2013-09-05-is.txt
Governments must also decisively strengthen efforts to implement the needed structural reforms in product and labour markets.,N,2013-10-02 00:00:00,press_conference,,2013/2013-10-02-is-stmt.txt
"This decline was stronger than expected and reflected, in particular, lower food price inflation, a larger fall in energy prices and some weakening in services price inflation.",D,2013-11-07 00:00:00,press_conference,,2013/2013-11-07-is-stmt.txt
"Compared with the September 2013 ECB staff macroeconomic projections, the projection for real GDP growth for 2013 has remained unchanged and it has been revised upwards by 0.1 percentage point for 2014.",N,2013-12-05 00:00:00,press_conference,,2013/2013-12-05-is-stmt.txt
The risks to the outlook for price developments are seen to be broadly balanced over the medium term.,N,2013-12-05 00:00:00,press_conference,,2013/2013-12-05-is-stmt.txt
Developments in global money and financial market conditions and related uncertainties may have the potential to negatively affect economic conditions.,N,2013-12-05 00:00:00,press_conference,,2013/2013-12-05-is-stmt.txt
Since the summer of 2012 substantial progress has been made in improving the funding situation of banks.,N,2013-12-05 00:00:00,press_conference,,2013/2013-12-05-is-stmt.txt
"As regards fiscal policies, the Governing Council welcomes the European Commission's assessment of the 2014 draft budgetary plans which were submitted in October for the first time under the ""two-pack"" regulations.",N,2013-12-05 00:00:00,press_conference,,2013/2013-12-05-is-stmt.txt
"This expectation continues to be based on an overall subdued outlook for inflation extending into the medium term, given the broad-based weakness of the economy and subdued monetary dynamics.",D,2013-12-05 00:00:00,press_conference,,2013/2013-12-05-is-stmt.txt
"Overall, weak loan dynamics for non-financial corporations continue to reflect their lagged relationship with the business cycle, credit risk and the ongoing adjustment of financial and non-financial sector balance sheets.",D,2014-02-06 00:00:00,press_conference,,2014/2014-02-06-is-stmt.txt
"Based on our regular economic and monetary analyses, we decided to keep the key ECB interest rates unchanged.",N,2014-03-06 00:00:00,press_conference,,2014/2014-03-06-is-stmt.txt
"Looking ahead, euro area countries should not unravel past consolidation efforts and should put high government debt ratios on a downward trajectory over the medium term.",N,2014-03-06 00:00:00,press_conference,,2014/2014-03-06-is-stmt.txt
"Developments in global financial markets and in emerging market economies, as well as geopolitical risks, may have the potential to affect economic conditions negatively.",N,2014-03-06 00:00:00,press_conference,,2014/2014-03-06-is-stmt.txt
"Further decisive steps are needed to reform product and labour markets with a view to improving competitiveness, raising potential growth, generating employment opportunities and making euro area economies more flexible.",N,2014-04-03 00:00:00,press_conference,,2014/2014-04-03-is-stmt.txt
"Inflation expectations for the euro area over the medium to long term remain firmly anchored in line with our aim of maintaining inflation rates below, but close to, 2%.",N,2014-05-08 00:00:00,press_conference,,2014/2014-05-08-is-stmt.txt
Recent data and survey indicators confirm that the ongoing moderate recovery continued in the first quarter of 2014 and at the beginning of the second quarter.,H,2014-05-08 00:00:00,press_conference,,2014/2014-05-08-is-stmt.txt
"This expectation is based on an overall subdued outlook for inflation extending into the medium term, given the broad-based weakness of the economy, the high degree of unutilised capacity, and subdued money and credit creation.",D,2014-05-08 00:00:00,press_conference,,2014/2014-05-08-is-stmt.txt
The Governing Council is unanimous in its commitment to using also unconventional instruments within its mandate in order to cope effectively with risks of a too prolonged period of low inflation.,D,2014-05-08 00:00:00,press_conference,,2014/2014-05-08-is-stmt.txt
The negative rate will also apply to reserve holdings in excess of the minimum reserve requirements and certain other deposits held with the Eurosystem.,D,2014-06-05 00:00:00,press_conference,,2014/2014-06-05-is-stmt.txt
"Loan sales, securitisations and write-downs do not affect the net lending measure.",N,2014-06-05 00:00:00,press_conference,,2014/2014-06-05-is-stmt.txt
"Thereafter, it is projected to decline, reaching around 91% in 2016.",N,2014-06-05 00:00:00,press_conference,,2014/2014-06-05-is-stmt.txt
The recommendation to the Council to abrogate the excessive deficit procedures for four euro area countries indicates continued progress in restoring sound public finances.,D,2014-06-05 00:00:00,press_conference,,2014/2014-06-05-is-stmt.txt
The risks surrounding the economic outlook for the euro area continue to be on the downside.,D,2014-06-05 00:00:00,press_conference,,2014/2014-06-05-is-stmt.txt
"Furthermore, demand for exports should benefit from the ongoing global recovery.",H,2014-07-03 00:00:00,press_conference,,2014/2014-07-03-is-stmt.txt
A cross-check with the signals from the monetary analysis confirms this picture.,N,2014-08-07 00:00:00,press_conference,,2014/2014-08-07-is-stmt.txt
"At the same time, the recovery is likely to continue to be dampened by high unemployment, sizeable unutilised capacity, continued negative MFI loan growth to the private sector, and the necessary balance sheet adjustments in the public and private sectors.",D,2014-09-04 00:00:00,press_conference,,2014/2014-09-04-is-stmt.txt
"Together with the monetary accommodation already in place, the determined implementation of the new measures will underpin the firm anchoring of medium to long-term inflation expectations, in line with our aim of maintaining inflation rates below, but close to, 2%.",D,2014-10-02 00:00:00,press_conference,,2014/2014-10-02-is-stmt.txt
The programmes will last for at least two years.,N,2014-10-02 00:00:00,press_conference,,2014/2014-10-02-is-stmt.txt
Gross equity issuances since then amount to €60 billion.,N,2014-10-26 00:00:00,press_conference,,2014/2014-10-26-is.txt
"And the results, as I said, guarantee that going forward the economic recovery will not be hampered by credit supply restrictions.",D,2014-10-26 00:00:00,press_conference,,2014/2014-10-26-is.txt
"But it's also a measure of the resilience of the system because, in spite of this drop of €263 billion, the vast majority of banks stayed above 5.5% and were able to support such a shock, and still have a capital ratio above the threshold.",N,2014-10-26 00:00:00,press_conference,,2014/2014-10-26-is.txt
"And there are many additional aspects and findings that I would like to mention, including quite a few which are not purely quantitative but relate to banks processes and policies.",N,2014-10-26 00:00:00,press_conference,,2014/2014-10-26-is.txt
Just to underline that 75% of the participating banks experienced a 0 to 6 percentage points impact on Common Equity Tier 1 under the adverse scenario.,N,2014-10-26 00:00:00,press_conference,,2014/2014-10-26-is.txt
"And its results are credible, because they stem from an accurate methodology, from a rigorous implementation and from a demanding central quality control of the results.",N,2014-10-26 00:00:00,press_conference,,2014/2014-10-26-is.txt
The three categories of exposures I just mentioned were indeed particularly impacted by the collateral valuation.,N,2014-10-26 00:00:00,press_conference,,2014/2014-10-26-is.txt
We will also soon start to purchase asset-backed securities.,D,2014-11-06 00:00:00,press_conference,,2014/2014-11-06-is-stmt.txt
"In this context, we will focus in particular on the possible repercussions of dampened growth dynamics, geopolitical developments, exchange rate and energy price developments, and the pass-through of our monetary policy measures.",D,2014-12-04 00:00:00,press_conference,,2014/2014-12-04-is-stmt.txt
"This would imply altering early next year the size, pace and composition of our measures.",N,2014-12-04 00:00:00,press_conference,,2014/2014-12-04-is-stmt.txt
"On the other hand, the recovery is likely to continue to be dampened by high unemployment, sizeable unutilised capacity, and the necessary balance sheet adjustments in the public and private sectors.",D,2014-12-04 00:00:00,press_conference,,2014/2014-12-04-is-stmt.txt
"All of our monetary policy measures are geared towards underpinning the firm anchoring of medium to long-term inflation expectations, in line with our aim of achieving inflation rates below, but close to, 2%, and contribute to a return of inflation rates towards that level.",N,2014-12-04 00:00:00,press_conference,,2014/2014-12-04-is-stmt.txt
"The annual rate of change of loans to non-financial corporations (adjusted for loan sales and securitisation) was -1.6% in October, after -1.8% in September, showing a gradual recovery from a trough of -3.2% in February.",D,2014-12-04 00:00:00,press_conference,,2014/2014-12-04-is-stmt.txt
"Next week, we will conduct the second targeted longer-term refinancing operation, to be followed by six further operations until June 2016.",D,2014-12-04 00:00:00,press_conference,,2014/2014-12-04-is-stmt.txt
"As regards our non-standard monetary policy measures, we have started purchasing covered bonds and asset-backed securities.",D,2014-12-04 00:00:00,press_conference,,2014/2014-12-04-is-stmt.txt
Lower oil prices should support households' real disposable income and corporate profitability.,D,2015-01-22 00:00:00,press_conference,,2015/2015-01-22-is-stmt.txt
"On average over recent months, net redemptions have moderated from the historically high levels recorded a year ago and net lending flows turned slightly positive in November.",N,2015-01-22 00:00:00,press_conference,,2015/2015-01-22-is-stmt.txt
"Looking ahead, today's measures will decisively underpin the firm anchoring of medium to long-term inflation expectations.",N,2015-01-22 00:00:00,press_conference,,2015/2015-01-22-is-stmt.txt
In March 2015 the Eurosystem will start to purchase euro-denominated investment-grade securities issued by euro area governments and agencies and European institutions in the secondary market.,D,2015-01-22 00:00:00,press_conference,,2015/2015-01-22-is-stmt.txt
"In this respect, the January 2015 bank lending survey indicates a further net easing of credit standards in the fourth quarter of 2014, with cross-country disparities decreasing in parallel with an increase in net demand for loans across all loan categories.",D,2015-01-22 00:00:00,press_conference,,2015/2015-01-22-is-stmt.txt
"According to Eurostat's flash estimate, euro area annual HICP inflation was -0.3% in February 2015, after -0.6% in January.",D,2015-03-05 00:00:00,press_conference,,2015/2015-03-05-is-stmt.txt
"As regards non-standard monetary policy measures, the focus is now on implementation.",D,2015-03-05 00:00:00,press_conference,,2015/2015-03-05-is-stmt.txt
"The three-month cumulated net lending flows were positive in January for the second consecutive month, compared with sizeable net redemptions still recorded a year ago.",D,2015-03-05 00:00:00,press_conference,,2015/2015-03-05-is-stmt.txt
"We will also continue purchasing asset-backed securities and covered bonds, which we started last year.",D,2015-03-05 00:00:00,press_conference,,2015/2015-03-05-is-stmt.txt
"According to Eurostat's flash estimate, real GDP in the euro area rose by 0.3%, quarter on quarter, in the last quarter of 2014, which was somewhat higher than previously expected.",H,2015-03-05 00:00:00,press_conference,,2015/2015-03-05-is-stmt.txt
"However, the euro area recovery is likely to continue to be dampened by the necessary balance sheet adjustments in various sectors and the rather slow pace of implementation of structural reforms.",D,2015-03-05 00:00:00,press_conference,,2015/2015-03-05-is-stmt.txt
"Moreover, the March staff projections extend the horizon to 2017.",N,2015-03-05 00:00:00,press_conference,,2015/2015-03-05-is-stmt.txt
We have already seen a significant number of positive effects from these monetary policy decisions.,D,2015-03-05 00:00:00,press_conference,,2015/2015-03-05-is-stmt.txt
"Financial market conditions and the cost of external finance for the private economy have eased further, also following our previous monetary policy measures.",D,2015-03-05 00:00:00,press_conference,,2015/2015-03-05-is-stmt.txt
"Annual growth in M3 continues to be supported by its most liquid components, with the narrow monetary aggregate M1 growing at an annual rate of 9.1% in February.",H,2015-04-15 00:00:00,press_conference,,2015/2015-04-15-is-stmt.txt
"However, economic growth in the euro area is likely to continue to be dampened by the necessary balance sheet adjustments in a number of sectors and the sluggish pace of implementation of structural reforms.",D,2015-06-03 00:00:00,press_conference,,2015/2015-06-03-is-stmt.txt
"Given continued high structural unemployment and low potential output growth in the euro area, the ongoing cyclical recovery should be supported by effective structural policies.",D,2015-06-03 00:00:00,press_conference,,2015/2015-06-03-is-stmt.txt
"Regarding non-standard monetary policy measures, the asset purchase programmes continue to proceed smoothly.",D,2015-07-16 00:00:00,press_conference,,2015/2015-07-16-is-stmt.txt
"The full implementation of all our monetary policy measures will provide the necessary support to the economic recovery in the euro area and lead to a sustained return of inflation rates towards levels below, but close to, 2% in the medium term.",D,2015-07-16 00:00:00,press_conference,,2015/2015-07-16-is-stmt.txt
"All in all, the information that has become available since the Governing Council meeting in early June has been broadly in line with our expectations.",N,2015-07-16 00:00:00,press_conference,,2015/2015-07-16-is-stmt.txt
"Inflation rates are foreseen to pick up further during 2016 and 2017, supported by the expected economic recovery, the pass-through of past declines in the euro exchange rate and the assumption of somewhat higher oil prices in the years ahead as currently reflected in oil futures markets.",H,2015-09-03 00:00:00,press_conference,,2015/2015-09-03-is-stmt.txt
"In this context, the Governing Council will closely monitor the risks to the outlook for price developments over the medium term.",N,2015-09-03 00:00:00,press_conference,,2015/2015-09-03-is-stmt.txt
"This assessment is also broadly reflected in the September 2015 ECB staff macroeconomic projections for the euro area, which foresee annual real GDP increasing by 1.4% in 2015, 1.7% in 2016 and 1.8% in 2017.",H,2015-09-03 00:00:00,press_conference,,2015/2015-09-03-is-stmt.txt
"However, in order to reap the full benefits from our monetary policy measures, other policy areas must contribute decisively.",N,2015-09-03 00:00:00,press_conference,,2015/2015-09-03-is-stmt.txt
"In this context, the degree of monetary policy accommodation will need to be re-examined at our December monetary policy meeting, when the new Eurosystem staff macroeconomic projections will be available.",N,2015-10-22 00:00:00,press_conference,,2015/2015-10-22-is-stmt.txt
"In the meantime, we will continue to fully implement the monthly asset purchases of €60 billion.",D,2015-10-22 00:00:00,press_conference,,2015/2015-10-22-is-stmt.txt
"Despite these improvements, developments in loans to enterprises continue to reflect the lagged relationship with the business cycle, credit risk, credit supply factors, and the ongoing adjustment of financial and non-financial sector balance sheets.",N,2015-10-22 00:00:00,press_conference,,2015/2015-10-22-is-stmt.txt
"Given continued high structural unemployment and low potential output growth in the euro area, the ongoing cyclical recovery should be supported by effective structural policies.",D,2015-12-03 00:00:00,press_conference,,2015/2015-12-03-is-stmt.txt
The Governing Council will closely monitor the evolution of inflation rates over the period ahead.,N,2015-12-03 00:00:00,press_conference,,2015/2015-12-03-is-stmt.txt
This will contribute both to favourable liquidity conditions and to an appropriate monetary policy stance.,D,2015-12-03 00:00:00,press_conference,,2015/2015-12-03-is-stmt.txt
Full and consistent implementation of the Stability and Growth Pact is crucial for confidence in our fiscal framework.,N,2015-12-03 00:00:00,press_conference,,2015/2015-12-03-is-stmt.txt
Loan dynamics continued the path of gradual recovery observed since the beginning of 2014.,D,2015-12-03 00:00:00,press_conference,,2015/2015-12-03-is-stmt.txt
"This reflected somewhat weaker price increases in services and industrial goods, mainly compensated for by a less negative contribution from energy prices.",D,2015-12-03 00:00:00,press_conference,,2015/2015-12-03-is-stmt.txt
The risks to the euro area growth outlook relate in particular to the heightened uncertainties regarding developments in the global economy as well as to broader geopolitical risks.,N,2015-12-03 00:00:00,press_conference,,2015/2015-12-03-is-stmt.txt
"Credit standards eased further on loans to enterprises, notably owing to increasing competitive pressures in retail banking, and reverted to a net easing on loans to households for house purchase.",H,2016-01-21 00:00:00,press_conference,,2016/2016-01-21-is-stmt.txt
Full and consistent implementation of the Stability and Growth Pact is crucial to maintain confidence in the fiscal framework.,N,2016-01-21 00:00:00,press_conference,,2016/2016-01-21-is-stmt.txt
"In particular, actions to improve the business environment, including the provision of an adequate public infrastructure, are vital to increase productive investment, boost job creation and raise productivity.",N,2016-01-21 00:00:00,press_conference,,2016/2016-01-21-is-stmt.txt
"In the meantime, work will be carried out to ensure that all the technical conditions are in place to make the full range of policy options available for implementation, if needed.",D,2016-01-21 00:00:00,press_conference,,2016/2016-01-21-is-stmt.txt
"Moreover, the renewed fall in oil prices should provide additional support for households' real disposable income and corporate profitability and, therefore, for private consumption and investment.",D,2016-01-21 00:00:00,press_conference,,2016/2016-01-21-is-stmt.txt
"Based on our regular economic and monetary analyses, and after the recalibration of our monetary policy measures last month, we decided to keep the key ECB interest rates unchanged and we expect them to remain at present or lower levels for an extended period of time.",N,2016-01-21 00:00:00,press_conference,,2016/2016-01-21-is-stmt.txt
"A more comprehensive picture of the impact of oil prices and other external and domestic factors on the outlook for HICP inflation will become available in the March 2016 ECB staff macroeconomic projections, which will also cover the year 2018.",N,2016-01-21 00:00:00,press_conference,,2016/2016-01-21-is-stmt.txt
These new operations will reinforce the ECB's accommodative monetary policy stance and will strengthen the transmission of monetary policy by further incentivising bank lending to the real economy.,D,2016-03-10 00:00:00,press_conference,,2016/2016-03-10-is-stmt.txt
Monetary policy is focused on maintaining price stability over the medium term and its accommodative stance supports economic activity.,D,2016-03-10 00:00:00,press_conference,,2016/2016-03-10-is-stmt.txt
"Fourth, we decided to launch a new series of four targeted longer-term refinancing operations (TLTRO II), starting in June 2016, each with a maturity of four years.",D,2016-03-10 00:00:00,press_conference,,2016/2016-03-10-is-stmt.txt
"According to Eurostat's flash estimate, euro area annual HICP inflation was -0.2% in February 2016, compared with 0.3% in January.",D,2016-03-10 00:00:00,press_conference,,2016/2016-03-10-is-stmt.txt
"Euro area real GDP increased by 0.3%, quarter on quarter, in the fourth quarter of 2015, supported by domestic demand, while being dampened by relatively weak export trends.",H,2016-04-21 00:00:00,press_conference,,2016/2016-04-21-is-stmt.txt
"Their favourable impact on financing conditions, together with improvements in corporate profitability, is benefiting investment.",N,2016-04-21 00:00:00,press_conference,,2016/2016-04-21-is-stmt.txt
"Looking forward, it is essential to preserve an appropriate degree of monetary accommodation as long as needed in order to underpin the momentum of the euro area's economic recovery and in order to accelerate the return of inflation to levels below, but close to, 2%.",D,2016-04-21 00:00:00,press_conference,,2016/2016-04-21-is-stmt.txt
Full and consistent implementation of the Stability and Growth Pact is crucial to maintain confidence in the fiscal framework.,N,2016-04-21 00:00:00,press_conference,,2016/2016-04-21-is-stmt.txt
"Following our comprehensive package of decisions taken in early March, broad financing conditions in the euro area have improved.",D,2016-04-21 00:00:00,press_conference,,2016/2016-04-21-is-stmt.txt
"Fiscal policies should also support the economic recovery, while remaining in compliance with the fiscal rules of the European Union.",D,2016-06-02 00:00:00,press_conference,,2016/2016-06-02-is-stmt.txt
"Supported by our monetary policy measures and the expected economic recovery, inflation rates should recover further in 2017 and 2018.",H,2016-06-02 00:00:00,press_conference,,2016/2016-06-02-is-stmt.txt
Further information on implementation aspects of the CSPP will be released after the press conference on the ECB's website.,N,2016-06-02 00:00:00,press_conference,,2016/2016-06-02-is-stmt.txt
"Against this background, the risks to the euro area growth outlook remain tilted to the downside.",D,2016-07-21 00:00:00,press_conference,,2016/2016-07-21-is-stmt.txt
"Structural reforms are necessary in all euro area countries, although specific reform needs differ across the individual economies.",N,2016-07-21 00:00:00,press_conference,,2016/2016-07-21-is-stmt.txt
Monetary policy is focused on maintaining price stability over the medium term and its accommodative stance supports economic activity.,D,2016-07-21 00:00:00,press_conference,,2016/2016-07-21-is-stmt.txt
Full and consistent implementation of the Stability and Growth Pact over time and across countries is crucial to maintain confidence in the fiscal framework.,N,2016-07-21 00:00:00,press_conference,,2016/2016-07-21-is-stmt.txt
Monetary policy is focused on maintaining price stability over the medium term and its accommodative stance supports economic activity.,D,2016-09-08 00:00:00,press_conference,,2016/2016-09-08-is-stmt.txt
"Overall, while the available evidence so far suggests resilience of the euro area economy to the continuing global economic and political uncertainty, our baseline scenario remains subject to downside risks.",N,2016-09-08 00:00:00,press_conference,,2016/2016-09-08-is-stmt.txt
"In an environment of accommodative monetary policy, the swift and effective implementation of structural reforms will not only lead to higher sustainable economic growth in the euro area but will also make the euro area more resilient to global shocks.",D,2016-09-08 00:00:00,press_conference,,2016/2016-09-08-is-stmt.txt
"We continue to expect them to remain at present or lower levels for an extended period of time, and well past the horizon of our net asset purchases.",D,2016-09-08 00:00:00,press_conference,,2016/2016-09-08-is-stmt.txt
"The enhancement of current investment initiatives, including the extension of the Juncker plan, progress on the capital markets union and reforms that will improve the resolution of non-performing loans will also contribute positively to this objective.",N,2016-10-20 00:00:00,press_conference,,2016/2016-10-20-is-stmt.txt
"As emphasised repeatedly by the Governing Council, and as again strongly echoed in both European and international policy discussions, in order to reap the full benefits from our monetary policy measures, other policy areas must contribute much more decisively, both at the national and at the European level.",N,2016-10-20 00:00:00,press_conference,,2016/2016-10-20-is-stmt.txt
"Although developments in bank credit continue to reflect the lagged relationship with the business cycle, credit risk and the ongoing adjustment of financial and non-financial sector balance sheets, the monetary policy measures put in place since June 2014 are significantly supporting borrowing conditions for firms and households and thereby credit flows across the euro area.",D,2016-12-08 00:00:00,press_conference,,2016/2016-12-08-is-stmt.txt
"As emphasised repeatedly by the Governing Council, in order to reap the full benefits from our monetary policy measures, other policy areas must contribute much more decisively, both at the national and at the European level.",N,2016-12-08 00:00:00,press_conference,,2016/2016-12-08-is-stmt.txt
"Supported by our monetary policy measures, the expected economic recovery and the corresponding gradual absorption of slack, inflation rates should increase further in 2018 and 2019.",H,2016-12-08 00:00:00,press_conference,,2016/2016-12-08-is-stmt.txt
The risks surrounding the euro area growth outlook remain tilted to the downside.,D,2016-12-08 00:00:00,press_conference,,2016/2016-12-08-is-stmt.txt
"Turning to the monetary analysis, broad money (M3) growth moderated in October 2016, with its annual rate of growth decreasing to 4.4%, after 5.1% in September.",N,2016-12-08 00:00:00,press_conference,,2016/2016-12-08-is-stmt.txt
Full and consistent implementation of the Stability and Growth Pact over time and across countries remains crucial to ensure confidence in the fiscal framework.,N,2017-01-19 00:00:00,press_conference,,2017/2017-01-19-is-stmt.txt
"Looking ahead, on the basis of current oil futures prices, headline inflation is likely to pick up further in the near term, largely reflecting movements in the annual rate of change of energy prices.",H,2017-01-19 00:00:00,press_conference,,2017/2017-01-19-is-stmt.txt
The Governing Council will continue to look through changes in HICP inflation if judged to be transient and to have no implication for the medium-term outlook for price stability.,N,2017-01-19 00:00:00,press_conference,,2017/2017-01-19-is-stmt.txt
These decisions will be published in a separate press release at 15.30 CET.,N,2017-01-19 00:00:00,press_conference,,2017/2017-01-19-is-stmt.txt
The net purchases will be made alongside reinvestments of the principal payments from maturing securities purchased under the APP.,D,2017-01-19 00:00:00,press_conference,,2017/2017-01-19-is-stmt.txt
"By comparison with the December 2016 Eurosystem staff macroeconomic projections, the outlook for headline HICP inflation has been revised upwards significantly for 2017 and slightly for 2018, while remaining unchanged for 2019.",H,2017-03-09 00:00:00,press_conference,,2017/2017-03-09-is-stmt.txt
"The annual growth rate of loans to households was 2.2% in January 2017, after 2.0% in December 2016.",D,2017-03-09 00:00:00,press_conference,,2017/2017-03-09-is-stmt.txt
The staff projections are conditional on the full implementation of all our monetary policy measures.,N,2017-03-09 00:00:00,press_conference,,2017/2017-03-09-is-stmt.txt
"As in previous months, annual growth in M3 was mainly supported by its most liquid components, with the narrow monetary aggregate M1 expanding at an annual rate of 8.4% in January 2017, after 8.8% in December 2016.",H,2017-03-09 00:00:00,press_conference,,2017/2017-03-09-is-stmt.txt
"Euro area real GDP increased by 0.4%, quarter on quarter, in the fourth quarter of 2016, following a similar pace of growth in the third quarter.",H,2017-03-09 00:00:00,press_conference,,2017/2017-03-09-is-stmt.txt
"Regarding non-standard monetary policy measures, we confirm that we will continue to make purchases under the asset purchase programme (APP) at the current monthly pace of €80 billion until the end of this month and that, from April 2017, our net asset purchases are intended to continue at a monthly pace of €60 billion until the end of December 2017, or beyond, if necessary, and in any case until the Governing Council sees a sustained adjustment in the path of inflation consistent with its inflation aim.",D,2017-03-09 00:00:00,press_conference,,2017/2017-03-09-is-stmt.txt
"Turning to the monetary analysis, broad money (M3) continues to expand at a robust pace, with an annual rate of growth of 4.7% in February 2017, after 4.8% in January.",H,2017-04-27 00:00:00,press_conference,,2017/2017-04-27-is-stmt.txt
"Looking ahead, on the basis of current futures prices for oil, headline inflation is likely to increase in April and thereafter to hover around current levels until the end of this year.",H,2017-04-27 00:00:00,press_conference,,2017/2017-04-27-is-stmt.txt
A very substantial degree of monetary accommodation is still needed for underlying inflation pressures to build up and support headline inflation in the medium term.,D,2017-04-27 00:00:00,press_conference,,2017/2017-04-27-is-stmt.txt
"Employment gains, which are also benefiting from past labour market reforms, are supporting real disposable income and private consumption.",H,2017-04-27 00:00:00,press_conference,,2017/2017-04-27-is-stmt.txt
"The annual growth rate of loans to non-financial corporations declined to 2.0% in February 2017, from 2.3% in the previous month, while the annual growth rate of loans to households remained broadly stable at 2.3% in February.",H,2017-04-27 00:00:00,press_conference,,2017/2017-04-27-is-stmt.txt
"This assessment is broadly reflected in the June 2017 Eurosystem staff macroeconomic projections for the euro area, finalised in late May, which are conditional on the full implementation of all our monetary policy measures.",N,2017-06-08 00:00:00,press_conference,,2017/2017-06-08-is-stmt.txt
"To sum up, a cross-check of the outcome of the economic analysis with the signals coming from the monetary analysis confirmed the need for a continued very substantial degree of monetary accommodation to secure a sustained return of inflation rates towards levels that are below, but close to, 2%.",D,2017-06-08 00:00:00,press_conference,,2017/2017-06-08-is-stmt.txt
"Turning to the monetary analysis, broad money (M3) continues to expand at a robust pace, with an annual rate of growth of 4.9% in April 2017, after 5.3% in March.",H,2017-06-08 00:00:00,press_conference,,2017/2017-06-08-is-stmt.txt
"Let me now explain our assessment in greater detail, starting with the economic analysis.",N,2017-06-08 00:00:00,press_conference,,2017/2017-06-08-is-stmt.txt
"However, economic growth prospects continue to be dampened by a sluggish pace of implementation of structural reforms, in particular in product markets, and by remaining balance sheet adjustment needs in a number of sectors, notwithstanding ongoing improvements.",D,2017-06-08 00:00:00,press_conference,,2017/2017-06-08-is-stmt.txt
"In order to reap the full benefits from our monetary policy measures, other policy areas must contribute decisively to strengthening the longer-term growth potential and reducing vulnerabilities.",D,2017-07-20 00:00:00,press_conference,,2017/2017-07-20-is-stmt.txt
The euro area bank lending survey for the second quarter of 2017 indicates that credit standards for loans to enterprises and loans to households for house purchase have further eased and that loan growth continues to be supported by increasing demand.,D,2017-07-20 00:00:00,press_conference,,2017/2017-07-20-is-stmt.txt
"Regarding fiscal policies, all countries would benefit from intensifying efforts towards achieving a more growth-friendly composition of public finances.",N,2017-07-20 00:00:00,press_conference,,2017/2017-07-20-is-stmt.txt
"Domestic cost pressures, notably from labour markets, are still subdued.",D,2017-09-07 00:00:00,press_conference,,2017/2017-09-07-is-stmt.txt
The recovery in the growth of loans to the private sector observed since the beginning of 2014 is proceeding.,H,2017-10-26 00:00:00,press_conference,,2017/2017-10-26-is-stmt.txt
"To sum up, a cross-check of the outcome of the economic analysis with the signals coming from the monetary analysis confirmed the need to recalibrate the policy instruments to ensure the degree of monetary accommodation necessary to secure a sustained return of inflation rates towards levels that are below, but close to, 2%.",D,2017-10-26 00:00:00,press_conference,,2017/2017-10-26-is-stmt.txt
"The recalibration of our asset purchases reflects growing confidence in the gradual convergence of inflation rates towards our inflation aim, on account of the increasingly robust and broad-based economic expansion, an uptick in measures of underlying inflation and the continued effective pass-through of our policy measures to the financing conditions of the real economy.",H,2017-10-26 00:00:00,press_conference,,2017/2017-10-26-is-stmt.txt
"Real GDP increased by 0.7%, quarter on quarter, in the second quarter of 2017, after 0.6% in the first quarter.",H,2017-10-26 00:00:00,press_conference,,2017/2017-10-26-is-stmt.txt
"In addition, the broad-based global recovery is supporting euro area exports.",N,2017-10-26 00:00:00,press_conference,,2017/2017-10-26-is-stmt.txt
The strong cyclical momentum and the significant reduction of economic slack give grounds for greater confidence that inflation will converge towards our inflation aim.,H,2017-12-14 00:00:00,press_conference,,2017/2017-12-14-is-stmt.txt
"Let me now explain our assessment in greater detail, starting with the economic analysis.",N,2017-12-14 00:00:00,press_conference,,2017/2017-12-14-is-stmt.txt
"The pass-through of the monetary policy measures put in place since June 2014 continues to significantly support borrowing conditions for firms and households, access to financing ‒ notably for small and medium-sized enterprises ‒ and credit flows across the euro area.",D,2017-12-14 00:00:00,press_conference,,2017/2017-12-14-is-stmt.txt
"A full, transparent and consistent implementation of the Stability and Growth Pact and of the macroeconomic imbalance procedure over time and across countries remains essential to increase the resilience of the euro area economy.",D,2017-12-14 00:00:00,press_conference,,2017/2017-12-14-is-stmt.txt
"The Governing Council welcomes the ongoing discussions on completing the banking union and the capital markets union, and on further deepening Economic and Monetary Union.",N,2018-01-25 00:00:00,press_conference,,2018/2018-01-25-is-stmt.txt
"Our monetary policy measures, which have facilitated the deleveraging process, continue to underpin domestic demand.",D,2018-01-25 00:00:00,press_conference,,2018/2018-01-25-is-stmt.txt
"The pass-through of the monetary policy measures put in place since June 2014 continues to significantly support borrowing conditions for firms and households, access to financing ‒ notably for small and medium-sized enterprises ‒ and credit flows across the euro area.",D,2018-01-25 00:00:00,press_conference,,2018/2018-01-25-is-stmt.txt
"Looking ahead, on the basis of current futures prices for oil, annual rates of headline inflation are likely to hover around current levels in the coming months.",N,2018-01-25 00:00:00,press_conference,,2018/2018-01-25-is-stmt.txt
"Against this background, the recent volatility in the exchange rate represents a source of uncertainty which requires monitoring with regard to its possible implications for the medium-term outlook for price stability.",N,2018-01-25 00:00:00,press_conference,,2018/2018-01-25-is-stmt.txt
The latest economic data and survey results indicate continued strong and broad-based growth momentum.,H,2018-03-08 00:00:00,press_conference,,2018/2018-03-08-is-stmt.txt
"Our monetary policy measures, which have facilitated the deleveraging process, continue to underpin domestic demand.",D,2018-03-08 00:00:00,press_conference,,2018/2018-03-08-is-stmt.txt
"The implementation of structural reforms in euro area countries needs to be substantially stepped up to increase resilience, reduce structural unemployment and boost euro area productivity and growth potential.",D,2018-03-08 00:00:00,press_conference,,2018/2018-03-08-is-stmt.txt
"This assessment is also broadly reflected in the March 2018 ECB staff macroeconomic projections for the euro area, which foresee annual HICP inflation at 1.4% in 2018, 1.4% in 2019 and 1.7% in 2020.",N,2018-03-08 00:00:00,press_conference,,2018/2018-03-08-is-stmt.txt
"The pass-through of the monetary policy measures put in place since June 2014 continues to significantly support borrowing conditions for firms and households, access to financing ‒ notably for small and medium-sized enterprises ‒ and credit flows across the euro area.",D,2018-04-26 00:00:00,press_conference,,2018/2018-04-26-is-stmt.txt
M3 growth continues to reflect the impact of the ECB's monetary policy measures and the low opportunity cost of holding the most liquid deposits.,H,2018-04-26 00:00:00,press_conference,,2018/2018-04-26-is-stmt.txt
"In order to reap the full benefits from our monetary policy measures, other policy areas must contribute decisively to raising the longer-term growth potential and reducing vulnerabilities.",N,2018-04-26 00:00:00,press_conference,,2018/2018-04-26-is-stmt.txt
"Accordingly, the Governing Council today made the following decisions:",N,2018-06-14 00:00:00,press_conference,,2018/2018-06-14-is-stmt.txt
"First, as regards non-standard monetary policy measures, we will continue to make net purchases under the APP at the current monthly pace of €30 billion until the end of September 2018.",D,2018-06-14 00:00:00,press_conference,,2018/2018-06-14-is-stmt.txt
"In any event, the Governing Council stands ready to adjust all of its instruments as appropriate to ensure that inflation continues to move towards the Governing Council's inflation aim in a sustained manner.",N,2018-06-14 00:00:00,press_conference,,2018/2018-06-14-is-stmt.txt
"Let me now explain our assessment in greater detail, starting with the economic analysis.",N,2018-06-14 00:00:00,press_conference,,2018/2018-06-14-is-stmt.txt
"Regarding fiscal policies, the ongoing broad-based expansion calls for rebuilding fiscal buffers.",N,2018-07-26 00:00:00,press_conference,,2018/2018-07-26-is-stmt.txt
"While measures of underlying inflation remain generally muted, they have been increasing from earlier lows.",H,2018-07-26 00:00:00,press_conference,,2018/2018-07-26-is-stmt.txt
"Business investment is fostered by the favourable financing conditions, rising corporate profitability and solid demand.",D,2018-07-26 00:00:00,press_conference,,2018/2018-07-26-is-stmt.txt
"In order to reap the full benefits from our monetary policy measures, other policy areas must contribute more decisively to raising the longer-term growth potential and reducing vulnerabilities.",N,2018-07-26 00:00:00,press_conference,,2018/2018-07-26-is-stmt.txt
"The pass-through of the monetary policy measures put in place since June 2014 continues to significantly support borrowing conditions for firms and households, access to financing - in particular for small and medium-sized enterprises - and credit flows across the euro area.",D,2018-07-26 00:00:00,press_conference,,2018/2018-07-26-is-stmt.txt
Improving the functioning of Economic and Monetary Union remains a priority.,N,2018-09-13 00:00:00,press_conference,,2018/2018-09-13-is-stmt.txt
This assessment is broadly reflected in the September 2018 ECB staff macroeconomic projections for the euro area.,N,2018-09-13 00:00:00,press_conference,,2018/2018-09-13-is-stmt.txt
"In order to reap the full benefits from our monetary policy measures, other policy areas must contribute more decisively to raising the longer-term growth potential and reducing vulnerabilities.",N,2018-09-13 00:00:00,press_conference,,2018/2018-09-13-is-stmt.txt
"Let me now explain our assessment in greater detail, starting with the economic analysis.",N,2018-10-25 00:00:00,press_conference,,2018/2018-10-25-is-stmt.txt
The narrow monetary aggregate M1 remained the main contributor to broad money growth.,N,2018-10-25 00:00:00,press_conference,,2018/2018-10-25-is-stmt.txt
"Turning to the monetary analysis, broad money (M3) growth stood at 3.5% in September 2018, after 3.4% in August.",N,2018-10-25 00:00:00,press_conference,,2018/2018-10-25-is-stmt.txt
"While measures of underlying inflation remain generally muted, they have been increasing from earlier lows.",H,2018-10-25 00:00:00,press_conference,,2018/2018-10-25-is-stmt.txt
"Regarding fiscal policies, the Governing Council reiterates the need for rebuilding fiscal buffers.",N,2018-12-13 00:00:00,press_conference,,2018/2018-12-13-is-stmt.txt
"According to Eurostat's flash estimate, euro area annual HICP inflation declined to 2.0% in November 2018, from 2.2% in October, reflecting mainly a decline in energy inflation.",D,2018-12-13 00:00:00,press_conference,,2018/2018-12-13-is-stmt.txt
"Likewise, the transparent and consistent implementation of the EU's fiscal and economic governance framework over time and across countries remains essential to bolster the resilience of the euro area economy.",N,2018-12-13 00:00:00,press_conference,,2018/2018-12-13-is-stmt.txt
"Our forward guidance on the key ECB interest rates, reinforced by the reinvestments of the sizeable stock of acquired assets, continues to provide the necessary degree of monetary accommodation for the sustained convergence of inflation to our aim.",D,2018-12-13 00:00:00,press_conference,,2018/2018-12-13-is-stmt.txt
"In any event, the Governing Council stands ready to adjust all of its instruments, as appropriate, to ensure that inflation continues to move towards the Governing Council's inflation aim in a sustained manner.",N,2018-12-13 00:00:00,press_conference,,2018/2018-12-13-is-stmt.txt
The narrow monetary aggregate M1 remained the main contributor to broad money growth.,N,2018-12-13 00:00:00,press_conference,,2018/2018-12-13-is-stmt.txt
The Governing Council welcomes the ongoing work and urges further specific and decisive steps to complete the banking union and the capital markets union.,N,2019-01-24 00:00:00,press_conference,,2019/2019-01-24-is-stmt.txt
"The risks surrounding the euro area growth outlook have moved to the downside on account of the persistence of uncertainties related to geopolitical factors and the threat of protectionism, vulnerabilities in emerging markets and financial market volatility.",N,2019-01-24 00:00:00,press_conference,,2019/2019-01-24-is-stmt.txt
"Based on our regular economic and monetary analyses, we decided to keep the key ECB interest rates unchanged.",N,2019-01-24 00:00:00,press_conference,,2019/2019-01-24-is-stmt.txt
"In any event, the Governing Council stands ready to adjust all of its instruments, as appropriate, to ensure that inflation continues to move towards the Governing Council's inflation aim in a sustained manner.",N,2019-01-24 00:00:00,press_conference,,2019/2019-01-24-is-stmt.txt
"The pass-through of the monetary policy measures put in place since June 2014 continues to significantly support borrowing conditions for firms and households, access to financing - in particular for small and medium-sized enterprises - and credit flows across the euro area.",D,2019-01-24 00:00:00,press_conference,,2019/2019-01-24-is-stmt.txt
"The impact of these factors is turning out to be somewhat longer-lasting, which suggests that the near-term growth outlook will be weaker than previously anticipated.",D,2019-03-07 00:00:00,press_conference,,2019/2019-03-07-is-stmt.txt
"The policy measures decided today, and in particular the new series of TLTROs, will help to ensure that bank lending conditions remain favourable going forward.",D,2019-03-07 00:00:00,press_conference,,2019/2019-03-07-is-stmt.txt
"Third, we decided to launch a new series of quarterly targeted longer-term refinancing operations (TLTRO-III), starting in September 2019 and ending in March 2021, each with a maturity of two years.",D,2019-03-07 00:00:00,press_conference,,2019/2019-03-07-is-stmt.txt
"Euro area real GDP increased by 0.2%, quarter on quarter, in the fourth quarter of 2018, following growth of 0.1% in the third quarter.",H,2019-03-07 00:00:00,press_conference,,2019/2019-03-07-is-stmt.txt
"M3 growth continues to be backed by bank credit creation, notwithstanding a recent moderation in credit dynamics.",N,2019-03-07 00:00:00,press_conference,,2019/2019-03-07-is-stmt.txt
"Like the outstanding TLTRO programme, TLTRO-III will feature built-in incentives for credit conditions to remain favourable.",D,2019-03-07 00:00:00,press_conference,,2019/2019-03-07-is-stmt.txt
"To sum up, a cross-check of the outcome of the economic analysis with the signals coming from the monetary analysis confirmed that an ample degree of monetary accommodation is still necessary for the continued sustained convergence of inflation to levels that are below, but close to, 2% over the medium term.",D,2019-04-10 00:00:00,press_conference,,2019/2019-04-10-is-stmt.txt
Improving the functioning of Economic and Monetary Union remains a priority.,N,2019-04-10 00:00:00,press_conference,,2019/2019-04-10-is-stmt.txt
"Euro area real GDP rose by 0.2%, quarter on quarter, in the fourth quarter of 2018, following an increase of 0.1% in the third quarter.",H,2019-04-10 00:00:00,press_conference,,2019/2019-04-10-is-stmt.txt
"On the basis of current futures prices for oil, headline inflation is likely to decline over the coming months.",D,2019-04-10 00:00:00,press_conference,,2019/2019-04-10-is-stmt.txt
"The risks surrounding the euro area growth outlook remain tilted to the downside, on account of the prolonged presence of uncertainties, related to geopolitical factors, the rising threat of protectionism and vulnerabilities in emerging markets.",D,2019-06-06 00:00:00,press_conference,,2019/2019-06-06-is-stmt.txt
"On the basis of current futures prices for oil, headline inflation is likely to decline over the coming months, before rising again towards the end of year.",D,2019-06-06 00:00:00,press_conference,,2019/2019-06-06-is-stmt.txt
"However, we will continue to monitor carefully the bank-based transmission channel of monetary policy and the case for mitigating measures.",N,2019-06-06 00:00:00,press_conference,,2019/2019-06-06-is-stmt.txt
"The Governing Council also underlined the need for a highly accommodative stance of monetary policy for a prolonged period of time, as inflation rates, both realised and projected, have been persistently below levels that are in line with its aim.",D,2019-07-25 00:00:00,press_conference,,2019/2019-07-25-is-stmt.txt
"The risks surrounding the euro area growth outlook remain tilted to the downside, reflecting the prolonged presence of uncertainties, related to geopolitical factors, the rising threat of protectionism, and vulnerabilities in emerging markets.",D,2019-07-25 00:00:00,press_conference,,2019/2019-07-25-is-stmt.txt
"Looking ahead, the euro area expansion will continue to be supported by favourable financing conditions, further employment gains and rising wages, the mildly expansionary euro area fiscal stance and the ongoing - albeit somewhat slower - growth in global activity.",H,2019-07-25 00:00:00,press_conference,,2019/2019-07-25-is-stmt.txt
"At the same time, robust employment growth and increasing wages continue to underpin the resilience of the euro area economy.",N,2019-09-12 00:00:00,press_conference,,2019/2019-09-12-is-stmt.txt
"Fifth, in order to support the bank-based transmission of monetary policy the Governing Council decided to introduce a two-tier system for reserve remuneration in which part of banks' holdings of excess liquidity will be exempt from the negative deposit facility rate.",D,2019-09-12 00:00:00,press_conference,,2019/2019-09-12-is-stmt.txt
"For banks whose eligible net lending exceeds a benchmark, the rate applied in TLTRO III operations will be lower, and can be as low as the average interest rate on the deposit facility prevailing over the life of the operation.",D,2019-09-12 00:00:00,press_conference,,2019/2019-09-12-is-stmt.txt
"In fact, incoming information since the last Governing Council meeting indicates a more protracted weakness of the euro area economy, the persistence of prominent downside risks and muted inflationary pressures.",D,2019-09-12 00:00:00,press_conference,,2019/2019-09-12-is-stmt.txt
"While labour cost pressures strengthened and broadened amid high levels of capacity utilisation and tightening labour markets, their pass-through to inflation is taking longer than previously anticipated.",H,2019-09-12 00:00:00,press_conference,,2019/2019-09-12-is-stmt.txt
"We now expect the key ECB interest rates to remain at their present or lower levels until we have seen the inflation outlook robustly converge to a level sufficiently close to, but below, 2% within our projection horizon, and such convergence has been consistently reflected in underlying inflation dynamics.",N,2019-09-12 00:00:00,press_conference,,2019/2019-09-12-is-stmt.txt
"Based on our regular economic and monetary analyses, we decided to keep the key ECB interest rates unchanged.",N,2019-10-24 00:00:00,press_conference,,2019/2019-10-24-is-stmt.txt
"The incoming data since the last Governing Council meeting in late October point to continued muted inflation pressures and weak euro area growth dynamics, although there are some initial signs of stabilisation in the growth slowdown and of a mild increase in underlying inflation in line with previous expectations.",D,2019-12-12 00:00:00,press_conference,,2019/2019-12-12-is-stmt.txt
"We expect them to remain at their present or lower levels until we have seen the inflation outlook robustly converge to a level sufficiently close to, but below, 2% within our projection horizon, and such convergence has been consistently reflected in underlying inflation dynamics.",N,2019-12-12 00:00:00,press_conference,,2019/2019-12-12-is-stmt.txt
"In particular, easier borrowing conditions for firms and households are underpinning consumer spending and business investment.",D,2019-12-12 00:00:00,press_conference,,2019/2019-12-12-is-stmt.txt
Our forward guidance will ensure that financial conditions adjust in accordance with changes to the inflation outlook.,N,2019-12-12 00:00:00,press_conference,,2019/2019-12-12-is-stmt.txt
All countries should intensify their efforts to achieve a more growth-friendly composition of public finances.,N,2019-12-12 00:00:00,press_conference,,2019/2019-12-12-is-stmt.txt
"Our accommodative monetary policy stance will help to safeguard very favourable bank lending conditions and will continue to support access to financing, across all economic sectors and in particular for small and medium-sized enterprises.",D,2019-12-12 00:00:00,press_conference,,2019/2019-12-12-is-stmt.txt
Further details about the scope and timetable of the review will be published in a press release today at 15:30 CET.,N,2020-01-23 00:00:00,press_conference,,2020/2020-01-23-is-stmt.txt
"While inflation developments remain subdued overall, there are some signs of a moderate increase in underlying inflation in line with expectations.",H,2020-01-23 00:00:00,press_conference,,2020/2020-01-23-is-stmt.txt
"Over the medium term, inflation is expected to increase, supported by our monetary policy measures, the ongoing economic expansion and solid wage growth.",H,2020-01-23 00:00:00,press_conference,,2020/2020-01-23-is-stmt.txt
"However, ongoing, albeit decelerating, employment growth and increasing wages continue to support the resilience of the euro area economy.",H,2020-01-23 00:00:00,press_conference,,2020/2020-01-23-is-stmt.txt
"In addition to the previously identified risks related to geopolitical factors, rising protectionism and vulnerabilities in emerging markets, the spread of the coronavirus adds a new and substantial source of downside risk to the growth outlook.",D,2020-03-12 00:00:00,press_conference,,2020/2020-03-12-is.txt
"In particular, the projections foresee very muted growth in the first half of 2020, followed by an improvement in the second half of the year.",H,2020-03-12 00:00:00,press_conference,,2020/2020-03-12-is.txt
"The disruption of supply chains is impeding production plans in the manufacturing sector, while necessary containment measures against the further spread of the coronavirus are adversely affecting economic activity.",D,2020-03-12 00:00:00,press_conference,,2020/2020-03-12-is.txt
Further details on the precise terms of our new operations will be published in dedicated press releases this afternoon at 15:30 CET.,N,2020-03-12 00:00:00,press_conference,,2020/2020-03-12-is.txt
"These developments are also clearly visible in the results of the euro area bank lending survey for the first quarter of 2020, which indicate a surge in firms' demand for loans and for drawing on credit lines to meet liquidity needs for working capital, while financing needs for fixed investment declined.",D,2020-04-30 00:00:00,press_conference,,2020/2020-04-30-is-stmt.txt
"Moreover, net purchases under our asset purchase programme (APP) will continue at a monthly pace of €20 billion, together with the purchases under the additional €120 billion temporary envelope until the end of the year.",D,2020-04-30 00:00:00,press_conference,,2020/2020-04-30-is-stmt.txt
"The extent of the contraction and the recovery will depend crucially on the duration and the success of the containment measures, how far supply capacity and domestic demand are permanently affected, and the success of policies in mitigating the adverse impact on incomes and employment.",D,2020-04-30 00:00:00,press_conference,,2020/2020-04-30-is-stmt.txt
Measures to contain the spread of the coronavirus (COVID-19) have largely halted economic activity in all the countries of the euro area and across the globe.,N,2020-04-30 00:00:00,press_conference,,2020/2020-04-30-is-stmt.txt
"Our policy measures, in particular the more favourable terms for TLTRO III operations and the collateral easing measures, should encourage banks to extend loans to all private sector entities.",D,2020-04-30 00:00:00,press_conference,,2020/2020-04-30-is-stmt.txt
"Compared with the March 2020 ECB staff macroeconomic projections, the outlook for HICP inflation has been revised downwards by 0.8",D,2020-06-04 00:00:00,press_conference,,2020/2020-06-04-is-stmt.txt
This allows us to effectively stave off risks to the smooth transmission of monetary policy.,N,2020-06-04 00:00:00,press_conference,,2020/2020-06-04-is-stmt.txt
percentage points in 2021 and 1.9,N,2020-06-04 00:00:00,press_conference,,2020/2020-06-04-is-stmt.txt
Incoming information confirms that the euro area economy is experiencing an unprecedented contraction.,D,2020-06-04 00:00:00,press_conference,,2020/2020-06-04-is-stmt.txt
"Signs of a recovery in consumption have emerged, while there has also been a significant rebound in industrial output.",H,2020-07-16 00:00:00,press_conference,,2020/2020-07-16-is-stmt.txt
"In order to reach its full potential, the European Union's Recovery and Resilience Facility will need to be firmly rooted in sound structural policies conceived and implemented at the national level.",N,2020-07-16 00:00:00,press_conference,,2020/2020-07-16-is-stmt.txt
"We will continue our purchases under the pandemic emergency purchase programme (PEPP) with a total envelope of €1,350 billion.",D,2020-07-16 00:00:00,press_conference,,2020/2020-07-16-is-stmt.txt
"Against this background, ample monetary stimulus remains necessary to support the economic recovery and to safeguard medium-term price stability.",D,2020-07-16 00:00:00,press_conference,,2020/2020-07-16-is-stmt.txt
"Following strong increases in the early months of the pandemic, the annual growth rate of loans to non-financial corporations remained broadly stable in July, standing at 7.0%, compared with 7.1% in June.",N,2020-09-10 00:00:00,press_conference,,2020/2020-09-10-is-stmt.txt
"The Governing Council also strongly welcomes the Next Generation EU package of €750 billion, which has the potential to significantly support the regions and sectors hardest hit by the pandemic, strengthen the Single Market and build a lasting and prosperous recovery.",D,2020-09-10 00:00:00,press_conference,,2020/2020-09-10-is-stmt.txt
"We will conduct net asset purchases under the PEPP until at least the end of June 2021 and, in any case, until the Governing Council judges that",D,2020-09-10 00:00:00,press_conference,,2020/2020-09-10-is-stmt.txt
"In particular, the latest operation in the third series of targeted longer-term refinancing operations (TLTRO III) has registered a very high take-up of funds, supporting bank lending to firms and households.",D,2020-09-10 00:00:00,press_conference,,2020/2020-09-10-is-stmt.txt
"Recently, momentum has slowed in the services sector compared with the manufacturing sector, which is also visible in survey results for August.",N,2020-09-10 00:00:00,press_conference,,2020/2020-09-10-is-stmt.txt
"In particular, they support liquidity and funding conditions in the economy, help to sustain the flow of credit to households and firms, and contribute to maintaining favourable financing conditions for all sectors and jurisdictions.",D,2020-09-10 00:00:00,press_conference,,2020/2020-09-10-is-stmt.txt
Headline inflation is being dampened by low energy prices and muted underlying price pressures in the context of weak demand and significant slack in labour and product markets.,D,2020-10-29 00:00:00,press_conference,,2020/2020-10-29-is-stmt.txt
"Fiscal measures taken in response to the pandemic emergency should, as much as possible, be targeted and temporary in nature.",N,2020-12-10 00:00:00,press_conference,,2020/2020-12-10-is-stmt.txt
"Following a sharp contraction in the first half of 2020, euro area real GDP rebounded strongly and rose by 12.5 per cent, quarter on quarter, in the third quarter, although remaining well below pre-pandemic levels.",H,2020-12-10 00:00:00,press_conference,,2020/2020-12-10-is-stmt.txt
"This deceleration has occurred in the context of abating emergency liquidity needs, weak investment and tighter credit conditions on loans to firms, as signalled by our bank lending survey for the euro area for the third quarter of 2020.",H,2020-12-10 00:00:00,press_conference,,2020/2020-12-10-is-stmt.txt
"While the news about the prospects for vaccine roll-outs in the near future is encouraging, downside risks remain related to the implications of the pandemic for economic and financial conditions.",N,2020-12-10 00:00:00,press_conference,,2020/2020-12-10-is-stmt.txt
"If favourable financing conditions can be maintained with asset purchase flows that do not exhaust the envelope over the net purchase horizon of the PEPP, the envelope need not be used in full.",N,2020-12-10 00:00:00,press_conference,,2020/2020-12-10-is-stmt.txt
"The growth of lending to the private sector has plateaued, while still recording higher growth rates than prior to the COVID-19 pandemic.",N,2020-12-10 00:00:00,press_conference,,2020/2020-12-10-is-stmt.txt
"Let me now explain our assessment in greater detail, starting with the economic analysis.",N,2021-01-21 00:00:00,press_conference,,2021/2021-01-21-is-stmt.txt
Surveyed banks also reported a fall in loan demand from firms in the fourth quarter.,H,2021-01-21 00:00:00,press_conference,,2021/2021-01-21-is-stmt.txt
These factors can be expected to fade out of annual inflation rates early next year.,N,2021-03-11 00:00:00,press_conference,,2021/2021-03-11-is-stmt.txt
"Based on a joint assessment of financing conditions and the inflation outlook, the Governing Council expects purchases under the PEPP over the next quarter to be conducted at a significantly higher pace than during the first months of this year.",D,2021-03-11 00:00:00,press_conference,,2021/2021-03-11-is-stmt.txt
"We continue to expect monthly net asset purchases under the APP to run for as long as necessary to reinforce the accommodative impact of our policy rates, and to end shortly before we start raising the key ECB interest rates.",D,2021-03-11 00:00:00,press_conference,,2021/2021-03-11-is-stmt.txt
"While our latest staff projection exercise foresees a gradual increase in underlying inflation pressures, it confirms that the medium-term inflation outlook remains broadly unchanged from the staff projections in December 2020 and below our inflation aim.",N,2021-03-11 00:00:00,press_conference,,2021/2021-03-11-is-stmt.txt
"We stand ready to adjust all of our instruments, as appropriate, to ensure that inflation moves towards our aim in a sustained manner, in line with our commitment to symmetry.",N,2021-04-22 00:00:00,press_conference,,2021/2021-04-22-is-stmt.txt
We will purchase flexibly according to market conditions and with a view to preventing a tightening of financing conditions that is inconsistent with countering the downward impact of the pandemic on the projected path of inflation.,D,2021-04-22 00:00:00,press_conference,,2021/2021-04-22-is-stmt.txt
"Over the medium term the recovery of the euro area economy is expected to be driven by a recovery in domestic and global demand, supported by favourable financing conditions and fiscal stimulus.",H,2021-04-22 00:00:00,press_conference,,2021/2021-04-22-is-stmt.txt
"We continue to expect monthly net asset purchases under the APP to run for as long as necessary to reinforce the accommodative impact of our policy rates, and to end shortly before we start raising the key ECB interest rates.",D,2021-06-10 00:00:00,press_conference,,2021/2021-06-10-is-stmt.txt
Inflation is expected to decline again at the start of next year as temporary factors fade out and global energy prices moderate.,D,2021-06-10 00:00:00,press_conference,,2021/2021-06-10-is-stmt.txt
"Regarding fiscal policies, an ambitious and coordinated fiscal stance remains crucial, as a premature withdrawal of fiscal support would risk weakening the recovery and amplifying the longer-term scarring effects.",N,2021-06-10 00:00:00,press_conference,,2021/2021-06-10-is-stmt.txt
"Compared with the March 2021 ECB staff macroeconomic projections, the outlook for inflation has been revised up for 2021 and 2022, largely owing to temporary factors and higher energy price inflation.",H,2021-06-10 00:00:00,press_conference,,2021/2021-06-10-is-stmt.txt
"In addition, the flexibility of purchases over time, across asset classes and among jurisdictions will continue to support the smooth transmission of monetary policy.",D,2021-06-10 00:00:00,press_conference,,2021/2021-06-10-is-stmt.txt
"Business investment shows resilience, despite weaker corporate balance sheets and the still uncertain economic outlook.",N,2021-06-10 00:00:00,press_conference,,2021/2021-06-10-is-stmt.txt
"Turning to the monetary analysis, the annual growth rate of broad money (M3) declined to 9.2 per cent in April 2021, from 10.0 per cent in March and 12.3 per cent in February.",D,2021-06-10 00:00:00,press_conference,,2021/2021-06-10-is-stmt.txt
"At the same time, the cost for firms of issuing equity is still high.",N,2021-07-22 00:00:00,press_conference,,2021/2021-07-22-is-stmt.txt
The recovery of growth and inflation still depends on favourable financing conditions for all sectors of the economy.,N,2021-09-09 00:00:00,press_conference,,2021/2021-09-09-is-stmt.txt
"If supply bottlenecks last longer and feed through into higher than anticipated wage rises, price pressures could be more persistent.",H,2021-09-09 00:00:00,press_conference,,2021/2021-09-09-is-stmt.txt
The number of workers in job retention schemes also remains substantial.,N,2021-09-09 00:00:00,press_conference,,2021/2021-09-09-is-stmt.txt
Output is expected to exceed its pre-pandemic level by the end of the year.,H,2021-09-09 00:00:00,press_conference,,2021/2021-09-09-is-stmt.txt
Bank lending rates for firms and households are at historically low levels.,H,2021-09-09 00:00:00,press_conference,,2021/2021-09-09-is-stmt.txt
"This continues to reflect the fact that firms generally need less external funding, since these have high cash holdings and are increasingly retaining their earnings.",N,2021-10-28 00:00:00,press_conference,,2021/2021-10-28-is-stmt.txt
"An effective implementation of the Next Generation EU programme and the ""Fit for 55"" package will contribute to a stronger, greener and more even recovery across euro area countries.",H,2021-10-28 00:00:00,press_conference,,2021/2021-10-28-is-stmt.txt
Market interest rates have increased since our last meeting in early September.,H,2021-10-28 00:00:00,press_conference,,2021/2021-10-28-is-stmt.txt
But higher energy prices may reduce purchasing power in the months to come.,H,2021-10-28 00:00:00,press_conference,,2021/2021-10-28-is-stmt.txt
"Second, the Governing Council decided to extend the reinvestment horizon for the PEPP.",N,2021-12-16 00:00:00,press_conference,,2021/2021-12-16-is-stmt.txt
Targeted and growth-friendly fiscal measures should continue to complement monetary policy.,D,2021-12-16 00:00:00,press_conference,,2021/2021-12-16-is-stmt.txt
We now expect output to exceed its pre-pandemic level in the first quarter of 2022.,H,2021-12-16 00:00:00,press_conference,,2021/2021-12-16-is-stmt.txt
Banks are now as profitable as they were before the pandemic.,N,2021-12-16 00:00:00,press_conference,,2021/2021-12-16-is-stmt.txt
We will also assess the appropriate calibration of our two-tier system for reserve remuneration so that the negative interest rate policy does not limit banks' intermediation capacity in an environment of ample excess liquidity.,D,2021-12-16 00:00:00,press_conference,,2021/2021-12-16-is-stmt.txt
"Overall, financing conditions for the economy remain favourable.",D,2021-12-16 00:00:00,press_conference,,2021/2021-12-16-is-stmt.txt
I will now outline in more detail how we see developments in the economy and inflation.,N,2021-12-16 00:00:00,press_conference,,2021/2021-12-16-is-stmt.txt
"Inflation is expected to remain elevated in the near term, but we expect it to decline in the course of next year.",H,2021-12-16 00:00:00,press_conference,,2021/2021-12-16-is-stmt.txt
"This is primarily driven by higher energy costs that are pushing up prices across many sectors, as well as higher food prices.",H,2022-02-03 00:00:00,press_conference,,2022/2022-02-03-is-stmt.txt
"While the outlook for inflation is uncertain, inflation is likely to remain elevated for longer than previously expected, but to decline in the course of this year.",N,2022-02-03 00:00:00,press_conference,,2022/2022-02-03-is-stmt.txt
"Shortages of materials, equipment and labour continue to hold back output in some industries.",N,2022-02-03 00:00:00,press_conference,,2022/2022-02-03-is-stmt.txt
"In view of the current uncertainty, we need more than ever to maintain flexibility and optionality in the conduct of monetary policy.",N,2022-02-03 00:00:00,press_conference,,2022/2022-02-03-is-stmt.txt
Inflation could be considerably higher in the near term.,H,2022-03-10 00:00:00,press_conference,,2022/2022-03-10-is-stmt.txt
"If the baseline of the staff projections materialises, the economy should continue to rebound thanks to the declining impact of the pandemic and the prospect of solid domestic demand and strong labour markets.",H,2022-03-10 00:00:00,press_conference,,2022/2022-03-10-is-stmt.txt
"In alternative scenarios for the economic and financial impact of the war, which will be published together with the staff projections on our website, economic activity could be dampened significantly by a steeper rise in energy and commodity prices and a more severe drag on trade and sentiment.",H,2022-03-10 00:00:00,press_conference,,2022/2022-03-10-is-stmt.txt
Any adjustments to the key ECB interest rates will take place some time after the end of our net purchases under the APP and will be gradual.,N,2022-03-10 00:00:00,press_conference,,2022/2022-03-10-is-stmt.txt
"The baseline for inflation in the new staff projections has been revised upwards significantly, with annual inflation at 5.1 per cent in 2022, 2.1 per cent in 2023 and 1.9 per cent in 2024.",H,2022-03-10 00:00:00,press_conference,,2022/2022-03-10-is-stmt.txt
Inflation has continued to surprise on the upside because of unexpectedly high energy costs.,H,2022-03-10 00:00:00,press_conference,,2022/2022-03-10-is-stmt.txt
"While risks relating to the pandemic have declined, the war in Ukraine may have a stronger effect on economic sentiment and could worsen supply-side constraints again.",N,2022-03-10 00:00:00,press_conference,,2022/2022-03-10-is-stmt.txt
The Governing Council sees it as increasingly likely that inflation will stabilise at its two per cent target over the medium term.,N,2022-03-10 00:00:00,press_conference,,2022/2022-03-10-is-stmt.txt
"However, in all scenarios, inflation is still expected to decrease progressively and settle at levels around our two per cent inflation target in 2024.",D,2022-03-10 00:00:00,press_conference,,2022/2022-03-10-is-stmt.txt
"Accordingly, the Governing Council expects the key ECB interest rates to remain at their present levels until it sees inflation reaching two per cent well ahead of the end of its projection horizon and durably for the rest of the projection horizon, and it judges that realised progress in underlying inflation is sufficiently advanced to be consistent with inflation stabilising at two per cent over the medium term.",N,2022-03-10 00:00:00,press_conference,,2022/2022-03-10-is-stmt.txt
We are very attentive to the current uncertainties and are closely monitoring the incoming data in relation to their implications for the medium-term inflation outlook.,N,2022-04-14 00:00:00,press_conference,,2022/2022-04-14-is-stmt.txt
Financial and monetary conditions Financial markets have been highly volatile since the war began and financial sanctions were imposed.,N,2022-04-14 00:00:00,press_conference,,2022/2022-04-14-is-stmt.txt
"The war is already weighing on the confidence of businesses and consumers, including through the uncertainty it brings.",N,2022-04-14 00:00:00,press_conference,,2022/2022-04-14-is-stmt.txt
"In the current conditions of high uncertainty, we will maintain optionality, gradualism and flexibility in the conduct of monetary policy.",D,2022-04-14 00:00:00,press_conference,,2022/2022-04-14-is-stmt.txt
"These factors will continue to weigh on confidence and dampen growth, especially in the near term.",D,2022-06-09 00:00:00,press_conference,,2022/2022-06-09-is-stmt.txt
"Inflation excluding energy and food is projected to average 3.3 per cent in 2022, 2.8 per cent in 2023 and 2.3 per cent in 2024 - also above the March projections.",N,2022-06-09 00:00:00,press_conference,,2022/2022-06-09-is-stmt.txt
Price rises are becoming more widespread across sectors.,H,2022-06-09 00:00:00,press_conference,,2022/2022-06-09-is-stmt.txt
"Over time, the strengthening of the economy and some catch-up effects should support faster growth in wages.",H,2022-07-21 00:00:00,press_conference,,2022/2022-07-21-is-stmt.txt
I will now outline in more detail how we see the economy and inflation developing and will then explain our assessment of financial and monetary conditions.,N,2022-07-21 00:00:00,press_conference,,2022/2022-07-21-is-stmt.txt
"Looking ahead, ECB staff have significantly revised up their inflation projections and inflation is now expected to average 8.1 per cent in 2022, 5.5 per cent in 2023 and 2.3 per cent in 2024.",H,2022-09-08 00:00:00,press_conference,,2022/2022-09-08-is-stmt.txt
"The Governing Council will therefore continue applying flexibility in reinvesting redemptions coming due in the pandemic emergency purchase programme portfolio, with a view to countering risks to the transmission mechanism related to the pandemic.",D,2022-09-08 00:00:00,press_conference,,2022/2022-09-08-is-stmt.txt
"Food price inflation also rose in August, to 10.6 per cent, partly reflecting higher input costs related to energy, disruptions of trade in food commodities and adverse weather conditions.",H,2022-09-08 00:00:00,press_conference,,2022/2022-09-08-is-stmt.txt
"Another technical press release, detailing the change to the remuneration of minimum reserves, will also be published at 15:45 CET.",N,2022-10-27 00:00:00,press_conference,,2022/2022-10-27-is-stmt.txt
"Moreover, global economic activity is growing more slowly, in a context of persistent geopolitical uncertainty, especially owing to Russia's unjustified war against Ukraine, and tighter financing conditions.",D,2022-10-27 00:00:00,press_conference,,2022/2022-10-27-is-stmt.txt
"Bank lending to firms remains robust, as firms replace bonds with bank loans and use credit to finance the higher costs of production and investment.",D,2022-12-15 00:00:00,press_conference,,2022/2022-12-15-is-stmt.txt
The decline will amount to €15 billion per month on average until the end of the second quarter of 2023 and its subsequent pace will be determined over time.,N,2022-12-15 00:00:00,press_conference,,2022/2022-12-15-is-stmt.txt
"Households are borrowing less, because of tighter credit standards, rising interest rates, worsening prospects for the housing market and lower consumer confidence.",H,2022-12-15 00:00:00,press_conference,,2022/2022-12-15-is-stmt.txt
There could be an additional drag on growth in the euro area if the world economy were to weaken more sharply than we expect.,D,2022-12-15 00:00:00,press_conference,,2022/2022-12-15-is-stmt.txt
Inflation is then projected to average 3.4 per cent in 2024 and 2.3 per cent in 2025.,N,2022-12-15 00:00:00,press_conference,,2022/2022-12-15-is-stmt.txt
Fiscal measures to compensate households for high energy prices and inflation are set to dampen inflation over next year but will raise it once they are withdrawn.,D,2022-12-15 00:00:00,press_conference,,2022/2022-12-15-is-stmt.txt
"In any event, our future policy rate decisions will continue to be data-dependent and follow a meeting-by-meeting approach.",N,2023-02-02 00:00:00,press_conference,,2023/2023-02-02-is-stmt.txt
"On the upside, existing pipeline pressures could still send retail prices higher in the near term.",H,2023-02-02 00:00:00,press_conference,,2023/2023-02-02-is-stmt.txt
"In particular, the remaining reinvestment amounts will be allocated proportionally to the share of redemptions across each constituent programme of the APP and, under the public sector purchase programme (PSPP), to the share of redemptions of each jurisdiction and across national and supranational issuers.",N,2023-02-02 00:00:00,press_conference,,2023/2023-02-02-is-stmt.txt
The Governing Council will stay the course in raising interest rates significantly at a steady pace and in keeping them at levels that are sufficiently restrictive to ensure a timely return of inflation to our two per cent medium-term target.,H,2023-02-02 00:00:00,press_conference,,2023/2023-02-02-is-stmt.txt
"Household borrowing has become more expensive as well, especially owing to higher mortgage rates.",H,2023-03-16 00:00:00,press_conference,,2023/2023-03-16-is-stmt.txt
"Subsequently, it is projected to come down to 2.5 per cent in 2024 and 2.2 per cent in 2025, as the upward pressures from past supply shocks and the reopening of the economy fade out and as tighter monetary policy increasingly dampens demand.",H,2023-03-16 00:00:00,press_conference,,2023/2023-03-16-is-stmt.txt
"To that end, governments should swiftly implement their investment and structural reform plans under the Next Generation EU programme.",N,2023-03-16 00:00:00,press_conference,,2023/2023-03-16-is-stmt.txt
Persistently elevated financial market tensions could tighten broader credit conditions more strongly than expected and dampen confidence.,H,2023-03-16 00:00:00,press_conference,,2023/2023-03-16-is-stmt.txt
"This rise in borrowing costs and the resultant decline in demand, along with tighter credit standards, have led to a further slowdown in the growth of loans to households.",H,2023-03-16 00:00:00,press_conference,,2023/2023-03-16-is-stmt.txt
"Economic activity The euro area economy grew by 0.1 per cent in the first quarter of 2023, according to Eurostat's preliminary flash estimate.",N,2023-05-04 00:00:00,press_conference,,2023/2023-05-04-is-stmt.txt
"At the same time, our past rate increases are being transmitted forcefully to euro area financing and monetary conditions, while the lags and strength of transmission to the real economy remain uncertain.",H,2023-05-04 00:00:00,press_conference,,2023/2023-05-04-is-stmt.txt
"The downside risks include renewed financial market tensions, which could bring inflation down faster than projected.",D,2023-05-04 00:00:00,press_conference,,2023/2023-05-04-is-stmt.txt
"In light of the ongoing high inflation pressures, the Governing Council today decided to raise the three key ECB interest rates by 25 basis points.",H,2023-05-04 00:00:00,press_conference,,2023/2023-05-04-is-stmt.txt
The reform of the EU's economic governance framework should be concluded soon.,N,2023-06-15 00:00:00,press_conference,,2023/2023-06-15-is-stmt.txt
"By contrast, renewed financial market tensions could bring inflation down faster than projected.",D,2023-06-15 00:00:00,press_conference,,2023/2023-06-15-is-stmt.txt
Past increases in energy costs are still pushing up prices across the economy.,H,2023-06-15 00:00:00,press_conference,,2023/2023-06-15-is-stmt.txt
I will now outline in more detail how we see the economy and inflation developing and will then explain our assessment of financial and monetary conditions.,N,2023-06-15 00:00:00,press_conference,,2023/2023-06-15-is-stmt.txt
"While some measures show signs of easing, underlying inflation remains high overall.",H,2023-07-27 00:00:00,press_conference,,2023/2023-07-27-is-stmt.txt
"Growth could be slower if the effects of monetary policy are more forceful than expected, or if the world economy weakens, for instance owing to a further slowdown in China.",D,2023-09-14 00:00:00,press_conference,,2023/2023-09-14-is-stmt.txt
Inflation continues to decline but is still expected to remain too high for too long.,H,2023-09-14 00:00:00,press_conference,,2023/2023-09-14-is-stmt.txt
Economic activity The economy is likely to remain subdued in the coming months.,N,2023-09-14 00:00:00,press_conference,,2023/2023-09-14-is-stmt.txt
"The services sector, which has been a major driver of employment growth since mid-2022, is now also creating fewer jobs.",N,2023-09-14 00:00:00,press_conference,,2023/2023-09-14-is-stmt.txt
"It broadly stagnated over the first half of the year, and recent indicators suggest it has also been weak in the third quarter.",N,2023-09-14 00:00:00,press_conference,,2023/2023-09-14-is-stmt.txt
The decisions taken today are set out in a press release available on our website.,N,2023-10-26 00:00:00,press_conference,,2023/2023-10-26-is-stmt.txt
"Inflation is still expected to stay too high for too long, and domestic price pressures remain strong.",H,2023-10-26 00:00:00,press_conference,,2023/2023-10-26-is-stmt.txt
Banks are becoming more concerned about the risks faced by their customers and are less willing to take on risks themselves.,N,2023-10-26 00:00:00,press_conference,,2023/2023-10-26-is-stmt.txt
We also decided today to advance the normalisation of the Eurosystem's balance sheet.,N,2023-12-14 00:00:00,press_conference,,2023/2023-12-14-is-stmt.txt
Our restrictive monetary policy continues to transmit strongly into broader financing conditions.,H,2023-12-14 00:00:00,press_conference,,2023/2023-12-14-is-stmt.txt
Conclusion The Governing Council today decided to keep the three key ECB interest rates unchanged.,N,2023-12-14 00:00:00,press_conference,,2023/2023-12-14-is-stmt.txt
"In line with our monetary policy strategy, the Governing Council thoroughly assessed the links between monetary policy and financial stability.",N,2023-12-14 00:00:00,press_conference,,2023/2023-12-14-is-stmt.txt
"In 2024, we expect inflation to decline more slowly because of further upward base effects and the phasing-out of past fiscal measures aimed at limiting the repercussions of the energy price shock.",D,2023-12-14 00:00:00,press_conference,,2023/2023-12-14-is-stmt.txt
"This reflects improving supply conditions, the fading effects of the past energy shock and the impact of tighter monetary policy on demand and on the pricing power of firms.",D,2023-12-14 00:00:00,press_conference,,2023/2023-12-14-is-stmt.txt
"Eurosystem staff expect inflation excluding energy and food to average 5.0 per cent in 2023, 2.7 per cent in 2024, 2.3 per cent in 2025 and 2.1 per cent in 2026.",N,2023-12-14 00:00:00,press_conference,,2023/2023-12-14-is-stmt.txt
In October it fell at an annual rate of 1.0 per cent.,N,2023-12-14 00:00:00,press_conference,,2023/2023-12-14-is-stmt.txt
The decisions taken today are set out in a press release available on our website.,N,2024-01-25 00:00:00,press_conference,,2024/2024-01-25-is-stmt.txt
"At the same time, lower unit profits have started to moderate the inflationary effect of rising unit labour costs.",N,2024-01-25 00:00:00,press_conference,,2024/2024-01-25-is-stmt.txt
"In addition, the dampening impact of past interest rate increases will gradually fade and demand for euro area exports should pick up.",H,2024-03-07 00:00:00,press_conference,,2024/2024-03-07-is-stmt.txt
"Meanwhile, employers are posting fewer job vacancies, while fewer firms are reporting that their production is being limited by labour shortages.",D,2024-03-07 00:00:00,press_conference,,2024/2024-03-07-is-stmt.txt
"Fiscal and structural policies should be strengthened to make our economy more productive and competitive, expand supply capacity and gradually bring down high public debt ratios.",N,2024-03-07 00:00:00,press_conference,,2024/2024-03-07-is-stmt.txt
A speedier implementation of the Next Generation EU programme and more determined efforts to remove national barriers to deeper and more integrated banking and capital markets can help increase investment in the green and digital transitions and reduce price pressures in the medium term.,D,2024-03-07 00:00:00,press_conference,,2024/2024-03-07-is-stmt.txt
"Most measures of underlying inflation fell further in February, confirming the picture of gradually diminishing price pressures.",D,2024-04-11 00:00:00,press_conference,,2024/2024-04-11-is-stmt.txt
"While spending on services is resilient, manufacturing firms are facing weak demand and production is still subdued, especially in energy-intensive sectors.",N,2024-04-11 00:00:00,press_conference,,2024/2024-04-11-is-stmt.txt
"Staff now see headline inflation averaging 2.5 per cent in 2024, 2.2 per cent in 2025 and 1.9 per cent in 2026.",N,2024-06-06 00:00:00,press_conference,,2024/2024-06-06-is-stmt.txt
"By contrast, inflation may surprise on the downside if monetary policy dampens demand more than expected, or if the economic environment in the rest of the world worsens unexpectedly.",D,2024-06-06 00:00:00,press_conference,,2024/2024-06-06-is-stmt.txt
Implementing the EU's revised economic governance framework fully and without delay will help governments bring down budget deficits and debt ratios on a sustained basis.,N,2024-06-06 00:00:00,press_conference,,2024/2024-06-06-is-stmt.txt
A weaker world economy or an escalation in trade tensions between major economies would weigh on euro area growth.,D,2024-06-06 00:00:00,press_conference,,2024/2024-06-06-is-stmt.txt
The latest Eurosystem staff projections for both headline and core inflation have been revised up for 2024 and 2025 compared with the March projections.,H,2024-06-06 00:00:00,press_conference,,2024/2024-06-06-is-stmt.txt
Growth could also be lower if the effects of monetary policy turn out stronger than expected.,D,2024-07-18 00:00:00,press_conference,,2024/2024-07-18-is-stmt.txt
A weaker world economy or an escalation in trade tensions between major economies would weigh on euro area growth.,D,2024-07-18 00:00:00,press_conference,,2024/2024-07-18-is-stmt.txt
"Moreover, extreme weather events, and the unfolding climate crisis more broadly, could drive up food prices.",H,2024-07-18 00:00:00,press_conference,,2024/2024-07-18-is-stmt.txt
We will continue to follow a data-dependent and meeting-by-meeting approach to determining the appropriate level and duration of restriction.,N,2024-09-12 00:00:00,press_conference,,2024/2024-09-12-is-stmt.txt
"At the same time, employment growth slowed to 0.2 per cent in the second quarter, from 0.3 per cent in the first.",N,2024-09-12 00:00:00,press_conference,,2024/2024-09-12-is-stmt.txt
I will now outline in more detail how we see the economy and inflation developing and will then explain our assessment of financial and monetary conditions.,N,2024-09-12 00:00:00,press_conference,,2024/2024-09-12-is-stmt.txt
"We expect the recovery to strengthen over time, as rising real incomes allow households to consume more.",H,2024-09-12 00:00:00,press_conference,,2024/2024-09-12-is-stmt.txt
"Bank lending to firms grew at an annual rate of 0.6 per cent in July, down slightly from June, and growth in loans to households edged up to 0.5 per cent.",D,2024-09-12 00:00:00,press_conference,,2024/2024-09-12-is-stmt.txt
The unemployment rate stayed at its historical low of 6.4 per cent in August.,N,2024-10-17 00:00:00,press_conference,,2024/2024-10-17-is-stmt.txt
"Credit standards for mortgages eased for the third quarter in a row, owing especially to greater competition among banks.",N,2024-10-17 00:00:00,press_conference,,2024/2024-10-17-is-stmt.txt
The decisions taken today are set out in a press release available on our website.,N,2024-10-17 00:00:00,press_conference,,2024/2024-10-17-is-stmt.txt
Greater friction in global trade would make the euro area inflation outlook more uncertain.,N,2024-12-12 00:00:00,press_conference,,2024/2024-12-12-is-stmt.txt
"We expect inflation to fluctuate around its current level in the near term, as previous sharp falls in energy prices continue to drop out of the annual rates.",N,2024-12-12 00:00:00,press_conference,,2024/2024-12-12-is-stmt.txt
This reflects strong wage pressures and the fact that some services prices are still adjusting with a delay to the past inflation surge.,N,2024-12-12 00:00:00,press_conference,,2024/2024-12-12-is-stmt.txt
"In line with our monetary policy strategy, the Governing Council thoroughly assessed the links between monetary policy and financial stability.",N,2024-12-12 00:00:00,press_conference,,2024/2024-12-12-is-stmt.txt
Risk assessment The risks to economic growth remain tilted to the downside.,D,2024-12-12 00:00:00,press_conference,,2024/2024-12-12-is-stmt.txt
But the latest information suggests it is losing momentum.,N,2024-12-12 00:00:00,press_conference,,2024/2024-12-12-is-stmt.txt
Euro area banks remain resilient and there are few signs of financial market stress.,N,2024-12-12 00:00:00,press_conference,,2024/2024-12-12-is-stmt.txt
I will now outline in more detail how we see the economy and inflation developing and will then explain our assessment of financial and monetary conditions.,N,2024-12-12 00:00:00,press_conference,,2024/2024-12-12-is-stmt.txt
"Bank lending to firms has gradually picked up from low levels, and increased by 1.2 per cent in October compared with a year earlier.",D,2024-12-12 00:00:00,press_conference,,2024/2024-12-12-is-stmt.txt
"Meanwhile, demand for labour continues to weaken.",D,2024-12-12 00:00:00,press_conference,,2024/2024-12-12-is-stmt.txt
We are determined to ensure that inflation stabilises sustainably at our two per cent medium-term target.,N,2025-01-30 00:00:00,press_conference,,2025/2025-01-30-is-stmt.txt
"But wage growth is moderating as expected, and profits are partially buffering the impact on inflation.",N,2025-01-30 00:00:00,press_conference,,2025/2025-01-30-is-stmt.txt
"The downward revisions for 2025 and 2026 reflect lower exports and ongoing weakness in investment, in part originating from high trade policy uncertainty as well as broader policy uncertainty.",D,2025-03-06 00:00:00,press_conference,,2025/2025-03-06-is-stmt.txt
The assumption of higher energy price inflation led staff to revise up the headline inflation projection for 2025.,H,2025-03-06 00:00:00,press_conference,,2025/2025-03-06-is-stmt.txt
We are not pre-committing to a particular rate path.,N,2025-03-06 00:00:00,press_conference,,2025/2025-03-06-is-stmt.txt
"By contrast, firms' cost of issuing market-based debt rose to 3.7 per cent, 0.2 percentage points above its December level.",H,2025-03-06 00:00:00,press_conference,,2025/2025-03-06-is-stmt.txt
Most measures of underlying inflation suggest that inflation will settle at around our two per cent medium-term target on a sustained basis.,N,2025-03-06 00:00:00,press_conference,,2025/2025-03-06-is-stmt.txt
"Especially in current conditions of rising uncertainty, we will follow a data-dependent and meeting-by-meeting approach to determining the appropriate monetary policy stance.",N,2025-03-06 00:00:00,press_conference,,2025/2025-03-06-is-stmt.txt
We are determined to ensure that inflation stabilises sustainably at our two per cent medium-term target.,N,2025-03-06 00:00:00,press_conference,,2025/2025-03-06-is-stmt.txt
"For inflation excluding energy and food, staff project an average of 2.2 per cent in 2025, 2.0 per cent in 2026 and 1.9 per cent in 2027.",N,2025-03-06 00:00:00,press_conference,,2025/2025-03-06-is-stmt.txt
"The latest official statistics on corporate borrowing, which predated these market tensions, continued to indicate that our interest rate cuts had made it less expensive for firms to borrow.",D,2025-04-17 00:00:00,press_conference,,2025/2025-04-17-is-stmt.txt
"At the same time, an increase in defence and infrastructure spending would add to growth.",N,2025-04-17 00:00:00,press_conference,,2025/2025-04-17-is-stmt.txt
It is also important to rapidly establish the legislative framework to prepare the ground for the potential introduction of a digital euro.,N,2025-04-17 00:00:00,press_conference,,2025/2025-04-17-is-stmt.txt
"Services inflation fell again in March, to 3.5 per cent, and it now stands half a percentage point below the rate recorded at the end of last year.",D,2025-04-17 00:00:00,press_conference,,2025/2025-04-17-is-stmt.txt
Increasing global trade disruptions are adding more uncertainty to the outlook for euro area inflation.,N,2025-04-17 00:00:00,press_conference,,2025/2025-04-17-is-stmt.txt
"By contrast, if trade tensions were resolved with a benign outcome, growth and, to a lesser extent, inflation would be higher than in the baseline projections.",H,2025-06-05 00:00:00,press_conference,,2025/2025-06-05-is-stmt.txt
Conclusion The Governing Council today decided to lower the three key ECB interest rates by 25 basis points.,D,2025-06-05 00:00:00,press_conference,,2025/2025-06-05-is-stmt.txt
These scenarios will be published with the staff projections on our website.,N,2025-06-05 00:00:00,press_conference,,2025/2025-06-05-is-stmt.txt
"Labour costs are gradually moderating, as indicated by incoming data on negotiated wages and available country data on compensation per employee.",N,2025-06-05 00:00:00,press_conference,,2025/2025-06-05-is-stmt.txt
We are not pre-committing to a particular rate path.,N,2025-07-24 00:00:00,press_conference,,2025/2025-07-24-is-stmt.txt
"By contrast, inflation could turn out to be higher if a fragmentation of global supply chains pushed up import prices and added to capacity constraints in the domestic economy.",H,2025-07-24 00:00:00,press_conference,,2025/2025-07-24-is-stmt.txt
"Fiscal and structural policies should make the economy more productive, competitive and resilient.",H,2025-09-11 00:00:00,press_conference,,2025/2025-09-11-is-stmt.txt
"Higher tariffs, a stronger euro and increased global competition are expected to hold growth back for the rest of the year.",D,2025-09-11 00:00:00,press_conference,,2025/2025-09-11-is-stmt.txt
"Inflation excluding energy and food is expected to fall from 2.4 per cent in 2025 to 1.9 per cent in 2026 and 1.8 per cent in 2027, owing to the stronger euro and declining labour cost pressures.",D,2025-09-11 00:00:00,press_conference,,2025/2025-09-11-is-stmt.txt
A boost in defence and infrastructure spending could also raise inflation over the medium term.,H,2025-09-11 00:00:00,press_conference,,2025/2025-09-11-is-stmt.txt
"Most measures of longer-term inflation expectations continue to stand at around 2 per cent, supporting the stabilisation of inflation around our target.",N,2025-10-30 00:00:00,press_conference,,2025/2025-10-30-is-stmt.txt
"According to our latest bank lending survey for the euro area, credit standards for business loans tightened moderately in the third quarter, as banks became more concerned about the risks faced by their customers.",N,2025-10-30 00:00:00,press_conference,,2025/2025-10-30-is-stmt.txt
"Inflation has been revised up for 2026, mainly because staff now expect services inflation to decline more slowly.",H,2025-12-18 00:00:00,press_conference,,2025/2025-12-18-is-stmt.txt
"Risk assessment While trade tensions have eased, the still volatile international environment could disrupt supply chains, dampen exports, and weigh on consumption and investment.",N,2025-12-18 00:00:00,press_conference,,2025/2025-12-18-is-stmt.txt
A slower reduction in wage pressures could delay the decline in services inflation.,H,2025-12-18 00:00:00,press_conference,,2025/2025-12-18-is-stmt.txt
But geopolitical uncertainty and the possibility of a sudden repricing in global financial markets pose risks to financial stability in the euro area.,N,2025-12-18 00:00:00,press_conference,,2025/2025-12-18-is-stmt.txt
"Energy prices were 0.5 per cent lower than a year ago, after a larger decline in October.",D,2025-12-18 00:00:00,press_conference,,2025/2025-12-18-is-stmt.txt
"Food price inflation was 2.4 per cent, after 2.5 per cent in October and 3.0 per cent in September.",N,2025-12-18 00:00:00,press_conference,,2025/2025-12-18-is-stmt.txt
"Economic growth is expected to be stronger than in the September projections, driven especially by domestic demand.",H,2025-12-18 00:00:00,press_conference,,2025/2025-12-18-is-stmt.txt
We will follow a data-dependent and meeting-by-meeting approach to determining the appropriate monetary policy stance.,N,2026-02-05 00:00:00,press_conference,,2026/2026-02-05-is-stmt.txt
"At the same time, credit standards for business loans tightened again.",H,2026-02-05 00:00:00,press_conference,,2026/2026-02-05-is-stmt.txt
"Our interest rate decisions will be based on our assessment of the inflation outlook and the risks surrounding it, in light of the incoming economic and financial data, as well as the dynamics of underlying inflation and the strength of monetary policy transmission.",N,2026-02-05 00:00:00,press_conference,,2026/2026-02-05-is-stmt.txt
"Governments should prioritise sustainable public finances, strategic investment and growth-enhancing structural reforms.",N,2026-02-05 00:00:00,press_conference,,2026/2026-02-05-is-stmt.txt
More volatile and risk-averse financial markets could weigh on demand and thereby also lower inflation.,D,2026-02-05 00:00:00,press_conference,,2026/2026-02-05-is-stmt.txt
The economy remains resilient in a challenging global environment.,N,2026-02-05 00:00:00,press_conference,,2026/2026-02-05-is-stmt.txt
"Negotiated wage growth and forward-looking indicators, such as the ECB's wage tracker and surveys on wage expectations, point to a continued moderation in labour costs.",N,2026-02-05 00:00:00,press_conference,,2026/2026-02-05-is-stmt.txt
The Governing Council today decided to keep the three key ECB interest rates unchanged.,N,2026-02-05 00:00:00,press_conference,,2026/2026-02-05-is-stmt.txt
We are determined to ensure that inflation stabilises at our two per cent target in the medium term.,N,2026-03-19 00:00:00,press_conference,,2026/2026-03-19-is-stmt.txt
Growth was no longer weighed down by net exports as it had been in the previous two quarters.,N,2026-03-19 00:00:00,press_conference,,2026/2026-03-19-is-stmt.txt
"For inflation excluding energy and food, staff project an average of 2.3 per cent in 2026, 2.2 per cent in 2027 and 2.1 per cent in 2028.",N,2026-03-19 00:00:00,press_conference,,2026/2026-03-19-is-stmt.txt
"Inflation has been revised up compared with the December projections, especially for 2026.",H,2026-03-19 00:00:00,press_conference,,2026/2026-03-19-is-stmt.txt
"The digital euro and tokenised wholesale central bank money will enhance Europe's strategic autonomy, competitiveness and financial integration, and will boost innovation in payments.",N,2026-03-19 00:00:00,press_conference,,2026/2026-03-19-is-stmt.txt
Financial and monetary conditions The war in the Middle East has had a pronounced impact on global financial markets.,N,2026-03-19 00:00:00,press_conference,,2026/2026-03-19-is-stmt.txt
"This is also higher than the path in the December projections, mainly owing to higher energy prices feeding into inflation excluding energy and food.",H,2026-03-19 00:00:00,press_conference,,2026/2026-03-19-is-stmt.txt
"Corporate profits recovered further in the fourth quarter of 2025, while unit labour costs rose at a similar rate as in the previous quarter.",N,2026-03-19 00:00:00,press_conference,,2026/2026-03-19-is-stmt.txt
"Energy prices were 3.1 per cent lower than a year ago, after being 4.0 per cent lower in January.",D,2026-03-19 00:00:00,press_conference,,2026/2026-03-19-is-stmt.txt
"The scenario analysis suggests that a prolonged disruption in the supply of oil and gas would result in inflation being above, and growth being below, the baseline projections.",H,2026-03-19 00:00:00,press_conference,,2026/2026-03-19-is-stmt.txt
"Inflation excluding energy and food decreased to 2.2 per cent, from 2.3 per cent in March, reflecting a fall in services inflation, which declined to 3.0 per cent, from 3.2 per cent in March.",N,2026-04-30 00:00:00,press_conference,,2026/2026-04-30-is-stmt.txt
"Real GDP grew by 0.1 per cent in the first quarter of 2026, according to Eurostat's preliminary flash estimate.",H,2026-04-30 00:00:00,press_conference,,2026/2026-04-30-is-stmt.txt
"The euro area entered this period of surging energy prices with inflation at around our two per cent target, and the economy has shown resilience over recent quarters.",N,2026-04-30 00:00:00,press_conference,,2026/2026-04-30-is-stmt.txt
"Domestic demand remains the main driver of growth, supported by a resilient labour market.",N,2026-04-30 00:00:00,press_conference,,2026/2026-04-30-is-stmt.txt
Longer delivery times and rising input prices suggest supply chains are coming under pressure.,N,2026-04-30 00:00:00,press_conference,,2026/2026-04-30-is-stmt.txt
"If energy prices were to rise by more and for longer than currently expected, euro area inflation would increase further.",H,2026-04-30 00:00:00,press_conference,,2026/2026-04-30-is-stmt.txt
The Governing Council highlights the urgent need to strengthen the euro area economy while maintaining sound public finances.,N,2026-04-30 00:00:00,press_conference,,2026/2026-04-30-is-stmt.txt
"If energy prices were to rise by more and for longer than currently expected, euro area inflation would increase further.",H,2026-06-11 00:00:00,press_conference,,2026/2026-06-11-is-stmt.txt
Manufacturing has held up so far.,N,2026-06-11 00:00:00,press_conference,,2026/2026-06-11-is-stmt.txt
"The cost of issuing market-based debt rose to 4.0 per cent in April, from 3.9 per cent in March.",H,2026-06-11 00:00:00,press_conference,,2026/2026-06-11-is-stmt.txt
We will follow a data-dependent and meeting-by-meeting approach to determining the appropriate monetary policy stance.,N,2026-06-11 00:00:00,press_conference,,2026/2026-06-11-is-stmt.txt
"By contrast, growth could turn out to be higher if the economy and energy markets were to adapt more quickly than expected to the disruption caused by the war in the Middle East or if the war was resolved promptly and sustainably.",H,2026-06-11 00:00:00,press_conference,,2026/2026-06-11-is-stmt.txt
"This could be reinforced and become more persistent if higher energy prices were to spill over by more than expected to other prices and to wages, if longer-term inflation expectations were to rise in response, or if global supply chains were disrupted more broadly.",H,2026-06-11 00:00:00,press_conference,,2026/2026-06-11-is-stmt.txt
"However, the war in the Middle East remains a major source of uncertainty.",N,2026-06-11 00:00:00,press_conference,,2026/2026-06-11-is-stmt.txt
"At the same time, household balance sheets are solid overall, and consumption should remain the main driver of growth.",N,2026-06-11 00:00:00,press_conference,,2026/2026-06-11-is-stmt.txt
"Completing the savings and investments union is key to funding innovation, supporting the green and digital transitions and improving productivity.",N,2026-06-11 00:00:00,press_conference,,2026/2026-06-11-is-stmt.txt
"Under specific circumstances, namely when foreign countries also adhere to price stability, this also creates favourable conditions for a stable external value of the currency, in other words, exchange rate stability.",N,1997-10-14,speeches,,
"Moreover, there is a degree of upward bias in measured inflation.",N,1997-10-14,speeches,,
"Let me now move on to the external aspect of monetary stability, namely that of a stable exchange rate.",N,1997-10-14,speeches,,
For several EU countries it has proved highly beneficial in the past decades to aim for a stable external value of the currency against the strongest and most credible EU currencies as the key to achieving price stability.,N,1997-10-14,speeches,,
My remarks should make clear that I see no conflict between price stability and a balanced development of economic activity in EMU,N,1997-10-14,speeches,,
"on the contrary, a stable price environment provides excellent conditions for a flourishing market economy and thus supports a healthy creation of employment.",N,1997-10-14,speeches,,
"Calculations for the United States suggest that the negative impact of 2 percentage points extra inflation could be as high as 1% of GDP on a permanent basis, in other words output is 1% lower each year.",N,1997-10-14,speeches,,
"However, this is a particularly difficult exercise in periods of high and variable inflation.",N,1997-10-14,speeches,,
"At times of high and variable inflation, however, they tend to prefer projects which promise a quick return on investment.",N,1997-10-14,speeches,,
Accepting high inflation is thus equivalent to allowing a social injustice to endure.,N,1997-10-14,speeches,,
In many European economies - including France and the Netherlands - this two-way mechanism was clearly visible in the simultaneous rise of inflation and labour's share of GDP in the 1970s and early 1980s.,H,1997-10-14,speeches,,
"A reverse process was set in motion in the course of the 1980s: parallel to the decline in inflation the share of profits in GDP increased, which in turn offered opportunities for investment, output growth and employment.",D,1997-10-14,speeches,,
Society has paid a high price for this illusion in terms of stagnating economic growth combined with high and volatile inflation.,N,1997-10-14,speeches,,
"First, the contribution that monetary policy can make towards balanced growth and employment is above all to provide for a stable price climate.",N,1997-10-14,speeches,,
"In addition, the Stability and Growth Pact specifies a procedure for a rapid correction of excessive deficits in euro countries should they nevertheless arise.",N,1997-10-14,speeches,,
Empirical research has shown that both the average rate of inflation and its variability tend to decline in line with increased central bank independence.,N,1997-11-15,speeches,,
"Conversely, a rising price level - even at moderate rates - imposes substantial economic costs, such as those arising from increased uncertainty about the outcome of investment decisions and profitability, the distortionary effects on the tax system, rising risk premia in long-term interest rates and the reduced allocative effectiveness of the price and market systems.",N,1997-11-15,speeches,,
"First, the most important contribution that monetary policy can make towards balanced growth and employment is to provide for a stable price environment.",N,1997-11-15,speeches,,
"As the experience of recent years shows, those Member States that have undertaken fundamental labour market reforms have achieved both a strong recovery of employment and stable prices.",H,1997-11-15,speeches,,
Recent empirical studies carried out for different groups of EU countries show that area-wide money demand functions appear relatively stable and some monetary aggregates have leading indicator properties for inflationary developments.,N,1997-11-15,speeches,,
"Both strategies can be seen as oriented towards the medium-term, thereby providing an anchor for inflation expectations.",N,1997-11-15,speeches,,
"With a low import and export ratio, the effect of exchange rate movements on internal price developments and competitiveness will be limited.",N,1997-11-15,speeches,,
"To summarise, the internal value of the euro - price stability - will be the objective of the ESCB and when other countries also adhere to this objective, this will create favourable conditions for a stable external value of the euro.",N,1997-11-15,speeches,,
The continuing challenge for central banks is to ensure long-term credibility for monetary policy by sustaining an environment of low inflation.,N,1997-11-15,speeches,,
"Furthermore, the transition to Stage Three will increase uncertainty about the monetary policy transmission process.",N,1997-11-15,speeches,,
"Moreover, empirical research has shown that both the average rate of inflation and its variability tend to decline in line with increased central bank independence.",N,1997-11-20,speeches,,
"Conversely, a rising price level - even at moderate rates of inflation - imposes substantial economic costs, such as those arising from increased uncertainty about the outcome of investment decisions and profitability, the distortionary effects on the tax system, rising risk premia in long-term interest rates and the reduced allocative effectiveness of the price and market systems.",N,1997-11-20,speeches,,
"First, the most important contribution that monetary policy can make towards balanced growth and employment is to provide a stable price environment.",N,1997-11-20,speeches,,
"As the experience of recent years has shown, those Member States that have undertaken fundamental labour market reforms have achieved both a strong recovery of employment and stable prices.",H,1997-11-20,speeches,,
"At the same time, they have often successfully managed to reduce their budget deficits.",H,1997-11-20,speeches,,
A stable price and financial environment enhances the capacity of monetary policy to react appropriately to cyclical weakness in the economy.,N,1997-11-20,speeches,,
"Rather, stable prices are a condition for sound long-term growth and the sustainable creation of employment.",N,1997-11-20,speeches,,
"It should be noted that several central banks pursuing monetary targets also set quantitative medium-term norms for the final objective, price stability, in order to increase the transparency of their policy.",N,1997-11-20,speeches,,
Recent empirical studies carried out for different groups of EU countries show that EU-wide money demand functions appear to be relatively stable and some monetary aggregates have leading indicator properties for inflationary developments.,N,1997-11-20,speeches,,
"Both strategies can be seen as being oriented towards the medium term, thereby providing an anchor for inflation expectations.",N,1997-11-20,speeches,,
The continuing challenge for central banks is to ensure long-term credibility for monetary policy by sustaining an environment of low inflation.,N,1997-11-20,speeches,,
"Furthermore, the transition to Stage Three will increase uncertainty about the monetary policy transmission process.",N,1997-11-20,speeches,,
No central bank in the world is able to increase its country's growth rate permanently by printing money or even by reducing the nominal interest rate to zero.,N,1997-11-27,speeches,,
"Thus, if the goal of price stability is evident and credible, stable monetary policy will become much easier to implement.",N,1997-11-27,speeches,,
3 High inflation hampers economic growth.,N,1997-11-27,speeches,,
"This has included attempts to use monetary policy for fiscal purposes (such as trying to reduce the real debt burden by surprise inflation) and the many unsuccessful attempts to boost growth through inflation, ignoring the effects on market expectations.",N,1997-11-27,speeches,,
The argument is that the costs of a minor increase in average inflation will be more than compensated by gains in employment.,N,1997-11-27,speeches,,
"Even starting from low levels, higher inflation means higher volatility, which will then be reflected in higher risk premia and thus higher real interest rates - and eventually lower growth rates.",N,1997-11-27,speeches,,
It should seize that opportunity and enjoy the benefits that sustained price stability will bring.,N,1997-11-27,speeches,,
"The task ahead is to broaden and deepen the public's understanding of and support for the strategy and tactics of monetary policy and to lock in credibility for achieving low inflation, stable growth and lasting employment creation.",N,1997-11-27,speeches,,
"By ensuring that prices throughout the euro area can be kept stable over time, the European System of Central Banks (ESCB) will be laying the foundations for sustainable economic growth and improved employment prospects in Europe as a whole.",N,1998-11-12,speeches,,
"A clear indication in quantitative terms of the objective of monetary policy will help build up the credibility of the new, single monetary policy of the euro area and will thereby increase its effectiveness.",N,1998-11-12,speeches,,
"In this context, the Governing Council agreed in October that ""price stability shall be defined as a year-on-year increase in the Harmonised Index of Consumer Prices (HICP) for the euro area of below 2%"".",N,1998-11-12,speeches,,
"Even then, however, monetary policy will generally still give due consideration to other objectives of economic policy by only gradually restoring price stability, especially if the deviation from price stability is substantial.",D,1998-11-12,speeches,,
"""year-on-year increases"" implies that persistent price decreases - that is to say deflation in the measured price index - would not be considered to be consistent with price stability either.",N,1998-11-12,speeches,,
"However, it should be noted that, unless it enjoys the support of sound budgetary policies and responsible wage behaviour, monetary policy can sometimes only achieve price stability at a high cost in terms of lost output and employment.",N,1998-11-12,speeches,,
"In the context of this Pact, it was agreed in the medium term to reduce government deficits to close to balance or even to create surpluses.",N,1998-11-12,speeches,,
"On the official side, they include its use as an anchor for exchange rate pegs, as a storage for foreign exchange reserves and as a vehicle currency for foreign exchange interventions.",N,1998-11-12,speeches,,
The pursuit of stability-oriented monetary and budgetary policies on both sides of the Atlantic would put in place one of the major prerequisites for a stable euro exchange rate vis-à-vis the US dollar.,N,1998-11-12,speeches,,
The ECB's international role will be guided by the fundamental view that price stability in the euro area is the best contribution it can make to a stable international monetary system.,N,1998-11-12,speeches,,
"On the official side, they include the use of a currency as an anchor for exchange rate pegs, as a means of storing foreign exchange reserves, and as a vehicle for foreign exchange interventions.",N,1998-11-20,speeches,,
"In particular, the fact that our strategy does not include any exchange rate target vis-à-vis the US dollar does not imply that the euro/dollar rate will be unstable or volatile, or that the ESCB is against reasonably stable exchange rates.",N,1998-11-20,speeches,,
The pursuit of stability-oriented monetary and budgetary policies on both sides of the Atlantic would put in place one of the major prerequisites for a reasonably stable euro/dollar exchange rate.,N,1998-11-20,speeches,,
"Price stability was therefore specified as a ""year-on-year increase in the Harmonised Index of Consumer Prices (HICP) for the euro area of below 2%"".",N,1998-12-03,speeches,,
a sustained and ongoing decline in the consumer price level - is not consistent with price stability.,N,1998-12-03,speeches,,
"Indeed, the empirical evidence suggests that price developments are more predictable when the inflation rate is low",N,1998-12-03,speeches,,
price stability thus enhances the predictability of the macroeconomic environment.,N,1998-12-03,speeches,,
"A situation of low inflation also allows households and firms to base their economic decisions on more reliable information, as they may find it easier to distinguish movements in relative prices from movements in the general price index.",N,1998-12-03,speeches,,
"For instance, firms may engage in long-term investments without fearing that an unexpected surge or decline in the inflation rate could cause their commitment to be sub-optimal or even unsustainable.",N,1998-12-03,speeches,,
"In the same vein, households may plan an optimal allocation of saving and consumption over their lifetime, without facing the risk of the real value of financial assets changing on account of an unexpected rise or decline in the inflation rate.",N,1998-12-03,speeches,,
"One particular benefit to be derived from a stable price environment is that borrowers are not requested to pay extra, to cover the risk of an unexpected rise in the general price level.",N,1998-12-03,speeches,,
"A situation of price stability also avoids the risk of borrowers being confronted with a rising real value of financial debts, which are normally fixed in advance in nominal terms, in the event of an unexpected and persistent decline in prices.",N,1998-12-03,speeches,,
"Such a rising real debt burden may have negative effects on real economic activity, as borrowers are normally more engaged in productive activities than lenders.",N,1998-12-03,speeches,,
"High inflation or persistent deflation is costly for society even in the best possible scenario, i.e.",N,1998-12-03,speeches,,
"For example, at times of high inflation sellers must continuously update menus and households expend needless time and energy when they are forced to economise on liquid balances.",N,1998-12-03,speeches,,
"Moreover, if the tax system is not completely indexed to changes in the price index, which is very often the case, inflation does in the end have real redistribution effects, which, in practice, entails an automatic increase in the tax burden.",N,1998-12-03,speeches,,
The high unemployment rate in Europe represents the main concern of economic policy-makers.,D,1998-12-03,speeches,,
"By creating optimal conditions for a sustainable and strong pace of economic activity, price stability will ultimately spur employment growth and foster higher living standards.",N,1998-12-03,speeches,,
"However, this role is very limited, because the high unemployment rate in Europe is far more the consequence of structural rigidities within the European labour and product markets than a result of adverse cyclical developments.",N,1998-12-03,speeches,,
"The European unemployment rate has, indeed, been high and stable over the business cycles in the past decade.",N,1998-12-03,speeches,,
Market flexibility may also help to reduce regional asymmetries in the effects of the single monetary policy.,N,1998-12-03,speeches,,
"Furthermore, fiscal discipline exerts a downward influence on the risk premia embedded in nominal long-term interest rates.",N,1998-12-03,speeches,,
"By ensuring that prices in the euro area can be kept stable over time, the European System of Central Banks (ESCB) will be laying the foundations for sustainable economic growth and improved employment prospects in Europe.",N,1998-12-07,speeches,,
"A clear definition in quantitative terms of price stability will help stabilise inflation expectations, build up the credibility of the single monetary policy of the ESCB and will thereby increase its effectiveness.",N,1998-12-07,speeches,,
"In this context, the Governing Council agreed in October that "" price stability shall be defined as a year-on-year increase in the Harmonised Index of Consumer Prices (HICP) for the euro area of below 2%",N,1998-12-07,speeches,,
""" implies that persistent price decreases - that is to say deflation in the measured price index - would not be considered to be consistent with price stability either.",N,1998-12-07,speeches,,
"By fulfilling its primary objective of maintaining price stability, the ESCB will automatically also support the general economic policies in the European Community which are aimed at achieving the aforementioned objectives, namely non-inflationary growth and high employment.",N,1998-12-07,speeches,,
"That is why I attach great importance to the so-called Stability and Growth Pact, in which European governments agreed to reduce government deficits to close to balance or even to create a surplus in the medium term.",N,1998-12-07,speeches,,
"In particular, empirical evidence shows that increases in prices are relatively closely linked to rates of money growth in excess of the real growth capacity of the economy over the medium-term.",N,1998-12-07,speeches,,
"Therefore, it is absolutely essential for any central bank that has the task of keeping prices stable to analyse and monitor developments of monetary aggregates closely.",N,1998-12-07,speeches,,
"In fact, the move to a single currency and the introduction of the euro are based on a successful convergence process towards a high degree of price stability in participating countries.",N,2000-09-06,speeches,,
"As the scope for increasing productivity growth is usually more limited in the non-traded goods sector, a general increase in wages as a result of productivity gains in the traded goods sector will raise the cost of producing non-traded goods and services.",N,2000-09-06,speeches,,
This leads to higher relative price increases for non-traded goods and services.,N,2000-09-06,speeches,,
"In a dynamic context, as a less developed country is catching up with its neighbours, inflation in its non-traded goods sector could be rising more rapidly than in other countries, and as a result, inflation will be higher.",N,2000-09-06,speeches,,
"This type of convergence normally takes place gradually and within certain limits among relatively homogeneous industrial countries, but could, of course, reach a much larger scale if differences in price levels among participating countries are more marked.",N,2000-09-06,speeches,,
The single monetary policy and the establishment of a more stable price environment in the euro area as a whole have been accompanied by a considerable degree of narrowing in inflation differentials.,N,2000-09-06,speeches,,
A further stimulus to domestic demand may then tend to generate upward pressure on domestic costs and prices.,H,2000-09-06,speeches,,
The increase in inflationary pressures in such a case is not offset by a rise in productivity.,H,2000-09-06,speeches,,
Therefore the rise in prices relative to the external sector implies a loss of competitiveness for the economy.,H,2000-09-06,speeches,,
"They also increase strains on the single monetary policy, and may have negative spillover effects on other countries.",N,2000-09-06,speeches,,
"The Stability and Growth Pact helps to guarantee sound public finances over the long term, which is an important contribution to macroeconomic stability and is also conducive to sustained economic growth and employment.",N,2000-09-06,speeches,,
"However, in addition, particular attention also needs to be given to fiscal policy in an environment of strong growth, budget surpluses and decreasing debt ratios.",H,2000-09-06,speeches,,
the outlook also suggests increasing convergence both in terms of economic growth and consumer price inflation within the euro area.,N,2000-09-06,speeches,,
"Quite unsurprisingly, this poorly designed institutional framework often led to a mediocre overall economic outcome, as shown by the regrettable experience of high inflation in the 1970s.",N,2000-10-12,speeches,,
It is by focusing on maintaining price stability - and thereby allowing the relative price mechanism to work efficiently and at the same time maintaining low risk premia in real interest rates - that monetary policy can make its best contribution to economic welfare.,N,2000-10-12,speeches,,
"A virtuous cycle is created, which is conducive to creating an environment of stable prices in which economic activity can flourish.",N,2000-10-12,speeches,,
"By promoting sound government finances and thereby imposing limits on the expansion of public debt, the Treaty fortifies the conditions for price stability and for strong, sustainable economic growth in the euro area.",N,2000-10-12,speeches,,
"The institutional set-up provided by the Treaty, therefore, ensures a very solid foundation for building and maintaining a high level of credibility for the ECB and for the successful conduct of monetary policy in the euro area.",N,2000-10-12,speeches,,
Price stability has been defined as an annual increase of below 2% in the Harmonised Index of Consumer Prices (HICP) in the euro area.,N,2000-10-12,speeches,,
"Moreover, it offers precise guidance to inflation expectations, keeping them low and stable.",N,2000-10-12,speeches,,
"In contrast to other countries where monetary developments in recent decades have been quite erratic, available evidence in the euro area continues to point to a stable relationship between monetary aggregates - in particular M3 - and the price level.",N,2000-10-12,speeches,,
"This provides effective insurance against the uncertainties and complexities of the economic environment and helps reduce the risks of policy errors, thereby enhancing the robustness of monetary policy decisions.",N,2000-10-12,speeches,,
"During its short period of existence, the ECB can claim to have gained the confidence of investors in the sustained maintenance of price stability in the euro area.",N,2000-10-12,speeches,,
"The analysis under the second pillar indicated that external shocks, namely the strong increase in oil prices and the depreciation of the euro, were increasingly putting pressure on prices.",H,2000-10-12,speeches,,
"First, throughout 1999 and early in 2000, inflation remained at low levels.",D,2000-10-12,speeches,,
Most of the increase in consumer price inflation in recent months has been caused by a previously unanticipated rise in import prices - due mainly to the substantial oil price increase and the exchange rate depreciation.,H,2000-10-12,speeches,,
Inflation excluding energy prices is still at a low level in the euro area.,D,2000-10-12,speeches,,
"At the present juncture, it is crucial that the recent increases in import prices do not trigger a wage-price spiral, as has sometimes happened in the past.",H,2000-10-12,speeches,,
"However, since this kind of shock, such as a rise in oil prices, reduces overall domestic disposable income, any such attempt is doomed to fail in the aggregate and only worsens the situation.",H,2000-10-12,speeches,,
These will both increase the resilience of the economy to adverse shocks and ensure that a higher pace of economic growth in an environment of price stability can be attained.,N,2000-10-12,speeches,,
When was economic growth in the euro area as high as it is at the moment?,H,2000-10-12,speeches,,
"At the same time, we recognise that a high degree of common understanding between the central bank and the public at large is in our best interests because, by reducing uncertainty and bolstering credibility, it facilitates the conduct of monetary policy.",N,2000-10-12,speeches,,
The definition is intended to securely anchor inflation expectations.,N,2000-11-10,speeches,,
"This evidence suggests the existence of a stable relationship in the euro area between the broad monetary aggregate M3, the price level and a small number of other euro area-wide macroeconomic variables.",N,2000-11-10,speeches,,
"However, further efforts are required in order to create the best conditions for turning the current upswing in economic activity into a period of sustained growth in an environment of price stability.",N,2000-11-10,speeches,,
Significant reductions in unemployment can only be reached through resolute measures to improve the functioning of labour and product markets.,N,2000-11-10,speeches,,
The first message I should like to convey is that there is good reason to remain confident that strong growth will be sustained in the euro area.,H,2000-11-10,speeches,,
"Some monthly indicators, which extend into or cover the third quarter of this year, point to some moderation of these high growth rates.",D,2000-11-10,speeches,,
"At the same time, however, confidence remains high, underpinned by positive factors such as high employment growth.",H,2000-11-10,speeches,,
The extended period of high and rising oil prices has certainly increased the uncertainty surrounding the sustainability of recent growth trends in the world economy.,H,2000-11-10,speeches,,
"However, by contrast with previous periods of strong and prolonged increases in oil prices, the world economy is now less dependent on oil and inflationary pressures are still being contained.",D,2000-11-10,speeches,,
This should help to ensure that the impact of high oil prices on growth remains moderate over the medium term.,N,2000-11-10,speeches,,
"At the same time, the recent increase in the growth rate of loans to the private sector should not be overrated.",D,2000-11-10,speeches,,
"This does not imply high risks to price stability in the medium term as long as the proceeds are used, as expected, to redeem government debt.",D,2000-11-10,speeches,,
"In order to ensure the maintenance of price stability precisely over the medium term, it is",N,2000-11-10,speeches,,
"This decision was taken on the grounds that the evidence continues to support the assumptions underlying the derivation of the first reference value in December 1998 (and confirmed in December 1999), namely those for trend potential output growth and the trend decline in M3 income velocity in the euro area.",N,2001-03-05,speeches,,
"According to the latest available data, the three-month average of the annual growth rates of M3 in the months from November 2000 to January 2001 was 5%, gradually moving into the direction of the reference value of 4 1/2%.",D,2001-03-05,speeches,,
All the information available shows that euro area real GDP growth declined slightly in the second half of last year compared with the strong growth recorded in the first half.,D,2001-03-05,speeches,,
"In addition, the euro area's high rates of capacity utilisation, the ongoing growth in employment and continued declines in unemployment should help to maintain solid growth in private investment and consumption.",H,2001-03-05,speeches,,
"As regards recent price developments, the annual rate of increase in the Harmonised Index of Consumer Prices (HICP) in January 2001 was 2.4%, as published by Eurostat, 0.2 percentage points lower than in December 2000.",D,2001-03-05,speeches,,
"In January, the rate of increase in energy prices continued to decline",D,2001-03-05,speeches,,
"other HICP components, notably unprocessed food and services prices, rose significantly.",H,2001-03-05,speeches,,
"Moreover, indirect effects of past oil price increases and euro depreciation are still coming through as witnessed by the continued rise in producer price increases for consumer goods.",H,2001-03-05,speeches,,
"Other short-term factors, such as increases in indirect taxation or in administered prices, may also prevent consumer price inflation from falling rapidly below 2% over the next few months.",H,2001-03-05,speeches,,
The current uncertainty regarding the prospects for world economic growth heightens the need to maintain the foundations for strong non-inflationary growth in the euro area as well as to strengthen the potential of the economy.,D,2001-03-05,speeches,,
"Fiscal policy could, thus, become an additional source of upward risks to price stability.",H,2001-03-05,speeches,,
More flexibility in labour markets and reforms aimed at enhancing labour force participation are needed to offset the low growth in the working age population.,N,2001-03-05,speeches,,
"In this respect, the Governing Council considers that there is no clear indication yet that these structural factors have led to a measurable and lasting increase in productivity growth in the euro area.",H,2001-03-05,speeches,,
"I expect the rate of inflation, as measured by the harmonised index of consumer prices, to fall within the 2% limit in the course of this year, so not even in the medium term but in the near future.",D,2001-03-05,speeches,,
"President, you've just told us that the interest rates are going to remain stable and I interpreted that statement from you as meaning that the European Central Bank will not be changing its policy with regard to rates before inflation has moved below 2%.",N,2001-03-05,speeches,,
"I'd just ask you whether, given the very strong reaction to developments in the US from the US Federal Reserve and indeed the fact that some other central banks have been reacting in the direction of an insurance principle - by getting some small reduction in interest rates in, in foreseeing potential impact on their economies of developments in the US and other economies around the world - whether you think that there is room for a similar insurance principle in the euro area.",D,2001-03-05,speeches,,
"Particularly since, as you have said in your introduction, the balance of risks has clearly moved and you point out the fall, both in the observed inflation rate and, indeed, in the first pillar, the slowdown in monetary growth.",D,2001-03-05,speeches,,
"You're justifying your reference to the M3 indicator by the fact that the main risk is an inflationary one, but you're talking about uncertainty as well with regard to a slow down in growth and its impact.",N,2001-03-05,speeches,,
"I think that every word you say is chosen with care, so if you're right and if there is no real risk of a slow down in growth, then my question is this: when are you going to reassess your point of view more specifically, and on the basis of which indicators?",N,2001-03-05,speeches,,
"The endeavours to reduce, over the medium-term, the budget deficit to close to zero, or even to create small surpluses, are very much inspired by the fact that that will create room for the budgetary costs of the ageing of the population to be borne, starting already in a few years time.",N,2001-03-05,speeches,,
The European Central Bank reacted wisely and sustained its policy though the external shocks caused by increased oil prices better than national central banks did in the past.,N,2001-03-05,speeches,,
"Nonetheless, if we see that the European growth is being given a boost by exports and possible negative external shocks caused by a weakness in external demand, shouldn't we be preparing now for an increase in internal demand and what, then, would be the perspective this year, perhaps with regards to the middle of the year?",D,2001-03-05,speeches,,
"Therefore, we do foresee a period of steady but robust economic growth accompanied by gradually falling unemployment ahead of us.",H,2001-03-05,speeches,,
"Again, we do believe that maintaining price stability, and our efforts to achieve that, is the best contribution that monetary policy can make to a period of sustained economic growth.",N,2001-03-05,speeches,,
"In order words, today you are announcing sustainable high interest rate policies and high financial yields.",H,2001-03-05,speeches,,
"I am talking about achieving price stability - that is effectively saying to entrepreneurs ""do not increase your profits by increasing your prices"".",N,2001-03-05,speeches,,
"Obviously the introduction of the single currency has been widely expected to lead to increased competitive pressure downwards on prices, and therefore perhaps some change in the normal relationship between price expectations and inflation and domestic demand growth.",D,2001-03-05,speeches,,
"It is a factor which does increase competition across Europe, and in that way it contributes to keeping inflation within permitted limits.",D,2001-03-05,speeches,,
We said we regard price stability as a situation where the rate of increase of prices is below 2%.,N,2001-03-05,speeches,,
"By talking about the rate of increase, we did want to emphasise that we did want to have the movement in prices always to be positive, and not negative.",N,2001-03-05,speeches,,
"Therefore, although I do understand the concerns that you have about employment, I do agree that the process of getting unemployment down is very slow indeed, there's nothing monetary policy can do to change the speed of that process.",N,2001-03-05,speeches,,
"You said the rate of inflation, stable growth rates have a good impact on the labour market, but as Mrs Kauppi has said, the confidence of our citizens is falling, and that causes me great misgivings in particular with regard to the process of transition to the euro.",D,2001-03-05,speeches,,
"That is of course not something the public at large realises everyday, but the simple fact that, for example, the explosion of oil prices in the course of last year has not caused any ripples in the European pond thanks to the fact we have eliminated exchange rate risk, is to my mind the greatest benefit because it creates a high degree of stability for the European citizens.",N,2001-03-05,speeches,,
"A well-developed financial system should improve the efficiency of financing decisions, favouring a better allocation of resources and thereby economic growth.",N,2001-05-31,speeches,,
Today's young innovative high-technology firms will be the main drivers of future structural change essential for maintaining a country's long-term growth potential.,N,2001-05-31,speeches,,
"The contribution of financial markets in this area is a necessity for maintaining the competitiveness of an economy today given the strongly increased international competition, rapid technological progress and the increased role of innovation for growth performance.",N,2001-05-31,speeches,,
"While some of this increase can be attributed to the overall rise in share prices during this period, it is important to note that the number of listed companies continued to increase in almost every month.",N,2001-05-31,speeches,,
"Probably the most significant development has been the rapid growth in the euro-denominated corporate bond market, which has increased several-fold in size since the launch of the euro and is now characterised by issues of above EUR 1 billion.",N,2001-05-31,speeches,,
"The gradual dismantling of regulatory obstacles to remaining market integration in Europe will contribute to enhancing their depth and efficiency, in turn contributing to an improved allocation of funds to the most profitable investment opportunities, and thus supporting economic growth.",N,2001-05-31,speeches,,
"Such a policy will be beneficial, as it will minimise the adverse effects of inflation and high inflation uncertainty.",N,2001-05-31,speeches,,
It not only creates a climate for higher economic activity over the medium term,N,2001-05-31,speeches,,
also reduces the economic and social inequalities caused by the asymmetric distribution of the costs of inflation among the various economic agents.,N,2001-05-31,speeches,,
"In addition, in an environment of low inflationary expectations, inflation risk premia become relatively less important as a determinant of financial prices.",N,2001-05-31,speeches,,
"The ECB is convinced that by rigorously fulfilling this mandate, monetary policy is making its most effective contribution to the realisation of strong output growth and satisfactory employment prospects.",N,2001-05-31,speeches,,
"The impact of the introduction of the euro as a single currency of twelve Member States has created the potential for large, deep and liquid euro-denominated financial markets, which should help to deliver high rates of output and employment growth in the euro area economy.",N,2001-05-31,speeches,,
"Price stability diminishes investment risk, reduces the cost of capital and lengthens the horizon over which lenders and borrowers wish to engage in credit arrangements.",N,2002-05-16,speeches,,
"When, in the remainder of 1999 and in 2000, our analysis indicated that external shocks, namely the sharp rise in oil prices and the depreciation of the euro, were increasingly putting pressure on prices, and our assessment of monetary and credit aggregates signalled the existence of generous liquidity conditions in the euro area, we raised rates on seven occasions.",H,2002-05-16,speeches,,
"Despite the fact that the recent increase in oil prices currently tends to slow down the fall in HICP inflation, long-term expectations of inflation have been remaining below 2%.",D,2002-05-16,speeches,,
"Recently published inflation forecasts, developments in indicators of inflation expectations and recent trends in wages neither clearly confirm nor entirely defuse the risk of an entrenchment of upward tendencies in prices.",N,2002-05-16,speeches,,
"At this juncture, it is therefore particularly important to remain vigilant with regard to the further evolution of the key factors determining future price developments.",H,2002-05-16,speeches,,
"A high level of innovation and the rapid spread of technological progress in all parts of the euro area economy will support long-term growth, without contributing to inflationary tendencies.",D,2003-06-10,speeches,,
"While a highly regulated economy tends to adapt to external influences only after considerable delay, and tends to react more strongly to negative than to positive influences, the same shocks are absorbed significantly more quickly and at lower cost – such as an increase in unemployment or a decline in growth – in the case of flexible markets.",N,2003-06-10,speeches,,
"In the event of persistent price and wage rigidities and obstacles to the free movement of factors of production within the euro area, these shocks could result in a decline in long-term growth and a rise in unemployment.",N,2003-06-10,speeches,,
"The only contribution monetary and fiscal policy can make in this respect, is to maintain a stable macroeconomic environment, entailing price stability and sound public finances.",N,2003-06-10,speeches,,
"Consequently, in spite of often difficult circumstances, we kept inflation and inflation expectations low.",D,2003-11-20,speeches,,
"By referring to increases in the HICP it was made clear from the beginning, in 1998, that deflation is excluded from the definition of price stability.",N,2003-11-20,speeches,,
"Since January 1999, medium and long-term inflation expectations, as measured by survey data, have remained stable most of the time within the range of 1.7 to 1.9%, thus at a level compatible with the definition of price stability.",N,2003-11-20,speeches,,
"This is all the more remarkable given that the ECB started without a track record of its own and was faced with a number of sizeable, mainly upward, price shocks hitting the euro area economy.",H,2003-11-20,speeches,,
The first argument is that maintaining a low positive rate of inflation reduces to very low levels the probability that nominal interest rates will approach their lower bound at zero.,N,2003-11-20,speeches,,
"If this event were to coincide with a strong decline in demand, such a situation could complicate the central bank's ability to avoid a deflationary episode.",N,2003-11-20,speeches,,
"A second reason to aim for low positive inflation is that available inflation statistics may be subject to a positive measurement error, which would imply that strict price stability, that is, zero inflation, as measured by the price index would de facto mean a declining price level.",N,2003-11-20,speeches,,
"Third, as regards the possible presence of sustained inflation differentials within a currency union, I should note that such differentials are and should be considered a normal feature of any currency area.",N,2003-11-20,speeches,,
"The single monetary policy cannot address such differentials, in the same way that in a single country monetary policy cannot reduce inflation differentials across regions or cities.",N,2003-11-20,speeches,,
"Moreover, it should be recalled that, in order to adopt the euro, the acceding countries will have to fulfil the Treaty convergence criteria, which in particular require the sustainability of a low inflation environment.",N,2003-11-20,speeches,,
"We concluded that, above all, there is no unique or best way to firmly anchor inflation expectations.",N,2003-11-20,speeches,,
"First, the explicit acknowledgement that, given the long and uncertain lags in the transmission of monetary impulses, central banks cannot steer short-term price developments with high precision.",N,2003-11-20,speeches,,
"Notably, supply-side shocks, for example those to oil prices, often require a much more gradual monetary policy response than shocks on the demand side of the economy or shocks coming from labour cost developments.",D,2003-11-20,speeches,,
It helps policy-makers to see beyond the more transient impact of the various shocks affecting the economy and to implement the adequate gradual course for the conduct of monetary policy.,D,2003-11-20,speeches,,
"Our framework, with its emphasis on monitoring money and credit developments and the sustainability of macroeconomic developments, is in this respect well equipped to take into account the implications of exceptionally strong dynamics in the financial markets in terms of potential risks to price stability over the long run.",N,2003-11-20,speeches,,
"I have reviewed the main achievements of the ECB so far: notably, the implementation of a sound monetary policy concept",N,2003-11-20,speeches,,
"By doing so, they will improve the confidence of the household and business constituencies, notably by guaranteeing that taxation will not increase in future years and therefore they will foster growth through more dynamic consumption and investment.",N,2003-11-20,speeches,,
"Policies that contribute to lower current and future taxes, moderate labour cost increases and higher productivity in the euro area could allow monetary policy to maintain price stability by keeping rates relatively low as long as aggregate demand lags behind supply-side dynamics.",D,2003-11-20,speeches,,
"By contrast, non-disciplined fiscal policies, wage increases in excess of productivity growth and higher taxes would undermine confidence and thus reduce potential output and longer-term growth.",N,2003-11-20,speeches,,
"The current rate of potential output growth of the euro area is not sufficient to address the long-term challenges of Europe and, in particular, the high rates of unemployment.",D,2003-11-20,speeches,,
"Consequently, in spite of often difficult circumstances, we kept inflation and inflation expectations low.",D,2003-11-27,speeches,,
"Since January 1999, medium and long-term inflation expectations, as measured by survey data, have remained stable most of the time within the range of 1.7 to 1.9%, thus at a level compatible with the definition of price stability.",N,2003-11-27,speeches,,
"In 2001, when the indirect effects of the earlier oil price increases were still exerting upward pressure on the HICP, some EU countries were affected by livestock diseases.",H,2003-11-27,speeches,,
"This caused exceptionally strong upward pressure on unprocessed and, later, processed food prices.",H,2003-11-27,speeches,,
"But, as I just said, medium and long-term inflation expectations remained rather stable despite those shocks.",N,2003-11-27,speeches,,
"As the shocks gradually unwound, actual inflation rates always bounced back toward levels compatible with price stability.",D,2003-11-27,speeches,,
But the available studies indicate that the likelihood decreases to very low levels when the central bank aims at an inflation rate above 1%.,N,2003-11-27,speeches,,
"A second reason to aim for low positive inflation is that available inflation statistics may be subject to a positive measurement error, which would imply that strict price stability, that is, zero inflation, as measured by the price index would de facto mean a declining price level.",N,2003-11-27,speeches,,
"Third, as regards the possible presence of sustained inflation differentials within a currency union, I should note that such differentials are and should be considered a normal feature of any currency area.",N,2003-11-27,speeches,,
"The single monetary policy cannot address such differentials, in the same way that in a single country monetary policy cannot reduce inflation differentials across regions or cities.",N,2003-11-27,speeches,,
"Moreover, it should be recalled that, in order to adopt the euro, the acceding countries will have to fulfil the Treaty convergence criteria, which in particular require the sustainability of a low inflation environment.",N,2003-11-27,speeches,,
"We concluded that, above all, there is no unique or best way to firmly anchor inflation expectations.",N,2003-11-27,speeches,,
"Notably, supply-side shocks, for example those to oil prices, often require a much more gradual monetary policy response than shocks on the demand side of the economy or shocks coming from labour cost developments.",D,2003-11-27,speeches,,
"As a consequence, for a rather long period of time, M3 growth has been distorted upwards without this necessarily signalling inflation risks.",D,2003-11-27,speeches,,
There is often a strong positive correlation between credit growth and rapid rises in asset prices in the run-up to a speculative bubble.,N,2003-11-27,speeches,,
the rapid build-up of credibility in the ECB,N,2003-11-27,speeches,,
"By doing so, one will credibly reduce public finance deficits, which is conducive to growth by helping diminish medium and long-term market interest rates.",N,2003-11-27,speeches,,
Thanks to the high level of confidence in the euro we have a financial environment all over the euro area which is favourable to growth and job creation.,N,2003-11-27,speeches,,
"The current rate of potential output growth of the euro area is not sufficient to address the long-term challenges of Europe and, in particular, the high rates of unemployment.",D,2003-11-27,speeches,,
Let me start by elaborating on the contribution that the ECB's monetary policy can make towards a high level of sustainable non-inflationary growth.,N,2004-05-13,speeches,,
"However, monetary policy can make a fundamental contribution to a high level of sustainable growth.",N,2004-05-13,speeches,,
"In the context of its monetary policy strategy, the ECB has made the Treaty's mandate operational by providing an explicit quantitative definition of price stability: a year-on-year increase in the HICP for the euro area of below 2%.",N,2004-05-13,speeches,,
"First and foremost, it means that the central bank eschews over-ambitious attempts to steer price developments over short horizons and with a high degree of precision.",N,2004-05-13,speeches,,
"Moreover, anchoring long term inflation expectations at moderate levels has allowed to maintain short-term, medium-term and long-term market interest rates at low levels, thereby offering very favourable financing conditions to consumers, investors and companies.",D,2004-05-13,speeches,,
"This low level of market interest rates is the result of the high level of credibility that the ECB and the euro immediately inherited from the national central banks and from the most stable national currencies that existed before 1999; contrary to what some observers were forecasting, the euro was not build as an average of the former national currencies, displaying a yield curve that would be the average of the yield curves prevailing in the countries deemed to join the euro area; the euro inherited immediately the yield curve of the most stable currencies, thus offering to 12 countries and 300 millions citizens the low levels of market interest rates that prevailed in a few countries only ;this is a major success of the euro that unfortunately is often underestimated.",D,2004-05-13,speeches,,
But inflationary pressures could also result from matching inefficiencies in the labour market leading to wage increases in excess of labour productivity growth.,H,2004-05-13,speeches,,
Particularly important in this respect are all the structural measures that could facilitate employment of the young unskilled workers in countries where youth unemployment is abnormally high.,D,2004-05-13,speeches,,
This encourages economic agents to increase long term investment and therefore it is favourable to growth.,N,2004-05-13,speeches,,
Areas where solid improvements could be made include in particular a better analysis of structural imbalances and means to strengthen the incentives for sound fiscal policies during periods of strong economic growth.,N,2004-05-13,speeches,,
Financial instability may distort the transmission of monetary policy and ultimately reduce its effectiveness in maintaining monetary stability and contributing to long term sustainable growth.,N,2004-05-13,speeches,,
"First, the possibility of financial crises – and the potential high costs associated with them – strengthens the case for central banks to extend the horizon of their monetary policy beyond the short-term.",N,2004-05-13,speeches,,
Historical evidence does not support the idea that an environment of stable prices will inevitably ensure financial stability.,N,2004-05-13,speeches,,
"Also, the stock market bubble of the late 1990s, in which stock prices across the globe rose to unrealistic levels – particularly in new technology sectors – shows that asset prices can deviate from their fundamental determinants even when prices of consumer goods and services are stable.",N,2004-05-13,speeches,,
"For the second quarter of this year, the latest indicators of output and expenditure, as well as the most recent survey data, remain consistent with ongoing growth in real activity, with the working assumption of a gradual recovery.",D,2004-07-09,speeches,,
"Starting with external developments, economic growth outside the euro area remains strong and this should promote euro area exports.",H,2004-07-09,speeches,,
"As regards private consumption, its recovery should proceed in parallel with increases in real disposable income and the gradual strengthening of employment growth.",H,2004-07-09,speeches,,
"On the downside, although oil prices have declined somewhat recently, they remain at high levels and may dampen growth, mainly through their impact on the euro area's terms of trade.",D,2004-07-09,speeches,,
"Over the short term, oil prices continue to exert upward pressure on the general price level.",H,2004-07-09,speeches,,
"Although oil prices have fallen over the last few weeks, markets expect them to remain high for some time to come.",N,2004-07-09,speeches,,
This scenario is based on the assumption that wages will continue to develop moderately at a time when unemployment is still high.,D,2004-07-09,speeches,,
"The strength of global economic growth may continue to exert upward pressure on commodity prices, including oil prices.",H,2004-07-09,speeches,,
"Moreover, on the domestic side, indirect taxes and administered prices have been subject to rather strong increases in the recent past and their future evolution is uncertain at this point in time, since such information usually becomes available only later in the year.",H,2004-07-09,speeches,,
"In addition, measures of long-term inflation expectations derived from financial market indicators remain relatively high.",H,2004-07-09,speeches,,
"While a significant part of the excess liquidity has accumulated as a result of past portfolio shifts, low interest rates have also fuelled the build-up of liquid assets.",H,2004-07-09,speeches,,
We remain vigilant as regards all developments which could affect risks to price stability.,H,2004-07-09,speeches,,
One of the principles that has transformed the practice of central banking in recent decades is its pursuit of a high level of transparency in all aspects of monetary policy.,N,2004-07-09,speeches,,
Price stability has been defined as a year-on-year increase of below 2% in the Harmonised Index of Consumer Prices (HICP) for the euro area as a whole.,N,2004-07-09,speeches,,
"Indeed, as long as longer-term inflation expectations are firmly anchored, chances are high that the setting of wages and prices will be guided primarily by the ECB's objective rather than by past developments.",N,2004-07-09,speeches,,
"This significantly reduces the likelihood of temporary increases in inflation triggering harmful second-round increases in wages and prices, events which were fairly frequent in previous decades.",N,2004-07-09,speeches,,
It helps policy-makers to see beyond the transient impact of the various shocks affecting the economy and to implement an adequate gradual course for the conduct of monetary policy.,D,2004-07-09,speeches,,
"Lower trade costs and an increase in competition associated with the enlargement of the European Single Market can have a significantly positive impact on growth in the European economy as a whole, as recently found by several economic studies.",N,2004-10-05,speeches,,
"First, the ECB provided a quantitative definition of price stability – a year-on-year increase in the Harmonised Index of Consumer Prices of below 2% over the medium term.",N,2004-10-05,speeches,,
One is associated with the interplay between demand and cost factors at a high frequency.,N,2004-10-05,speeches,,
This is what the Federal Reserve stresses when it says frequently that price stability is a condition for a sustainable high level of growth.,N,2004-10-05,speeches,,
"To be complete, I also see two differences, which may explain why, despite our strong similarities, observers sometimes argue that the ECB and the Fed have adopted different monetary policy concepts.",N,2004-10-05,speeches,,
"When current output is above potential, the pressure on the scarce resources should then translate into an increase in prices, that is, inflation.",N,2004-11-11,speeches,,
"At the same time, just as a good meal not only requires high-quality ingredients",N,2004-11-11,speeches,,
"also an excellent cook and recipe, high-quality monetary policy analysis also requires excellent staff and an appropriate analytical framework.",N,2004-11-11,speeches,,
"In order not to lose sight of the low frequency developments that may influence inflation over longer horizons than are used in the forecasts, the ECB has reinforced its analytical framework with a monetary perspective.",N,2004-11-11,speeches,,
"By constantly reminding the central bank that in the long run prices and money stock increases are correlated, the monetary pillar is a standing support to the ECB's commitment to price stability at all horizons that are relevant for economic decisions.",N,2004-11-11,speeches,,
"In such a world, a central bank will only be successful in delivering price stability if it provides an anchor for the inflation expectations of the public and if it is as transparent as possible about its ultimate policy objective.",N,2004-11-11,speeches,,
"As you know, in 1998, when taking up its monetary policy tasks, the Governing Council of the ECB defined price stability as a year-on-year increase in the euro area Harmonised Index of Consumer Prices of below 2% and close to 2%.",N,2004-11-11,speeches,,
Through efficient communication we can reduce inflation uncertainty and the costs associated with such uncertainty for consumers and investors.,N,2005-01-25,speeches,,
Workers do not have to ask for extra wage increases to compensate for inflation risk and firms know beforehand that they will not be able to pass higher wages on to consumer prices.,N,2005-01-25,speeches,,
"One element of the strategy is to quantify what the ECB is aiming at in terms of price stability, namely an increase in consumer prices of below, but close to, 2% over the medium term.",N,2005-01-25,speeches,,
"For example, monetary policy cannot offset short-term changes in the inflation rate which are caused by economic shocks, such as sharp oil price increases or higher administered prices.",N,2005-01-25,speeches,,
Continued vigilance is key to preserve credibility and some increases in long-term inflation expectations last year remind us how important it is to be permanently vigilant.,H,2005-01-25,speeches,,
One indication of the daunting size of our communication task was the issue of so-called perceived inflation rising much higher than the actual measured inflation.,N,2005-01-25,speeches,,
"Our transparent communication must permit all parties to understand our mandate and our strategy to ensure price stability, to anchor their medium term and long term expectations and to accurately predict our future behaviour.",N,2005-01-25,speeches,,
"More generally, one may also think of the effect of higher expected inflation on firms' current pricing decisions: these will tend to push up the price of their output in order to compensate for the expected increase in marginal costs of production.",N,2005-04-19,speeches,,
"For what concerns the survey evidence, it has been extremely stable at the level consistent with the ECB's definition of price stability since 1999.",N,2005-04-19,speeches,,
Inflation expectations as embodied in asset prices have also been quite stable.,N,2005-04-19,speeches,,
It is my belief that our careful monitoring of monetary phenomena and our continuous vigilance upon to the developments in monetary aggregates is reflected in the stability of long term inflation expectations.,H,2005-04-19,speeches,,
"The reason is that this framework reduces uncertainty about the central bank's ultimate motives, provides a stronger anchor for inflation expectations and makes it easier for the markets to map the expected path of the policy rate to the evolution of macroeconomic conditions.",N,2005-08-27,speeches,,
"They argue that when agents perceive inflation persistence to be high, inflationary – or deflationary – shocks can easily become entrenched, because agents suspect that these forces will be perpetuated by the economic structure.",N,2005-08-27,speeches,,
"At the time, on the heels of significant adverse supply shocks and rather strong wage dynamics, inflation rates were high at levels unseen since the late phases of convergence to the new currency in the euro area.",H,2005-08-27,speeches,,
"However, we equally saw an upcoming worsening of the outlook for economic activity, as indicated by the rapid decline in several confidence measures.",D,2005-08-27,speeches,,
"What looks perfectly appropriate with the benefit of hindsight, moving down interest rates to such low levels – exploring secular uncharted waters – was indeed bold ex ante for a new institution, which in mid 2003 was exactly 5 years old – and for a new currency – that at that time was 4½ years old.",D,2005-08-27,speeches,,
Survey-based data also revealed that the probability assigned to inflation outcomes being above our definition of price stability at long horizons was rising [see Chart 3a].,H,2005-08-27,speeches,,
"Over time, our communication became increasingly “alert”, signalling our vigilance to the upside risks to inflation which grew at the time.",H,2005-08-27,speeches,,
"We made it clear in our June 2004 policy statement, stating that such an upward trend in inflation expectations called for “particular vigilance”, and in September the expression of concern was reinforced with a statement of “strong vigilance”, making it crystal clear that the ECB was ready to take whatever action necessary to eliminate the drift in expectations and restore stability.",H,2005-08-27,speeches,,
"We also observed a decline to unprecedented low levels in the standard deviation of individual respondents' point forecasts, the “disagreement”, revealing increased alignment of private sector expectations around a focal point – which was coherent with our notion of price stability [see Chart 3b].",N,2005-08-27,speeches,,
An argument supporting this view is that the decline in Break-Even Inflation coincides with a sharp rise in oil prices.,D,2005-08-27,speeches,,
"This constituted a major break from the past, when rises in oil prices regularly led to higher Break-Even Inflation rates.",N,2005-08-27,speeches,,
"However, other factors also may have contributed to the fall in expected inflation, such as technical market factors, dampened dynamics in labour costs and increasing weakness in leading indicators of economic activity.",D,2005-08-27,speeches,,
"However, the implied forward Break-Even Inflation Rate (referring to the period 2008-14) – which one would expect to reflect much more closely central bank's credibility – exhibits a downward trend that starts in mid-2004.",D,2005-08-27,speeches,,
"A close look at these movements, and especially their timing, show how difficult it has been to correctly forecast the turning point during the current economic cycle in the euro area and the outlook for price stability, as evidence of a brightening in the prospects for a gradual economic recovery was shortly afterwards contradicted by the appearance of downside risks to economic growth, and as oil prices showed significant volatility.",N,2005-08-27,speeches,,
"Over recent years, however, the pattern has gradually changed, such that labour productivity is again below U.S. levels by almost ten percent.",H,2005-10-10,speeches,,
Both participation rates and average hours worked are low in the euro area and unemployment rates are high.,D,2005-10-10,speeches,,
Forward looking growth accounting exercises show that these adverse demographic developments would reduce average real GDP growth in the period up to 2010 below 2% and in the period up to 2020 further to around 1½% if no compensation is achieved through higher contributions from other supply-side factors.,D,2005-10-10,speeches,,
A key objective of the Lisbon strategy is to raise the employment rate.,N,2005-10-10,speeches,,
"As a result, the countries that have introduced measures aimed at increasing flexibility of the labour market witnessed a fall in actual unemployment rates and consequently in the non-accelerating inflation rate of unemployment – the so called NAIRU – which is the level of the unemployment rate that does not lead to inflationary pressures.",H,2005-10-10,speeches,,
"Moreover, thanks to the implementation of labour market reforms the employment rate increased in most euro area countries",H,2005-10-10,speeches,,
the size of the increase differed across countries.,N,2005-10-10,speeches,,
"Thus, if the 2010 Lisbon target is to be met, employment rates need to increase much more rapidly.",N,2005-10-10,speeches,,
"While in the euro area real output per capita growth has been gradually declining over the past four decades from almost 5% during the 1960s to just below 2% in the 1990s, in the US it declined slightly between the 1960s and 1970s but then stabilised in the two subsequent decades from just below 3% in the 1960s to just above 2% in the 1970s, 1980s and 1990s.",D,2005-11-10,speeches,,
"More recently, since the mid-90s, while in the euro area trend real output per capita growth continued to gradually decline, in the US it even started to increase.",D,2005-11-10,speeches,,
"As a result of these relative growth patterns, the level of euro area real output per capita which was gradually catching up with the US level up to the early 1980s [from about 55% in 1960 to just above 70% in the early 1980s] appeared to stop converging and then, since mid 1990s, the relative level has slightly started to fall again.",D,2005-11-10,speeches,,
This rise in the US may partly reflect cyclical factors,N,2005-11-10,speeches,,
the apparent resilience of productivity growth during the past downturn and the significant further pick-up over the last two years tends to support the widespread view that the mid-1990s marked a structural improvement in US productivity growth.,N,2005-11-10,speeches,,
Downward trends in productivity growth are observed for the euro area irrespective of whether productivity is measured per person employed or per hour worked.,H,2005-11-10,speeches,,
"However, it is worth noting that due to the trend decline in average hours worked in the euro area (in contrast to stable hours in the US), the productivity growth gap with the US is more marked in terms of employed persons than in terms of hours worked.",H,2005-11-10,speeches,,
"First, a significant deceleration in hourly labour productivity in non-ICT sectors from the first half of the 1990s explains most of the decline in euro area aggregate labour productivity growth over the late 1990s.",H,2005-11-10,speeches,,
"Third, the ICT using sectors in the euro area failed to experience the strong acceleration in labour productivity observed in the US in recent years.",H,2005-11-10,speeches,,
"The immediate sources of labour productivity growth consist of those we have just discussed, namely total factor productivity growth, capital deepening and increases in labour quality.",N,2005-11-10,speeches,,
And the reforms do pay off: the remarkable labour productivity growth performance in network industries in Europe over the last ten years provides a perfect example of the positive impact on labour productivity growth of easing regulations and fostering competition.,D,2005-11-10,speeches,,
"Only in this way can per capita output growth be sustained, thereby supporting economic prosperity today, and in the future.",N,2005-11-10,speeches,,
"I should perhaps add that downward trends in productivity growth are observed for the euro area, irrespective of whether productivity is measured per person employed, or per hour worked.",H,2006-01-20,speeches,,
"In particular, key ICT-using services, such as retail, wholesale and financial services, saw broadly stable, or slightly lower, productivity growth in recent years in the euro area.",N,2006-01-20,speeches,,
"First, weaker productivity growth in the euro area non-ICT sector was explained by stronger low-skilled employment growth not being matched by equivalent capital deepening.",H,2006-01-20,speeches,,
"In particular, employment protection legislation may have a particularly strong negative impact in industries subject to rapid technological change, when the impact on traditional industries is less damaging.",N,2006-01-20,speeches,,
"In particular, recent studies have emphasised the benefits of maintaining low and stable inflation and preventing unsustainable deficits and debts.",N,2006-01-20,speeches,,
"Over the last few years, the euro area has witnessed a gradual recovery in economic activity.",D,2006-02-06,speeches,,
"While there is some evidence that euro area product and labour markets may have become somewhat more flexible over time, there is also a wide consensus that further structural reforms are needed to improve euro area labour productivity growth relative to other economic areas.",N,2006-02-06,speeches,,
Another factor accounting for the moderate growth for most of the recent past relates to the downward impact on economic activity of the sequence of strong increases in energy prices over the last few years.,N,2006-02-06,speeches,,
"Turning to more recent developments in economic activity in the euro area, over the last few quarters more positive fundamentals have gradually come to influence both economic growth developments and market sentiment.",H,2006-02-06,speeches,,
"The medium, long and very long-term, nominal and real interest rates have been low for a protracted period and still remain at historically low levels, thanks, in particular, to the firm anchoring of inflation expectations.",D,2006-02-06,speeches,,
"As regards price trends over the last few years, headline HICP inflation rates in the euro area have remained elevated, at rates just above 2%, mainly as a result of the strong increases in energy prices and, to a lesser extent, rises in administered prices and indirect taxes.",H,2006-02-06,speeches,,
"Even in the case of headline inflation trends, the upward impact of oil price increases has remained relatively moderate when compared to increases in oil prices of a similar size in previous episodes.",D,2006-02-06,speeches,,
"In the case of many manufactured goods, these more subdued prices may be related to the competition pressure exerted by the rise in exports from China and may therefore persist for some time to come.",D,2006-02-06,speeches,,
"Overall, strong monetary growth during 2005 contributed further to the already ample liquidity situation in the euro area.",H,2006-02-06,speeches,,
"This scenario for price developments remains surrounded by upside risks, which relate to the possibility of further rises in oil prices, a stronger pass-through of oil prices into consumer price index and additional increases in administered prices and indirect taxes.",H,2006-02-06,speeches,,
I have already elaborated on the sustained decline in euro area labour productivity growth and its consequences for potential output growth.,H,2006-02-06,speeches,,
"Reforms in product and labour markets would help to reduce price and quantity distortions and thus encourage better allocation of resources, improving the efficiency of investment decisions as well as increasing productivity and real GDP growth.",N,2006-02-06,speeches,,
"Through this achievement, the single monetary policy makes its best possible contribution to supporting sustained growth in economic activity and employment creation.",N,2006-05-11,speeches,,
A high degree of credibility is essential to the ability of a central bank to guide expectations about future inflation and interest rates.,N,2006-05-11,speeches,,
"However, over the same time period headline annual HICP inflation in the euro area has remained at rates just above 2%, mainly as a result of the strong increases in energy prices.",H,2006-05-11,speeches,,
"Break-even inflation rates calculated from nominal and inflation-linked bonds give a broadly similar picture: longer-term implied forward break-even rates have remained broadly stable close to 2 % in the course of 2005 and early 2006, despite oil price increases.",N,2006-05-11,speeches,,
Indeed the effectiveness of the ECB's anchoring of longer-term inflation expectations follows from its high credibility with regard to countering inflation risks coming in particular from oil price increases that could emerge via second-round effects in price and wage-setting.,H,2006-05-11,speeches,,
"Furthermore, as the year progressed, upside risks to medium-term price stability were identified in our economic analysis and confirmed by the monetary analysis in the context of strong monetary growth, ample liquidity and rapid expansion of credit.",H,2006-05-11,speeches,,
"Therefore, the Governing Council decided to increase the key ECB interest rates by 25 basis points, first on 1 December 2005 and then again on 2 March 2006.",H,2006-05-11,speeches,,
"As I said in my last press conference, to safeguard the successes of the past, the Governing Council is in a position of strong vigilance to ensure that risks to price stability do not materialise, thereby making an ongoing contribution to sustainable economic growth and job creation in the euro area.",H,2006-05-11,speeches,,
"In fact, the rapid integration of the euro money market, which is a sine qua non for monetary policy implementation, has been supported by the establishment of the TARGET system, which has been operational since the very start of Monetary Union.",N,2006-05-11,speeches,,
"Through this achievement, the single monetary policy has preserved a necessary condition for sustained growth in economic activity and employment creation.",N,2006-05-11,speeches,,
"An additional condition for ensuring macroeconomic stability that applies to these rules is that the reaction in the nominal rate must be strong enough for the real rate to be varied pro-cyclically: when inflation expectations rise, and the economy expands above potential, real monetary conditions have to be tightened.",N,2006-06-08,speeches,,
"Experience suggests that supply shocks yield sharp transitory increases in inflation, possibly followed by smaller, more permanent “second-round” effects, though the longer-run impact on inflation is obviously significantly determined by the response of monetary policy.",N,2006-06-08,speeches,,
The rapid softening of activity that we saw coming and the increasing odds that the recovery would not materialise soon – we believed – would validate ex post the inflation expectations and make the threat of renewed inflation considerably weaker.,D,2006-06-08,speeches,,
"First, in an economy as rigid as the euro area, it might well be true that temporary imbalances between demand and potential supply are slow to show through convincingly to inflation.",N,2006-06-08,speeches,,
"Second, it is true that the expectation that inflation will not come loose from its anchor affords some short-term flexibility to respond to economic disturbances – with a view to ensuring more balanced macroeconomic conditions in the longer term.",N,2006-06-08,speeches,,
"We judged that the short-term volatility observed in important indicators, including the quarterly growth figure for the fourth quarter of 2005, did not call into question the medium-term growth prospects and therefore the associated gradual increase of risks to price stability.",H,2006-06-08,speeches,,
"First, we are not in a position that we would judge “abnormal”, in the sense that we would have to increase as rapidly as possible our interest rates up to the “normal” level.",D,2006-06-08,speeches,,
"We are in a process of progressively withdrawing the present degree of monetary accommodation commensurate with the risks to price stability that we perceive, associated in particular with the present development of the economic recovery.",H,2006-06-08,speeches,,
and rises in administered prices and tobacco taxes announced in late 2004.,H,2006-06-08,speeches,,
Results are presented in terms of the difference between the percentage of respondents who believe prices will increase and the percentage of respondents who believe that they will decrease or stabilise.,N,2006-06-08,speeches,,
"However, the increase in employment has been partly dampened by a fall in the average annual hours worked per person of 0.4% per annum over the same period [compared with a fall of 0.2% in the US].",N,2006-10-16,speeches,,
"First of all, despite the progress recorded on the labour market side, the overall employment rate in the euro area remains low by international standards [63.5% in the euro area compared with 71.5% in the US in 2005] and the unemployment rate is clearly too high [8.6% compared with 5.1% in the US in 2005].",D,2006-10-16,speeches,,
"I will therefore now turn to those structural reforms that have the potential to increase both euro area labour productivity growth and labour utilisation, and therefore long-term growth potential.",N,2006-10-16,speeches,,
"According to the European Commission's projections, the impact of ageing populations alone could reduce potential output growth in Europe by nearly half by 2040, from the present rate of 2%-2.25% to around 1.25% if structural reforms are not carried out.",D,2006-10-16,speeches,,
"High unemployment rates in the euro area and in particular high youth unemployment rates, amounting to 17.8% in 2005 compared with 11.3% in the US, clearly suggest the need to spur not only labour supply",D,2006-10-16,speeches,,
"They also increased, when needed, the flexibility of their labour market by easing employment protection legislation (EPL), in particular as regards temporary workers.",N,2006-10-16,speeches,,
"The contribution from firm dynamic processes to aggregate labour productivity growth and innovation also plays a major role, in particular in high-tech industries.",N,2006-10-16,speeches,,
The variability of inflation increases uncertainty and exerts a major negative influence on investment and thus on potential output as well as on other components of aggregate demand.,N,2006-10-16,speeches,,
"The SNB is to be especially congratulated because, in spite of the turbulences which have characterised the period since 1907 – two world wars, the Great Depression, and the Great Inflation – it has succeeded in delivering, on average, a remarkably low inflation rate.",N,2007-06-22,speeches,,
"It has been noted that, notwithstanding the Great Inflation episode, and the temporary inflationary outbursts corresponding to the two world wars, the United States should correctly be characterised, when seen from a very long-run perspective, as a low-inflation country.",N,2007-06-22,speeches,,
"Second, as recently stressed, in particular, by Philippe Hildebrand at a central banking conference at the ECB, prolonged periods of low and stable inflation – like those that OECD countries have been experiencing for several years now – can give rise to distortions in empirical analyses, and can make it extremely difficult to correctly assess the informational content of a specific indicator of future inflation.",N,2007-06-22,speeches,,
"To put it differently, in an equilibrium in which the central bank is successful at keeping inflation low and within a narrow range, the empirical relationship between inflation and any indicator tends to disappear.",N,2007-06-22,speeches,,
"That persistent and prolonged deviation from equilibrium revealed, in a fundamental sense, the authentic nature of reality, which today, in a stable, low-inflation world, has become more difficult to extract from the data.",N,2007-06-22,speeches,,
It is a pleasure and a honour to be here today and to share with you my views on “How can we increase growth potential in Europe”.,N,2007-07-20,speeches,,
Then I will elaborate on the reforms which I consider essential to increase the potential growth rate of Europe.,N,2007-07-20,speeches,,
"This improvement in labour utilisation mainly reflects the significant rise in the euro area overall employment rate from 58% in 1996 to 64.4% in 2006, accompanied by a decline in the aggregate unemployment rate from 10.7% to 7.9%.",H,2007-07-20,speeches,,
"Despite the important progress recorded, the overall employment rate in the euro area remains low by international standards [64.5% in the euro area compared with 72% in the US in 2006] and the unemployment rate is still clearly too high [7.9% compared with 4.6% in the US on annual average in 2006 and 7.0 % to be compared to 4.5 % in May this year].",D,2007-07-20,speeches,,
"All in all, the rise in employment did not cancel out structural weaknesses of labour markets and there is still considerable room to increase the level of labour resource utilisation in Europe.",D,2007-07-20,speeches,,
"Indeed, Europe's long term growth performance has also been constrained by the low rate of population growth and the ageing of its society.",D,2007-07-20,speeches,,
"The structural reforms identified in the Lisbon agenda have the potential to increase both labour productivity growth and labour utilisation, and therefore the long-term growth potential of the European economy.",N,2007-07-20,speeches,,
"According to the European Commission's and ECB projections, the impact of ageing populations alone could reduce on average potential output growth in Europe by nearly half by 2040, if structural reforms are not carried out.",D,2007-07-20,speeches,,
It is essential to increase public spending efficiency in order to facilitate the reorientation of public expenditure towards productivity-enhancing physical and human capital accumulation.,N,2007-07-20,speeches,,
"In the first phase, immediately following the War, productivity growth was strong in both economic areas, but especially so in Europe where it remained on average almost 3 percentage points above the 2.4 percent level in the U.S..",N,2007-08-27,speeches,,
"In light of the unchanged real output growth, the decline in euro area average labour productivity growth is mainly due to a switch in the growth rate of total hours worked from –0.4% in the 1974-1994 period to +0.9% in the years from 1995 to 2006.",H,2007-08-27,speeches,,
Faster output growth and slower labour input growth have jointly contributed to increase measured labour productivity growth in the U.S..,N,2007-08-27,speeches,,
"In the U.S. case, the increase in labour productivity growth over the 1996-2004 period was more broad-based.",N,2007-08-27,speeches,,
"This downward trend has been particularly marked in Italy and Spain, where labour productivity grew significantly below the euro area average.",H,2007-08-27,speeches,,
"In Italy, the productivity downturn has been driven by both a significant drop in real gross value added growth and a strong increase in labour input growth.",H,2007-08-27,speeches,,
"In Spain, the slower pace in labour productivity growth has been dominated by a stronger increase in labour input growth than in real output growth.",H,2007-08-27,speeches,,
"The ICT-producing industries in Germany, France and Italy failed to exhibit a decline in labour productivity growth over the years from 1996 to 2004 compared with 1980-1995 period, but a slowdown did occur in Spain.",N,2007-08-27,speeches,,
"Let me just note, incidentally, that once again these developments are taking place out of phase compared to the U.S., where the growth rate of labour productivity in the non-farm business sector has since 2004 been slowing down from the exceptionally rapid pace of the previous decade.",N,2007-08-27,speeches,,
These conjectures led international institutions to revise upwards their estimates of potential output growth in the euro area.,H,2007-08-27,speeches,,
"Are the structural reforms carried out in past years sufficient to at least stop the European productivity decline, if not to foster a technological revival?",N,2007-08-27,speeches,,
"A perceived “gloom and doom” scenario of permanently lower productivity growth would probably generate an immediate and strong wealth effect, including a stock market decline, which may exceed the fall in aggregate supply and lead to negative pressure on inflation.",N,2007-08-27,speeches,,
"Similarly, the wealth effect will tend to prevail when technological innovations – for example the invention of the microchip – lead to widespread beliefs of large future productivity improvements",N,2007-08-27,speeches,,
the improvements are slow to diffuse through the production processes.,N,2007-08-27,speeches,,
"When measurement errors occur, too strong a policy response to mismeasured economic activity can induce undesirable fluctuations in the economy.",N,2007-08-27,speeches,,
also labour demand.,N,2007-08-27,speeches,,
The frequency of price adjustments – the share of prices in a representative sample of product categories that are changed each month – is low relative to the US record [Table 1].,N,2007-09-07,speeches,,
"Symmetrically, they make the burden of adjustment to a shock fall disproportionately on changes in output, incomes and employment.",N,2007-09-07,speeches,,
"By placing the great burden of macroeconomic adjustment on volumes rather than prices, nominal rigidities tend to increase – not decrease – the volatility of real activity that an economy would experience at any level of inflation volatility.",N,2007-09-07,speeches,,
This channel is suggested by time series evidence that points to low inflation persistence in the euro area.,N,2007-09-07,speeches,,
"Given this high level of uncertainty, it is appropriate to gather additional information and to examine new data before drawing further conclusions for monetary policy in the context of our medium term oriented monetary policy strategy.",N,2007-09-07,speeches,,
"Now, the predicted declines in investment and savings described so far make the expected effect of ageing on the equilibrium real interest rate ambiguous.",N,2007-09-26,speeches,,
"If investment decelerates or falls faster than domestic savings – at each level of aggregate income – the real interest rate that clears the market for loanable funds is expected to fall, since it is difficult for savers to find profitable investment opportunities.",N,2007-09-26,speeches,,
"Alternatively, if domestic savings were to fall faster than investment, the real interest rate would rise to reflect the relative scarcity of financial funds.",N,2007-09-26,speeches,,
The ageing process is therefore expected to contribute to a smooth and minor reduction in the equilibrium real interest rate over the next decades,N,2007-09-26,speeches,,
"As a result, the fraction of the population exposed to asset price fluctuations could increase with ageing.",N,2007-09-26,speeches,,
"If, for instance, older people are more risk averse and prefer to hold financial assets paying fixed-income returns, the demand for government bonds would tend to increase relative to riskier investment options, such as equity.",N,2007-09-26,speeches,,
"Stable prices ensure that the real value of both pension entitlements and savings is maintained and prevent arbitrary redistributions of income and wealth to the detriment of the most vulnerable groups in society, in particular pensioners.",N,2007-09-26,speeches,,
"In addition, the implementation of structural reforms is key to averting the trend decline in potential output growth in an ageing society, because the reduction in the size of the labour force needs to be compensated for by increases in labour productivity and labour market participation.",N,2007-09-26,speeches,,
"Cutler, Poterba, Sheiner and Summers (1990) estimated that a 0.15% yearly increase in the rate of growth of productivity is needed to avoid a decline in living standards in the United States as a result of increasing dependency ratios.",N,2007-09-26,speeches,,
Miles (1999) obtains a decline of 50 basis points in the equilibrium real interest rate in the European Union,N,2007-09-26,speeches,,
"Economic theory predicts that this ongoing process of crumbling of national economic borders, and the associated increase in international flows of capital, goods and services, should have resulted into greater pressure towards price equalization and convergence, for assets, commodities and factors.",N,2008-02-14,speeches,,
"For instance, many observers have pointed out that long-term real interest rates in the major currencies have converged to very similar (low) levels, particularly since 2000.",N,2008-02-14,speeches,,
"Second, to the extent that the process of globalisation has resulted in a number of terms of trade shocks – attenuated increases in prices of imported manufactured goods and accentuated increases in commodity and food prices – these may have in turn worked their way into short-run fluctuations in headline inflation.",N,2008-02-14,speeches,,
"Based on highly detailed data disaggregated both by sectors and countries over the period 1995-2004, Chart 4a shows that the level of import prices (proxied by absolute unit value indices) from China and the NMS are estimated to be approximately one-quarter the import price of total euro area import prices, and about one-fifth the price of imports from high-cost countries.",D,2008-02-14,speeches,,
"Overall, it is estimated that the increase in import penetration from low-cost countries over this period may have dampened euro area import price inflation by an average of 2.1 percentage points each year, an effect almost equally accounted for by China and the NMS.",D,2008-02-14,speeches,,
"The overall impact could be decomposed into two components (Table 1) : the first is the “share effect”, which captures the downward impact on import prices of the rising import share of low-cost countries combined with the relatively lower price level of low-cost import suppliers (1.6 percentage points per year)",D,2008-02-14,speeches,,
"and the second due to differentials in the growth of import prices (the “price effect”), which captures the impact of lower import price inflation from the low-cost countries relative to the high-cost ones over the sample period (0.5 percentage points per year).",D,2008-02-14,speeches,,
"However, there have also been globalisation-related effects on euro area import prices working in the opposite direction as the strong growth in the non-OECD economies in recent years seems to partly explain the significant rise in the prices of oil and non-energy commodities since 1999.",H,2008-02-14,speeches,,
"Overall, Chart 5 shows how globalisation forces have helped to keep extra euro area manufacturing import prices fairly flat since the start of the 2000s",D,2008-02-14,speeches,,
the rising price of oil and other commodities (particularly metals and foods) are reflected in the stronger growth of total extra euro area import prices over the same period.,H,2008-02-14,speeches,,
"While productivity growth in the euro area has also been moderate over the last decade, real wage growth has also been low.",N,2008-02-14,speeches,,
"An increase in the real wage elasticity of labour demand appears to have occurred in the last years, particularly for low-skilled workers, which may signal a trend fostered by additional supply of low-skilled labour at a global level.",N,2008-02-14,speeches,,
"The recent euro area experience thus indicates that relative price impacts have been strong over the last decade, with disinflation in manufactured goods contrasting with a strong acceleration in prices for commodities, though a complete assessment of their importance relative to historical norms is hampered by limited past data.",N,2008-02-14,speeches,,
"As shown in Chart 6a, producer price inflation has shown strong relative price effects, with muted development in consumer goods excluding food and tobacco (-1.0 % on average over the period 1996-2006 compared with the overall index) along with capital goods (-1.3 % on average) relative to average producer prices contrasting with a relatively strong rise (+2.5 % on average) in the energy component (which also may have also affected prices further down the production chain).",N,2008-02-14,speeches,,
"As shown in Chart 6b, HICP subcomponents have also exhibited sizeable price differentials, in particular with three energy-related items displaying the highest increases over 1996-2006 (between +5.5 % and +7.5 %)",H,2008-02-14,speeches,,
"Overall, numerous estimates suggest a small net dampening impact of globalisation on euro area inflation of 0-0.3 percentage point per annum over the last 5-10 years when taking into account the net impact of disinflationary effects of increased trade openness in the manufacturing sector and strong commodity price increases.",D,2008-02-14,speeches,,
"Overall, while the empirical evidence would lend support to the idea of a favorable relative price shock associated with globalisation, there have been recently signals that the disinflationary impact of low-cost countries on euro area import prices might be coming to an end due to increasing inflationary pressures in those countries.",H,2008-02-14,speeches,,
"At face value, the recent increases in the prices of import from low-cost countries might be interpreted as a sign that the downward impact from these countries is waning.",H,2008-02-14,speeches,,
"Moreover, from a forward looking perspective, price pressures on soft commodities (such as food) induced by globalisation forces – following pressures already witnessed on hard commodities – appear to be a potential source of strong adverse relative price shocks.",H,2008-02-14,speeches,,
"As these latter developments are of a structural nature, they are likely to have a more persistent upward impact on global food prices in the future.",H,2008-02-14,speeches,,
"The rise in global food prices has led to notable increases in food prices in the euro area, at both the producer and the consumer level.",H,2008-02-14,speeches,,
"However, while the share of the NMS economies in euro area imports is rather significant, at around 11%, the relatively limited increases in their export prices – actual and expected – are unlikely to make them a significant source of imported inflation in the euro area.",D,2008-02-14,speeches,,
"The European Central Bank's mandate is to maintain price stability over the medium term, and price stability is defined as a rate of increase in the Harmonised Index of Consumer Prices for the euro area below and close to 2 percent.",N,2008-02-14,speeches,,
"For given potential output growth, the wealth effect would give rise to excess aggregate supply, thereby leading to downward pressure on domestic inflation.",D,2008-02-14,speeches,,
Whether inflation tends to increase or fall in response to an adverse terms-of-trade shock will therefore depend on which of these two effects dominates.,N,2008-02-14,speeches,,
"The factors underlying increases in Chinese demand for oil can also affect global inflationary pressures in a way that oil supply disruptions need not, for instance if they stem from favorable supply shocks augmenting global potential output.",N,2008-02-14,speeches,,
The global disinflationary effects associated with a Chinese increase of supply of goods may then counteract the adverse effects of the associated oil price increases.,N,2008-02-14,speeches,,
The disanchoring of inflation expectations is threatening to become the dominant factor as soon as price setters and social partners are giving a permanent status to the otherwise transitory price increases.,H,2008-02-14,speeches,,
"stabilizing more inflexible prices and wages, and preventing inflationary pressures to materialize owing to possible second round effects.",H,2008-02-14,speeches,,
"Second, it is challeging to agree on a satisfying ex-ante definition of core inflation, because of the high degree of uncertainty surrounding the nature of future shocks.",N,2008-02-14,speeches,,
"How can monetary policy maintain and consolidate the current gains in terms of a low and stable inflation environment, while contributing in reaping the benefits from the process of globalisation?",N,2008-02-14,speeches,,
Trade theory would suggest that enhanced trade between developed and developing countries places downward pressure on the relative returns to unskilled workers – whereby the relative real return to the factor used intensively in the production of a good whose relative price falls/rises should also fall/rise according to the Stolper-Samuelson proposition.,N,2008-02-14,speeches,,
Over the last 15 years the world has witnessed a substantial and continuous decline in the level of inflation that has coincided with the advent of the global economy.,D,2008-03-07,speeches,,
"For instance, it could be that the traditional links between inflation and “domestic” variables – particularly the level of unemployment – have become obsolete in a world where emerging Asia as well as previous communist countries provide such a large amount of labour at low cost.",N,2008-03-07,speeches,,
"First, extra-euro area manufacturing import price inflation originating from “low-cost” countries remains lower than average import price inflation from other euro area trade partners.",D,2008-03-07,speeches,,
"Second, with price levels of imports from low-cost countries remaining substantially lower than those of imports from high-cost countries, the size and persistence of the dampening effect on euro area import prices depends predominantly on the “share effect”.",D,2008-03-07,speeches,,
"Economic policymakers are currently grappling to understand the root, duration sand impact of a number of significant and sizeable shocks affecting the world economy, including rising commodity prices – of which sharp increases in world food and oil prices have been prominent components – as well as a period of prolonged financial turbulences associated with an adjustment in financial market perceptions of risk.",H,2008-06-03,speeches,,
"Whilst I consider the achievements of science and the acceleration of technological progress key to decipher the present world developments, the range of other factors at stake are well illustrated by considering the drivers behind the recent sharp increases in global agricultural commodity prices.",H,2008-06-03,speeches,,
"Growth in those economies has at the same time pushed up the demand for energy, most obviously manifest in rising oil prices.",H,2008-06-03,speeches,,
Increased trade with low costs countries and the growing share of these countries in the rest of the world's imports has in particular put downward pressure on developed economies' manufacturing import prices over the past decade.,D,2008-06-03,speeches,,
The net effect of these two forces – the attenuation in imported manufacturing goods' prices and the accentuated increases in commodity and food prices – is difficult to judge; the effects also differ across countries.,N,2008-06-03,speeches,,
"The outlook is perhaps more uncertain: indeed, there have been recently signals that the dis-inflationary impact of low-cost countries on euro area import prices may be weakening.",H,2008-06-03,speeches,,
The entirely exceptional joined interest rate cuts on 8 October 2008 and – in similar tense conditions – on 13 September 2001 have to be seen in this context.,D,2008-11-14,speeches,,
In both cases there was extraordinary uncertainty about the economic outlook and there was strong evidence that upside risks to price stability had diminished in many world regions at the same time.,D,2008-11-14,speeches,,
"This created the room for interest rate cuts, in all cases consistent with the mandate of the respective central banks.",D,2008-11-14,speeches,,
"And I agree that the future interaction between monetary and fiscal policies is likely to be complex in many parts of the world, given the considerable increase in public deficits and debt levels.",D,2010-02-09,speeches,,
"In Europe – which has historically experienced high levels of inflation, and even hyperinflation – throughout the past fifty years there has been a preference for rules to constrain policy makers, so as to avoid previous mistakes.",N,2010-02-09,speeches,,
"If the slow accumulation of financial imbalances poses a threat to macroeconomic and price stability over the longer term, then we can respond to it in a commensurate manner, even if this response implies tolerating some inflation volatility in the shorter run.",N,2010-02-09,speeches,,
Demand for finance increases and declines in tandem with the cycle.,N,2010-03-12,speeches,,
Even in a crisis situation – in conditions of collapsing confidence and very low interest rates – monetary theory assumes that a central bank will always be in a position to influence inflation and demand by steering expectations of the future path of its interest-rate instrument in the future.,N,2010-03-12,speeches,,
"The need to tackle the collapse of private arbitrage motivated two features of our enhanced credit support: first, the full, unlimited accommodation of banks' demands for central bank credit at our policy interest rate contributed to repair the collapse of interbank lending; second, the extension of central bank credit provision to longer maturities, up to one year, was a substitute for market intertemporal trading.",D,2010-03-12,speeches,,
Our quantitative definition of price stability and our medium-term orientation significantly reduce the likelihood of either deflation scares or inflation scares.,N,2010-03-12,speeches,,
Price discovery within the market in pursuit of a fundamental equilibrium in risk pricing – one that can be sustained by long-term trends – is likely to take time and experience some further oscillations.,N,2010-03-12,speeches,,
"We know that the commitment by central banks to keep inflation low and stable, communicate clearly about their price stability objectives, and then act on those objectives, has all contributed to a long-term reduction in macroeconomic risk.",N,2010-03-12,speeches,,
"And, as we know, these escalating tensions culminated in the bankruptcy of Lehman Brothers in September 2008, an event which triggered an unprecedented surge of volatility across mature-economy financial markets and a broad-based decline of asset prices.",D,2010-05-20,speeches,,
"With hindsight, the financial crisis has reminded us that the seeds of financial instability are often the same: balance sheet mismatches, high leverage (on or off balance sheets) and very rapid growth of financial institutions.",N,2010-05-20,speeches,,
"Such measures were instrumental in the maintenance of price stability, since, in the face of downside risks to price stability, they ensured that the easing of the monetary policy stance was transmitted into a broader easing of financing conditions.",D,2010-05-20,speeches,,
Central banks expand their balance sheets and inject liquidity so as to influence the structure of yields and returns and thereby stimulate aggregate demand.,D,2010-11-18,speeches,,
We consider that we are not bound to unwind non-standard measures before considering interest rate increases; we could do one or the other or both.,H,2010-11-18,speeches,,
"The anchoring of private inflation expectations induces a self-correcting mechanism in response to temporary disturbances in price developments, thereby easing the burden on monetary policy.",N,2010-11-18,speeches,,
"As I mentioned at the outset, the ECB did not embark on non-standard measures because we thought the scope for further standard easing of the monetary policy stance had been exhausted.",N,2010-11-18,speeches,,
Strong economic governance – and therefore closer economic union – is,N,2011-05-05,speeches,,
the fundamental counterpart to the single monetary policy.,N,2011-05-05,speeches,,
Citizens in Europe expect overall stable prices and their purchasing power to be maintained.,N,2011-05-05,speeches,,
"To achieve this, the Stability and Growth Pact needs to be reinforced and a strong surveillance of macroeconomic imbalances and competitiveness needs to be installed.",N,2011-05-05,speeches,,
"It makes sense for macroeconomic surveillance to have a clear focus on the euro area countries with large current account deficits, significant losses of competitiveness and high levels of public and private debt.",D,2011-05-05,speeches,,
"Turning now to monetary policy, the challenges central banks are facing in fulfilling their role of a stable anchor are large.",N,2011-05-05,speeches,,
"I have previously proposed a posture of “credible alertness”, suggesting that it was the best approach for a central bank to anchor inflation expectations firmly, while being ready to take action at any point in time without being the prisoner of previous commitments on policy actions.",H,2011-05-05,speeches,,
"For example, the ECB has indicated clearly that interest rate increases could perfectly well take place independently of the timing of the phasing out of the non-standard measures - if those non-standard measures continue to be fully justified by the situation.",H,2011-05-05,speeches,,
On April 7 the Governing Council decided to increase the interest rate on the main refinancing operations of the Eurosystem by 25 basis points.,H,2011-05-05,speeches,,
The citizens of Europe can rely on our strong determination to ensure a very solid anchoring of inflation expectations – something that is more important than ever in turbulent times.,N,2011-05-05,speeches,,
"As the crisis called for rapid and unprecedented action, we never lost sight of our main objective, namely to maintain price stability over the medium term for the benefit of the 331 million citizens of the euro area.",N,2011-06-06,speeches,,
We did not hesitate to raise interest rates in December 2005.,H,2011-06-06,speeches,,
"International financial institutions, in particular, highlighted the risks that the tightening of monetary policy – after a prolonged period of accommodative monetary policy – could pose to the recovery.",N,2011-06-06,speeches,,
"After the crisis escalated in mid-September 2008, while inflationary pressures subsided, we decided, in full accordance with our mandate, to reduce our key interest rate.",D,2011-06-06,speeches,,
"Again, the sharp increase in oil and other commodities has had a major impact on overall inflation.",H,2011-06-06,speeches,,
"In these circumstances, the central bank must prevent increases in the prices of raw materials from being incorporated into the long-term inflation expectations, which could trigger second-round effects on wages and prices.",H,2011-06-06,speeches,,
It is against this background that the Governing Council decided in April to raise interest rates.,H,2011-06-06,speeches,,
"Thus, when the Governing Council decided in March and April that it was time to raise interest rates, in parallel, at the same time, it decided to keep, in the second quarter, the provision of unlimited fixed-rate liquidity for a period of three months.",H,2011-06-06,speeches,,
It is therefore entirely natural that policy makers do not lose sight of the prerequisites for stable sustainable growth.,N,2011-08-27,speeches,,
"That achieving high and sustainable growth matters, however, is easy to motivate.",N,2011-08-27,speeches,,
Higher growth rates of technical innovation raise output and can lower the non-inflationary rate of unemployment.,D,2011-08-27,speeches,,
"Before the crisis, the dispersion of HICP inflation in euro area countries had remained broadly stable since the late 1990s, at a level similar to the 14 US Metropolitan Statistical Areas.",N,2011-08-27,speeches,,
During the crisis we saw a temporary increase in inflation dispersion in the euro area but this has been reversed over the past 12 months.,N,2011-08-27,speeches,,
"In the United States, for example, Nevada, Arizona, Florida and California experienced increases in house prices that outpaced the national average by a wide margin.",N,2011-08-27,speeches,,
The steep house price increases accompanied above average growth in these states.,N,2011-08-27,speeches,,
"In the crisis, the sharp fall in house prices in Florida and the south-western US states turned boom into bust.",N,2011-08-27,speeches,,
"In Ireland and Spain particularly, strong growth was accompanied by strong increases in housing prices.",H,2011-08-27,speeches,,
Below average performance of the region – and particularly weaker growth rates in the states of Michigan and Ohio – are related to strong reliance on manufacturing.,N,2011-08-27,speeches,,
"Just a few years ago, the low-growth group of countries included Germany – labelled the “sick man of Europe” at that time.",N,2011-08-27,speeches,,
Those countries that have yet to implement more far reaching structural reforms also have relatively low growth prospects after the crisis.,D,2011-08-27,speeches,,
"These relatively low growth rates are linked to a deterioration of competitiveness, driven, for example, by persistent above average unit labour costs.",D,2011-08-27,speeches,,
"Employment regulation needs to help more proactively outsiders, low-skilled, young and older workers.",N,2011-08-27,speeches,,
"Structural reforms, particularly in the form of re-training, improving job matching, providing flexibility and incentive for job creation and innovation remain the best policy options for encouraging well-balanced growth, and an environment of low and credible inflation the best environment to encourage matters from a central-banking perspective.",N,2011-08-27,speeches,,
"Despite all the ups and down of recent years, our key challenge remains as it has always been: to create strong, sustainable, balanced, non-inflationary growth.",N,2011-08-27,speeches,,
"Over the long-term a commitment to price stability anchors expectations, improves the workings of the price mechanism, reduces transaction costs, protects savers and reduces uncertainty.",N,2011-08-27,speeches,,
"Structural reforms – re-training, improving job matching, providing flexibility and incentives for job creation and innovation – remain the best policy options for encouraging well-balanced growth, and an environment of low and credible inflation the best environment to encourage matters from a central-banking perspective.",N,2011-08-27,speeches,,
"In addition to identifying these particular strains in the banking sector, our regular economic and monetary analysis has indicated that the intensified financial market tensions continue to dampen economic activity in the euro area and the outlook remains subject to high uncertainty and substantial downside risks.",D,2011-12-15,speeches,,
The Council decided to reduce its key interest rates by another 25 basis points to 1%.,D,2011-12-15,speeches,,
Liquidity was distributed by stable and efficient interbank markets at (almost) uniform prices throughout the euro area.,N,2012-05-16,speeches,,
"Some of these topics are now at the forefront of the questions that European policy makers are confronted with, how to reduce fiscal and macroeconomic imbalances, how to achieve growth, and how to combine these goals with the necessary fiscal discipline that serves to balance the interests among the present and future generations.",N,2012-05-16,speeches,,
The euro area general government deficit has declined significantly,H,2012-05-16,speeches,,
public debt should stop rising next year and decline thereafter.,H,2012-05-16,speeches,,
"While the ECB will continue to comply with the mandate of keeping price stability over the medium term in line with Treaty provisions and preserving the integrity of our balance sheet, I want to state that our strong preference is that Greece will continue to stay in the euro area.",N,2012-05-16,speeches,,
"The outbreak of the crisis substantially increased risk aversion: the weaknesses of these countries were exposed; in an environment of already weak growth, investors turned away, sovereign spreads started to rise.",D,2012-11-15,speeches,,
It was a situation which has brought into focus the nature of the “ideal” fiscal consolidation – one which reduces the deficit and the debt with the least negative consequences for a country's GDP.,N,2012-11-15,speeches,,
Increases in interest rates on government securities have exacerbated the funding costs of domestic banks and severely limited their access to markets.,D,2012-11-15,speeches,,
This has made difficult the transmission of impulses coming from an accommodative monetary policy through adjustments in interest rates on loans to households and firms by banks.,D,2012-11-15,speeches,,
"And credit growth was falling further, leading to rising unemployment and reduced consumption and investment.",D,2012-11-15,speeches,,
"The responses of all these governments have been remarkable for its intensity and speed, and yet interest rates continued to rise.",D,2012-11-15,speeches,,
We have all the necessary tools at our disposal to maintain it and to withdraw any excess liquidity in case of upward risks to price stability.,H,2012-11-15,speeches,,
"In my joint work with the Presidents of the European Council, the European Commission and the Eurogroup, we have identified four pillars on which to build a stable and prosperous Europe: a banking union with a single supervisor; a fiscal union that can effectively prevent and correct unsustainable budgets; an economic union that can guarantee sufficient competitiveness to sustain high employment; and a political union that can deeply engage euro area citizens.",N,2012-11-15,speeches,,
"This means completing economic and monetary union along four key pillars: a financial union with a single supervisor at its heart, to re-unify the banking system; a fiscal union with enforceable rules to restore fiscal capacity; an economic union that fosters sustained growth and employment; and a political union, where the exercise of shared sovereignty is rooted in political legitimacy.",N,2012-11-30,speeches,,
"In most cases, this improvement has resulted from a combination of relatively strong export growth (particularly in Spain or Portugal) and very weak or negative import growth (notably in Greece).",H,2012-11-30,speeches,,
"Demand has to be contained and supply has to increase, it is only that the supply adjustment takes more time.",H,2012-11-30,speeches,,
"In low-productivity sectors, labour shedding has increased aggregate productivity, particularly in Ireland and Spain, but also, to a lesser extent, in Greece and Portugal.",D,2012-11-30,speeches,,
"We expect, however, that progress in structural reforms, especially those that improve the functioning of labour markets, will help lower unemployment and facilitate new employment opportunities.",N,2012-11-30,speeches,,
There is clear evidence that increasing profits contributed to a large extent to upward pressures on prices in some countries.,H,2012-11-30,speeches,,
"In this vein, removing rigidities in product and labour markets clearly raises the potential for growth and job creation.",N,2012-11-30,speeches,,
"This reallocation process, though sometimes painful in the short run, carries the seed of future prosperity: a growing body of knowledge shows that by increasing the ability of the economy to adjust, so that factors can be reallocated to the most competitive firms, aggregate labour productivity can increase substantially.",D,2012-11-30,speeches,,
"They aim to implement the desired monetary policy stance, in conditions in which the stance may not be smoothly and homogeneously transmitted to the economy, or where a further easing of the stance through standard policy rate adjustments is hindered by the lower bound constraint.",D,2013-04-15,speeches,,
"The unifying overall goal is to improve the effectiveness of monetary policy, in ways that can support the attainment of the monetary policy objectives.",N,2013-04-15,speeches,,
"Although we see a decrease in fragmentation on the funding side, our very accommodative monetary policy stance is only partly passed on to the financing conditions faced by firms and households in some euro area countries.",D,2013-04-15,speeches,,
And this is what we have done in order to avoid deflationary downward spirals that would have prevented us from delivering on our mandate of preserving price stability in the euro area.,D,2013-04-15,speeches,,
The genuine Economic and Monetary Union comprises four pillars: a banking union with a single supervisor; a fiscal union that can effectively prevent and correct unsustainable budgets; an economic union that can guarantee sufficient competitiveness to sustain high employment; and a political union that can deeply engage euro area citizens.,N,2013-04-15,speeches,,
"In this sense, it will also support the conduct of monetary policy, as a stable financial system is a prerequisite for the proper transmission of our policy signals.",N,2013-04-15,speeches,,
"In the years preceding the crisis, this Union began to divide countries with positive trade balances and sound budgets from those with growing budget deficits and external deficits financed by private credit flows increasingly sourced from the first group of countries and not used for investments to increase competitiveness, but rather to finance unproductive spending, or property bubbles.",D,2013-05-06,speeches,,
Asset prices fall rapidly and bank capital declines.,D,2013-05-06,speeches,,
The main aim of quantitative easing is to reabsorb the quantity of term risk held in the economy as a whole and thereby compress its price – the corresponding risk premium.,D,2013-05-06,speeches,,
"As mentioned, the Governing Council of the ECB cut interest rates to 0.5% at its last meeting, bringing them to a historic low after eight months in which they had been unchanged at 0.75%.",D,2013-05-06,speeches,,
In some European countries youth unemployment has reached levels that damage people's faith in prospects for a decent life and which risk giving rise to extreme and destructive forms of protest.,D,2013-05-06,speeches,,
"This must be done to reduce youth unemployment, increase consumption and preserve the very essence of welfare.",N,2013-05-06,speeches,,
"Unacceptably high levels of unemployment, particularly youth unemployment, are the prime concern of economic policy-makers.",D,2013-06-18,speeches,,
Domestic demand should be supported by accommodative monetary policy; by the recent real income gains from lower oil prices and lower inflation; and by the confidence and wealth effects stemming from the improvements in financial markets since last summer.,D,2013-06-18,speeches,,
The ECB's Governing Council has stressed that that monetary policy will remain accommodative for as long as necessary.,D,2013-06-18,speeches,,
I will not dwell on the first dimension because I do not think that we are materially challenged in our ability to deliver our objective of price stability by the low level of interest rates.,N,2013-06-18,speeches,,
One reason why inflation expectations have remained broadly stable is that we – and other major central banks around the world – have prevented the materialisation of deflation risk by adopting both standard and non-standard measures as and when necessary.,D,2013-06-18,speeches,,
"Having said that, the objective of monetary policy being stabilisation does not imply that it cannot contribute to efficiency and equity, and indeed stable prices are a precondition of both (see B. Coeuré, Monetary Policy in a fragmented world”, Speech at Oesterreichische Nationalbank, Vienna, 10 June 2013.",N,2013-06-18,speeches,,
Economic activity in the euro area bottomed out in the first half of the year and is expected to strengthen gradually in the period ahead.,D,2013-10-11,speeches,,
"Output is expected to recover at a slow pace, driven by a gradual improvement in domestic demand supported by the ECB's accommodative monetary policy stance and a gradual strengthening of external demand.",D,2013-10-11,speeches,,
"Other downside risks include higher commodity prices in the context of renewed geopolitical tensions, weaker than expected global demand and slow or insufficient implementation of structural reforms in euro area countries.",D,2013-10-11,speeches,,
"The risks to the outlook for price developments are expected to be still broadly balanced over the medium term, with upside risks relating in particular to higher commodity prices as well as stronger than expected increases in administered prices and indirect taxes, and downside risks stemming from weaker than expected economic activity.",N,2013-10-11,speeches,,
The ECB's monetary policy stance continues to be geared towards maintaining the degree of monetary accommodation warranted by the outlook for price stability.,D,2013-10-11,speeches,,
It thereby provides support to a gradual recovery in economic activity.,D,2013-10-11,speeches,,
"Looking ahead, our monetary policy stance will remain accommodative for as long as necessary.",D,2013-10-11,speeches,,
The authorities should not unravel their multi-year efforts to cut deficits,N,2013-10-11,speeches,,
"should reduce the debt ratios without delay, in line with the EU's fiscal framework, which has been considerably reinforced over the past few years.",N,2013-10-11,speeches,,
"As regards intra-euro area imbalances, there has been a major external adjustment in euro area countries with previously high current account deficits.",H,2013-10-11,speeches,,
"Lastly, although major progress has been made, euro area countries need to strengthen their efforts to reform their labour and product markets in a decisive way in order to improve competitiveness, raise potential growth and generate employment opportunities.",N,2014-04-10,speeches,,
"During an adjustment in relative prices, there will always be some jurisdictions where inflation rates fall substantially below the euro area-wide objective",N,2014-04-24,speeches,,
inflation rates will naturally have to exceed the objective elsewhere.,N,2014-04-24,speeches,,
"Hence, the probability distribution of outcomes tends to widen, the number of economic and financial variables that observers consider relevant for monetary policy and its transmission increases, while the yield curve becomes less informative as a summary indicator.",N,2014-04-24,speeches,,
"Another cause could be a substantial positive supply shock that, given the current low level of inflation, loosens the anchoring of medium-term inflation expectations.",D,2014-04-24,speeches,,
Falling commodity prices have accounted for around 80% of the decline in euro area inflation since late 2011.,D,2014-05-26,speeches,,
"At present, our expectation is that low inflation will be prolonged but gradually return to 2%.",D,2014-05-26,speeches,,
We have to be mindful of mismatches between the various trends: the rise in demand for credit; the repair of bank balance sheets; and the development of capital markets as a complement to bank lending.,N,2014-05-26,speeches,,
"This is a question related to the physiology of inflation, meaning how current low inflation influences economic behaviour and impacts the economy, notably through the formation of expectations.",N,2014-05-26,speeches,,
Falling commodity prices explain the lion's share of the disinflation the euro area has experienced since the end of 2011.,D,2014-05-26,speeches,,
To the extent that this supports domestic demand in the euro area it will also create upward pressure on inflation.,H,2014-05-26,speeches,,
"Indeed, if we look at prices of non-energy industrial goods, which are mainly tradable, we see a downward trend across all euro area countries.",D,2014-05-26,speeches,,
"For example, the recent overall fall in services price inflation for the euro area is almost entirely accounted for by price declines in these components in stressed countries.",D,2014-05-26,speeches,,
"In particular, a prolonged period of low or even negative inflation rates might destabilise inflation expectations.",D,2014-05-26,speeches,,
"In these circumstances, there is a risk that, if a temporary shock turns more persistent, any monetary policy response might arrive too late to prevent a more serious downward shift in expectations.",D,2014-05-26,speeches,,
"At present, our expectation is that low inflation will be prolonged but gradually return to close to 2%.",D,2014-05-26,speeches,,
"At the other end of the spectrum would be a too prolonged downward departure of inflation and/or inflation expectations from our projected baseline scenario, for example due to the interaction between exchange rate developments and medium-term inflation expectations as I explained earlier.",D,2014-05-26,speeches,,
Meeting credit demand is likewise why we have publicly supported measures to revive high quality securitisation in Europe.,D,2014-05-26,speeches,,
We have to be mindful of mismatches between these various trends: the rise in demand for credit; the repair of bank balance sheets; and the development of capital markets as a complement to bank lending.,N,2014-05-26,speeches,,
"What I have laid out today is a decomposition of the factors behind low inflation in the euro area, and how they interact, percolate through the real economy and may affect medium-term price stability.",N,2014-05-26,speeches,,
No one in society remains untouched by a situation of high unemployment.,D,2014-08-22,speeches,,
Cyclical factors have therefore certainly contributed to the rise in unemployment.,D,2014-08-22,speeches,,
"The second recessionary episode, however, led to a further strong increase in the unemployment rate even though aggregate vacancy rates showed marked signs of improvement.",D,2014-08-22,speeches,,
"As the previous figure shows, employment losses in the euro area are strongly concentrated among low skilled workers",D,2014-08-22,speeches,,
"Unemployment in Ireland stabilised and then fell, whereas in Spain it increased until January 2013 (Figure 6).",N,2014-08-22,speeches,,
"As a result, as Figure 6 shows, nominal compensation per employee continued to rise in Spain until the third quarter of 2011, despite a more than 12 percentage point increase in unemployment in that time.",N,2014-08-22,speeches,,
"The upshot was that, whereas the Irish labour market facilitated some adjustment through prices, the Spanish labour market adjusted primarily through quantities: firms were forced to reduce labour costs by reducing employment.",D,2014-08-22,speeches,,
"We have already seen exchange rate movements that should support both aggregate demand and inflation, which we expect to be sustained by the diverging expected paths of policy in the US and the euro area (Figure 7).",H,2014-08-22,speeches,,
"I comment on these movements about once a month in the press conference and I have given several reasons for this downward path in inflation, saying it is because of food and energy price declines; because after mid-2012 it is mostly exchange rate appreciation that has impacted on price movements; more recently we have had the Russia-Ukraine geopolitical risks which will also exert a negative impact on the euro area economy; and of course we had the relative price adjustment that had to happen in the stressed countries as well as high unemployment.",D,2014-08-22,speeches,,
"Seen from this perspective, insufficient skill levels will effectively raise the non-accelerating inflation rate of unemployment (NAIRU) by causing more workers to drop out of the 'competitiveness zone' and become unemployable.",H,2014-08-22,speeches,,
"only as a result of a large, previous increase following reunification.",N,2014-08-22,speeches,,
"The ECB President emphasised the risk that a too prolonged period of low inflation becomes embedded in inflation expectations, and that the firm anchoring of inflation expectations is critical under any circumstances.",D,2014-11-21,speeches,,
"Faced with continuously weak inflation, we reached the effective lower bound on our policy interest rates, and we resorted to asset purchases as a means to expand further our monetary policy stance.",D,2014-11-21,speeches,,
"Indeed, in our current environment low energy and food prices give valuable support to economic activity by raising real disposable incomes.",D,2014-11-21,speeches,,
A low reading for core inflation for such a period of time indicates that it is not only temporary factors that are operative: underlying demand weakness is also playing a role.,D,2014-11-21,speeches,,
We have had low headline inflation in the past driven by energy prices – it was even negative in 2009.,D,2014-11-21,speeches,,
"There are several channels through which low inflation can have this effect, including by complicating relative price adjustment between euro area countries, and worsening the effects of the debt overhang that prevails in parts of the euro area.",D,2014-11-21,speeches,,
But a channel I particularly want to focus on is the risk that a too prolonged period of low inflation becomes embedded in inflation expectations.,D,2014-11-21,speeches,,
"But once we reach this point, and if inflation is still too low and more monetary stimulus needed, the central bank has to adopt new instruments to fulfil its mandate.",D,2014-11-21,speeches,,
"The next logical step to ease monetary conditions is to influence more directly the term structure of interest rates, which we did by introducing forward guidance in July of last year.",D,2014-11-21,speeches,,
We have recently re-affirmed our forward guidance that key policy rates will stay low for an extended period of time in line with the subdued outlook for inflation.,D,2014-11-21,speeches,,
"This in turn helps anchor inflation expectations and thereby lower real interest rates, boosting activity and inflation.",D,2014-11-21,speeches,,
"For our part, we will continue to meet our responsibility – we will do what we must to raise inflation and inflation expectations as fast as possible, as our price stability mandate requires of us.",D,2014-11-21,speeches,,
"A strengthened financial sector, an accommodative macroeconomic policy setting, sound fiscal policies and a determination by euro area governments to pursue structural reforms should allow the euro area to embark on a sustainable growth path in a context of price stability.",D,2015-04-17,speeches,,
Employment continued to grow in the fourth quarter of 2014 and the level of unemployment is continuing to fall gradually from elevated levels.,H,2015-04-17,speeches,,
"While remaining on the downside, the risks surrounding the euro area growth outlook have become more balanced on account of the recent monetary policy decisions, the fall in oil prices and the lower euro exchange rate.",N,2015-04-17,speeches,,
HICP inflation in the euro area turned negative in December 2014 mainly on account of the sharp drop in oil prices observed last year.,D,2015-04-17,speeches,,
"Looking ahead, inflation is expected to remain very low or still negative in the coming months.",D,2015-04-17,speeches,,
"However, supported by the favourable impact of the recent monetary policy measures on aggregate demand, and by the impact of the lower euro exchange rate, the base effects that will materialise later in 2015 and somewhat higher oil prices in the years ahead, inflation rates are expected to increase consistently over the short and medium term.",H,2015-04-17,speeches,,
"In January 2015, the Governing Council launched an expanded asset purchase programme to address the heightened risks of too prolonged a period of too low inflation, encompassing purchases in the secondary market of euro-denominated investment-grade securities issued by euro area governments and agencies and European institutions.",D,2015-04-17,speeches,,
"In any case, we will continue the purchases until the Governing Council sees a sustained adjustment in the path of inflation which is consistent with its aim of achieving inflation rates below, but close to, 2% over the medium term.",D,2015-04-17,speeches,,
"This included strengthening our forward guidance and introducing a negative interest rate on our deposit facility, which combined to measurably increase the traction of our policy rates over the shape of the yield curve.",D,2015-05-14,speeches,,
"First, while the fluctuations in inflation in the second half of the year were clearly being driven by supply factors, there were strong signs that the trend was being driven by weak aggregate demand.",D,2015-05-14,speeches,,
This was visible both at the macro level in a still wide output gap and a declining rate of core inflation,D,2015-05-14,speeches,,
also a downward shock to inflation dynamics – a sustained adverse development.,D,2015-05-14,speeches,,
The euro area spot 5-year real interest rate had increased by around 60 basis points between September 2014 and January 2015,H,2015-05-14,speeches,,
"In sum, while a period of low interest rates will inevitably result in some local misallocation of resources, it does not follow that it has to threaten overall financial stability.",D,2015-05-14,speeches,,
"Finally, low potential growth can have a direct impact on the tools available to monetary policy, as it increases the likelihood that the central bank runs into the lower bound and has to resort recurrently to unconventional policies to meet its mandate.",D,2015-05-22,speeches,,
"Second, a situation of persistently low potential growth would make it even harder to work through the debt overhang that still exists in parts of the euro area.",D,2015-05-22,speeches,,
"Third, low potential growth can have a direct impact on the tools available to monetary policy to deliver its mandate.",D,2015-05-22,speeches,,
"In this context, higher potential growth would facilitate the stabilisation task of monetary policy by allowing the equilibrium real rate to rise.",N,2015-05-22,speeches,,
"For instance, reforms directed at sectors with large pent-up demand, such as professional services and retail trade, could be expected to elicit a rapid investment response.",N,2015-05-22,speeches,,
"By bringing real interest rates well below the medium-term growth rate, this policy package is creating strong price incentives to invest.",D,2015-05-22,speeches,,
It should therefore be clear that the argument that accommodative monetary policy constitutes an excuse for governments and parliaments to postpone their reform efforts is incorrect.,N,2015-05-22,speeches,,
"Our monetary policy measures have supported, and continue to support, domestic demand, contributing to the euro area recovery and to a gradual improvement in the inflation outlook.",D,2015-10-09,speeches,,
"While external demand is somewhat weaker than anticipated, domestic demand is expected to remain the main driver of the recovery, and should continue to be supported by our monetary policy measures, progress made in terms of fiscal consolidation and structural reform, and low oil prices.",D,2015-10-09,speeches,,
Employment increased further in the second quarter of 2015,H,2015-10-09,speeches,,
the unemployment rate has continued to decline.,H,2015-10-09,speeches,,
"Against a background of further declines in commodity prices, notably oil, recent HICP inflation numbers have drifted back to levels around zero, following the rebound from negative rates seen earlier in the year.",D,2015-10-09,speeches,,
"Looking ahead, headline inflation is expected to remain very low in the near term, until upward base effects relating to energy prices push it up towards the end of the year.",D,2015-10-09,speeches,,
"Inflation rates are foreseen to rise further during 2016 and 2017, supported by the expected economic recovery, the pass-through of past declines in the exchange rate, and, assuming current prices in futures markets materialise, somewhat higher oil prices in the years ahead.",H,2015-10-09,speeches,,
"Since mid-2014 we have taken a number of both conventional and unconventional measures to address the heightened risks of too prolonged a period of too low inflation, encompassing targeted longer-term refinancing operations (TLTROs), a third covered bond purchase programme (CBPP3) and an asset-backed securities purchase programme (ABSPP).",D,2015-10-09,speeches,,
"The APP continues to proceed smoothly and – together with other monetary policy measures – has a favourable impact on the cost and availability of credit for firms and households, contributing to the euro area recovery and a gradual rise in inflation.",D,2015-10-09,speeches,,
"We intend to purchase private and public securities until the end of September 2016, or beyond if necessary, and, in any case, until we see a sustained adjustment in the path of inflation that is consistent with our aim of achieving inflation rates below, but close to, 2% over the medium term.",D,2015-10-09,speeches,,
"Given the high structural unemployment level and low potential output, the ongoing cyclical recovery should be supported by effective structural policies.",D,2015-10-09,speeches,,
"Such reforms will increase productive investment, boost job creation and raise productivity, while increasing the adjustment capacity and resilience of the euro area economies to global shocks.",N,2015-10-09,speeches,,
"With bond yields subject to volatility, high-debt countries in particular need to pay attention to risks related to a reversal of the current low interest rate environment.",N,2015-10-09,speeches,,
There are many reasons why asset purchases should have a strong impact on activity and inflation.,D,2015-11-20,speeches,,
"Following our communication on our reaction function in the first half of last year, interest rates had in fact been falling consistently over the months preceding the launch of APP, as markets began to price in our likely response to a prolonged period of too-low inflation.",D,2015-11-20,speeches,,
"Even though low interest rates put pressure on banks' unit margins, that is compensated for by volume effects – there is more activity in the banking sector as a whole because monetary policy is supporting the recovery.",D,2015-11-20,speeches,,
This was reflected in the Governing Council's decision yesterday to expand our monetary policy stance.,D,2015-12-04,speeches,,
"Looking at the drivers of inflation across advanced economies today, we do indeed see a strong global component in low inflation.",D,2015-12-04,speeches,,
"All things being equal, lower prices for oil should, over time, lead to higher prices elsewhere as disposable income increases and overall demand from consumption and investment rises.",N,2015-12-04,speeches,,
"At the same time, a succession of oil price shocks over recent years has led to a prolonged period of low inflation in the euro area which, at times, has been reflected in declines in measures of inflation expectations.",D,2015-12-04,speeches,,
"Against that backdrop, we have seen a higher risk that a continued period of low inflation – even if supply-driven – could start to have second-round effects and feed into core inflation.",D,2015-12-04,speeches,,
"This suggests that, for services inflation to rise over the medium-term, we will need to see a faster closing of the output gap in the euro area and a quicker return towards full employment.",D,2015-12-04,speeches,,
To have a structural recovery we need to raise not just current growth,N,2015-12-14,speeches,,
The first line of argument is that low inflation is increasingly being caused by structural factors in the global economy that cannot be addressed through domestic monetary stimulus.,D,2016-02-04,speeches,,
It might put downward pressure on prices if aggregate demand falls more than aggregate supply.,D,2016-02-04,speeches,,
"In any event, it seems unlikely that demography can explain why inflation is low today across advanced economies that have very different demographic profiles.",N,2016-02-04,speeches,,
"A third is globalisation, which may increase the importance of global prices relative to domestic prices, making it harder for advanced economies to avoid importing disinflation from abroad.",D,2016-02-04,speeches,,
"And the unexpected low inflation raises real debt burdens, which has a negative effect on aggregate demand due to the different propensities to consume and invest of borrowers and lenders.",D,2016-02-04,speeches,,
"Inflation, which peaked at around 15% in March 1980, fell below 3% by 1983.",D,2016-02-04,speeches,,
"As long as the commitment of the Bank of Japan to a low positive inflation number was not clear, actual inflation and inflation expectations stayed in deflationary zone.",N,2016-02-04,speeches,,
"And if we look at foreign currency debt, while low euro area interest rates have led to significant increases in euro-denominated debt security issuance outside the euro area in the past two years, issues in euro still only account for about one-quarter of international bond issuance, while issues in dollar account for two-thirds.",N,2016-02-04,speeches,,
"And since demographic-related saving is likely to remain high, that has to come through raising demand for capital.",N,2016-05-02,speeches,,
"Today, faced with a persistent output gap and too-low inflation, our monetary policy is stimulating the economy by steering market rates below their long-term levels.",D,2016-05-02,speeches,,
"And since those long-term rates have fallen very low, it is inevitable that market rates have fallen to very low and even negative levels for an extended period of time to achieve the right level of demand support.",D,2016-05-02,speeches,,
But monetary policy cannot raise long-term real rates.,N,2016-05-02,speeches,,
"In the two centuries since then, the cost of not delivering stability has been painfully displayed: in the devastating effects of excessive inflation, such as the 1400% annual increase in prices recorded here in the early 1920s; but also in the terrible consequences of deflation, as in the 1930s.",N,2016-06-02,speeches,,
"This stems from the fact that, even in the most flexible economies, nominal wages and prices are “sticky” and slow to adjust downwards.",N,2016-06-02,speeches,,
"In that context, when demand falls, 2% inflation allows real wages to adjust downwards even if nominal wages do not.",N,2016-06-02,speeches,,
A small positive buffer creates more scope to support the economy through cutting nominal interest rates and reduces the likelihood of running up against the effective lower bound.,N,2016-06-02,speeches,,
"Evidence suggests, however, that demographics-induced high savings and low productivity growth have led equilibrium real rates to fall.",N,2016-06-02,speeches,,
It can be reversed at least in part by structural reforms that raise productivity and participation rates.,N,2016-06-02,speeches,,
"For instance, if markets expect central banks to react to negative shocks by increasing monetary accommodation, when a shock actually happens, it will immediately lead to lower real interest rates as the central bank's reaction function is taken into account.",N,2016-06-02,speeches,,
This mechanism hinges crucially on the central bank being credible on both sides – being just as committed to fighting too low inflation as too high inflation.,N,2016-06-02,speeches,,
"And while this is true generally, it is all the more so in the special circumstances we face coming out of the crisis – namely, where private debt stocks are high and policy interest rates are close to the lower bound.",D,2016-06-02,speeches,,
"In those conditions, any perception that the central bank might tolerate persistent downward inflation misses would be especially costly.",D,2016-06-02,speeches,,
"It would lead first of all to a dis-anchoring of inflation expectations, which would cause real yields to rise mechanically.",D,2016-06-02,speeches,,
"When inflation is too high, we can always raise interest rates to a level that will rein in demand and eventually prices.",N,2016-06-02,speeches,,
When inflation is too low,N,2016-06-02,speeches,,
"there are limits to how far interest rates can be cut, because of the existence of a non-interest bearing substitute for bank deposits in the form of cash.",N,2016-06-02,speeches,,
"And since we have no intention to do away with cash, central banks fighting too low inflation may have to resort to tools other than policy rates – what are often referred to as “unconventional” tools.",D,2016-06-02,speeches,,
"One should not forget that the ability of central banks to bring high inflation under control was also doubted in the past, most famously in the 1970s, until empirical evidence put the debate to rest.",N,2016-06-02,speeches,,
The recovery has also withstood a decline in external demand linked to the major slowdown in world trade.,D,2016-06-02,speeches,,
In both episodes there was a sharp fall in euro area growth to close to or below zero.,D,2016-06-02,speeches,,
"Indeed, if one decomposes inflation for the average advanced economy, one finds that since mid-2014 there has been a notable rise in the global component, linked largely to oil and commodity price falls.",D,2016-06-28,speeches,,
"That low interest rate environment is a consequence of a global excess of desired saving over planned investment, which results from rising net savings as populations plan for retirement; from increased demand for and lower supply of safe assets; from relatively less public capital expenditure in a context of slowing population growth in advanced economies; from the secular shift from industries intensive in physical capital to those more intensive in human capital; and from a slowdown in productivity growth that reduces returns on investment.",N,2016-06-28,speeches,,
"The second implication of the global nature of low inflation is that there is a common responsibility for addressing its sources, whatever and wherever their origin.",N,2016-06-28,speeches,,
"they need to achieve the same outcome, which is to increase long-term growth rates and raise equilibrium interest rates.",N,2016-06-28,speeches,,
"That common interest today is a faster closing of the global output gap, more stable global inflation, higher long-term global growth and greater global financial stability.",N,2016-06-28,speeches,,
"But when lowering interest rates alone may not be sufficient to return to inflation rates that are in line with price stability, central banks may need to use other instruments to ease monetary and financial conditions.",D,2016-09-28,speeches,,
"there have been many episodes of low, or even negative real interest rates in Germany well before the introduction of the euro, as a recent Bundesbank study has shown.",N,2016-09-28,speeches,,
As Wolfgang Schäuble said in this house a couple of weeks ago when he presented the budget for 2017: we will only get out of this phase of low interest rates if we have more sustainable growth in Europe.,N,2016-09-28,speeches,,
"Taking a wider view, long-term interest rates have been on a downward trend across the global economy for the better part of the past thirty years (Chart 1).",N,2016-10-25,speeches,,
And the wealth effects of our policy – which have been spread across all net wealth groups – boost the economy to the degree that households are able to convert asset price rises into consumption.,D,2016-10-25,speeches,,
"In particular, low interest rates encourage households to bring forward durable consumption, and firms' investment, through credit.",D,2016-10-25,speeches,,
Pinning down the precise contribution of monetary policy to this is challenging,N,2016-10-25,speeches,,
"In the absence of change – if output per worker, structural unemployment, and labour participation remain at current levels – population ageing will result in a stark fall of output per capita.",D,2016-11-30,speeches,,
"Structural unemployment is high in the euro area, and has increased steadily for decades with each successive economic cycle.",D,2016-11-30,speeches,,
"As this policy stimulus has worked its way through the economy, the atypical makeup of the recovery – relying mostly on monetary policy and oil prices – has been gradually shifting towards a stronger contribution from underlying growth forces.",H,2017-04-06,speeches,,
Rising nominal growth is now helping to reconcile those two goals.,H,2017-04-06,speeches,,
"This was also the assessment of the Governing Council at its last monetary policy meeting in March, where the staff projections for growth in the coming years were revised slightly upwards.",H,2017-04-06,speeches,,
"In large parts of the euro area there are still substantial under-utilised resources, reflected in a negative output gap and high unemployment rates.",D,2017-04-06,speeches,,
Wage growth has since recovered somewhat – rising to 1.4% by the end of last year – but remains well below historical averages.,D,2017-04-06,speeches,,
But this may take some time since a number of factors might slow down the reaction of wages to higher inflation.,D,2017-04-06,speeches,,
For this reason the Governing Council at its last meeting confirmed the appropriateness of the current very accommodative monetary policy stance.,D,2017-04-06,speeches,,
"Our asset purchases complement these interest rate policies by directly compressing the term premium and other risk premia, both via portfolio rebalancing effects and by underlining the central bank's commitment to keep interest rates at a low level – i.e.",D,2017-04-06,speeches,,
the sustained adjustment in the path of inflation – but also to the sequence of measures we would use to do so.,N,2017-04-06,speeches,,
"But even so, we have not yet seen sufficient evidence to materially alter our assessment of the inflation outlook – which remains conditional on a very substantial degree of monetary accommodation.",D,2017-04-06,speeches,,
The combined effects of the financial and sovereign debt crises resulted in a protracted period of low growth and low inflation.,D,2017-05-24,speeches,,
Lower interest rates across the curve reduce the debt-servicing costs of households and businesses.,D,2017-05-24,speeches,,
"In particular, low interest rates may lead to a search for higher yields, encouraging banks to soften their credit standards, thereby increasing both the volume and average riskiness of supplied loans.",D,2017-05-24,speeches,,
"As a result, from its peak in 2013, the youth unemployment rate fell from 24% to around 19% in 2016, but is still about 4 percentage points higher than at the beginning of the crisis in 2007.",N,2017-09-22,speeches,,
"The persistence and heterogeneity of youth unemployment across Member States point to continued underlying problems in labour market structures, with correspondingly high costs for our societies.",D,2017-09-22,speeches,,
"As we have seen, there are cyclical and structural reasons for the high rates of youth unemployment.",D,2017-09-22,speeches,,
"The persistence and heterogeneity of youth unemployment rates across the euro area countries even before the crisis, as well as the diverse developments during the crisis, indicate that there is need for specific policies to improve education and labour market functioning in some countries.",N,2017-09-22,speeches,,
"Furthermore, the correlation between PISA scores and youth unemployment in the euro area is strong and negative.",N,2017-09-22,speeches,,
"Segmentation of the labour market and poor vocational training are also among the main reasons for the persistent high level of youth unemployment in several countries that have been hit severely by the recession such as Greece, Spain, Italy and Portugal.",D,2017-09-22,speeches,,
"“Whom do high-growth firms hire?” Industrial and Corporate Change, Volume 23 (1): 293-327.",N,2017-09-22,speeches,,
"So, while we are confident in the recovery, we still need a patient and persistent approach to our monetary policy to ensure that medium-term price stability is achieved.",D,2017-11-17,speeches,,
"We estimate that the monetary policy measures we have implemented in recent years will reduce the household debt ratio by 1.5% of GDP from 2015 to 2019, and by 2% for firms over this period.",D,2017-11-17,speeches,,
"In fact, monetary policy is helping to reduce leverage and produce a more sustainable upswing, which should in turn facilitate further balance sheet adjustment.",D,2017-11-17,speeches,,
Consumption is being supported by a virtuous circle between rising labour income and rising employment.,H,2017-11-17,speeches,,
labour participation has been rising is a remarkable success story.,H,2017-11-17,speeches,,
The dispersion of both employment and GDP growth between euro area countries is now at record low levels.,N,2017-11-17,speeches,,
All banks have benefited from the upward trend in returns on assets since the start of our monetary policy easing in 2014,N,2017-11-17,speeches,,
in some cases starting from low levels.,N,2017-11-17,speeches,,
"Low-for-long interest rates might contribute to a build-up of financial risks, and this has to be carefully monitored.",N,2017-11-17,speeches,,
"Despite this progress on the real side of the economy, from a monetary policy perspective our task is not complete, as we have not yet seen a sustained adjustment in the path of inflation.",D,2017-11-17,speeches,,
"A sustained adjustment is one where the return of headline inflation towards our objective is durable and not just a temporary blip, and it can be self-sustained without monetary policy support.",N,2017-11-17,speeches,,
"We do now see inflation moving steadily away from the very low levels of recent years, although progress remains incomplete and partial.",N,2017-11-17,speeches,,
"The first is the outlook for growth, since this helps us assess whether inflation will continue to rise as we expect.",N,2017-11-17,speeches,,
"According to a broad range of measures, underlying inflation has ticked up moderately since the start of this year",H,2017-11-17,speeches,,
it still lacks clear upward momentum.,D,2017-11-17,speeches,,
"With well-anchored inflation expectations, the effects of past low inflation in wage formation should not be persistent.",N,2017-11-17,speeches,,
"And as the labour market tightens and uncertainty falls, the relationship between slack and wage growth should begin reasserting itself.",H,2017-11-17,speeches,,
"In sum, we are not yet at a point where the recovery of inflation can be self-sustained without our accommodative policy.",D,2017-11-17,speeches,,
"These aim to signal our growing confidence in the euro area economy, while also acknowledging that we must be patient and persistent for inflation to return sustainably to our objective.",D,2017-11-17,speeches,,
We decided to reduce the pace of our monthly asset purchases from €60 billion to €30 billion,H,2017-11-17,speeches,,
"extending the horizon of those purchases until end of September 2018, or beyond, if necessary, and in any case until we see a sustained adjustment in the path of inflation.",D,2017-11-17,speeches,,
Ensuring price stability is a precondition for the economy to be able to grow along a balanced path that can be sustained in the long run.,N,2017-11-17,speeches,,
This means actively putting our fiscal houses in order and building up buffers for the future – not just waiting for growth to gradually reduce debt.,N,2017-11-17,speeches,,
But it is not because real growth is strong that we can declare the job done.,N,2018-03-14,speeches,,
"There is a very clear condition for us to bring net asset purchases to an end: we need to see a sustained adjustment in the path of inflation towards our aim, which is a headline inflation rate of below, but close to 2% over the medium term.",N,2018-03-14,speeches,,
"The unemployment rate is the lowest since December 2008, despite a 2% increase in the labour force in that time.",H,2018-03-14,speeches,,
We project that unemployment will fall to 7.2% by 2020.,H,2018-03-14,speeches,,
The key question then becomes how quickly stronger demand will translate into rising prices.,H,2018-03-14,speeches,,
"Looking at a broad range of measures of underlying inflation, we certainly see an upward shift relative to the lows of 2015.",H,2018-03-14,speeches,,
"But consistent with the weakening of the relationship between slack and inflation, the adjustment of wages during the recovery has so far been atypically slow.",D,2018-03-14,speeches,,
"The unexplained residuals in the model – which in the past were sizeable – are diminishing, suggesting the link between unemployment and wages should improve.",N,2018-03-14,speeches,,
"Moreover, the anchors for wage formation are gradually becoming more aligned with our inflation objective.",N,2018-03-14,speeches,,
"Backward-looking factors appear to be becoming less important, and the forward-looking anchor, inflation expectations, is strengthening.",N,2018-03-14,speeches,,
"But these same analyses suggest that, as headline inflation recovers to more normal levels, the impact of past low inflation on wages could be waning.",H,2018-03-14,speeches,,
"Labour productivity grew by 0.5 percentage points in 2017, more than offsetting the increase in compensation per employee in the same period.",D,2018-03-14,speeches,,
"This has in turn caused the growth rate of unit labour costs (ULC) to slow, leading to questions about how quickly we can expect rising wages to feed through into inflation.",D,2018-03-14,speeches,,
"For example, in conditions of stronger demand, productivity tends to accelerate initially because GDP rises more strongly than capital and labour inputs, since it takes time to hire more staff or invest in new machinery.",N,2018-03-14,speeches,,
"But as these inputs catch up, productivity growth typically slows, and wage pressures translate into higher ULCs.",N,2018-03-14,speeches,,
"At the same time, after a long spell of very weak capital formation, the strong performance of business investment could prolong the productivity cycle and push back the time when ULC growth leads to price pressures.",D,2018-03-14,speeches,,
"A sustained adjustment is a forward-looking concept, consistent with the medium-term orientation of our monetary policy framework.",N,2018-03-14,speeches,,
The second is confidence: we need to be sure that this upward adjustment in inflation has a sufficiently high probability of being realised.,N,2018-03-14,speeches,,
The third condition is resilience: the adjustment in inflation has to be self-sustained even without additional net asset purchases.,N,2018-03-14,speeches,,
"As I said, successive rounds of projections give us comfort that inflation is on a rising path and is converging toward our aim in the medium term.",H,2018-03-14,speeches,,
"Nevertheless, the upward trend of inflation is still subject to some degree of uncertainty and downside risks have not disappeared.",D,2018-03-14,speeches,,
"This is why the fundamental conditionality built into our reaction function, which makes the horizon of the asset purchase programme conditional on a sustained adjustment in the path of inflation, remains in place.",N,2018-03-14,speeches,,
"Thereafter, when progress towards a sustained adjustment in the path of inflation is judged to be sufficient, net purchases will come to an end.",H,2018-03-14,speeches,,
"This time-based element of our guidance is already vital today, in particular to ensure that our policy stimulus is not weakened by premature expectations of a first rate rise, and so financial conditions remain consistent with inflation convergence.",D,2018-03-14,speeches,,
"Third, as we move forward in time, the anchor for monetary policy, and the main tool for shaping the stance, will become the path of our key policy rates and forward guidance about their likely evolution.",N,2018-03-14,speeches,,
"As such, our communication, and rate path itself, will be calibrated to ensure that inflation continues to evolve along a trajectory that is consistent with the sustained adjustment path.",N,2018-03-14,speeches,,
"So monetary policy will remain patient, persistent and prudent.",D,2018-03-14,speeches,,
"Regarding the ECB's monetary policy, as outlined at last week's press conference, progress towards a sustained adjustment in inflation has been substantial so far.",H,2018-06-19,speeches,,
"With longer-term inflation expectations well anchored, the underlying strength of the euro area economy and the continuing ample degree of monetary accommodation provide grounds to be confident that the sustained convergence of inflation towards our aim will continue in the period ahead, and will be maintained even after a gradual winding-down of our net asset purchases.",N,2018-06-19,speeches,,
"But this requires monetary policy in the euro area to remain patient, persistent and prudent.",D,2018-06-19,speeches,,
The downside risks to the outlook come from three main sources: the threat of increased global protectionism prompted by the imposition of steel and aluminium tariffs by the United States; rising oil prices triggered by geopolitical risks in the Middle East; and the possibility for persistent heightened financial market volatility.,D,2018-06-19,speeches,,
It is well-known that the reaction of inflation dynamics to accelerating growth has been atypically slow in recent years.,D,2018-06-19,speeches,,
"Different measures of slack, such as broad and headline unemployment, appear to give a similar picture of lessening spare capacity",H,2018-06-19,speeches,,
"In keeping with this, the unexplained residuals in the standard wage Phillips curve model for the euro area are gradually reducing, and wage growth is beginning to pick up.",H,2018-06-19,speeches,,
"Even if wages continue to rise as we expect, we cannot exclude that structural factors beyond the central bank's control might impede the transmission of wages into consumer prices.",D,2018-06-19,speeches,,
"For example, the latest ECB Survey of Professional Forecasters (SPF) shows longer-term inflation expectations stable at 1.9%.",N,2018-06-19,speeches,,
"Our confidence in the inflation path is also rising, on the basis of two indicators we have been using to assess the probability of inflation convergence.",H,2018-06-19,speeches,,
"Though underlying inflation has not yet shown a clear upward trend, the improvement in wage growth, domestic producer prices and inflation expectations gives us more confidence that, as resource utilisation continues to tighten, underlying inflation will eventually begin to rise.",H,2018-06-19,speeches,,
"Finally, market pricing provides some comfort on the resilience of inflation to the anticipated gradual ending of asset purchases.",H,2018-06-19,speeches,,
"As a result of this assessment, last week the Governing Council concluded that progress towards a sustained adjustment in inflation has been substantial so far.",H,2018-06-19,speeches,,
"That decision, while acknowledging the increase in uncertainty, shows that we are confident that the projected convergence in the path of inflation will occur with sufficient probability without further net additions to our stimulus.",H,2018-06-19,speeches,,
Our decisions also reflected the desire of the Governing Council to retain the ability to react to potential future shocks to ensure the sustained convergence of inflation to our medium-term aim.,N,2018-06-19,speeches,,
"Third, we conveyed our expectation that the key ECB interest rates will remain at their present levels at least through the summer of 2019, and in any case for as long as necessary to ensure that the evolution of inflation remains aligned with our current expectations of a sustained adjustment path.",D,2018-06-19,speeches,,
"Adjustments to our instruments will remain predictable, and they will proceed at a gradual pace that is most appropriate for inflation convergence to consolidate, taking into account continued uncertainty in the economy.",D,2018-06-19,speeches,,
"In the face of a weaker growth outlook, they help maintain the accommodative policy stance that we managed to preserve last year as we rotated our instruments from net asset purchases to forward guidance.",D,2019-03-27,speeches,,
We expected the expansion to slow in 2018 as the business cycle matured and growth retreated towards potential.,D,2019-03-27,speeches,,
"The drivers of the deceleration back then appeared, to some extent, to be idiosyncratic and short-lived, relating to the effect of emissions standards on the euro area car industry and a normalisation of world trade from its very strong growth rates in 2017.",N,2019-03-27,speeches,,
"Global goods import growth in January reached its lowest level since the Great Recession, on the back of rising uncertainty about trade disputes and a slowdown in emerging market economies, especially China.",D,2019-03-27,speeches,,
"As a result, growth in extra-euro area goods exports was negative at the end of last year for the first time since January 2016, and industrial production fell by 4.2% year on year in December – its largest decline since 2013 – before recovering somewhat in January.",D,2019-03-27,speeches,,
Such a recoupling of intra- and extra-euro area trade growth in a downward direction has not occurred since the start of the global financial crisis.,D,2019-03-27,speeches,,
"All in all, the current data suggest that external demand has not yet spilled over significantly into domestic demand",N,2019-03-27,speeches,,
the risks have risen in the last months and uncertainty remains high.,D,2019-03-27,speeches,,
"This is why our medium-term outlook remains that growth will gradually return to potential, but the risks remain tilted to the downside.",D,2019-03-27,speeches,,
"And our forward guidance on monetary policy has been effective, as shown by the continuing easing of financial conditions since last December.",D,2019-03-27,speeches,,
Our projections for headline inflation this year have been revised downwards and we now see inflation at 1.6% in 2021.,D,2019-03-27,speeches,,
"The fall in market-based measures has mainly been driven by a decline in inflation risk premia, a volatile component of overall inflation-linked swap rates, not by a drop in “genuine” inflation expectations.",N,2019-03-27,speeches,,
"While a decrease in inflation risk premia may suggest that market participants assign increased prominence to lower-than-expected outcomes of future inflation, survey-based measures have remained relatively stable.",N,2019-03-27,speeches,,
We therefore remain confident that the sustained convergence of inflation to our aim has been delayed rather than derailed – meaning that we expect inflation to reach our objective at a later date than we previously foresaw.,D,2019-03-27,speeches,,
"Growth in compensation per employee fell slightly in the last quarter of 2018 from 2.5% to 2.2%, but remains just above its long-term average.",N,2019-03-27,speeches,,
"Unit labour cost growth rose to 2.4% in the same period, partly driven by a fall in productivity growth reflecting the resilience of employment growth to the economic slowdown.",H,2019-03-27,speeches,,
The key question – and one currently being asked in many advanced economies – is why these labour cost pressures are not already being reflected in rising prices.,D,2019-03-27,speeches,,
"First, the euro area is coming out of a prolonged period of low inflation, which historically leads to a slower pass-through.",D,2019-03-27,speeches,,
"One reason is that price dispersion is narrower when inflation is low, implying that if an individual firm were to raise its prices, it would attract the attention of consumers and lose market share.",N,2019-03-27,speeches,,
Our monetary policy will remain accommodative and will respond to any changes in the inflation outlook.,D,2019-03-27,speeches,,
"Moreover, even if the economy were to slow more than expected, the risks to wage growth may be contained.",N,2019-03-27,speeches,,
Substantial accommodation is still needed to secure the path of inflation convergence and this is reflected in our past monetary policy decisions.,D,2019-03-27,speeches,,
This reinforces the easing impact of a flatter expected rate path by compressing the term premium component of longer-term interest rates.,D,2019-03-27,speeches,,
ECB analysis finds that the best-performing banks in the euro area in terms of return on equity between 2009 and 2017 share three key features: they have been able to significantly reduce their cost-to-income ratios; they have embarked on large-scale investments in information technology; and they have been able to diversify their revenue sources in a low interest rate environment.,N,2019-03-27,speeches,,
These decisions ensure that our policy stance remains accommodative in the face of a weaker growth outlook.,D,2019-03-27,speeches,,
"Under these conditions, establishing a strong reaction function against high inflation was seen as crucial to anchor inflation expectations.",N,2019-06-18,speeches,,
"As a matter of accounting, stabilising headline inflation largely caused by its volatile components must mean that core inflation adjusts downwards.",D,2019-06-18,speeches,,
Rolling cross-correlations between energy inflation and core inflation show that an episode of high energy inflation between 1999 and 2007 was accompanied by a period of rapidly softening core inflation.,N,2019-06-18,speeches,,
"At this point, headline inflation in the euro area began what was, in retrospect, a prolonged downward drift, and core inflation fell by almost a percentage point from mid-2012 to early 2014.",D,2019-06-18,speeches,,
"But at this point, the euro area economy was hit by a further downward shock to inflation in the form of a 60% collapse in oil prices in mid-2014, which pushed inflation into negative territory.",D,2019-06-18,speeches,,
"As the scope for further interest rate cuts was now limited, it became increasingly clear that our reaction function needed to evolve to address these new challenges.",D,2019-06-18,speeches,,
"If these uncertainties were not removed, there was a material risk that falling inflation could become self-fulfilling: the public could begin expecting a smaller monetary policy response to future inflation undershoots, and revise their inflation expectations further downwards.",D,2019-06-18,speeches,,
"In other words, credibility now relied not just on perceptions of the ECB's commitment to our aim, but also on perceptions of our capability to fight low inflation.",D,2019-06-18,speeches,,
"While the quantitative definition of price stability was instrumental in establishing credibility in the first decade, its asymmetric formulation may have led to misperceptions in a low-inflation environment.",N,2019-06-18,speeches,,
"In addition, we clarified that symmetry meant not only that we would not accept persistently low inflation",D,2019-06-18,speeches,,
also that there was no cap on inflation at 2%.,D,2019-06-18,speeches,,
"Today, this forward guidance links our expectations on the path of future rates to the path of inflation towards our aim, leading to automatic easing if the convergence path towards 2% is delayed.",D,2019-06-18,speeches,,
Lingering cyclical weakness can also delay wage-price pass-through as firms elect to squeeze margins rather than raise prices and risk losing market share.,D,2019-06-18,speeches,,
"In this environment, what matters is that monetary policy remains committed to its objective and does not resign itself to too-low inflation.",D,2019-06-18,speeches,,
"And, as I emphasised at our last monetary policy meeting, we are committed, and are not resigned to having a low rate of inflation forever or even for now.",D,2019-06-18,speeches,,
Further cuts in policy interest rates and mitigating measures to contain any side effects remain part of our tools.,D,2019-06-18,speeches,,
"Recreating fiscal space by raising potential output through reforms and public investment, and respecting the European fiscal framework will maintain investor confidence in countries with high public debt, low growth and low fiscal space.",D,2019-06-18,speeches,,
"Imagine where the Single Market would be today, after the global financial crisis and rising protectionism, had all countries in Europe been free to adjust their exchange rates.",N,2019-06-18,speeches,,
"Fourth, employment in the euro area has reached record highs and in all euro area countries but one stands above its 1999 level.",H,2019-06-18,speeches,,
"That being said, the energy component has a higher weight in euro area HICP, so a 1 percentage point increase in CPI energy prices has a greater impact on headline inflation in the euro area than in the United States.",N,2019-06-18,speeches,,
"Most importantly, the last decade has been defined by a persistent decline in inflation among advanced economies.",D,2020-09-30,speeches,,
I start with the inflation objective because it anchors the inflation process for the whole economy.,N,2020-09-30,speeches,,
That helps ensure that monetary policy is not forced too often towards the effective lower bound – the level of interest rates at which further cuts do not have the desired positive impact – when faced with shocks that push inflation too low.,N,2020-09-30,speeches,,
"Since 2003, the ECB has used a double-key formulation to set our objective, defining price stability as a year-on-year increase in inflation of “below 2%”, while aiming for inflation of “below, but close to, 2%”.",N,2020-09-30,speeches,,
This formulation was appropriate at a time when the ECB was seeking to establish credibility and too-high inflation was its main worry.,N,2020-09-30,speeches,,
The low inflation environment creates some new questions about how to operationalise the medium term.,D,2020-09-30,speeches,,
Central banks have also considered adding a backward-looking element to the policy horizon in response to the low inflation environment.,D,2020-09-30,speeches,,
This is because the promise of inflation overshooting raises inflation expectations and therefore lowers real interest rates.,D,2020-09-30,speeches,,
"If the anchor for inflation is the inflation aim, the Phillips curve – the link between the real economy and inflation – plays a central role in allowing central banks to steer inflation towards that aim.",N,2020-09-30,speeches,,
"But in the low inflation environment, prices appear to have become less responsive to the real economy.",D,2020-09-30,speeches,,
"What is striking, though, is that in the run-up to the pandemic we saw labour market slack diminishing and wages finally rising",H,2020-09-30,speeches,,
without inflation picking up.,D,2020-09-30,speeches,,
"What we saw instead was a slower pass-through from wages to prices, because companies preferred to compress margins rather than pass on cost rises.",D,2020-09-30,speeches,,
"Globalisation also went hand in hand with digitalisation, which increased price transparency and enabled many industries to reduce costs.",D,2020-09-30,speeches,,
"ECB research also finds that digitalisation has been disinflationary in the euro area: since 2006, e-commerce has led to an average yearly decrease in non-energy industrial goods inflation of 0.06 percentage points.",D,2020-09-30,speeches,,
A key challenge has been the long-term fall in estimates of the natural interest rate.,N,2020-09-30,speeches,,
"Monetary policy is accommodative when the policy rate is below the natural rate, and restrictive when the policy rate is above it.",N,2020-09-30,speeches,,
This has required progressively lower policy rates in order to ease monetary policy – or even to prevent an unchanged policy stance from becoming more restrictive.,D,2020-09-30,speeches,,
"According to ECB staff estimates, the measures we have taken since March this year will increase inflation by around 0.8 percentage points cumulatively between 2020 and 2022, and GDP growth by around 1.3 percentage points.",D,2020-09-30,speeches,,
"However, we have to reflect on what will happen if natural rates remain low and inflation stays subdued – meaning central banks have to continue to resort frequently to balance sheet policies to deliver on their mandates.",D,2020-09-30,speeches,,
"We need to have a clear consensus – agreed within the Governing Council and understood by the public – on what tools are available to us when inflation is too low, and how they should be systematically deployed in response to different types of shock.",D,2020-09-30,speeches,,
"For example, ECB research finds that without the use of large-scale asset purchases since 2015, our deposit facility rate would have had to fall to around -2% to achieve the same path of inflation we observed.",D,2020-09-30,speeches,,
"This is a level that would probably have triggered “reversal rate” dynamics, a situation where a rate cut would become contractionary because it harms the business models of financial intermediaries and disrupts monetary policy transmission.",N,2020-09-30,speeches,,
"Unlike in a “reversal rate” scenario, this promotes credit creation – because banks can borrow at very low interest rates under TLTROs only on the condition that they lend on – without hurting banks' profitability and impairing monetary transmission.",D,2020-09-30,speeches,,
"This is so far different from the post-Lehman period, when the drop in employment was matched by a rise in unemployment.",N,2020-11-11,speeches,,
"The PEPP in particular has the dual function of stabilising financial markets and contributing to easing the overall monetary policy stance, thereby helping to offset the downward impact of the pandemic on the projected path of inflation.",D,2020-11-11,speeches,,
Not only has inflation fallen into negative territory,D,2020-11-11,speeches,,
"we have already seen services inflation, which is normally the more stable part of the price index, drop to historic lows.",D,2020-11-11,speeches,,
"Normally, an easing of financing conditions boosts demand by encouraging firms to borrow and invest, and households to bring forward future income and consume more.",N,2020-11-11,speeches,,
But when interest rates are already low and private demand is constrained by design – as is the case today – the transmission from financing conditions to private spending might be attenuated.,D,2020-11-11,speeches,,
"Research shows that, while monetary policy can increase overall activity in this environment, it cannot support the specific sectors that would be most welfare-enhancing.",N,2020-11-11,speeches,,
"This could trigger a “firm exit multiplier”, where the closure of businesses faced with health restrictions cuts demand for complementary businesses, in turn causing those firms to reduce their output.",D,2020-11-11,speeches,,
"Banks might start tightening credit standards in the belief that corporate creditworthiness is deteriorating, leading to firms becoming less willing or able to borrow funds, credit growth slowing and banks' risk perceptions rising further.",H,2020-11-11,speeches,,
"This is partially due to temporary factors, but the fall in measures of underlying inflation also appears to be connected to the weakening of activity.",D,2020-11-11,speeches,,
"Otherwise, increasing fiscal interventions could put upward pressure on market interest rates and crowd out private investors, with a detrimental effect on private demand.",N,2020-11-11,speeches,,
The decline of previously successful industries has sometimes led to high long-term unemployment and regions being scarred for decades.,D,2020-11-20,speeches,,
"Even if innovation and education can raise long-term growth, we are likely to face increasing volatility around that growth path.",N,2020-11-20,speeches,,
"This atypical recovery is leading to rapid growth, but also to supply bottlenecks appearing unusually early in the economic cycle.",H,2021-09-28,speeches,,
We are coming from a decade of strong disinflationary forces that have depressed the whole inflation process.,D,2021-09-28,speeches,,
"Third, when wage growth did eventually pick up, firms were reluctant to pass on cost increases to consumers.",D,2021-09-28,speeches,,
"At the same time, the reopening is also pushing up inflation, which reached 3% in August and is expected to rise further over the coming months.",H,2021-09-28,speeches,,
"In fact, the low inflation rate last year and the high inflation rate this year equal, on average, the inflation rate observed in 2019 before the pandemic.",N,2021-09-28,speeches,,
Inflation in high‐contact services accounts for virtually all of the rise we are seeing in services.,H,2021-09-28,speeches,,
"Once these pandemic-driven effects pass, we expect inflation to decline.",D,2021-09-28,speeches,,
Base effects should drop out of the year-on-year calculation early next year,D,2021-09-28,speeches,,
"It is harder to predict how long supply chain disruptions will last, but their ultimate impact on inflation will depend on how persistent they are and whether they feed through into higher than anticipated wage rises.",N,2021-09-28,speeches,,
"Our survey of monetary analysts also points to a gradual convergence of inflation, which is expected to climb to 2% and stabilise at that level only five years from now.",D,2021-09-28,speeches,,
And robust domestic demand is crucial for a strong pass-through from wages to services prices.,N,2021-09-28,speeches,,
Employment is now recovering quickly,H,2021-09-28,speeches,,
"The Network for Greening the Financial System estimates that implementing ambitious transition policies in Europe could gradually increase inflation relative to its previous trend by up to one percentage point over the transition period, before returning to that trend.",H,2021-09-28,speeches,,
lower core inflation.,D,2021-09-28,speeches,,
The key challenge is to ensure that we do not overreact to transitory supply shocks that have no bearing on the medium term,D,2021-09-28,speeches,,
also nurturing the positive demand forces that could durably lift inflation towards our 2% inflation target.,D,2021-09-28,speeches,,
Those trends could produce both upward and downward price pressures.,N,2021-09-28,speeches,,
"When demand is higher, firms can pass on cost increases over-proportionally, such that profit margins increase.",H,2021-09-28,speeches,,
"This is being reflected in high inflation rates, which are likely to increase further until the end of the year.",H,2021-11-19,speeches,,
"And, because they largely stem from the supply side and energy prices, they will probably slow the pace of the recovery in the near term.",D,2021-11-19,speeches,,
"Inflation fell dramatically last year during the lockdowns – averaging 0.3% – and that automatically leads to higher inflation this year, because we measure inflation on a year-on-year basis.",N,2021-11-19,speeches,,
That combination of high demand and supply shortages caused European gas prices to soar to record highs in October this year.,H,2021-11-19,speeches,,
"In particular, we are seeing high job vacancy rates in some contact-intensive sectors, even as the number of people in employment is lower by around half a million than before the pandemic.",N,2021-11-19,speeches,,
This is because we do not see the conditions in place – either at the economy-wide level or at the sectoral level – for inflation rates above our target to become self-sustained.,D,2021-11-19,speeches,,
"At present, the euro area is experiencing strong “catch-up” demand",H,2021-11-19,speeches,,
we do not see excess demand.,D,2021-11-19,speeches,,
"In addition, in the coming months the rise in energy prices will most likely weigh on consumer spending in the euro area more than it does in other major economies, since we are a net importer of energy",D,2021-11-19,speeches,,
"This is perhaps not surprising if we remember that, over a longer period, we are not in a high-inflation environment: the average yearly inflation from November 2019 to today is not far from 1%.",D,2021-11-19,speeches,,
"Second, at the sectoral level, the frictions pushing up inflation should be gradually resolved as supply-demand imbalances are ironed out.",D,2021-11-19,speeches,,
Labour supply should also increase once job retention schemes are phased out and some discouraged workers start looking for employment again.,D,2021-11-19,speeches,,
"Finally, although the main driver of higher inflation, the price of energy, is likely to stay elevated over the coming months, it should stabilise in the course of 2022 – as it normally has done historically after a sharp rise.",N,2021-11-19,speeches,,
"Futures prices for oil, gas and electricity point to a decline in the coming period, and gas prices have already fallen by about 21% since their record highs in October.",D,2021-11-19,speeches,,
"However, prices remain volatile and there is some uncertainty over the longer-run outlook: for example, a global shift away from emission-intensive energy could lead to a sustained demand for gas as a transition fuel, resulting in further periods of price volatility.",N,2021-11-19,speeches,,
"Today, we are facing a mixture of shocks, which is partly related to catch-up demand",N,2021-11-19,speeches,,
has a strong supply-driven element too.,N,2021-11-19,speeches,,
This is clear from the fact that inflation is rising,H,2021-11-19,speeches,,
"growth is losing momentum in the near term, as supply disruptions constrain production and higher energy prices eat into demand.",D,2021-11-19,speeches,,
"The third key element of the new strategy is our conclusion that, when coming out of a period of too low inflation where interest rates are close to their effective lower bound, monetary policy has to be patient and persistent.",D,2021-11-19,speeches,,
"This is because it takes time for stronger inflation dynamics to become self-sustained, and reacting too early to signs of rising inflation can derail that process.",D,2021-11-19,speeches,,
"We expressed this persistent orientation via our forward guidance on interest rates, where we said that, for rates to rise, we need to see inflation reaching 2% well ahead of the end of our projection horizon and durably for the rest of the projection horizon, and we judge that realised progress in underlying inflation is sufficiently advanced to be consistent with inflation stabilising at 2% over the medium term.",D,2021-11-19,speeches,,
"And wage growth, which is a key element of underlying inflation, should start to gradually strengthen.",H,2021-11-19,speeches,,
And the nature of the inflation is likely to slow the pace of the recovery in the near term.,D,2021-11-19,speeches,,
This is the best way to ensure that we return to our 2% inflation target on a sustained basis.,N,2021-11-19,speeches,,
"And if we do, we will escape the low inflation environment of the last decade – and monetary policy will be able to adjust.",H,2021-11-19,speeches,,
The pressure on food inflation is likely to increase.,H,2022-03-17,speeches,,
"First, as this shock is hitting the economy at a time when inflation is already high, the risk of it infiltrating inflation expectations is greater.",H,2022-03-17,speeches,,
"As the euro area is a net importer of energy, rising energy prices represent a terms of trade “tax” that transfers purchasing power to the rest of the world.",H,2022-03-17,speeches,,
"Many governments are currently taking decisive actions to protect real incomes, particularly for those most affected by rising energy prices.",N,2022-03-17,speeches,,
"But if savings start rising and consumption is postponed, it could indicate that growth effects are likely to prevail.",N,2022-03-17,speeches,,
"In general, when the inflation target is 2% and productivity growth is around 1%, average wage increases of around 3% would be consistent with on-target inflation.",N,2022-03-17,speeches,,
This increases our optionality by removing obstacles along the potential path of interest rate normalisation if our expectations play out.,H,2022-03-17,speeches,,
"But during the pandemic, employment fell by around the same number and it has already risen by almost 5.5 million.",H,2022-03-17,speeches,,
"According to ECB analysis, since the trough in April 2020, around 30% of the increase in the oil price is explained by oil demand, while around 45% is explained by oil supply.",N,2022-03-17,speeches,,
"Spending is rotating from goods back to services as restrictions are being lifted, while pent-up demand for tourism and leisure activities is proving unexpectedly strong.",H,2022-06-28,speeches,,
A new ECB indicator of domestic inflation – which removes items with a high import content – currently stands above 3%.,H,2022-06-28,speeches,,
"But in the meantime, it could lead to price increases for rare minerals and metals, higher costs for the investment needed in clean technologies, and an expansion of carbon-pricing schemes.",H,2022-06-28,speeches,,
"After a long period when inflation in the euro area was too low, it is now far too high.",H,2022-09-20,speeches,,
"Then, when the economy reopened, we saw strong pent-up demand for services.",H,2022-09-20,speeches,,
That could put upward pressure on fossil fuel prices,H,2022-09-20,speeches,,
demand for those fuels remains high.,H,2022-09-20,speeches,,
"If energy prices are durably higher during the transition, it may have an impact on industrial production in Europe, affecting both supply and prices.",H,2022-09-20,speeches,,
"First, when inflation is high and growth is constrained by inelastic supply, monetary policy cannot remain expansionary and add to inflationary pressures by pushing up demand.",H,2022-09-20,speeches,,
That is why the ECB has not only started raising interest rates,H,2022-09-20,speeches,,
"If there were evidence that high inflation risked de-anchoring inflation expectations, then the policy rate that is compatible with our target would lie in restrictive territory.",H,2022-09-20,speeches,,
The second consideration in responding to current inflation is the pace of rate increases.,H,2022-09-20,speeches,,
This contrasted strongly with the perceived norm of zero inflation in the German Democratic Republic and seems to have led former East Germans to over-adjust to an environment of rising prices.,N,2022-09-20,speeches,,
"This imperative to anchor inflation expectations helps explain why, over the last two policy meetings of the ECB's Governing Council, we raised our key interest rates by 125 basis points in total.",H,2022-09-20,speeches,,
"Inflation in the euro area is far too high, reaching double digits for the first time in October.",H,2022-11-04,speeches,,
"Complex because, in times of great volatility, economies can face a series of shocks which produce rising and persistent inflation.",H,2022-11-04,speeches,,
"But simple because, in the end, there is only one way that those shocks can lead to sustained inflation – and that is if monetary policy accommodates them and allows them to feed into inflation expectations.",H,2022-11-04,speeches,,
"Since the start of the monetary union, we have not witnessed such a rapid shift in the inflation environment.",H,2022-11-04,speeches,,
"We have faced pandemic-induced lockdowns, supply chain disruptions, energy production cuts, and Russia's unacceptable and unjustifiable invasion of Ukraine – all",N,2022-11-04,speeches,,
"There are factors on the horizon which are likely to reduce demand and therefore, all else being equal, make it harder for firms to pass on cost increases into prices.",D,2022-11-04,speeches,,
core inflation fell by about half that amount.,D,2022-11-04,speeches,,
Our analysis finds that US policy tightening tends to reduce euro area inflation in the medium term.,D,2022-11-04,speeches,,
"In parallel, governments are facing pressures to increase indexation, for instance by tying pensions and public sector wages to inflation, which could add to wage pressures in the private sector too.",H,2022-11-04,speeches,,
"Fiscal policy needed to prevent a catastrophic collapse of employment, and monetary policy had to prevent a steep decline in inflation.",D,2022-11-04,speeches,,
"And it should be tailored, so that it does not weaken incentives to cut energy demand.",N,2022-11-04,speeches,,
"But what monetary policy ultimately has to achieve is simple: we must not, and will not, let high inflation become entrenched.",H,2022-11-04,speeches,,
"However, this faster pass-through could also mean that inflation is ultimately less persistent, since price increases have been frontloaded.",D,2022-11-04,speeches,,
"In particular, we can no longer assume, at least in the near future, that global supply will gradually expand or that global demand will act as a shock absorber.",H,2022-11-18,speeches,,
One of the most important macroeconomic stories of the past 30 years has been the rising interconnectedness of the global economy and its implications for global supply and demand.,N,2022-11-18,speeches,,
demand for those fuels still remains high.,H,2022-11-18,speeches,,
These rate increases help us to withdraw support for demand more quickly.,H,2022-11-18,speeches,,
"Similarly, large-scale asset purchases were necessary to expand the policy stance when interest rates were close to the lower bound.",D,2022-11-18,speeches,,
"In the current environment of high inflation, fiscal policy needs to be temporary, targeted and tailored.",H,2022-11-18,speeches,,
"We are entering a new environment where the forces that created a sustained expansion of global supply, and allowed global demand to act as a shock absorber, are changing.",H,2022-11-18,speeches,,
"We have acted decisively, raising rates by 200 basis points, and we expect to raise rates further to the levels needed to ensure that inflation returns to our 2% medium-term target in a timely manner.",H,2022-11-18,speeches,,
That is why we have hiked rates at our fastest pace ever – and we have made clear that we still have ground to cover to bring interest rates to sufficiently restrictive levels.,H,2023-06-01,speeches,,
"And this has been felt particularly hard here in Germany, where businesses have seen delivery times reach historic highs, critical materials are in short supply and producer prices for energy – despite recent falls – are still much higher than they were in January 2021.",H,2023-06-01,speeches,,
"Underlying inflation refers to the slow-moving part of inflation which, when temporary shocks have faded, will persist into the medium term.",N,2023-06-01,speeches,,
"On the one hand, as energy is an important input into every economic activity, the sharp rise in energy prices last year has fed through to all prices – including those that make up our various measures of underlying inflation.",H,2023-06-01,speeches,,
"This decline in energy costs for both consumers and producers should, in turn, limit firms' ability to further raise profit margins, which has been a key factor driving recent price pressures in the euro area.",D,2023-06-01,speeches,,
Consumers are less likely to accept disproportionate price rises when they know that firms are saving on their energy bills.,D,2023-06-01,speeches,,
"As our rate increases percolate through the economy, we will get a clearer picture of how much the tightening we have already done is biting – and how much more is needed to ensure that inflation is decisively squeezed out of the economy.",H,2023-06-01,speeches,,
"Consumer Expectations Survey data show that consumers continue to avoid “big ticket” purchases (after a robust rebound in demand for goods between mid-2020 and end-2021), with holidays being the only item on which they intend to increase spending.",D,2023-06-01,speeches,,
Inflation in the euro area is too high and is set to remain so for too long.,H,2023-06-27,speeches,,
"But the pass-through of those shocks is still ongoing, making the decline in inflation slower and the inflation process more persistent.",H,2023-06-27,speeches,,
"In an environment such as this, the natural reaction of every economic agent is to try to pass on these price increases to other actors in the economy.",H,2023-06-27,speeches,,
"And while this is taking time to feed through to prices more generally, it is partly being reflected in a broad-based decline in headline inflation and a levelling off in some measures of underlying inflation – especially exclusion-based measures and those that capture the persistent effects of energy on economy-wide prices.",D,2023-06-27,speeches,,
"Workers have so far lost out from the inflation shock, seeing large real wage declines, which is triggering a sustained wage “catch-up” process as they try to recover their losses.",H,2023-06-27,speeches,,
"While this “catch up” has long been factored into our inflation outlook, the effect on inflation from rising wages has recently been amplified by lower productivity growth than we had previously projected, which is leading to higher unit labour costs.",H,2023-06-27,speeches,,
"Alongside past upward surprises, this is a key reason why we recently revised up our projections for core inflation, even though our expectations for wages remained broadly the same.",H,2023-06-27,speeches,,
"The second feature contributing to weaker aggregate productivity is the composition of employment growth, which is concentrated in sectors with structurally low productivity growth.",H,2023-06-27,speeches,,
"All this means that we will face several years of rising nominal wages, with unit labour cost pressures exacerbated by subdued productivity growth.",H,2023-06-27,speeches,,
"If monetary policy is sufficiently restrictive, the economy can achieve disinflation overall while real wages recover some of their losses.",H,2023-06-27,speeches,,
It has stated clearly that “future decisions will ensure that the key ECB interest rates will be brought to levels sufficiently restrictive to achieve a timely return of inflation to our 2% medium-term target and will be kept at those levels for as long as necessary”.,H,2023-06-27,speeches,,
"How strong transmission turns out to be in practice will determine the effect of a given rate hike on inflation, and this will be reflected in the expected policy path.",N,2023-06-27,speeches,,
"And this raises the question of how quickly and forcefully monetary policy will be transmitted to firms – via interest-sensitive spending – and households, via mortgage payments.",N,2023-06-27,speeches,,
"Monetary policy in a high inflation environment: commitment and clarity”, lecture organised by Eesti Pank and dedicated to Professor Ragnar Nurkse, Tallinn, 4 November.",N,2023-06-27,speeches,,
"And while average trust increased after our rapid response to the pandemic, it began to fall again in tandem with the recent rise in inflation.",N,2023-09-04,speeches,,
Today's environment presents us with two key reasons why we must seize the moment in communicating more effectively: high inflation and high levels of attention on inflation.,H,2023-09-04,speeches,,
"And even though there were times when inflation was either too high or too low during that period, the high inflation we have faced in the past two years is unique.",H,2023-09-04,speeches,,
The second key reason – high levels of attention on inflation – underlines the importance of central banks conveying their commitment to price stability to the wider public more effectively sooner rather than later.,N,2023-09-04,speeches,,
"This “rational inattention” of citizens was in part due to the success of monetary policy, because when prices are stable, people do not need to spend time and effort to track inflation and worry about it.",N,2023-09-04,speeches,,
"In an environment of too-high inflation, the current high level of attention to prices presents both a challenge and an opportunity for central banks.",H,2023-09-04,speeches,,
"For example, ECB analysis finds that the spike in inflation over the last 18 months has disproportionately affected low-income households as they spend more of their income on necessities like energy and food, which saw surging prices.",H,2023-11-21,speeches,,
"That is why, in response to rising inflation, we raised interest rates at the fastest pace in our history, by 450 basis points in just over a year.",H,2023-11-21,speeches,,
"So, it is not surprising that as supply chains heal and energy prices fall, we are seeing the reverse effect, and both headline and core inflation are coming down.",D,2023-11-21,speeches,,
"We expect headline inflation to rise again slightly in the coming months, mainly owing to some base effects.",H,2023-11-21,speeches,,
We had to tighten monetary policy forcefully to bring demand into line with supply and keep inflation expectations anchored,H,2023-11-21,speeches,,
inflation surged.,H,2023-11-21,speeches,,
"But its peak impact on inflation will only materialise with a lag – and given the unprecedented scale and speed of our tightening, there is some uncertainty about how strong this effect will be.",N,2023-11-21,speeches,,
"As wage-setting in the euro area is multi-annual and staggered, the high inflation rates that are now behind us are still having a significant influence on wage agreements today.",H,2023-11-21,speeches,,
"For example, the annual growth rate of compensation per employee was 5.6% in the second quarter of 2023, a 1.2 percentage point increase compared with the average for 2022.",H,2023-11-21,speeches,,
"And the ability of workers to obtain higher wages is being supported by a tight labour market and strong demand for labour, which has proven surprisingly resilient to a slowing economy since the end of 2022.",H,2023-11-21,speeches,,
"For now, our assessment is that strong wage growth mainly reflects “catch-up” effects related to past inflation, rather than a self-fulfilling dynamic where people expect higher inflation in the future.",D,2023-11-21,speeches,,
"First, whether firms absorb rising wages in their profit margins, which would allow real wages to recover some of their past losses without the increase being fully passed through to inflation.",D,2023-11-21,speeches,,
"Second, whether there is some easing of labour market tightness, which would prevent excess demand for labour from becoming a driver of persistently high wage demands.",D,2023-11-21,speeches,,
"And we have made those future decisions conditional on the incoming data, meaning that we can act again if we see rising risks of missing our inflation target.",N,2023-11-21,speeches,,
The effects of that adjustment are increasingly being felt and inflation pressures are easing.,D,2023-11-21,speeches,,
ECB analysis suggests that energy shocks and supply chain disruptions were responsible for nearly half of the upward deviation of core inflation from its long-term mean in the first half of this year.,H,2023-11-21,speeches,,
"In 2022, unit profits accounted for around two-thirds of the increase in domestic inflation in the euro area, well above the historical average of around one-third.",H,2023-11-21,speeches,,
"And then after nine months of holding rates steady, we saw inflation halve again to 2.6%, which led us to cut rates for the first time in June.",D,2024-07-01,speeches,,
But this low risk to inflation expectations only applies when shocks are indeed moderate and short-lived.,N,2024-07-01,speeches,,
"In situations where there is a risk of shocks becoming larger and more persistent, inflation expectations can de-anchor regardless of whether the shocks are demand-led or supply-led.",H,2024-07-01,speeches,,
"This was the lesson of the 1970s, when a sequence of supply shocks caused by rising oil prices ultimately morphed into a lasting inflationary shock.",H,2024-07-01,speeches,,
"So, monetary policy had to send a strong signal that permanent overshoots of the inflation target would not be tolerated.",H,2024-07-01,speeches,,
Our aim was to convey our commitment to ensuring that the period of high inflation would be limited and signal a sense of urgency.,H,2024-07-01,speeches,,
But how does monetary policy anchor inflation expectations?,N,2024-07-01,speeches,,
"Our forecasts provided a comprehensive assessment of future inflation, assuming the underlying parameters of the economy remained stable.",N,2024-07-01,speeches,,
"As a result, while the flow of new information constantly adds to and improves our picture of medium-term inflation, we are not pushed around by any specific data point.",N,2024-07-01,speeches,,
Interest rates rose steadily and remained high while the economy was stagnating for five straight quarters.,N,2024-07-01,speeches,,
"If we look at historical rate cycles since 1970, we can see that when major central banks hiked interest rates",H,2024-07-01,speeches,,
"energy prices were high, the costs for the economy were usually quite steep.",H,2024-07-01,speeches,,
"Employment has grown despite slowing GDP growth, rising by 2.6 million people since the end of 2022.",H,2024-07-01,speeches,,
"And unemployment is at historical lows for the euro area, and well within the range observed during previous soft landings across major economies.",H,2024-07-01,speeches,,
The strong labour market means that we can take time to gather new information,N,2024-07-01,speeches,,
we also need to be mindful of the fact that the growth outlook remains uncertain.,D,2024-07-01,speeches,,
"Even though millions of businesses and workers have been independently striving to protect their profits and incomes, our 2% inflation target has remained credible and has continued to anchor the inflation process.",N,2024-07-01,speeches,,
"Reasons for the recent decline in productivity”, The ECB Blog, 6 May.",N,2024-07-01,speeches,,
The Governing Council will purchase flexibly according to market conditions and with a view to preventing a tightening of financing conditions that is inconsistent with countering the downward impact of the pandemic on the projected path of inflation.,H,2021-10-28 00:00:00,mp_statement,train,2021/2021-10-28-ecb-mp.txt
"If the outlook becomes less favourable, or if financial conditions become inconsistent with further progress towards a sustained adjustment in the path of inflation, the Governing Council stands ready to increase the programme in terms of size and/or duration.",D,2017-07-20 00:00:00,mp_statement,train,2017/2017-07-20-ecb-mp.txt
"At today's meeting the Governing Council of the European Central Bank (ECB) decided that the interest rate on the main refinancing operations and the interest rates on the marginal lending facility and the deposit facility will remain unchanged at 0.00%, 0.25% and -0.40% respectively.",D,2018-09-13 00:00:00,mp_statement,train,2018/2018-09-13-ecb-mp.txt
Today's increase in ECB interest rates follows the interest rate decisions taken on 4 November 1999 and 3 February 2000 and continues the policy of countering these emerging upside risks to price stability in a timely and pre-emptive manner.,D,2000-03-16 00:00:00,mp_statement,train,2000/2000-03-16-ecb-mp.txt
"In its recent strategy review, the Governing Council agreed a symmetric inflation target of two per cent over the medium term.",N,2021-07-22 00:00:00,mp_statement,train,2021/2021-07-22-ecb-mp.txt
"At today's meeting the Governing Council of the ECB decided that the interest rate on the main refinancing operations and the interest rates on the marginal lending facility and the deposit facility will remain unchanged at 1.00%, 1.75% and 0.25% respectively.",N,2012-04-04 00:00:00,mp_statement,train,2012/2012-04-04-ecb-mp.txt
"In line with the step-by-step reduction in asset purchases decided on in December 2021 and to ensure that the monetary policy stance remains consistent with inflation stabilising at the Governing Council's target over the medium term, monthly net purchases under the APP will amount to €40 billion in the second quarter of 2022 and €30 billion in the third quarter.",H,2022-02-03 00:00:00,mp_statement,train,2022/2022-02-03-ecb-mp.txt
At today's meeting the Governing Council of the ECB took the following monetary policy decisions:,N,2011-04-07 00:00:00,mp_statement,train,2011/2011-04-07-ecb-mp.txt
"Inflation has increased significantly and will remain high over the coming months, mainly because of the sharp rise in energy costs.",H,2022-04-14 00:00:00,mp_statement,train,2022/2022-04-14-ecb-mp.txt
"The Governing Council will base the future policy rate path on the evolving outlook for inflation and the economy, following its meeting-by-meeting approach.",N,2022-10-27 00:00:00,mp_statement,train,2022/2022-10-27-ecb-mp.txt
"At today's meeting the Governing Council of the European Central Bank (ECB) decided that the interest rate on the main refinancing operations and the interest rates on the marginal lending facility and the deposit facility will remain unchanged at 0.00%, 0.25% and -0.40% respectively.",N,2019-07-25 00:00:00,mp_statement,train,2019/2019-07-25-ecb-mp.txt
"(1) The interest rate on the main refinancing operations and the interest rates on the marginal lending facility and the deposit facility will remain unchanged at 0.00%, 0.25% and -0.40% respectively.",N,2017-10-26 00:00:00,mp_statement,train,2017/2017-10-26-ecb-mp.txt
"As banks are repaying the amounts borrowed under the targeted longer-term refinancing operations, the Governing Council will regularly assess how targeted lending operations and their ongoing repayment are contributing to its monetary policy stance.",N,2023-12-14 00:00:00,mp_statement,train,2023/2023-12-14-ecb-mp.txt
"Although growth picked up in the third quarter of this year, survey indicators suggest it has slowed in the current quarter.",D,2024-12-12 00:00:00,mp_statement,train,2024/2024-12-12-ecb-mp.txt
"Moreover, the Transmission Protection Instrument is available to counter unwarranted, disorderly market dynamics that pose a serious threat to the transmission of monetary policy across all euro area countries, thus allowing the Governing Council to more effectively deliver on its price stability mandate.",D,2025-10-30 00:00:00,mp_statement,train,2025/2025-10-30-ecb-mp.txt
"At today's meeting the Governing Council of the ECB decided that the interest rate on the main refinancing operations and the interest rates on the marginal lending facility and the deposit facility will remain unchanged at 2.00%, 3.00% and 1.00% respectively.",N,2009-02-05 00:00:00,mp_statement,train,2009/2009-02-05-ecb-mp.txt
"The interest rate on the main refinancing operations of the Eurosystem will be decreased by 25 basis points to 1.00%, starting from the operation to be settled on 14 December 2011.",D,2011-12-08 00:00:00,mp_statement,train,2011/2011-12-08-ecb-mp.txt
"Domestic inflation remains high, mostly because wages and prices in certain sectors are still adjusting to the past inflation surge with a substantial delay.",H,2025-01-30 00:00:00,mp_statement,train,2025/2025-01-30-ecb-mp.txt
It will have a material impact on near-term inflation through higher energy prices.,H,2026-03-19 00:00:00,mp_statement,train,2026/2026-03-19-ecb-mp.txt
"In particular, as the Governing Council continues normalising monetary policy, the TPI will ensure that the monetary policy stance is transmitted smoothly across all euro area countries.",N,2022-07-21 00:00:00,mp_statement,train,2022/2022-07-21-ecb-mp.txt
"At today's meeting, which was held in Helsinki, the Governing Council of the ECB decided that the interest rate on the main refinancing operations and the interest rates on the marginal lending facility and the deposit facility will remain unchanged at 1.25%, 2.00% and 0.50% respectively.",N,2011-05-05 00:00:00,mp_statement,train,2011/2011-05-05-ecb-mp.txt
"The interest rate on the main refinancing operations and the interest rates on the marginal lending facility and the deposit facility will remain unchanged at 4.50%, 4.75% and 4.00% respectively.",N,2023-10-26 00:00:00,mp_statement,train,2023/2023-10-26-ecb-mp.txt
"These purchases contribute to easing the overall monetary policy stance, thereby helping to offset the downward impact of the pandemic on the projected path of inflation.",D,2020-09-10 00:00:00,mp_statement,train,2020/2020-09-10-ecb-mp.txt
"In any case, the future roll-off of the PEPP portfolio will be managed to avoid interference with the appropriate monetary policy stance.",N,2023-07-27 00:00:00,mp_statement,train,2023/2023-07-27-ecb-mp.txt
"At today's meeting the Governing Council of the ECB decided that the interest rate on the main refinancing operations and the interest rates on the marginal lending facility and the deposit facility will remain unchanged at 1.00%, 1.75% and 0.25% respectively.",N,2010-10-07 00:00:00,mp_statement,train,2010/2010-10-07-ecb-mp.txt
"In any case, the future roll-off of the PEPP portfolio will be managed to avoid interference with the appropriate monetary policy stance.",N,2021-12-16 00:00:00,mp_statement,train,2021/2021-12-16-ecb-mp.txt
At today's meeting the Governing Council of the ECB took the following monetary policy decisions:,N,2001-08-30 00:00:00,mp_statement,train,2001/2001-08-30-ecb-mp.txt
"As announced on 13 March 2024, some changes to the operational framework for implementing monetary policy will take effect from 18 September.",N,2024-09-12 00:00:00,mp_statement,train,2024/2024-09-12-ecb-mp.txt
"Moreover, the Transmission Protection Instrument is available to counter unwarranted, disorderly market dynamics that pose a serious threat to the transmission of monetary policy across all euro area countries, thus allowing the Governing Council to more effectively deliver on its price stability mandate.",D,2026-02-05 00:00:00,mp_statement,train,2026/2026-02-05-ecb-mp.txt
"The interest rate on the main refinancing operations and the interest rates on the marginal lending facility and the deposit facility will remain unchanged at 0.00%, 0.25% and -0.50% respectively.",N,2021-04-22 00:00:00,mp_statement,train,2021/2021-04-22-ecb-mp.txt
"At today's meeting, which was held in Barcelona, the Governing Council of the ECB decided that the interest rate on the main refinancing operations and the interest rates on the marginal lending facility and the deposit facility will remain unchanged at 1.00%, 1.75% and 0.25% respectively.",N,2012-05-03 00:00:00,mp_statement,train,2012/2012-05-03-ecb-mp.txt
is still expected to remain too high for too long.,N,2023-07-27 00:00:00,mp_statement,train,2023/2023-07-27-ecb-mp.txt
"In support of its symmetric two per cent inflation target and in line with its monetary policy strategy, the Governing Council expects the key ECB interest rates to remain at their present or lower levels until it sees inflation reaching two per cent well ahead of the end of its projection horizon and durably for the rest of the projection horizon, and it judges that realised progress in underlying inflation is sufficiently advanced to be consistent with inflation stabilising at two per cent over the medium term.",D,2021-07-22 00:00:00,mp_statement,train,2021/2021-07-22-ecb-mp.txt
"At the same time, recent data have confirmed that the euro area has entered a period of strong growth and that the outlook remains very positive.",H,2000-08-31 00:00:00,mp_statement,train,2000/2000-08-31-ecb-mp.txt
"The rate increase today reflects the Governing Council's updated assessment of the inflation outlook, the dynamics of underlying inflation, and the strength of monetary policy transmission.",H,2023-06-15 00:00:00,mp_statement,train,2023/2023-06-15-ecb-mp.txt
"The Governing Council will continue applying flexibility in reinvesting redemptions coming due in the PEPP portfolio, with a view to countering risks to the monetary policy transmission mechanism related to the pandemic.",D,2022-12-15 00:00:00,mp_statement,train,2022/2022-12-15-ecb-mp.txt
The Governing Council stands ready to adjust all of its instruments within its mandate to ensure that inflation returns to its 2% target over the medium term and to preserve the smooth functioning of monetary policy transmission.,H,2023-10-26 00:00:00,mp_statement,train,2023/2023-10-26-ecb-mp.txt
The Governing Council will also regularly assess how targeted lending operations are contributing to its monetary policy stance.,N,2022-03-10 00:00:00,mp_statement,train,2022/2022-03-10-ecb-mp.txt
"Accordingly, the interest rate on the main refinancing operations and the interest rates on the marginal lending facility and the deposit facility will be increased to 2.50%, 2.75% and 2.00% respectively, with effect from 21 December 2022.",H,2022-12-15 00:00:00,mp_statement,train,2022/2022-12-15-ecb-mp.txt
"In any case, the future roll-off of the PEPP portfolio will be managed to avoid interference with the appropriate monetary policy stance.",N,2023-03-16 00:00:00,mp_statement,train,2023/2023-03-16-ecb-mp.txt
This may also imply a transitory period in which inflation is moderately above target.,H,2021-09-09 00:00:00,mp_statement,train,2021/2021-09-09-ecb-mp.txt
The Governing Council will purchase flexibly according to market conditions and with a view to preventing a tightening of financing conditions that is inconsistent with countering the downward impact of the pandemic on the projected path of inflation.,D,2021-09-09 00:00:00,mp_statement,train,2021/2021-09-09-ecb-mp.txt
"Based on an updated assessment of the inflation outlook, the dynamics of underlying inflation and the strength of monetary policy transmission, it is now appropriate to moderate the degree of monetary policy restriction after nine months of holding rates steady.",H,2024-06-06 00:00:00,mp_statement,train,2024/2024-06-06-ecb-mp.txt
At today's meeting the Governing Council of the ECB took the following monetary policy decisions:,N,2014-09-04 00:00:00,mp_statement,train,2014/2014-09-04-ecb-mp.txt
"The Governing Council expects the key ECB interest rates to remain at their present or lower levels until it has seen the inflation outlook robustly converge to a level sufficiently close to,",D,,mp_statement,train,2020/2020-07-16-ecb-mp.txt
"The interest rate on the marginal lending facility will be reduced by 0.25 percentage point to 3.50%, with effect from 7 March 2003.",D,2003-03-06 00:00:00,mp_statement,train,2003/2003-03-06-ecb-mp.txt
"The interest rate on the main refinancing operations of the Eurosystem will be decreased by 50 basis points to 1.50%, starting from the operation to be settled on 11 March 2009.",D,2009-03-05 00:00:00,mp_statement,train,2009/2009-03-05-ecb-mp.txt
"The interest rate on the marginal lending facility will be decreased by 50 basis points to 1.00%, with effect from 8 May 2013.",D,2013-05-02 00:00:00,mp_statement,train,2013/2013-05-02-ecb-mp.txt
"As banks are repaying the amounts borrowed under the targeted longer-term refinancing operations, the Governing Council will regularly assess how targeted lending operations and their ongoing repayment are contributing to its monetary policy stance.",H,2023-10-26 00:00:00,mp_statement,train,2023/2023-10-26-ecb-mp.txt
"The interest rate on the marginal lending facility will be increased by 25 basis points to 4.50%, with effect from 13 December 2006.",H,2006-12-07 00:00:00,mp_statement,train,2006/2006-12-07-ecb-mp.txt
"From April 2017, the net asset purchases are intended to continue at a monthly pace of €60 billion until the end of December 2017, or beyond, if necessary, and in any case until the Governing Council sees a sustained adjustment in the path of inflation consistent with its inflation aim.",D,2016-12-08 00:00:00,mp_statement,train,2016/2016-12-08-ecb-mp.txt
The reference value for the annual growth rate of the broad monetary aggregate M3 will remain at 41⁄2%.,N,2002-12-05 00:00:00,mp_statement,train,2002/2002-12-05-ecb-mp.txt
"(4) The modalities of the new series of quarterly targeted longer-term refinancing operations (TLTRO III) will be changed to preserve favourable bank lending conditions, ensure the smooth transmission of monetary policy and further support the accommodative stance of monetary policy.",D,2019-09-12 00:00:00,mp_statement,train,2019/2019-09-12-ecb-mp.txt
"At today's meeting the Governing Council of the ECB decided that the interest rate on the main refinancing operations and the interest rates on the marginal lending facility and the deposit facility will remain unchanged at 0.75%, 1.50% and 0.00% respectively.",N,2012-12-06 00:00:00,mp_statement,train,2012/2012-12-06-ecb-mp.txt
"Within our mandate, under stressed conditions, flexibility will remain an element of monetary policy whenever threats to monetary policy transmission jeopardise the attainment of price stability.",N,2021-12-16 00:00:00,mp_statement,train,2021/2021-12-16-ecb-mp.txt
Borrowing costs have increased steeply and growth in loans is slowing.,H,2023-06-15 00:00:00,mp_statement,train,2023/2023-06-15-ecb-mp.txt
"As banks are repaying the amounts borrowed under the targeted longer-term refinancing operations, the Governing Council will regularly assess how targeted lending operations and their ongoing repayment are contributing to its monetary policy stance.",N,2024-03-07 00:00:00,mp_statement,train,2024/2024-03-07-ecb-mp.txt
The Governing Council will also regularly assess how targeted lending operations are contributing to its monetary policy stance.,N,2022-04-14 00:00:00,mp_statement,train,2022/2022-04-14-ecb-mp.txt
"This could include purchasing bonds issued by the Hellenic Republic over and above rollovers of redemptions in order to avoid an interruption of purchases in that jurisdiction, which could impair the transmission of monetary policy to the Greek economy while it is still recovering from the fallout from the pandemic.",D,2022-03-10 00:00:00,mp_statement,train,2022/2022-03-10-ecb-mp.txt
The Governing Council stands ready to adjust all of its instruments within its mandate to ensure that inflation stabilises at its 2% target in the medium term and to preserve the smooth functioning of monetary policy transmission.,D,2025-09-11 00:00:00,mp_statement,train,2025/2025-09-11-ecb-mp.txt
"At today's meeting the Governing Council of the ECB decided that the interest rate on the main refinancing operations and the interest rates on the marginal lending facility and the deposit facility will remain unchanged at 0.00%, 0.25% and -0.40% respectively.",N,2018-03-08 00:00:00,mp_statement,train,2018/2018-03-08-ecb-mp.txt
The Governing Council's future decisions will ensure that the policy rates will be brought to levels sufficiently restrictive to achieve a timely return of inflation to the 2% medium-term target and will be kept at those levels for as long as necessary.,H,2023-05-04 00:00:00,mp_statement,train,2023/2023-05-04-ecb-mp.txt
"In particular, the Governing Council's interest rate decisions will be based on its assessment of the inflation outlook in light of the incoming economic and financial data, the dynamics of underlying inflation and the strength of monetary policy transmission.",N,2025-01-30 00:00:00,mp_statement,train,2025/2025-01-30-ecb-mp.txt
"The pandemic has shown that, under stressed conditions, flexibility in the design and conduct of asset purchases has helped to counter the impaired transmission of monetary policy and made the Governing Council's efforts to achieve its goal more effective.",D,2022-06-09 00:00:00,mp_statement,train,2022/2022-06-09-ecb-mp.txt
"Financing conditions are restrictive and the past interest rate increases continue to weigh on demand, which is helping push down inflation.",H,2024-03-07 00:00:00,mp_statement,train,2024/2024-03-07-ecb-mp.txt
The key ECB interest rates have been close to their lower bound for some time and the medium-term outlook for inflation is still well below the Governing Council's target.,D,2021-07-22 00:00:00,mp_statement,train,2021/2021-07-22-ecb-mp.txt
"Today's monetary policy decisions maintain the current ample degree of monetary accommodation that will ensure the continued sustained convergence of inflation towards levels that are below, but close to, 2% over the medium term.",D,2018-06-14 00:00:00,mp_statement,train,2018/2018-06-14-ecb-mp.txt
"Regarding non-standard monetary policy measures, the net purchases under the asset purchase programme (APP) will end in December 2018.",H,2018-12-13 00:00:00,mp_statement,train,2018/2018-12-13-ecb-mp.txt
"Moreover, the Transmission Protection Instrument is available to counter unwarranted, disorderly market dynamics that pose a serious threat to the transmission of monetary policy across all euro area countries, thus allowing the Governing Council to more effectively deliver on its price stability mandate.",D,2023-12-14 00:00:00,mp_statement,train,2023/2023-12-14-ecb-mp.txt
The Governing Council is determined to ensure that inflation stabilises at its 2% target in the medium term.,N,2025-12-18 00:00:00,mp_statement,train,2025/2025-12-18-ecb-mp.txt
The inflation outlook continues to be too high for too long.,H,2023-05-04 00:00:00,mp_statement,train,2023/2023-05-04-ecb-mp.txt
The Governing Council is determined to ensure that inflation returns to its 2% medium-term target in a timely manner.,N,2023-12-14 00:00:00,mp_statement,train,2023/2023-12-14-ecb-mp.txt
"At today's meeting the Governing Council of the ECB decided that the interest rate on the main refinancing operations and the interest rates on the marginal lending facility and the deposit facility will remain unchanged at 0.00%, 0.25% and -0.40% respectively.",N,2017-01-19 00:00:00,mp_statement,train,2017/2017-01-19-ecb-mp.txt
"Today, in line with the Governing Council's strong commitment to its price stability mandate, the Governing Council took further key steps to make sure inflation returns to its 2% target over the medium term.",H,2022-07-21 00:00:00,mp_statement,train,2022/2022-07-21-ecb-mp.txt
This is increasingly dampening demand and thereby helps push down inflation.,H,2023-10-26 00:00:00,mp_statement,train,2023/2023-10-26-ecb-mp.txt
At today's meeting the Governing Council of the ECB took the following monetary policy decisions:,N,2006-03-02 00:00:00,mp_statement,train,2006/2006-03-02-ecb-mp.txt
"In any case, the future roll-off of the PEPP portfolio will be managed to avoid interference with the appropriate monetary policy stance.",N,2021-07-22 00:00:00,mp_statement,train,2021/2021-07-22-ecb-mp.txt
"The interest rate on the marginal lending facility will be raised by 0.25 percentage point to 5.50%, with effect from 1 September 2000.",H,2000-08-31 00:00:00,mp_statement,train,2000/2000-08-31-ecb-mp.txt
It will follow a data-dependent and meeting-by-meeting approach to determining the appropriate monetary policy stance.,N,2024-12-12 00:00:00,mp_statement,train,2024/2024-12-12-ecb-mp.txt
"The growth projection for 2026 is now slightly lower, at 1.0%, while the projection for 2027 is unchanged at 1.3%.",D,2025-09-11 00:00:00,mp_statement,train,2025/2025-09-11-ecb-mp.txt
The Governing Council will regularly re-evaluate its policy path in light of incoming information and the evolving inflation outlook.,N,2022-09-08 00:00:00,mp_statement,train,2022/2022-09-08-ecb-mp.txt
"In the view of the Governing Council, the recent events in the US are likely to weigh adversely on confidence in the euro area, reducing the short-term outlook for domestic growth.",D,2001-09-17 00:00:00,mp_statement,train,2001/2001-09-17-ecb-mp.txt
"The interest rate on the deposit facility will be reduced by 0.5 percentage point to 1.5%, effective 9 April 1999.",D,1999-04-08 00:00:00,mp_statement,train,1999/1999-04-08-ecb-mp.txt
"Within the Governing Council's mandate, under stressed conditions, flexibility will remain an element of monetary policy whenever threats to monetary policy transmission jeopardise the attainment of price stability.",N,2022-04-14 00:00:00,mp_statement,train,2022/2022-04-14-ecb-mp.txt
"Eurosystem staff therefore see growth picking up from an average of 0.6% for 2023 to 0.8% for 2024, and to 1.5% for both 2025 and 2026.",D,2023-12-14 00:00:00,mp_statement,train,2023/2023-12-14-ecb-mp.txt
"These purchases contribute to easing the overall monetary policy stance, thereby helping to offset the downward impact of the pandemic on the projected path of inflation.",D,2020-10-29 00:00:00,mp_statement,train,2020/2020-10-29-ecb-mp.txt
It did so to underline its commitment to maintain a persistently accommodative monetary policy stance to meet its inflation target.,D,2021-07-22 00:00:00,mp_statement,train,2021/2021-07-22-ecb-mp.txt
"On the basis of its updated assessment, the Governing Council decided to take further steps in normalising its monetary policy.",H,2022-06-09 00:00:00,mp_statement,train,2022/2022-06-09-ecb-mp.txt
"At today's meeting, the Governing Council decided to reconfirm its very accommodative monetary policy stance:",D,2021-04-22 00:00:00,mp_statement,train,2021/2021-04-22-ecb-mp.txt
"The interest rate on the main refinancing operations and the interest rates on the marginal lending facility and the deposit facility will remain unchanged at 4.50%, 4.75% and 4.00% respectively.",N,2024-03-07 00:00:00,mp_statement,train,2024/2024-03-07-ecb-mp.txt
"below, 2% within its projection horizon, and such convergence has been consistently reflected in underlying inflation dynamics.",N,2021-04-22 00:00:00,mp_statement,train,2021/2021-04-22-ecb-mp.txt
"Headline inflation has declined over recent months,",D,2023-05-04 00:00:00,mp_statement,train,2023/2023-05-04-ecb-mp.txt
"Equally, the envelope can be recalibrated if required to maintain favourable financing conditions to help counter the negative pandemic shock to the path of inflation.",D,2021-06-10 00:00:00,mp_statement,train,2021/2021-06-10-ecb-mp.txt
"At today's meeting the Governing Council of the ECB decided that the interest rate on the main refinancing operations and the interest rates on the marginal lending facility and the deposit facility will remain unchanged at 1.00%, 1.75% and 0.25% respectively.",N,2009-12-03 00:00:00,mp_statement,train,2009/2009-12-03-ecb-mp.txt
"The Governing Council continues to stand ready to adjust all of its instruments, as appropriate, to ensure that inflation moves towards its aim in a sustained manner, in line with its commitment to symmetry.",N,,mp_statement,train,2020/2020-07-16-ecb-mp.txt
"The interest rate on the marginal lending facility will be set at 3.00%, with effect from 21 January 2009.",N,2009-01-15 00:00:00,mp_statement,train,2009/2009-01-15-ecb-mp.txt
"In any case, the future roll-off of the PEPP portfolio will be managed to avoid interference with the appropriate monetary policy stance.",N,2020-12-10 00:00:00,mp_statement,train,2020/2020-12-10-ecb-mp.txt
"(5) In order to support the bank-based transmission of monetary policy, a two-tier system for reserve remuneration will be introduced, in which part of banks' holdings of excess liquidity will be exempt from the negative deposit facility rate.",D,2019-09-12 00:00:00,mp_statement,train,2019/2019-09-12-ecb-mp.txt
"At today's meeting the Governing Council of the ECB decided that the interest rate on the main refinancing operations and the interest rates on the marginal lending facility and the deposit facility will remain unchanged at 0.75%, 1.50% and 0.00% respectively.",N,2013-02-07 00:00:00,mp_statement,train,2013/2013-02-07-ecb-mp.txt
"The interest rate on the deposit facility will be increased by 25 basis points to 2.25%, with effect from 11 October 2006.",H,2006-10-05 00:00:00,mp_statement,train,2006/2006-10-05-ecb-mp.txt
"The Governing Council expects the key ECB interest rates to remain at their present or lower levels until it has seen the inflation outlook robustly converge to a level sufficiently close to,",D,,mp_statement,train,2019/2019-12-12-ecb-mp.txt
The Governing Council stands ready to adjust all of its instruments within its mandate to ensure that inflation stabilises sustainably at its 2% target over the medium term and to preserve the smooth functioning of monetary policy transmission.,N,2025-01-30 00:00:00,mp_statement,train,2025/2025-01-30-ecb-mp.txt
"The interest rate on the deposit facility will be increased by 25 basis points to 2.75%, with effect from 14 March 2007.",H,2007-03-08 00:00:00,mp_statement,train,2007/2007-03-08-ecb-mp.txt
"In particular, the Governing Council's interest rate decisions will be based on its assessment of the inflation outlook in light of the incoming economic and financial data, the dynamics of underlying inflation and the strength of monetary policy transmission.",N,2024-12-12 00:00:00,mp_statement,train,2024/2024-12-12-ecb-mp.txt
"The Governing Council expects the key ECB interest rates to remain at their present or lower levels until it has seen the inflation outlook robustly converge to a level sufficiently close to,",D,2021-03-11 00:00:00,mp_statement,train,2021/2021-03-11-ecb-mp.txt
This may also imply a transitory period in which inflation is moderately above target.,H,2022-02-03 00:00:00,mp_statement,train,2022/2022-02-03-ecb-mp.txt
The Governing Council will also regularly assess how targeted lending operations are contributing to its monetary policy stance.,N,2022-09-08 00:00:00,mp_statement,train,2022/2022-09-08-ecb-mp.txt
"Moreover, the Transmission Protection Instrument is available to counter unwarranted, disorderly market dynamics that pose a serious threat to the transmission of monetary policy across all euro area countries, thus allowing the Governing Council to more effectively deliver on its price stability mandate.",D,2025-04-17 00:00:00,mp_statement,train,2025/2025-04-17-ecb-mp.txt
"The interest rate on the deposit facility will be increased by 25 basis points to 1.75%, with effect from 15 June 2006.",H,2006-06-08 00:00:00,mp_statement,train,2006/2006-06-08-ecb-mp.txt
"But wage growth is moderating as expected, and profits are partially buffering the impact on inflation.",N,2025-03-06 00:00:00,mp_statement,train,2025/2025-03-06-ecb-mp.txt
This allows the Governing Council to effectively stave off risks to the smooth transmission of monetary policy.,N,2020-09-10 00:00:00,mp_statement,train,2020/2020-09-10-ecb-mp.txt
At today's meeting the Governing Council of the ECB took the following monetary policy decisions:,N,2001-11-08 00:00:00,mp_statement,train,2001/2001-11-08-ecb-mp.txt
is still expected to remain too high for too long.,N,2023-09-14 00:00:00,mp_statement,train,2023/2023-09-14-ecb-mp.txt
"Soaring energy and food prices, demand pressures in some sectors owing to the reopening of the economy, and supply bottlenecks are still driving up inflation.",H,2022-09-08 00:00:00,mp_statement,train,2022/2022-09-08-ecb-mp.txt
"Accordingly, the interest rate on the main refinancing operations and the interest rates on the marginal lending facility and the deposit facility will be decreased to 4.25%, 4.50% and 3.75% respectively, with effect from 12 June 2024.",D,2024-06-06 00:00:00,mp_statement,train,2024/2024-06-06-ecb-mp.txt
At today's meeting the Governing Council of the ECB took the following monetary policy decisions:,N,2002-12-05 00:00:00,mp_statement,train,2002/2002-12-05-ecb-mp.txt
"At today's meeting the Governing Council of the European Central Bank (ECB) decided that the interest rate on the main refinancing operations and the interest rates on the marginal lending facility and the deposit facility will remain unchanged at 0.00%, 0.25% and -0.40% respectively.",D,2018-10-25 00:00:00,mp_statement,train,2018/2018-10-25-ecb-mp.txt
"If the Governing Council's updated assessment of the inflation outlook, the dynamics of underlying inflation and the strength of monetary policy transmission were to further increase its confidence that inflation is converging to the target in a sustained manner, it would be appropriate to reduce the current level of monetary policy restriction.",D,2024-04-11 00:00:00,mp_statement,train,2024/2024-04-11-ecb-mp.txt
"At today's meeting the Governing Council of the ECB decided that the interest rate on the main refinancing operations and the interest rates on the marginal lending facility and the deposit facility will remain unchanged at 1.50%, 2.25% and 0.75% respectively.",N,2011-08-04 00:00:00,mp_statement,train,2011/2011-08-04-ecb-mp.txt
"The interest rate on the marginal lending facility will be raised by 0.25 percentage point to 4.5%, with effect from 17 March 2000.",H,2000-03-16 00:00:00,mp_statement,train,2000/2000-03-16-ecb-mp.txt
"The Governing Council continues to stand ready to adjust all of its instruments, as appropriate, to ensure that inflation moves towards its aim in a sustained manner, in line with its commitment to symmetry.",N,2021-01-21 00:00:00,mp_statement,train,2021/2021-01-21-ecb-mp.txt
"However, moderating energy costs, the easing of supply disruptions related to the pandemic and the normalisation of monetary policy are expected to lead to a decline in inflation.",D,2022-06-09 00:00:00,mp_statement,train,2022/2022-06-09-ecb-mp.txt
"In particular, the Governing Council expressed concern about upside risks to price stability which, given the prospects for strong economic expansion, arise from strong growth in monetary and credit aggregates, as well as from the present level of the exchange rate of the euro.",H,2000-04-27 00:00:00,mp_statement,train,2000/2000-04-27-ecb-mp.txt
"In the context of a strong cyclical upswing, there is a risk that these developments could, via second round effects, have lasting effects on consumer price inflation.",H,2000-03-16 00:00:00,mp_statement,train,2000/2000-03-16-ecb-mp.txt
"Moreover, the Transmission Protection Instrument is available to counter unwarranted, disorderly market dynamics that pose a serious threat to the transmission of monetary policy across all euro area countries, thus allowing the Governing Council to more effectively deliver on its price stability mandate.",D,2024-12-12 00:00:00,mp_statement,train,2024/2024-12-12-ecb-mp.txt
"In particular, its interest rate decisions will be based on its assessment of the inflation outlook in light of the incoming economic and financial data, the dynamics of underlying inflation and the strength of monetary policy transmission.",N,2024-06-06 00:00:00,mp_statement,train,2024/2024-06-06-ecb-mp.txt
"At today's meeting the Governing Council of the European Central Bank (ECB) decided that the interest rate on the main refinancing operations and the interest rates on the marginal lending facility and the deposit facility will remain unchanged at 0.00%, 0.25% and -0.40% respectively.",D,2018-12-13 00:00:00,mp_statement,train,2018/2018-12-13-ecb-mp.txt
"These purchases contribute to easing the overall monetary policy stance, thereby helping to offset the pandemic-related downward shift in the projected path of inflation.",D,,mp_statement,train,2020/2020-07-16-ecb-mp.txt
Today's policy decisions support the favourable prospects for high economic growth in the euro area.,D,2000-08-31 00:00:00,mp_statement,train,2000/2000-08-31-ecb-mp.txt
"The Governing Council expects the key ECB interest rates to remain at their present levels at least through the end of 2019, and in any case for as long as necessary to ensure the continued sustained convergence of inflation to levels that are below, but close to, 2% over the medium term.",D,2019-04-10 00:00:00,mp_statement,train,2019/2019-04-10-ecb-mp.txt
"Third, the interest rate on the main refinancing operations and the interest rates on the marginal lending facility and the deposit facility will remain unchanged at 0.00%, 0.25% and -0.50% respectively.",N,2021-03-11 00:00:00,mp_statement,train,2021/2021-03-11-ecb-mp.txt
"Moreover, the Transmission Protection Instrument is available to counter unwarranted, disorderly market dynamics that pose a serious threat to the transmission of monetary policy across all euro area countries, thus allowing the Governing Council to more effectively deliver on its price stability mandate.",D,2023-05-04 00:00:00,mp_statement,train,2023/2023-05-04-ecb-mp.txt
"If the outlook becomes less favourable, or if financial conditions become inconsistent with further progress towards a sustained adjustment in the path of inflation, the Governing Council stands ready to increase the programme in terms of size and/or duration.",D,2017-03-09 00:00:00,mp_statement,train,2017/2017-03-09-ecb-mp.txt
Price pressures have continued to strengthen and broaden across the economy and inflation may rise further in the near term.,H,2022-09-08 00:00:00,mp_statement,train,2022/2022-09-08-ecb-mp.txt
"At today's meeting the Governing Council of the ECB reviewed the latest information on the monetary, financial and economic situation in the euro area against the background of its stability-oriented monetary policy strategy.",N,1999-03-18 00:00:00,mp_statement,train,1999/1999-03-18-ecb-mp.txt
"Financing conditions are easing, as the Governing Council's recent interest rate cuts gradually make new borrowing less expensive for firms and households.",D,2024-12-12 00:00:00,mp_statement,train,2024/2024-12-12-ecb-mp.txt
"(3) Regarding the modalities of the new series of quarterly targeted longer-term refinancing operations (TLTRO III), the Governing Council decided that the interest rate in each operation will be set at a level that is 10 basis points above the average rate applied in the Eurosystem's main refinancing operations over the life of the respective TLTRO.",N,2019-06-06 00:00:00,mp_statement,train,2019/2019-06-06-ecb-mp.txt
"Accordingly, if the medium-term inflation outlook continues to fall short of its aim, the Governing Council is determined to act, in line with its commitment to symmetry in the inflation aim.",D,2019-07-25 00:00:00,mp_statement,train,2019/2019-07-25-ecb-mp.txt
"As banks are repaying the amounts borrowed under the targeted longer-term refinancing operations, the Governing Council will regularly assess how targeted lending operations and their ongoing repayment are contributing to its monetary policy stance.",N,2023-07-27 00:00:00,mp_statement,train,2023/2023-07-27-ecb-mp.txt
"The Governing Council stands ready to adjust all of its instruments, as appropriate, to ensure that inflation stabilises at its 2% target over the medium term.",D,2022-03-10 00:00:00,mp_statement,train,2022/2022-03-10-ecb-mp.txt
The Governing Council stands ready to adjust all of its instruments within its mandate to ensure that inflation returns to its 2% target over the medium term and to preserve the smooth functioning of monetary policy transmission.,H,2023-06-15 00:00:00,mp_statement,train,2023/2023-06-15-ecb-mp.txt
The protracted depreciation of the exchange rate of the euro and the renewed rise in oil prices have increasingly put upward pressure on import prices and consumer prices in the euro area.,H,2000-08-31 00:00:00,mp_statement,train,2000/2000-08-31-ecb-mp.txt
"The interest rate on the marginal lending facility will be raised by 0.25 percentage point to 5.75%, with effect from 6 October 2000.",H,2000-10-05 00:00:00,mp_statement,train,2000/2000-10-05-ecb-mp.txt
"Financing conditions remain restrictive and the past interest rate increases continue to weigh on demand, which is helping to push down inflation.",H,2024-04-11 00:00:00,mp_statement,train,2024/2024-04-11-ecb-mp.txt
"The Governing Council will continue applying flexibility in reinvesting redemptions coming due in the PEPP portfolio, with a view to countering risks to the monetary policy transmission mechanism related to the pandemic.",D,2024-09-12 00:00:00,mp_statement,train,2024/2024-09-12-ecb-mp.txt
"The interest rate on the marginal lending facility will be increased by 25 basis points to 3.75%, with effect from 15 June 2006.",H,2006-06-08 00:00:00,mp_statement,train,2006/2006-06-08-ecb-mp.txt
"This could include purchasing bonds issued by the Hellenic Republic over and above rollovers of redemptions in order to avoid an interruption of purchases in that jurisdiction, which could impair the transmission of monetary policy to the Greek economy while it is still recovering from the fallout from the pandemic.",D,2022-02-03 00:00:00,mp_statement,train,2022/2022-02-03-ecb-mp.txt
This will contribute both to favourable liquidity conditions and to an appropriate monetary policy stance.,D,2018-03-08 00:00:00,mp_statement,train,2018/2018-03-08-ecb-mp.txt
"Equally, the envelope can be recalibrated if required to maintain favourable financing conditions to help counter the negative pandemic shock to the path of inflation.",D,2021-09-09 00:00:00,mp_statement,train,2021/2021-09-09-ecb-mp.txt
"They see headline inflation averaging 2.1% in 2025, 1.7% in 2026 and 1.9% in 2027.",H,2025-09-11 00:00:00,mp_statement,train,2025/2025-09-11-ecb-mp.txt
The Governing Council is determined to ensure that inflation stabilises at its 2% target in the medium term.,N,2026-02-05 00:00:00,mp_statement,train,2026/2026-02-05-ecb-mp.txt
"At today's meeting, which was held in Bratislava, the Governing Council of the ECB took the following monetary policy decisions:",N,2013-05-02 00:00:00,mp_statement,train,2013/2013-05-02-ecb-mp.txt
"If the outlook becomes less favourable, or if financial conditions become inconsistent with further progress towards a sustained adjustment in the path of inflation, the Governing Council stands ready to increase the programme in terms of size and/or duration.",D,2017-06-08 00:00:00,mp_statement,train,2017/2017-06-08-ecb-mp.txt
These projections indicate that inflation will remain undesirably elevated for some time.,H,2022-06-09 00:00:00,mp_statement,train,2022/2022-06-09-ecb-mp.txt
"The Governing Council expects the key ECB interest rates to remain at their present levels at least through the summer of 2019, and in any case for as long as necessary to ensure the continued sustained convergence of inflation to levels that are below, but close to, 2% over the medium term.",D,2018-12-13 00:00:00,mp_statement,train,2018/2018-12-13-ecb-mp.txt
"Domestic inflation remains high, mostly because wages and prices in certain sectors are still adjusting to the past inflation surge with a substantial delay.",H,2025-03-06 00:00:00,mp_statement,train,2025/2025-03-06-ecb-mp.txt
The reference value for the annual growth rate of the broad monetary aggregate M3 will remain at 4 1/2%.,N,2000-12-14 00:00:00,mp_statement,train,2000/2000-12-14-ecb-mp.txt
"The Governing Council expects the key ECB interest rates to remain at their present levels at least through the summer of 2019, and in any case for as long as necessary to ensure the continued sustained convergence of inflation to levels that are below, but close to, 2% over the medium term.",D,2018-10-25 00:00:00,mp_statement,train,2018/2018-10-25-ecb-mp.txt
At today's meeting the Governing Council of the ECB took the following monetary policy decisions:,N,2001-05-10 00:00:00,mp_statement,train,2001/2001-05-10-ecb-mp.txt
The frontloading today of the exit from negative interest rates allows the Governing Council to make a transition to a meeting-by-meeting approach to interest rate decisions.,H,2022-07-21 00:00:00,mp_statement,train,2022/2022-07-21-ecb-mp.txt
"The interest rate on the main refinancing operations of the Eurosystem will be raised by 0.5 percentage point to 3%, with effect from the operation to be settled on 10 November 1999.",H,1999-11-04 00:00:00,mp_statement,train,1999/1999-11-04-ecb-mp.txt
"Regarding non-standard monetary policy measures, the Governing Council confirms that the net asset purchases, at the current monthly pace of €30 billion, are intended to run until the end of September 2018, or beyond, if necessary, and in any case until the Governing Council sees a sustained adjustment in the path of inflation consistent with its inflation aim.",D,2018-03-08 00:00:00,mp_statement,train,2018/2018-03-08-ecb-mp.txt
At today's meeting the Governing Council of the ECB took the following monetary policy decisions:,N,2016-03-10 00:00:00,mp_statement,train,2016/2016-03-10-ecb-mp.txt
"Under this scenario analysis, a further escalation of trade tensions over the coming months would result in growth and inflation being below the baseline projections.",D,2025-06-05 00:00:00,mp_statement,train,2025/2025-06-05-ecb-mp.txt
The calibration of this rate increase will depend on the updated medium-term inflation outlook.,N,2022-06-09 00:00:00,mp_statement,train,2022/2022-06-09-ecb-mp.txt
The lasting vulnerabilities caused by the pandemic still pose a risk to the smooth transmission of monetary policy.,N,2022-09-08 00:00:00,mp_statement,train,2022/2022-09-08-ecb-mp.txt
"Staff have revised up their projections for inflation excluding energy and food, especially for this year and next year, owing to past upward surprises and the implications of the robust labour market for the speed of disinflation.",N,2023-06-15 00:00:00,mp_statement,train,2023/2023-06-15-ecb-mp.txt
"From January 2018 the net asset purchases are intended to continue at a monthly pace of €30 billion until the end of September 2018, or beyond, if necessary, and in any case until the Governing Council sees a sustained adjustment in the path of inflation consistent with its inflation aim.",D,2017-10-26 00:00:00,mp_statement,train,2017/2017-10-26-ecb-mp.txt
"The Governing Council will continue applying flexibility in reinvesting redemptions coming due in the PEPP portfolio, with a view to countering risks to the monetary policy transmission mechanism related to the pandemic.",D,2024-03-07 00:00:00,mp_statement,train,2024/2024-03-07-ecb-mp.txt
The singleness of the Governing Council's monetary policy is a precondition for the ECB to be able to deliver on its price stability mandate.,N,2022-07-21 00:00:00,mp_statement,train,2022/2022-07-21-ecb-mp.txt
The Governing Council stands ready to adjust all of its instruments within its mandate to ensure that inflation stabilises sustainably at its 2% target over the medium term and to preserve the smooth functioning of monetary policy transmission.,N,2025-03-06 00:00:00,mp_statement,train,2025/2025-03-06-ecb-mp.txt
Inflation remains close to the 2% medium-term target and the Governing Council's assessment of the inflation outlook is broadly unchanged.,N,2025-10-30 00:00:00,mp_statement,train,2025/2025-10-30-ecb-mp.txt
"In particular, the Governing Council's interest rate decisions will be based on its assessment of the inflation outlook and the risks surrounding it, in light of the incoming economic and financial data, as well as the dynamics of underlying inflation and the strength of monetary policy transmission.",N,2026-02-05 00:00:00,mp_statement,train,2026/2026-02-05-ecb-mp.txt
"Accordingly, the interest rate on the main refinancing operations and the interest rates on the marginal lending facility and the deposit facility will be increased to 4.00%, 4.25% and 3.50% respectively, with effect from 21 June 2023.",H,2023-06-15 00:00:00,mp_statement,train,2023/2023-06-15-ecb-mp.txt
"At today's meeting the Governing Council of the ECB decided that the interest rate on the main refinancing operations and the interest rates on the marginal lending facility and the deposit facility will remain unchanged at 0.05%, 0.30% and -0.20% respectively.",N,2015-04-15 00:00:00,mp_statement,train,2015/2015-04-15-ecb-mp.txt
"If the outlook becomes less favourable, or if financial conditions become inconsistent with further progress towards a sustained adjustment in the path of inflation, the Governing Council stands ready to increase the programme in terms of size and/or duration.",D,2017-01-19 00:00:00,mp_statement,train,2017/2017-01-19-ecb-mp.txt
The key ECB interest rates are the primary tool for setting the monetary policy stance.,N,2023-12-14 00:00:00,mp_statement,train,2023/2023-12-14-ecb-mp.txt
"In addition, the interest rate on the marginal lending facility will continue to be 4.5% and the interest rate on the deposit facility will remain 2.0%.",N,1999-03-04 00:00:00,mp_statement,train,1999/1999-03-04-ecb-mp.txt
Rising real incomes and the gradually fading effects of past rate hikes remain the key drivers underpinning the expected pick-up in demand over time.,H,2025-03-06 00:00:00,mp_statement,train,2025/2025-03-06-ecb-mp.txt
"below, 2% within its projection horizon, and such convergence has been consistently reflected in underlying inflation dynamics.",N,,mp_statement,train,2020/2020-01-23-ecb-mp.txt
The Governing Council stands ready to adjust all of its instruments within its mandate to ensure that inflation stabilises at its 2% target over the medium term.,D,2022-09-08 00:00:00,mp_statement,train,2022/2022-09-08-ecb-mp.txt
"Inflation has been revised up for 2026, mainly because staff now expect services inflation to decline more slowly.",N,2025-12-18 00:00:00,mp_statement,train,2025/2025-12-18-ecb-mp.txt
"Specifically, the Governing Council decided to reduce the interest rate on TLTRO III operations during the period from June 2020 to June 2021 to 50 basis points below the average interest rate on the Eurosystem's main refinancing operations prevailing over the same period.",D,,mp_statement,train,2020/2020-04-30-ecb-mp.txt
"At the same time, underlying price pressures remain strong.",H,2023-03-16 00:00:00,mp_statement,train,2023/2023-03-16-ecb-mp.txt
"As banks are repaying the amounts borrowed under the targeted longer-term refinancing operations, the Governing Council will regularly assess how targeted lending operations and their ongoing repayment are contributing to its monetary policy stance.",N,2024-07-18 00:00:00,mp_statement,train,2024/2024-07-18-ecb-mp.txt
"For banks whose eligible net lending exceeds a benchmark, the rate applied in TLTRO III will be lower and can be as low as the average interest rate on the deposit facility prevailing over the life of the operation plus 10 basis points.",D,2019-06-06 00:00:00,mp_statement,train,2019/2019-06-06-ecb-mp.txt
The interest rate on the main refinancing operations and the rate on the marginal lending facility will remain unchanged at their current levels of 0.00% and 0.25% respectively.,N,2019-09-12 00:00:00,mp_statement,train,2019/2019-09-12-ecb-mp.txt
"At the same time, economic activity is still being supported by the reopening of the economy after the crisis phase of the pandemic.",D,2022-04-14 00:00:00,mp_statement,train,2022/2022-04-14-ecb-mp.txt
Borrowing conditions in these operations can be as low as the interest rate on the deposit facility.,D,2016-03-10 00:00:00,mp_statement,train,2016/2016-03-10-ecb-mp.txt
"At today's meeting the Governing Council of the ECB decided that the interest rate on the main refinancing operations and the interest rates on the marginal lending facility and the deposit facility will remain unchanged at 0.75%, 1.50% and 0.00% respectively.",N,,mp_statement,train,2012/2012-09-06-ecb-mp.txt
Monetary policy has kept financing conditions restrictive.,H,2024-06-06 00:00:00,mp_statement,train,2024/2024-06-06-ecb-mp.txt
"The outlook remains uncertain, with upside risks for inflation and downside risks for economic growth.",H,2026-06-11 00:00:00,mp_statement,train,2026/2026-06-11-ecb-mp.txt
"At today's meeting the Governing Council of the ECB decided that the interest rate on the main refinancing operations and the interest rates on the marginal lending facility and the deposit facility will remain unchanged at 0.00%, 0.25% and -0.40% respectively.",N,2018-07-26 00:00:00,mp_statement,train,2018/2018-07-26-ecb-mp.txt
"While some measures of underlying inflation ticked up in May owing to one-off factors, most measures were either stable or edged down in June.",N,2024-07-18 00:00:00,mp_statement,train,2024/2024-07-18-ecb-mp.txt
"At today's meeting the Governing Council of the ECB decided that the interest rate on the main refinancing operations and the interest rates on the marginal lending facility and the deposit facility will remain unchanged at 0.05%, 0.30% and -0.20% respectively.",N,2015-01-22 00:00:00,mp_statement,train,2015/2015-01-22-ecb-mp.txt
"At today's meeting the Governing Council of the ECB decided that the interest rate on the main refinancing operations and the interest rates on the marginal lending facility and the deposit facility will remain unchanged at 0.50%, 1.00% and 0.00% respectively.",N,2013-07-04 00:00:00,mp_statement,train,2013/2013-07-04-ecb-mp.txt
"Subsequently, it is projected to come down to 2.5% in 2024 and 2.2% in 2025, as the upward pressures from past supply shocks and the reopening of the economy fade out and as tighter monetary policy increasingly dampens demand.",H,2023-03-16 00:00:00,mp_statement,train,2023/2023-03-16-ecb-mp.txt
"While inflation has dropped in recent months, it is likely to pick up again temporarily in the near term.",H,2023-12-14 00:00:00,mp_statement,train,2023/2023-12-14-ecb-mp.txt
But domestic price pressures are strong and are keeping services price inflation high.,H,2024-04-11 00:00:00,mp_statement,train,2024/2024-04-11-ecb-mp.txt
The Governing Council confirmed the decisions taken at its monetary policy meeting last December.,N,2022-02-03 00:00:00,mp_statement,train,2022/2022-02-03-ecb-mp.txt
"The longer the war continues and the longer energy prices remain high, the stronger is the likely impact on broader inflation and the economy.",H,2026-04-30 00:00:00,mp_statement,train,2026/2026-04-30-ecb-mp.txt
"In addition, the flexibility of purchases over time, across asset classes and among jurisdictions will continue to support the smooth transmission of monetary policy.",D,2021-07-22 00:00:00,mp_statement,train,2021/2021-07-22-ecb-mp.txt
"The interest rate on the marginal lending facility will be increased by 25 basis points to 4.25%, with effect from 11 October 2006.",H,2006-10-05 00:00:00,mp_statement,train,2006/2006-10-05-ecb-mp.txt
"Looking ahead, ECB staff have significantly revised up their inflation projections and inflation is now expected to average 8.1% in 2022, 5.5% in 2023 and 2.3% in 2024.",D,2022-09-08 00:00:00,mp_statement,train,2022/2022-09-08-ecb-mp.txt
"In the context of the first pillar of the monetary policy strategy of the ECB,",N,2000-08-31 00:00:00,mp_statement,train,2000/2000-08-31-ecb-mp.txt
Inflation expectations are diminishing and remain anchored to price stability.,D,2008-10-08 00:00:00,mp_statement,train,2008/2008-10-08-ecb-mp.txt
"ECB staff now see inflation averaging 5.3% in 2023, 2.9% in 2024 and 2.1% in 2025.",D,2023-03-16 00:00:00,mp_statement,train,2023/2023-03-16-ecb-mp.txt
"Following the regular examination of the outlook for price developments in the euro area on the basis of the latest information on monetary, financial and other economic developments, the Governing Council confirmed the assessment which was presented by the President of the ECB in his introductory statement at the press conference after the Governing Council meeting on 2 March 2000, as well as in the following issue of the ECB Monthly Bulletin.",N,2000-03-16 00:00:00,mp_statement,train,2000/2000-03-16-ecb-mp.txt
"The interest rate on the deposit facility will be reduced by 0.25 percentage point to 3.25%, with effect from 31 August 2001.",D,2001-08-30 00:00:00,mp_statement,train,2001/2001-08-30-ecb-mp.txt
"At today's meeting the Governing Council of the European Central Bank (ECB) decided that the interest rate on the main refinancing operations and the interest rates on the marginal lending facility and the deposit facility will remain unchanged at 0.00%, 0.25% and -0.40% respectively.",D,2019-01-24 00:00:00,mp_statement,train,2019/2019-01-24-ecb-mp.txt
"The interest rate on the deposit facility will be raised by 0.50 percentage point to 3.25%, with effect from 9 June 2000.",H,2000-06-08 00:00:00,mp_statement,train,2000/2000-06-08-ecb-mp.txt
This will contribute both to favourable liquidity conditions and to an appropriate monetary policy stance.,D,2018-01-25 00:00:00,mp_statement,train,2018/2018-01-25-ecb-mp.txt
"At the same time, the pick-up in growth in 2024 and 2025 is weaker than projected in December, owing to the tightening of monetary policy.",H,2023-03-16 00:00:00,mp_statement,train,2023/2023-03-16-ecb-mp.txt
The decline resulted mainly from lower energy price inflation.,N,2022-12-15 00:00:00,mp_statement,train,2022/2022-12-15-ecb-mp.txt
"By dampening demand and keeping inflation expectations well anchored, this has made a major contribution to bringing inflation back down.",D,2024-06-06 00:00:00,mp_statement,train,2024/2024-06-06-ecb-mp.txt
"Without prejudice to the ECB's price stability objective, this approach will support the gradual decarbonisation of the Eurosystem's corporate bond holdings, in line with the goals of the Paris Agreement.",N,2023-02-02 00:00:00,mp_statement,train,2023/2023-02-02-ecb-mp.txt
"At the same time, it will improve the efficiency of monetary policy by reducing the overall amount of interest that needs to be paid on reserves in order to implement the appropriate stance.",N,2023-07-27 00:00:00,mp_statement,train,2023/2023-07-27-ecb-mp.txt
"At today's meeting the Governing Council of the ECB decided that the interest rate on the main refinancing operations and the interest rates on the marginal lending facility and the deposit facility will remain unchanged at 0.00%, 0.25% and -0.40% respectively.",N,2017-09-07 00:00:00,mp_statement,train,2017/2017-09-07-ecb-mp.txt
"If the outlook becomes less favourable, or if financial conditions become inconsistent with further progress towards a sustained adjustment in the path of inflation, the Governing Council stands ready to increase the asset purchase programme (APP) in terms of size and/or duration.",D,2018-01-25 00:00:00,mp_statement,train,2018/2018-01-25-ecb-mp.txt
"Once current headwinds abate, economic activity is expected to pick up again.",D,2022-06-09 00:00:00,mp_statement,train,2022/2022-06-09-ecb-mp.txt
"By safeguarding the transmission mechanism, the TPI will allow the Governing Council to more effectively deliver on its price stability mandate.",D,2022-07-21 00:00:00,mp_statement,train,2022/2022-07-21-ecb-mp.txt
This decision will preserve the effectiveness of monetary policy by maintaining the current degree of control over the monetary policy stance and ensuring the full pass-through of the interest rate decisions to money markets.,D,2023-07-27 00:00:00,mp_statement,train,2023/2023-07-27-ecb-mp.txt
At today's meeting the Governing Council of the ECB took the following monetary policy decisions:,N,2014-06-05 00:00:00,mp_statement,train,2014/2014-06-05-ecb-mp.txt
Eurosystem staff have revised their baseline inflation projections up significantly.,H,2022-06-09 00:00:00,mp_statement,train,2022/2022-06-09-ecb-mp.txt
"The Transmission Protection Instrument is available to counter unwarranted, disorderly market dynamics that pose a serious threat to the transmission of monetary policy across all euro area countries, thus allowing the Governing Council to more effectively deliver on its price stability mandate.",D,2022-12-15 00:00:00,mp_statement,train,2022/2022-12-15-ecb-mp.txt
"At today's meeting the Governing Council of the ECB decided that the interest rate on the main refinancing operations and the interest rates on the marginal lending facility and the deposit facility will remain unchanged at 0.75%, 1.50% and 0.00% respectively.",N,2013-01-10 00:00:00,mp_statement,train,2013/2013-01-10-ecb-mp.txt
"Regarding non-standard monetary policy measures, the Governing Council intends to continue reinvesting, in full, the principal payments from maturing securities purchased under the asset purchase programme for an extended period of time past the date when it starts raising the key ECB interest rates, and in any case for as long as necessary to maintain favourable liquidity conditions and an ample degree of monetary accommodation.",H,2019-01-24 00:00:00,mp_statement,train,2019/2019-01-24-ecb-mp.txt
"At today's meeting the Governing Council of the European Central Bank (ECB) decided that the interest rate on the main refinancing operations and the interest rates on the marginal lending facility and the deposit facility will remain unchanged at 0.00%, 0.25% and -0.50% respectively.",N,,mp_statement,train,2019/2019-12-12-ecb-mp.txt
The Governing Council is committed to setting monetary policy to ensure that inflation stabilises at the 2% target in the medium term.,N,2026-04-30 00:00:00,mp_statement,train,2026/2026-04-30-ecb-mp.txt
"The Governing Council is closely monitoring the situation, and its data-dependent approach will help it set monetary policy as appropriate.",N,2026-03-19 00:00:00,mp_statement,train,2026/2026-03-19-ecb-mp.txt
"(1) The interest rate on the main refinancing operations and the interest rates on the marginal lending facility and the deposit facility will remain unchanged at 0.00%, 0.25% and -0.50% respectively.",N,2020-09-10 00:00:00,mp_statement,train,2020/2020-09-10-ecb-mp.txt
The Governing Council will continue to ensure that price stability is maintained in the euro area and will remain alert to all emerging risks to price stability.,N,2000-08-31 00:00:00,mp_statement,train,2000/2000-08-31-ecb-mp.txt
The Governing Council will purchase flexibly according to market conditions and with a view to preventing a tightening of financing conditions that is inconsistent with countering the downward impact of the pandemic on the projected path of inflation.,H,2021-04-22 00:00:00,mp_statement,train,2021/2021-04-22-ecb-mp.txt
"In particular, the Governing Council's interest rate decisions will be based on its assessment of the inflation outlook in light of the incoming economic and financial data, the dynamics of underlying inflation and the strength of monetary policy transmission.",N,2024-03-07 00:00:00,mp_statement,train,2024/2024-03-07-ecb-mp.txt
"The interest rate on the deposit facility will be reduced by 0.50 percentage point to 1.00%, with effect from 6 June 2003.",D,2003-06-05 00:00:00,mp_statement,train,2003/2003-06-05-ecb-mp.txt
"Inflation has continued to fall, led by lower food and goods price inflation.",D,2024-04-11 00:00:00,mp_statement,train,2024/2024-04-11-ecb-mp.txt
"In view of the underlying inflation pressures, the Governing Council intends to raise interest rates by another 50 basis points at its next monetary policy meeting in March and it will then evaluate the subsequent path of its monetary policy.",H,2023-02-02 00:00:00,mp_statement,train,2023/2023-02-02-ecb-mp.txt
The Governing Council is determined to ensure that inflation returns to its 2% medium-term target in a timely manner.,N,2024-01-25 00:00:00,mp_statement,train,2024/2024-01-25-ecb-mp.txt
Inflation continues to decline,D,2023-09-14 00:00:00,mp_statement,train,2023/2023-09-14-ecb-mp.txt
"The interest rate on the main refinancing operations and the interest rates on the marginal lending facility and the deposit facility will remain unchanged at 0.00%, 0.25% and -0.50% respectively.",N,2022-03-10 00:00:00,mp_statement,train,2022/2022-03-10-ecb-mp.txt
"At today's meeting the Governing Council of the ECB decided that the interest rate on the main refinancing operations and the interest rates on the marginal lending facility and the deposit facility will remain unchanged at 0.00%, 0.25% and -0.40% respectively.",N,2016-07-21 00:00:00,mp_statement,train,2016/2016-07-21-ecb-mp.txt
"At today's meeting the Governing Council of the ECB decided that the interest rate on the main refinancing operations and the interest rates on the marginal lending facility and the deposit facility will remain unchanged at 0.05%, 0.30% and -0.20% respectively.",N,2014-12-04 00:00:00,mp_statement,train,2014/2014-12-04-ecb-mp.txt
"As banks are repaying the amounts borrowed under the targeted longer-term refinancing operations, the Governing Council will regularly assess how targeted lending operations and their ongoing repayment are contributing to its monetary policy stance.",N,2024-09-12 00:00:00,mp_statement,train,2024/2024-09-12-ecb-mp.txt
"The rate increase today reflects the Governing Council's assessment of the inflation outlook, the dynamics of underlying inflation, and the strength of monetary policy transmission.",H,2023-07-27 00:00:00,mp_statement,train,2023/2023-07-27-ecb-mp.txt
"Moreover, the Transmission Protection Instrument is available to counter unwarranted, disorderly market dynamics that pose a serious threat to the transmission of monetary policy across all euro area countries, thus allowing the Governing Council to more effectively deliver on its price stability mandate.",D,2024-06-06 00:00:00,mp_statement,train,2024/2024-06-06-ecb-mp.txt
This means that headline inflation at the end of the projection horizon is projected to be slightly above the Governing Council's target.,H,2022-06-09 00:00:00,mp_statement,train,2022/2022-06-09-ecb-mp.txt
"If the outlook becomes less favourable, or if financial conditions become inconsistent with further progress towards a sustained adjustment in the path of inflation, the Governing Council stands ready to increase the programme in terms of size and/or duration.",D,2017-09-07 00:00:00,mp_statement,train,2017/2017-09-07-ecb-mp.txt
"Under TLTRO-III, counterparties will be entitled to borrow up to 30% of the stock of eligible loans as at 28 February 2019 at a rate indexed to the interest rate on the main refinancing operations over the life of each operation.",N,2019-03-07 00:00:00,mp_statement,train,2019/2019-03-07-ecb-mp.txt
This will contribute both to favourable liquidity conditions and to an appropriate monetary policy stance.,D,2017-10-26 00:00:00,mp_statement,train,2017/2017-10-26-ecb-mp.txt
The path for the key ECB interest rates will continue to be determined by the Governing Council's forward guidance and by its strategic commitment to stabilise inflation at 2% over the medium term.,D,2022-03-10 00:00:00,mp_statement,train,2022/2022-03-10-ecb-mp.txt
"The interest rate on the marginal lending facility will be increased by 25 basis points to 2.25%, with effect from 13 July 2011.",H,2011-07-07 00:00:00,mp_statement,train,2011/2011-07-07-ecb-mp.txt
"The Governing Council took today's decision, and expects to raise interest rates further, to ensure the timely return of inflation to its 2% medium-term inflation target.",H,2022-10-27 00:00:00,mp_statement,train,2022/2022-10-27-ecb-mp.txt
This may also imply a transitory period in which inflation is moderately above target.,H,2021-07-22 00:00:00,mp_statement,train,2021/2021-07-22-ecb-mp.txt
"The interest rate on the deposit facility will be increased by 25 basis points to 2.50%, with effect from 13 December 2006.",H,2006-12-07 00:00:00,mp_statement,train,2006/2006-12-07-ecb-mp.txt
The Governing Council stands ready to adjust all of its instruments within its mandate to ensure that inflation stabilises sustainably at its 2% target over the medium term and to preserve the smooth functioning of monetary policy transmission.,N,2025-04-17 00:00:00,mp_statement,train,2025/2025-04-17-ecb-mp.txt
"Moreover, the Transmission Protection Instrument is available to counter unwarranted, disorderly market dynamics that pose a serious threat to the transmission of monetary policy across all euro area countries, thus allowing the Governing Council to more effectively deliver on its price stability mandate.",D,2024-09-12 00:00:00,mp_statement,train,2024/2024-09-12-ecb-mp.txt
Keeping interest rates at restrictive levels will over time reduce inflation by dampening demand and will also guard against the risk of a persistent upward shift in inflation expectations.,H,2022-12-15 00:00:00,mp_statement,train,2022/2022-12-15-ecb-mp.txt
The Governing Council will also regularly assess how targeted lending operations are contributing to its monetary policy stance.,N,2022-06-09 00:00:00,mp_statement,train,2022/2022-06-09-ecb-mp.txt
"At the same time, staff continue to expect a rapid decline in core inflation, from 2.9% this year to 2.3% in 2025 and 2.0% in 2026.",D,2024-09-12 00:00:00,mp_statement,train,2024/2024-09-12-ecb-mp.txt
"Moreover, the Transmission Protection Instrument is available to counter unwarranted, disorderly market dynamics that pose a serious threat to the transmission of monetary policy across all euro area countries, thus allowing the Governing Council to more effectively deliver on its price stability mandate.",D,2025-07-24 00:00:00,mp_statement,train,2025/2025-07-24-ecb-mp.txt
"through the end of 2019, and in any case for as long as necessary to ensure the continued sustained convergence of inflation to levels that are below, but close to, 2% over the medium term.",N,2019-03-07 00:00:00,mp_statement,train,2019/2019-03-07-ecb-mp.txt
This will contribute both to favourable liquidity conditions and to an appropriate monetary policy stance.,D,2018-04-26 00:00:00,mp_statement,train,2018/2018-04-26-ecb-mp.txt
"At today's meeting the Governing Council of the ECB decided that the interest rate on the main refinancing operations and the interest rates on the marginal lending facility and the deposit facility will remain unchanged at 0.00%, 0.25% and -0.40% respectively.",N,2016-04-21 00:00:00,mp_statement,train,2016/2016-04-21-ecb-mp.txt
"At today's meeting the Governing Council of the ECB decided that the interest rate on the main refinancing operations and the interest rates on the marginal lending facility and the deposit facility will remain unchanged at 0.00%, 0.25% and -0.40% respectively.",N,2017-12-14 00:00:00,mp_statement,train,2017/2017-12-14-ecb-mp.txt
The Governing Council stands ready to adjust all of its instruments within its mandate to ensure that inflation stabilises sustainably at its 2% target over the medium term and to preserve the smooth functioning of monetary policy transmission.,N,2024-12-12 00:00:00,mp_statement,train,2024/2024-12-12-ecb-mp.txt
The Governing Council stands ready to adjust all of its instruments within its mandate to ensure that inflation returns to its 2% target over the medium term and to preserve the smooth functioning of monetary policy transmission.,H,2024-04-11 00:00:00,mp_statement,train,2024/2024-04-11-ecb-mp.txt
"The interest rate on the deposit facility will be set at 1.00%, with effect from 21 January 2009.",N,2009-01-15 00:00:00,mp_statement,train,2009/2009-01-15-ecb-mp.txt
"below, 2% within its projection horizon, and such convergence has been consistently reflected in underlying inflation dynamics.",N,2019-09-12 00:00:00,mp_statement,train,2019/2019-09-12-ecb-mp.txt
"In particular, the spread between the interest rate on the main refinancing operations and the deposit facility rate will be set at 15 basis points.",N,2024-09-12 00:00:00,mp_statement,train,2024/2024-09-12-ecb-mp.txt
"The euro area economy has been building up some resilience against global shocks, but the outlook for growth has deteriorated owing to rising trade tensions.",H,2025-04-17 00:00:00,mp_statement,train,2025/2025-04-17-ecb-mp.txt
Domestic inflation remains high as wages are still rising at an elevated pace.,H,2024-09-12 00:00:00,mp_statement,train,2024/2024-09-12-ecb-mp.txt
"Redemptions coming due in the PEPP portfolio are being reinvested flexibly, with a view to countering risks to the monetary policy transmission mechanism related to the pandemic.",D,2022-09-08 00:00:00,mp_statement,train,2022/2022-09-08-ecb-mp.txt
The strong rise in oil prices and the downward movement of the exchange rate of the euro in the past are putting upward pressure on import costs and producer prices.,H,2000-03-16 00:00:00,mp_statement,train,2000/2000-03-16-ecb-mp.txt
"At today's meeting the Governing Council of the ECB decided that the interest rate on the main refinancing operations and the interest rates on the marginal lending facility and the deposit facility will remain unchanged at 1.00%, 1.75% and 0.25% respectively.",N,2010-07-08 00:00:00,mp_statement,train,2010/2010-07-08-ecb-mp.txt
"At today's meeting the Governing Council of the ECB decided that the interest rate on the main refinancing operations and the interest rates on the marginal lending facility and the deposit facility will remain unchanged at 0.05%, 0.30% and -0.20% respectively.",N,2015-06-03 00:00:00,mp_statement,train,2015/2015-06-03-ecb-mp.txt
"Regarding non-standard monetary policy measures, the Governing Council will continue to make net purchases under the asset purchase programme (APP) at the current monthly pace of €30 billion until the end of September 2018.",D,2018-07-26 00:00:00,mp_statement,train,2018/2018-07-26-ecb-mp.txt
Inflation continues to decline,D,2023-07-27 00:00:00,mp_statement,train,2023/2023-07-27-ecb-mp.txt
The Governing Council is determined to ensure that inflation returns to its 2% medium-term target in a timely manner.,N,2023-09-14 00:00:00,mp_statement,train,2023/2023-09-14-ecb-mp.txt
"The Governing Council also underlined the need for a highly accommodative stance of monetary policy for a prolonged period of time, as inflation rates, both realised and projected, have been persistently below levels that are in line with its aim.",D,2019-07-25 00:00:00,mp_statement,train,2019/2019-07-25-ecb-mp.txt
The Governing Council today also discussed principles for normalising the Eurosystem's monetary policy securities holdings.,H,2022-12-15 00:00:00,mp_statement,train,2022/2022-12-15-ecb-mp.txt
"These factors will continue to weigh on confidence and dampen growth, especially in the near term.",H,2022-06-09 00:00:00,mp_statement,train,2022/2022-06-09-ecb-mp.txt
At today's meeting the Governing Council of the ECB took the following monetary policy decisions:,N,2000-12-14 00:00:00,mp_statement,train,2000/2000-12-14-ecb-mp.txt
We will also continue to monitor developments in the exchange rate with regard to their possible implications for the medium-term inflation outlook.,N,2020-12-10 00:00:00,mp_statement,train,2020/2020-12-10-ecb-mp.txt
"Moreover, the Transmission Protection Instrument is available to counter unwarranted, disorderly market dynamics that pose a serious threat to the transmission of monetary policy across all euro area countries, thus allowing the Governing Council to more effectively deliver on its price stability mandate.",D,2025-03-06 00:00:00,mp_statement,train,2025/2025-03-06-ecb-mp.txt
Further monetary policy measures will be communicated by the President of the ECB at a press conference starting at 14:30 CET today.,N,2015-12-03 00:00:00,mp_statement,train,2015/2015-12-03-ecb-mp.txt
The Governing Council stands ready to adjust all of its instruments within its mandate to ensure that inflation returns to its 2% target over the medium term and to preserve the smooth functioning of monetary policy transmission.,H,2023-09-14 00:00:00,mp_statement,train,2023/2023-09-14-ecb-mp.txt
"In particular, the Governing Council's interest rate decisions will be based on its assessment of the inflation outlook in light of the incoming economic and financial data, the dynamics of underlying inflation, and the strength of monetary policy transmission.",N,2023-09-14 00:00:00,mp_statement,train,2023/2023-09-14-ecb-mp.txt
"At today's meeting, which was held in Paris, the Governing Council of the ECB decided that the interest rate on the main refinancing operations and the interest rates on the marginal lending facility and the deposit facility will remain unchanged at 0.50%, 1.00% and 0.00% respectively.",N,2013-10-02 00:00:00,mp_statement,train,2013/2013-10-02-ecb-mp.txt
"At today's meeting the Governing Council of the ECB decided that the interest rate on the main refinancing operations and the interest rates on the marginal lending facility and the deposit facility will remain unchanged at 0.15%, 0.40% and -0.10% respectively.",N,2014-07-03 00:00:00,mp_statement,train,2014/2014-07-03-ecb-mp.txt
"If the incoming data support the expectation that the medium-term inflation outlook will not weaken even after the end of its net asset purchases, the Governing Council will conclude net purchases under the APP in the third quarter.",H,2022-03-10 00:00:00,mp_statement,train,2022/2022-03-10-ecb-mp.txt
"The Governing Council decided to raise interest rates today, and expects to raise them significantly further, because inflation remains far too high and is projected to stay above the target for too long.",H,2022-12-15 00:00:00,mp_statement,train,2022/2022-12-15-ecb-mp.txt
The implications of the war for medium-term inflation and economic activity will depend on the intensity and duration of the energy price shock and the scale of its indirect and second-round effects.,H,2026-04-30 00:00:00,mp_statement,train,2026/2026-04-30-ecb-mp.txt
Inflation remains far too high and will stay above the target for an extended period.,H,2022-10-27 00:00:00,mp_statement,train,2022/2022-10-27-ecb-mp.txt
"For inflation excluding energy and food, staff project an average of 2.3% in 2026, 2.2% in 2027 and 2.1% in 2028.",D,2026-03-19 00:00:00,mp_statement,train,2026/2026-03-19-ecb-mp.txt
"At today's meeting the Governing Council of the ECB decided that the interest rate on the main refinancing operations and the interest rates on the marginal lending facility and the deposit facility will remain unchanged at 0.05%, 0.30% and -0.20% respectively.",N,2015-07-16 00:00:00,mp_statement,train,2015/2015-07-16-ecb-mp.txt
"for an extended period of time past the date when it started raising the key ECB interest rates and, in any case, for as long as necessary to maintain ample liquidity conditions and an appropriate monetary policy stance.",D,2022-09-08 00:00:00,mp_statement,train,2022/2022-09-08-ecb-mp.txt
"In addition, the flexibility of purchases over time, across asset classes and among jurisdictions will continue to support the smooth transmission of monetary policy.",D,2021-06-10 00:00:00,mp_statement,train,2021/2021-06-10-ecb-mp.txt
"The interest rate on the marginal lending facility will be reduced by 0.25 percentage point to 5.25%, with effect from 31 August 2001.",D,2001-08-30 00:00:00,mp_statement,train,2001/2001-08-30-ecb-mp.txt
"The interest rate on the marginal lending facility will be increased by 0.25 percentage point to 3.25%, with effect from 6 December 2005.",H,2005-12-01 00:00:00,mp_statement,train,2005/2005-12-01-ecb-mp.txt
"Following the regular examination of the outlook for price developments in the euro area on the basis of the latest information on monetary, financial and other economic developments, the Governing Council of the ECB took the following monetary policy decisions at today's meeting:",N,2000-04-27 00:00:00,mp_statement,train,2000/2000-04-27-ecb-mp.txt
The baseline projections for growth in 2023 have been revised up to an average of 1.0% as a result of both the decline in energy prices and the economy's greater resilience to the challenging international environment.,D,2023-03-16 00:00:00,mp_statement,train,2023/2023-03-16-ecb-mp.txt
"(3) The interest rate on the deposit facility will be decreased by 10 basis points to -0.40%, with effect from 16 March 2016.",D,2016-03-10 00:00:00,mp_statement,train,2016/2016-03-10-ecb-mp.txt
"The interest rate on the deposit facility will be decreased by 25 basis points to 0.00%, with effect from 11 July 2012.",D,2012-07-05 00:00:00,mp_statement,train,2012/2012-07-05-ecb-mp.txt
Keeping interest rates at restrictive levels will over time reduce inflation by dampening demand and will also guard against the risk of a persistent upward shift in inflation expectations.,H,2023-02-02 00:00:00,mp_statement,train,2023/2023-02-02-ecb-mp.txt
"As banks are repaying the amounts borrowed under the targeted longer-term refinancing operations, the Governing Council will regularly assess how targeted lending operations are contributing to its monetary policy stance.",H,2022-12-15 00:00:00,mp_statement,train,2022/2022-12-15-ecb-mp.txt
"below, 2% within its projection horizon, and such convergence has been consistently reflected in underlying inflation dynamics.",N,2020-10-29 00:00:00,mp_statement,train,2020/2020-10-29-ecb-mp.txt
"Against the background of the sound fundamentals of the euro area, the Governing Council remains confident that the slowdown in economic growth will be short-lived.",D,2001-09-17 00:00:00,mp_statement,train,2001/2001-09-17-ecb-mp.txt
"The interest rate on the marginal lending facility will be reduced by 0.50 percentage point to 3.75%, with effect from 6 December 2002.",D,2002-12-05 00:00:00,mp_statement,train,2002/2002-12-05-ecb-mp.txt
The Governing Council stands ready to adjust all of its instruments within its mandate to ensure that inflation returns to its 2% target over the medium term.,H,2022-12-15 00:00:00,mp_statement,train,2022/2022-12-15-ecb-mp.txt
The reference value for the annual growth rate of the broad monetary aggregate M3 will remain at 41⁄2%.,N,2001-12-06 00:00:00,mp_statement,train,2001/2001-12-06-ecb-mp.txt
"Moreover, the Transmission Protection Instrument is available to counter unwarranted, disorderly market dynamics that pose a serious threat to the transmission of monetary policy across all euro area countries, thus allowing the Governing Council to more effectively deliver on its price stability mandate.",D,2026-04-30 00:00:00,mp_statement,train,2026/2026-04-30-ecb-mp.txt
"Based on a joint assessment of financing conditions and the inflation outlook, the Governing Council judges that favourable financing conditions can be maintained with a moderately lower pace of net asset purchases under the PEPP than in the previous two quarters.",D,2021-09-09 00:00:00,mp_statement,train,2021/2021-09-09-ecb-mp.txt
"The Governing Council continues to stand ready to adjust all of its instruments, as appropriate, to ensure that inflation moves towards its aim in a sustained manner, in line with its commitment to symmetry.",N,,mp_statement,train,2020/2020-06-04-ecb-mp.txt
The Governing Council will also regularly assess how targeted lending operations are contributing to its monetary policy stance.,N,2022-07-21 00:00:00,mp_statement,train,2022/2022-07-21-ecb-mp.txt
The Governing Council is determined to ensure that inflation stabilises at its 2% target in the medium term.,N,2025-10-30 00:00:00,mp_statement,train,2025/2025-10-30-ecb-mp.txt
The Governing Council will also assess the appropriate calibration of its two-tier system for reserve remuneration so that the negative interest rate policy does not limit banks' intermediation capacity in an environment of ample excess liquidity.,D,2021-12-16 00:00:00,mp_statement,train,2021/2021-12-16-ecb-mp.txt
"Moreover, the Transmission Protection Instrument is available to counter unwarranted, disorderly market dynamics that pose a serious threat to the transmission of monetary policy across all euro area countries, thus allowing the Governing Council to more effectively deliver on its price stability mandate.",D,2025-09-11 00:00:00,mp_statement,train,2025/2025-09-11-ecb-mp.txt
they will be fixed rate tenders conducted at an interest rate of 3.0%.,N,1999-03-18 00:00:00,mp_statement,train,1999/1999-03-18-ecb-mp.txt
"At today's meeting the Governing Council of the ECB decided that the interest rate on the main refinancing operations and the interest rates on the marginal lending facility and the deposit facility will remain unchanged at 0.00%, 0.25% and -0.40% respectively.",N,2018-04-26 00:00:00,mp_statement,train,2018/2018-04-26-ecb-mp.txt
"Accordingly, the Governing Council expects the key ECB interest rates to remain at their present levels until it sees inflation reaching 2% well ahead of the end of its projection horizon and durably for the rest of the projection horizon, and it judges that realised progress in underlying inflation is sufficiently advanced to be consistent with inflation stabilising at 2% over the medium term.",D,2022-03-10 00:00:00,mp_statement,train,2022/2022-03-10-ecb-mp.txt
"The interest rate on the deposit facility will be increased by 25 basis points to 2.0%, with effect from 9 August 2006.",H,2006-08-03 00:00:00,mp_statement,train,2006/2006-08-03-ecb-mp.txt
"The interest rate on the marginal lending facility will be increased by 25 basis points to 3.50%, with effect from 8 March 2006.",H,2006-03-02 00:00:00,mp_statement,train,2006/2006-03-02-ecb-mp.txt
"In the meantime, the Governing Council of the ECB took the following monetary policy decisions:",N,2020-10-29 00:00:00,mp_statement,train,2020/2020-10-29-ecb-mp.txt
"The Governing Council stands ready to adjust all of its instruments, as appropriate, to ensure that inflation stabilises at its two per cent target over the medium term.",N,2021-09-09 00:00:00,mp_statement,train,2021/2021-09-09-ecb-mp.txt
"First, as regards non-standard monetary policy measures, the Governing Council will continue to make net purchases under the asset purchase programme (APP) at the current monthly pace of €30 billion until the end of September 2018.",D,2018-06-14 00:00:00,mp_statement,train,2018/2018-06-14-ecb-mp.txt
The Governing Council will purchase flexibly according to market conditions and with a view to preventing a tightening of financing conditions that is inconsistent with countering the downward impact of the pandemic on the projected path of inflation.,H,2021-07-22 00:00:00,mp_statement,train,2021/2021-07-22-ecb-mp.txt
The Governing Council is determined to ensure that inflation stabilises at its 2% target in the medium term.,N,2025-09-11 00:00:00,mp_statement,train,2025/2025-09-11-ecb-mp.txt
"At today's meeting the Governing Council of the ECB decided that the interest rate on the main refinancing operations and the interest rates on the marginal lending facility and the deposit facility will remain unchanged at 0.00%, 0.25% and -0.40% respectively.",N,2017-04-27 00:00:00,mp_statement,train,2017/2017-04-27-ecb-mp.txt
"Regarding non-standard monetary policy measures, the Governing Council confirms that the monthly asset purchases of €80 billion are intended to run until the end of March 2017, or beyond, if necessary, and in any case until it sees a sustained adjustment in the path of inflation consistent with its inflation aim.",D,2016-07-21 00:00:00,mp_statement,train,2016/2016-07-21-ecb-mp.txt
The path for the key ECB interest rates will continue to be determined by the Governing Council's forward guidance and by its strategic commitment to stabilise inflation at 2% over the medium term.,D,2022-04-14 00:00:00,mp_statement,train,2022/2022-04-14-ecb-mp.txt
The Governing Council will take whatever action is needed to fulfil the ECB's mandate to pursue price stability and to safeguard financial stability.,N,2022-03-10 00:00:00,mp_statement,train,2022/2022-03-10-ecb-mp.txt
"Especially in current conditions of rising uncertainty, it will follow a data-dependent and meeting-by-meeting approach to determining the appropriate monetary policy stance.",N,2025-03-06 00:00:00,mp_statement,train,2025/2025-03-06-ecb-mp.txt
"Based on its current assessment, the Governing Council considers that the key ECB interest rates have reached levels that, maintained for a sufficiently long duration, will make a substantial contribution to the timely return of inflation to the target.",H,2023-09-14 00:00:00,mp_statement,train,2023/2023-09-14-ecb-mp.txt
"In the baseline, headline inflation is seen to average 2.6% in 2026, 2.0% in 2027 and 2.1% in 2028.",N,2026-03-19 00:00:00,mp_statement,train,2026/2026-03-19-ecb-mp.txt
This major step frontloads the transition from the prevailing highly accommodative level of policy rates towards levels that will ensure the timely return of inflation to the ECB's 2% medium-term target.,H,2022-09-08 00:00:00,mp_statement,train,2022/2022-09-08-ecb-mp.txt
"The interest rate on the marginal lending facility will be increased by 25 basis points to 5.25%, with effect from 9 July 2008.",H,2008-07-03 00:00:00,mp_statement,train,2008/2008-07-03-ecb-mp.txt
"In addition, the flexibility of purchases over time, across asset classes and among jurisdictions will continue to support the smooth transmission of monetary policy.",D,2021-09-09 00:00:00,mp_statement,train,2021/2021-09-09-ecb-mp.txt
"At today's meeting the Governing Council of the ECB decided that the interest rate on the main refinancing operations and the interest rates on the marginal lending facility and the deposit facility will remain unchanged at 0.05%, 0.30% and -0.20% respectively.",N,2015-09-03 00:00:00,mp_statement,train,2015/2015-09-03-ecb-mp.txt
"The Governing Council expects the key ECB interest rates to remain at their present or lower levels until it has seen the inflation outlook robustly converge to a level sufficiently close to,",D,2021-06-10 00:00:00,mp_statement,train,2021/2021-06-10-ecb-mp.txt
"Regarding non-standard monetary policy measures, the Governing Council confirms that the net asset purchases, at the current monthly pace of €60 billion, are intended to run until the end of December 2017, or beyond, if necessary, and in any case until the Governing Council sees a sustained adjustment in the path of inflation consistent with its inflation aim.",D,2017-06-08 00:00:00,mp_statement,train,2017/2017-06-08-ecb-mp.txt
"Inflation has continued to develop broadly as staff expected, and the latest projections closely align with the previous inflation outlook.",N,2025-03-06 00:00:00,mp_statement,train,2025/2025-03-06-ecb-mp.txt
"The interest rate on the marginal lending facility will be reduced by 1 percentage point to 3.5%, effective 9 April 1999.",D,1999-04-08 00:00:00,mp_statement,train,1999/1999-04-08-ecb-mp.txt
"In any case, the future roll-off of the PEPP portfolio will be managed to avoid interference with the appropriate monetary policy stance.",N,2022-02-03 00:00:00,mp_statement,train,2022/2022-02-03-ecb-mp.txt
"At today's meeting the Governing Council of the ECB decided that the interest rate on the main refinancing operations and the interest rates on the marginal lending facility and the deposit facility will remain unchanged at 1.00%, 1.75% and 0.25% respectively.",N,2012-02-09 00:00:00,mp_statement,train,2012/2012-02-09-ecb-mp.txt
"Moreover, the Transmission Protection Instrument is available to counter unwarranted, disorderly market dynamics that pose a serious threat to the transmission of monetary policy across all euro area countries, thus allowing the Governing Council to more effectively deliver on its price stability mandate.",D,2023-03-16 00:00:00,mp_statement,train,2023/2023-03-16-ecb-mp.txt
At today's meeting the Governing Council of the ECB took the following monetary policy decisions:,N,2001-12-06 00:00:00,mp_statement,train,2001/2001-12-06-ecb-mp.txt
The Governing Council judges that the progress on economic recovery and towards its medium-term inflation target permits a step-by-step reduction in the pace of its asset purchases over the coming quarters.,H,2021-12-16 00:00:00,mp_statement,train,2021/2021-12-16-ecb-mp.txt
It will follow a data-dependent and meeting-by-meeting approach to determining the appropriate monetary policy stance.,N,2025-01-30 00:00:00,mp_statement,train,2025/2025-01-30-ecb-mp.txt
is projected to remain too high for too long.,H,2023-06-15 00:00:00,mp_statement,train,2023/2023-06-15-ecb-mp.txt
"The interest rate on the marginal lending facility will be decreased by 10 basis points to 0.30%, with effect from 10 September 2014.",D,2014-09-04 00:00:00,mp_statement,train,2014/2014-09-04-ecb-mp.txt
The incoming information on inflation shows that the disinflationary process is well on track.,D,2024-10-17 00:00:00,mp_statement,train,2024/2024-10-17-ecb-mp.txt
"At today's meeting the Governing Council of the ECB decided that the interest rate on the main refinancing operations and the interest rates on the marginal lending facility and the deposit facility will remain unchanged at 0.75%, 1.50% and 0.00% respectively.",N,2013-03-07 00:00:00,mp_statement,train,2013/2013-03-07-ecb-mp.txt
The Governing Council stands ready to adjust all of its instruments within its mandate to ensure that inflation returns to its 2% target over the medium term and to preserve the smooth functioning of monetary policy transmission.,H,2024-03-07 00:00:00,mp_statement,train,2024/2024-03-07-ecb-mp.txt
"In view of the current uncertainty, the Governing Council needs to maintain flexibility and optionality in the conduct of monetary policy.",N,2021-12-16 00:00:00,mp_statement,train,2021/2021-12-16-ecb-mp.txt
"But inflation pressures have broadened and intensified, with prices for many goods and services increasing strongly.",H,2022-06-09 00:00:00,mp_statement,train,2022/2022-06-09-ecb-mp.txt
"At today's meeting the Governing Council of the ECB decided that the interest rate on the main refinancing operations and the interest rates on the marginal lending facility and the deposit facility will remain unchanged at 0.25%, 0.75% and 0.00% respectively.",N,2014-02-06 00:00:00,mp_statement,train,2014/2014-02-06-ecb-mp.txt
"Domestic price pressures have continued to ease, with wages growing more slowly.",D,2025-07-24 00:00:00,mp_statement,train,2025/2025-07-24-ecb-mp.txt
The Governing Council stands ready to adjust all of its instruments within its mandate to ensure that inflation stabilises at its 2% target over the medium term.,D,2022-07-21 00:00:00,mp_statement,train,2022/2022-07-21-ecb-mp.txt
"The new staff projections foresee annual inflation at 6.8% in 2022, before it is projected to decline to 3.5% in 2023 and 2.1% in 2024 - higher than in the March projections.",H,2022-06-09 00:00:00,mp_statement,train,2022/2022-06-09-ecb-mp.txt
Services inflation has also eased markedly over recent months.,H,2025-04-17 00:00:00,mp_statement,train,2025/2025-04-17-ecb-mp.txt
"The interest rate on the deposit facility will be increased by 25 basis points to 0.50%, with effect from 13 April 2011.",H,2011-04-07 00:00:00,mp_statement,train,2011/2011-04-07-ecb-mp.txt
"Moreover, the Transmission Protection Instrument is available to counter unwarranted, disorderly market dynamics that pose a serious threat to the transmission of monetary policy across all euro area countries, thus allowing the Governing Council to more effectively deliver on its price stability mandate.",D,2026-06-11 00:00:00,mp_statement,train,2026/2026-06-11-ecb-mp.txt
"The economy faces continued challenges and staff have again marked down their growth projections - to 0.9% for 2025, 1.2% for 2026 and 1.3% for 2027.",H,2025-03-06 00:00:00,mp_statement,train,2025/2025-03-06-ecb-mp.txt
"The interest rate on the main refinancing operations and the interest rates on the marginal lending facility and the deposit facility will remain unchanged at 0.00%, 0.25% and -0.50% respectively.",N,2021-09-09 00:00:00,mp_statement,train,2021/2021-09-09-ecb-mp.txt
"In any case, the future roll-off of the PEPP portfolio will be managed to avoid interference with the appropriate monetary policy stance.",N,2022-06-09 00:00:00,mp_statement,train,2022/2022-06-09-ecb-mp.txt
"Moreover, the Transmission Protection Instrument is available to counter unwarranted, disorderly market dynamics that pose a serious threat to the transmission of monetary policy across all euro area countries, thus allowing the Governing Council to more effectively deliver on its price stability mandate.",D,2026-03-19 00:00:00,mp_statement,train,2026/2026-03-19-ecb-mp.txt
The Governing Council stands ready to adjust all of its instruments within its mandate to ensure that inflation returns to its 2% target over the medium term and to preserve the smooth functioning of monetary policy transmission.,H,2024-09-12 00:00:00,mp_statement,train,2024/2024-09-12-ecb-mp.txt
"In particular, the decision to lower the deposit facility rate - the rate through which the Governing Council steers the monetary policy stance - is based on its updated assessment of the inflation outlook, the dynamics of underlying inflation and the strength of monetary policy transmission.",D,2025-01-30 00:00:00,mp_statement,train,2025/2025-01-30-ecb-mp.txt
At today's meeting the Governing Council of the ECB took the following monetary policy decisions:,N,1999-04-08 00:00:00,mp_statement,train,1999/1999-04-08-ecb-mp.txt
"At today's meeting the Governing Council of the ECB decided that the interest rate on the main refinancing operations and the interest rates on the marginal lending facility and the deposit facility will remain unchanged at 1.00%, 1.75% and 0.25% respectively.",N,2009-09-03 00:00:00,mp_statement,train,2009/2009-09-03-ecb-mp.txt
At today's meeting the Governing Council of the ECB took the following monetary policy decisions:,N,2019-09-12 00:00:00,mp_statement,train,2019/2019-09-12-ecb-mp.txt
"The Transmission Protection Instrument is available to counter unwarranted, disorderly market dynamics that pose a serious threat to the transmission of monetary policy across all euro area countries, thus allowing the Governing Council to more effectively deliver on its price stability mandate.",D,2022-09-08 00:00:00,mp_statement,train,2022/2022-09-08-ecb-mp.txt
"The interest rate on the main refinancing operations of the Eurosystem will be decreased by 25 basis points to 0.25%, starting from the operation to be settled on 13 November 2013.",D,2013-11-07 00:00:00,mp_statement,train,2013/2013-11-07-ecb-mp.txt
"Regarding non-standard monetary policy measures, the Governing Council will continue to make net purchases under the asset purchase programme (APP) at the new monthly pace of €15 billion until the end of December 2018.",D,2018-10-25 00:00:00,mp_statement,train,2018/2018-10-25-ecb-mp.txt
This decision is based on the Governing Council's updated assessment of inflation risks and the reinforced support provided by the TPI for the effective transmission of monetary policy.,N,2022-07-21 00:00:00,mp_statement,train,2022/2022-07-21-ecb-mp.txt
The Governing Council will continue to monitor bank funding conditions and ensure that the maturing of operations under the third series of targeted longer-term refinancing operations (TLTRO III) does not hamper the smooth transmission of its monetary policy.,N,2022-02-03 00:00:00,mp_statement,train,2022/2022-02-03-ecb-mp.txt
The inflation outlook is also affected by recent downside surprises in indicators of economic activity.,H,2024-10-17 00:00:00,mp_statement,train,2024/2024-10-17-ecb-mp.txt
"The Governing Council expects the key ECB interest rates to remain at their present or lower levels until it has seen the inflation outlook robustly converge to a level sufficiently close to,",D,2021-01-21 00:00:00,mp_statement,train,2021/2021-01-21-ecb-mp.txt
"They now see average inflation reaching 8.4% in 2022 before decreasing to 6.3% in 2023, with inflation expected to decline markedly",H,2022-12-15 00:00:00,mp_statement,train,2022/2022-12-15-ecb-mp.txt
"The pandemic has shown that, under stressed conditions, flexibility in the design and conduct of asset purchases has helped to counter the impaired transmission of monetary policy and made the Governing Council's efforts to achieve its goal more effective.",D,2022-03-10 00:00:00,mp_statement,train,2022/2022-03-10-ecb-mp.txt
"Inflation excluding energy and food is projected to average 3.3% in 2022, 2.8% in 2023 and 2.3% in 2024 - also above the March projections.",H,2022-06-09 00:00:00,mp_statement,train,2022/2022-06-09-ecb-mp.txt
"At the same time, labour cost pressures are set to continue easing gradually, with profits partially buffering their impact on inflation.",D,2024-10-17 00:00:00,mp_statement,train,2024/2024-10-17-ecb-mp.txt
The Governing Council stands ready to adjust all of its instruments within its mandate to ensure that inflation stabilises at its 2% target in the medium term and to preserve the smooth functioning of monetary policy transmission.,D,2026-06-11 00:00:00,mp_statement,train,2026/2026-06-11-ecb-mp.txt
Inflation is then projected to average 3.4% in 2024 and 2.3% in 2025.,H,2022-12-15 00:00:00,mp_statement,train,2022/2022-12-15-ecb-mp.txt
"In the latest ECB staff projections, inflation has been revised down, in particular for 2024 which mainly reflects a lower contribution from energy prices.",D,2024-03-07 00:00:00,mp_statement,train,2024/2024-03-07-ecb-mp.txt
most indicators have started to ease.,D,2023-09-14 00:00:00,mp_statement,train,2023/2023-09-14-ecb-mp.txt
"Economic growth is expected to pick up to 0.9% in 2024, 1.4% in 2025 and 1.6% in 2026.",D,2024-06-06 00:00:00,mp_statement,train,2024/2024-06-06-ecb-mp.txt
It will follow a data-dependent and meeting-by-meeting approach to determining the appropriate monetary policy stance.,N,2025-07-24 00:00:00,mp_statement,train,2025/2025-07-24-ecb-mp.txt
"At the same time, despite the progress over recent quarters, domestic price pressures remain strong as wage growth is elevated, and inflation is likely to stay above target well into next year.",H,2024-06-06 00:00:00,mp_statement,train,2024/2024-06-06-ecb-mp.txt
"At today's meeting, which was held in Lisbon, the Governing Council of the ECB decided that the interest rate on the main refinancing operations and the interest rates on the marginal lending facility and the deposit facility will remain unchanged at 1.00%, 1.75% and 0.25% respectively.",N,2010-05-06 00:00:00,mp_statement,train,2010/2010-05-06-ecb-mp.txt
"At today's meeting the Governing Council of the ECB decided that the interest rate on the main refinancing operations and the interest rates on the marginal lending facility and the deposit facility will remain unchanged at 0.25%, 0.75% and 0.00% respectively.",N,2014-03-06 00:00:00,mp_statement,train,2014/2014-03-06-ecb-mp.txt
"Accordingly, the interest rate on the main refinancing operations and the interest rates on the marginal lending facility and the deposit facility will be increased to 1.25%, 1.50% and 0.75% respectively, with effect from 14 September 2022.",H,2022-09-08 00:00:00,mp_statement,train,2022/2022-09-08-ecb-mp.txt
"remains high, mostly because wages and prices in certain sectors are still adjusting to the past inflation surge with a substantial delay.",H,2024-12-12 00:00:00,mp_statement,train,2024/2024-12-12-ecb-mp.txt
"At today's meeting the Governing Council of the ECB decided that the interest rate on the main refinancing operations and the interest rates on the marginal lending facility and the deposit facility will remain unchanged at 0.75%, 1.50% and 0.00% respectively.",N,2013-04-04 00:00:00,mp_statement,train,2013/2013-04-04-ecb-mp.txt
"Financing conditions remain restrictive, and economic activity is still subdued, reflecting weak private consumption and investment.",H,2024-09-12 00:00:00,mp_statement,train,2024/2024-09-12-ecb-mp.txt
"The interest rate on the marginal lending facility will be reduced by 0.50 percentage point to 4.25%, with effect from 9 November 2001.",D,2001-11-08 00:00:00,mp_statement,train,2001/2001-11-08-ecb-mp.txt
At today's meeting the Governing Council of the ECB took the following monetary policy decisions:,N,2009-05-07 00:00:00,mp_statement,train,2009/2009-05-07-ecb-mp.txt
This will contribute both to favourable liquidity conditions and to an appropriate monetary policy stance.,D,2017-12-14 00:00:00,mp_statement,train,2017/2017-12-14-ecb-mp.txt
"Underlying inflation has also eased, reinforcing the signs that price pressures have weakened, and inflation expectations have declined at all horizons.",D,2024-06-06 00:00:00,mp_statement,train,2024/2024-06-06-ecb-mp.txt
"At the same time, low unemployment, solid private sector balance sheets, and public spending on defence and infrastructure should continue to underpin growth.",D,2026-03-19 00:00:00,mp_statement,train,2026/2026-03-19-ecb-mp.txt
But they continue to be tight because monetary policy remains restrictive and past interest rate hikes are still transmitting to the outstanding stock of credit.,H,2024-12-12 00:00:00,mp_statement,train,2024/2024-12-12-ecb-mp.txt
"The pandemic has shown that, under stressed conditions, flexibility in the design and conduct of asset purchases has helped to counter the impaired transmission of monetary policy and made the Governing Council's efforts to achieve its goal more effective.",D,2022-02-03 00:00:00,mp_statement,train,2022/2022-02-03-ecb-mp.txt
The interest rate on the marginal lending facility will be raised by 0.50 percentage point to 5.25% with effect from 9 June 2000.,H,2000-06-08 00:00:00,mp_statement,train,2000/2000-06-08-ecb-mp.txt
"The Governing Council intends to continue reinvesting, in full, the principal payments from maturing securities purchased under the APP for an extended period of time past the date when it starts raising the key ECB interest rates and, in any case, for as long as necessary to maintain ample liquidity conditions and an appropriate monetary policy stance.",H,2022-06-09 00:00:00,mp_statement,train,2022/2022-06-09-ecb-mp.txt
"The interest rate on the deposit facility will be decreased by 75 basis points to 2.00%, with effect from 10 December 2008.",D,2008-12-04 00:00:00,mp_statement,train,2008/2008-12-04-ecb-mp.txt
"Accordingly, the interest rate on the main refinancing operations and the interest rates on the marginal lending facility and the deposit facility will be increased to 2.00%, 2.25% and 1.50% respectively, with effect from 2 November 2022.",H,2022-10-27 00:00:00,mp_statement,train,2022/2022-10-27-ecb-mp.txt
"Regarding non-standard monetary policy measures, the Governing Council confirms that the net asset purchases, at the current monthly pace of €30 billion, are intended to run until the end of September 2018, or beyond, if necessary, and in any case until the Governing Council sees a sustained adjustment in the path of inflation consistent with its inflation aim.",D,2018-04-26 00:00:00,mp_statement,train,2018/2018-04-26-ecb-mp.txt
The Governing Council will continue to monitor bank funding conditions and ensure that the maturing of operations under the third series of targeted longer-term refinancing operations (TLTRO III) does not hamper the smooth transmission of its monetary policy.,N,2022-07-21 00:00:00,mp_statement,train,2022/2022-07-21-ecb-mp.txt
"Overall, the incoming information broadly supports the assessment of the medium-term inflation outlook that the Governing Council formed at its previous meeting.",N,2023-05-04 00:00:00,mp_statement,train,2023/2023-05-04-ecb-mp.txt
High inflation is a major challenge for all of us.,H,2022-06-09 00:00:00,mp_statement,train,2022/2022-06-09-ecb-mp.txt
The incoming information in the period ahead will help the Governing Council assess how the war will affect the inflation outlook and the risks surrounding it.,N,2026-03-19 00:00:00,mp_statement,train,2026/2026-03-19-ecb-mp.txt
"The interest rate on the main refinancing operations and the interest rates on the marginal lending facility and the deposit facility will remain unchanged at 4.25%, 4.50% and 3.75% respectively.",N,2024-07-18 00:00:00,mp_statement,train,2024/2024-07-18-ecb-mp.txt
"Taking into account all the information available, the Governing Council confirmed its earlier assessment of the outlook for price stability.",N,1999-03-04 00:00:00,mp_statement,train,1999/1999-03-04-ecb-mp.txt
"The Governing Council now expects the key ECB interest rates to remain at their present or lower levels until it has seen the inflation outlook robustly converge to a level sufficiently close to,",D,2019-09-12 00:00:00,mp_statement,train,2019/2019-09-12-ecb-mp.txt
This allows the Governing Council to effectively stave off risks to the smooth transmission of monetary policy.,N,2020-10-29 00:00:00,mp_statement,train,2020/2020-10-29-ecb-mp.txt
"Third, the Governing Council decided that the interest rate on the main refinancing operations and the interest rates on the marginal lending facility and the deposit facility will remain unchanged at 0.00%, 0.25% and -0.40% respectively.",N,2018-06-14 00:00:00,mp_statement,train,2018/2018-06-14-ecb-mp.txt
The Governing Council will follow a data-dependent and meeting-by-meeting approach to determining the appropriate monetary policy stance.,N,2026-03-19 00:00:00,mp_statement,train,2026/2026-03-19-ecb-mp.txt
The Governing Council's monetary policy is aimed at reducing support for demand and guarding against the risk of a persistent upward shift in inflation expectations.,D,2022-10-27 00:00:00,mp_statement,train,2022/2022-10-27-ecb-mp.txt
The Governing Council will purchase flexibly according to market conditions and with a view to preventing a tightening of financing conditions that is inconsistent with countering the downward impact of the pandemic on the projected path of inflation.,H,2021-06-10 00:00:00,mp_statement,train,2021/2021-06-10-ecb-mp.txt
"supply bottlenecks are easing, they are still constraining economic activity.",D,2022-09-08 00:00:00,mp_statement,train,2022/2022-09-08-ecb-mp.txt
"In particular, the Governing Council's interest rate decisions will be based on its assessment of the inflation outlook and the risks surrounding it, in light of the incoming economic and financial data, as well as the dynamics of underlying inflation and the strength of monetary policy transmission.",N,2026-06-11 00:00:00,mp_statement,train,2026/2026-06-11-ecb-mp.txt
"In addition, the flexibility of purchases over time, across asset classes and among jurisdictions will continue to support the smooth transmission of monetary policy.",D,2021-10-28 00:00:00,mp_statement,train,2021/2021-10-28-ecb-mp.txt
"At today's meeting the Governing Council of the ECB decided that the interest rate on the main refinancing operations and the interest rates on the marginal lending facility and the deposit facility will remain unchanged at 1.00%, 1.75% and 0.25% respectively.",N,2011-02-03 00:00:00,mp_statement,train,2011/2011-02-03-ecb-mp.txt
It remains imperative to avoid broad-based second-round effects in price and wage-setting.,H,2008-10-08 00:00:00,mp_statement,train,2008/2008-10-08-ecb-mp.txt
The Governing Council is determined to ensure that inflation stabilises sustainably at its 2% medium-term target.,N,2025-03-06 00:00:00,mp_statement,train,2025/2025-03-06-ecb-mp.txt
"Accordingly, the Governing Council expects the key ECB interest rates to remain at their present levels until it sees inflation reaching 2% well ahead of the end of its projection horizon and durably for the rest of the projection horizon, and it judges that realised progress in underlying inflation is sufficiently advanced to be consistent with inflation stabilising at 2% over the medium term.",D,2022-04-14 00:00:00,mp_statement,train,2022/2022-04-14-ecb-mp.txt
"From 23 November 2022 until the maturity date or early repayment date of each respective outstanding TLTRO III operation, the interest rate on TLTRO III operations will be indexed to the average applicable key ECB interest rates over this period.",N,2022-10-27 00:00:00,mp_statement,train,2022/2022-10-27-ecb-mp.txt
"Inflation has been revised up compared with the December projections, especially for 2026.",H,2026-03-19 00:00:00,mp_statement,train,2026/2026-03-19-ecb-mp.txt
At today's meeting the Governing Council of the ECB took the following monetary policy decisions:,N,2003-06-05 00:00:00,mp_statement,train,2003/2003-06-05-ecb-mp.txt
"The Governing Council expects the key ECB interest rates to remain at their present or lower levels until it has seen the inflation outlook robustly converge to a level sufficiently close to,",D,,mp_statement,train,2019/2019-10-24-ecb-mp.txt
"The interest rate on the main refinancing operations of the Eurosystem will be increased by 25 basis points to 1.50%, starting from the operation to be settled on 13 July 2011.",H,2011-07-07 00:00:00,mp_statement,train,2011/2011-07-07-ecb-mp.txt
The interest rate in each operation will now be set at the level of the average rate applied in the Eurosystem's main refinancing operations over the life of the respective TLTRO.,N,2019-09-12 00:00:00,mp_statement,train,2019/2019-09-12-ecb-mp.txt
"If, in the meantime, the outlook becomes less favourable or if financial conditions become inconsistent with further progress towards a sustained adjustment of the path of inflation, the Governing Council intends to increase the programme in terms of size and/or duration.",H,2016-12-08 00:00:00,mp_statement,train,2016/2016-12-08-ecb-mp.txt
The incoming information has broadly confirmed its previous assessment of the medium-term inflation outlook.,N,2024-01-25 00:00:00,mp_statement,train,2024/2024-01-25-ecb-mp.txt
The Governing Council stands ready to adjust all of its instruments within its mandate to ensure that inflation stabilises at its 2% target in the medium term and to preserve the smooth functioning of monetary policy transmission.,D,2026-02-05 00:00:00,mp_statement,train,2026/2026-02-05-ecb-mp.txt
"The interest rate on the deposit facility will be reduced by 0.25 percentage point to 3.50%, with effect from 11 May 2001.",D,2001-05-10 00:00:00,mp_statement,train,2001/2001-05-10-ecb-mp.txt
"Regarding non-standard monetary policy measures, the Governing Council confirms that the net asset purchases, at the current monthly pace of €60 billion, are intended to run until the end of December 2017, or beyond, if necessary, and in any case until the Governing Council sees a sustained adjustment in the path of inflation consistent with its inflation aim.",D,2017-09-07 00:00:00,mp_statement,train,2017/2017-09-07-ecb-mp.txt
"The interest rate on the main refinancing operations of the Eurosystem will be decreased by 75 basis points to 2.50%, starting from the operation to be settled on 10 December 2008.",D,2008-12-04 00:00:00,mp_statement,train,2008/2008-12-04-ecb-mp.txt
"Regarding non-standard monetary policy measures, the Governing Council confirms that from January 2018 it intends to continue to make net asset purchases under the asset purchase programme (APP), at a monthly pace of €30 billion, until the end of September 2018, or beyond, if necessary, and in any case until the Governing Council sees a sustained adjustment in the path of inflation consistent with its inflation aim.",D,2017-12-14 00:00:00,mp_statement,train,2017/2017-12-14-ecb-mp.txt
The Governing Council will also assess the appropriate calibration of its two-tier system for reserve remuneration so that the negative interest rate policy does not limit banks' intermediation capacity in an environment of ample excess liquidity.,D,2022-04-14 00:00:00,mp_statement,train,2022/2022-04-14-ecb-mp.txt
"After September 2018, the Governing Council will reduce the monthly pace of the net asset purchases to €15 billion until the end of December 2018 and anticipates that, subject to incoming data confirming the medium-term inflation outlook, net purchases will then end.",H,2018-09-13 00:00:00,mp_statement,train,2018/2018-09-13-ecb-mp.txt
At today's meeting the Governing Council of the ECB took the following monetary policy decisions:,N,2009-04-02 00:00:00,mp_statement,train,2009/2009-04-02-ecb-mp.txt
"This could include purchasing bonds issued by the Hellenic Republic over and above rollovers of redemptions in order to avoid an interruption of purchases in that jurisdiction, which could impair the transmission of monetary policy to the Greek economy while it is still recovering from the fallout from the pandemic.",D,2022-04-14 00:00:00,mp_statement,train,2022/2022-04-14-ecb-mp.txt
"Accordingly, the interest rate on the main refinancing operations and the interest rates on the marginal lending facility and the deposit facility will be increased to 3.00%, 3.25% and 2.50% respectively, with effect from 8 February 2023.",H,2023-02-02 00:00:00,mp_statement,train,2023/2023-02-02-ecb-mp.txt
"Moreover, for counterparties whose eligible net lending reaches the lending performance threshold, the interest rate over the period from June 2020 to June 2021 will now be 50 basis points below the average deposit facility rate prevailing over the same period.",D,,mp_statement,train,2020/2020-04-30-ecb-mp.txt
"The interest rate on the main refinancing operations of the Eurosystem will be decreased by 50 basis points to 2.00%, starting from the operation to be settled on 21 January 2009.",D,2009-01-15 00:00:00,mp_statement,train,2009/2009-01-15-ecb-mp.txt
"This outlook is broadly reflected in the Eurosystem staff projections, which foresee annual real GDP growth at 2.8% in 2022, 2.1% in 2023 and 2.1% in 2024.",H,2022-06-09 00:00:00,mp_statement,train,2022/2022-06-09-ecb-mp.txt
"At the same time, inflation dropped markedly in September, including due to strong base effects, and most measures of underlying inflation have continued to ease.",D,2023-10-26 00:00:00,mp_statement,train,2023/2023-10-26-ecb-mp.txt
"At today's meeting the Governing Council of the ECB decided that the interest rate on the main refinancing operations and the interest rates on the marginal lending facility and the deposit facility will remain unchanged at 1.00%, 1.75% and 0.25% respectively.",N,2010-06-10 00:00:00,mp_statement,train,2010/2010-06-10-ecb-mp.txt
"Considering the second pillar, most indicators and forecasts point to increasing upward pressures on consumer price inflation over the medium term.",H,2000-03-16 00:00:00,mp_statement,train,2000/2000-03-16-ecb-mp.txt
"The Governing Council will regularly reassess the pace of the APP portfolio reduction to ensure it remains consistent with the overall monetary policy strategy and stance, to preserve market functioning, and to maintain firm control over short-term money market conditions.",D,2022-12-15 00:00:00,mp_statement,train,2022/2022-12-15-ecb-mp.txt
"The interest rate on the marginal lending facility will be decreased by 25 basis points to 1.75%, with effect from 14 December 2011.",D,2011-12-08 00:00:00,mp_statement,train,2011/2011-12-08-ecb-mp.txt
"Therefore, the Governing Council today decided to increase the three key ECB interest rates by 50 basis points, in line with its determination to ensure the timely return of inflation to the 2% medium-term target.",H,2023-03-16 00:00:00,mp_statement,train,2023/2023-03-16-ecb-mp.txt
The Governing Council is determined to ensure that inflation returns to its 2% medium-term target in a timely manner.,N,2023-07-27 00:00:00,mp_statement,train,2023/2023-07-27-ecb-mp.txt
"Having confirmed its June assessment of financing conditions and the inflation outlook, the Governing Council continues to expect purchases under the pandemic emergency purchase programme (PEPP) over the current quarter to be conducted at a significantly higher pace than during the first months of the year.",D,2021-07-22 00:00:00,mp_statement,train,2021/2021-07-22-ecb-mp.txt
"During the acute phase of the pandemic, this instrument played a key role in countering downside risks to price stability.",N,2022-10-27 00:00:00,mp_statement,train,2022/2022-10-27-ecb-mp.txt
"At today's meeting the Governing Council of the ECB decided that the interest rate on the main refinancing operations and the interest rates on the marginal lending facility and the deposit facility will remain unchanged at 1.00%, 1.75% and 0.25% respectively.",N,2010-11-04 00:00:00,mp_statement,train,2010/2010-11-04-ecb-mp.txt
"The Governing Council stands ready to adjust all of its instruments, incorporating flexibility if warranted, to ensure that inflation stabilises at its 2% target over the medium term.",D,2022-06-09 00:00:00,mp_statement,train,2022/2022-06-09-ecb-mp.txt
At today's meeting the Governing Council of the ECB took the following monetary policy decisions:,N,2009-03-05 00:00:00,mp_statement,train,2009/2009-03-05-ecb-mp.txt
"At today's meeting the Governing Council of the ECB decided that the interest rate on the main refinancing operations and the interest rates on the marginal lending facility and the deposit facility will remain unchanged at 1.00%, 1.75% and 0.25% respectively.",N,2011-03-03 00:00:00,mp_statement,train,2011/2011-03-03-ecb-mp.txt
"In addition, the interest rate on the marginal lending facility will continue to be 4.5% and the interest rate on the deposit facility will remain 2.0%.",N,1999-03-18 00:00:00,mp_statement,train,1999/1999-03-18-ecb-mp.txt
"The past rate increases continue to be transmitted forcefully: financing conditions have tightened again and are increasingly dampening demand, which is an important factor in bringing inflation back to target.",H,2023-07-27 00:00:00,mp_statement,train,2023/2023-07-27-ecb-mp.txt
"In the meantime, the Governing Council decided to leave the interest rate on the main refinancing operations and the interest rates on the marginal lending facility and the deposit facility unchanged at 0.00%, 0.25% and -0.50% respectively.",N,2022-06-09 00:00:00,mp_statement,train,2022/2022-06-09-ecb-mp.txt
"Staff have revised down their growth projection for 2024 to 0.6%, with economic activity expected to remain subdued in the near term.",H,2024-03-07 00:00:00,mp_statement,train,2024/2024-03-07-ecb-mp.txt
"In line with expectations, the inflationary impact of high wage growth has been buffered by profits.",H,2024-07-18 00:00:00,mp_statement,train,2024/2024-07-18-ecb-mp.txt
"In concert with this decision, the Governing Council of the ECB met today by means of teleconferencing and took the following monetary policy decisions:",N,2001-09-17 00:00:00,mp_statement,train,2001/2001-09-17-ecb-mp.txt
"The Governing Council expects the key ECB interest rates to remain at their present or lower levels until it has seen the inflation outlook robustly converge to a level sufficiently close to,",D,,mp_statement,train,2020/2020-04-30-ecb-mp.txt
The Governing Council stands ready to adjust all of its instruments within its mandate to ensure that inflation stabilises at its 2% target in the medium term and to preserve the smooth functioning of monetary policy transmission.,D,2026-04-30 00:00:00,mp_statement,train,2026/2026-04-30-ecb-mp.txt
"The interest rate on the main refinancing operations of the Eurosystem will be decreased by 10 basis points to 0.05%, starting from the operation to be settled on 10 September 2014.",D,2014-09-04 00:00:00,mp_statement,train,2014/2014-09-04-ecb-mp.txt
"The interest rate on the main refinancing operations of the Eurosystem will be decreased by 25 basis points to 1.25%, starting from the operation to be settled on 8 April 2009.",D,2009-04-02 00:00:00,mp_statement,train,2009/2009-04-02-ecb-mp.txt
Domestic inflation has edged down,D,2024-12-12 00:00:00,mp_statement,train,2024/2024-12-12-ecb-mp.txt
"The interest rate on the deposit facility will be decreased by 10 basis points to -0.10%, with effect from 11 June 2014.",D,2014-06-05 00:00:00,mp_statement,train,2014/2014-06-05-ecb-mp.txt
"At today's meeting the Governing Council of the ECB decided that the interest rate on the main refinancing operations and the interest rates on the marginal lending facility and the deposit facility will remain unchanged at 0.50%, 1.00% and 0.00% respectively.",N,2013-09-05 00:00:00,mp_statement,train,2013/2013-09-05-ecb-mp.txt
"The interest rate on the main refinancing operations of the Eurosystem will be decreased by 25 basis points to 0.50%, starting from the operation to be settled on 8 May 2013.",D,2013-05-02 00:00:00,mp_statement,train,2013/2013-05-02-ecb-mp.txt
"With the increasing impact of this tightening on domestic demand and the weakening international trade environment, ECB staff have lowered their economic growth projections significantly.",H,2023-09-14 00:00:00,mp_statement,train,2023/2023-09-14-ecb-mp.txt
"The interest rate on the marginal lending facility will be decreased by 75 basis points to 3.00%, with effect from 10 December 2008.",H,2008-12-04 00:00:00,mp_statement,train,2008/2008-12-04-ecb-mp.txt
This allows the Governing Council to effectively stave off risks to the smooth transmission of monetary policy.,N,,mp_statement,train,2020/2020-07-16-ecb-mp.txt
"The rate increase today reflects the Governing Council's assessment of the inflation outlook in light of the incoming economic and financial data, the dynamics of underlying inflation, and the strength of monetary policy transmission.",H,2023-09-14 00:00:00,mp_statement,train,2023/2023-09-14-ecb-mp.txt
"Underlying price pressures remain high,",H,2023-09-14 00:00:00,mp_statement,train,2023/2023-09-14-ecb-mp.txt
"Based on a joint assessment of financing conditions and the inflation outlook, the Governing Council expects net purchases under the PEPP over the coming quarter to continue to be conducted at a significantly higher pace than during the first months of the year.",D,2021-06-10 00:00:00,mp_statement,train,2021/2021-06-10-ecb-mp.txt
"At today's meeting the Governing Council of the ECB decided that the interest rate on the main refinancing operations and the interest rates on the marginal lending facility and the deposit facility will remain unchanged at 1.50%, 2.25% and 0.75% respectively.",N,2011-09-08 00:00:00,mp_statement,train,2011/2011-09-08-ecb-mp.txt
At today's meeting the Governing Council of the ECB took the following monetary policy decisions:,N,2000-06-08 00:00:00,mp_statement,train,2000/2000-06-08-ecb-mp.txt
"In particular, the Governing Council's policy rate decisions will continue to be based on its assessment of the inflation outlook in light of the incoming economic and financial data, the dynamics of underlying inflation, and the strength of monetary policy transmission.",N,2023-05-04 00:00:00,mp_statement,train,2023/2023-05-04-ecb-mp.txt
At today's meeting the Governing Council of the ECB took the following monetary policy decisions:,N,2006-12-07 00:00:00,mp_statement,train,2006/2006-12-07-ecb-mp.txt
"The elevated level of uncertainty reinforces the importance of a data-dependent approach to the Governing Council's policy rate decisions, which will be determined by its assessment of the inflation outlook in light of the incoming economic and financial data, the dynamics of underlying inflation, and the strength of monetary policy transmission.",N,2023-03-16 00:00:00,mp_statement,train,2023/2023-03-16-ecb-mp.txt
"the measures taken since November 1999 are gradually feeding their way through, the latest available information indicates that M3 growth has continued to deviate on the upside from the reference value of 41⁄2%.",H,2000-08-31 00:00:00,mp_statement,train,2000/2000-08-31-ecb-mp.txt
"Accordingly, and in line with the Governing Council's policy sequencing, the Governing Council intends to raise the key ECB interest rates by 25 basis points at its July monetary policy meeting.",H,2022-06-09 00:00:00,mp_statement,train,2022/2022-06-09-ecb-mp.txt
This uncertainty is also reflected in the broad range of outcomes for inflation and growth in the updated illustrative scenarios put together by Eurosystem staff.,N,2026-06-11 00:00:00,mp_statement,train,2026/2026-06-11-ecb-mp.txt
"According to Eurostat's flash estimate, inflation was 10.0% in November, slightly lower than the 10.6% recorded in October.",H,2022-12-15 00:00:00,mp_statement,train,2022/2022-12-15-ecb-mp.txt
"The interest rate on the main refinancing operations and the interest rates on the marginal lending facility and the deposit facility will remain unchanged at 0.00%, 0.25% and -0.50% respectively.",N,2022-02-03 00:00:00,mp_statement,train,2022/2022-02-03-ecb-mp.txt
"This could include purchasing bonds issued by the Hellenic Republic over and above rollovers of redemptions in order to avoid an interruption of purchases in that jurisdiction, which could impair the transmission of monetary policy to the Greek economy while it is still recovering from the fallout of the pandemic.",D,2021-12-16 00:00:00,mp_statement,train,2021/2021-12-16-ecb-mp.txt
"In particular, the Governing Council's interest rate decisions will be based on its assessment of the inflation outlook and the risks surrounding it, in light of the incoming economic and financial data, as well as the dynamics of underlying inflation and the strength of monetary policy transmission.",N,2025-07-24 00:00:00,mp_statement,train,2025/2025-07-24-ecb-mp.txt
"The interest rate on the main refinancing operations and the interest rates on the marginal lending facility and the deposit facility will remain unchanged at 0.00%, 0.25% and -0.50% respectively.",N,2021-07-22 00:00:00,mp_statement,train,2021/2021-07-22-ecb-mp.txt
"The interest rate on the deposit facility will be raised by 0.25 percentage point to 2.5%, with effect from 17 March 2000.",H,2000-03-16 00:00:00,mp_statement,train,2000/2000-03-16-ecb-mp.txt
"In recent months, soaring energy and food prices, supply bottlenecks and the post-pandemic recovery in demand have led to a broadening of price pressures and an increase in inflation.",H,2022-10-27 00:00:00,mp_statement,train,2022/2022-10-27-ecb-mp.txt
"In May inflation again rose significantly, mainly because of surging energy and food prices, including due to the impact of the war.",H,2022-06-09 00:00:00,mp_statement,train,2022/2022-06-09-ecb-mp.txt
The Governing Council will continue to monitor bank funding conditions and ensure that the maturing of operations under the third series of targeted longer-term refinancing operations (TLTRO III) does not hamper the smooth transmission of its monetary policy.,N,2022-09-08 00:00:00,mp_statement,train,2022/2022-09-08-ecb-mp.txt
"In addition, as announced on 13 March 2024 following the operational framework review, the spread between the interest rate on the main refinancing operations and the deposit facility rate will be set at 15 basis points.",N,2024-09-12 00:00:00,mp_statement,train,2024/2024-09-12-ecb-mp.txt
"The Governing Council will continue applying flexibility in reinvesting redemptions coming due in the PEPP portfolio, with a view to countering risks to the monetary policy transmission mechanism related to the pandemic.",D,2023-12-14 00:00:00,mp_statement,train,2023/2023-12-14-ecb-mp.txt
"In the baseline of the new Eurosystem staff projections, headline inflation is expected to average 3.0% in 2026, 2.3% in 2027 and 2.0% in 2028.",H,2026-06-11 00:00:00,mp_statement,train,2026/2026-06-11-ecb-mp.txt
"The Governing Council expects the key ECB interest rates to remain at their present or lower levels until it has seen the inflation outlook robustly converge to a level sufficiently close to,",D,2019-02-28 00:00:00,mp_statement,train,2020/2020-03-12-ecb-mp.txt
The Governing Council is of the view that economic growth conditions and prospects in the euro area are very favourable.,D,2000-08-31 00:00:00,mp_statement,train,2000/2000-08-31-ecb-mp.txt
"In any case, the future roll-off of the PEPP portfolio will be managed to avoid interference with the appropriate monetary policy stance.",N,2020-10-29 00:00:00,mp_statement,train,2020/2020-10-29-ecb-mp.txt
The Governing Council today decided to lower the deposit facility rate - the rate through which it steers the monetary policy stance - by 25 basis points.,D,2024-09-12 00:00:00,mp_statement,train,2024/2024-09-12-ecb-mp.txt
"Longer-term inflation expectations remain well anchored,",N,2026-04-30 00:00:00,mp_statement,train,2026/2026-04-30-ecb-mp.txt
Inflation should then decline towards our target over the second half of next year.,D,2024-09-12 00:00:00,mp_statement,train,2024/2024-09-12-ecb-mp.txt
The Governing Council is committed to setting monetary policy to ensure that inflation stabilises at its 2% target in the medium term.,N,2026-06-11 00:00:00,mp_statement,train,2026/2026-06-11-ecb-mp.txt
"Regarding non-standard monetary policy measures, on 8 June the Eurosystem will start making purchases under its corporate sector purchase programme (CSPP).",D,2016-06-02 00:00:00,mp_statement,train,2016/2016-06-02-ecb-mp.txt
"The Governing Council will continue applying flexibility in reinvesting redemptions coming due in the PEPP portfolio, with a view to countering risks to the monetary policy transmission mechanism related to the pandemic.",D,2024-06-06 00:00:00,mp_statement,train,2024/2024-06-06-ecb-mp.txt
"In particular, its interest rate decisions will be based on its assessment of the inflation outlook and the risks surrounding it, in light of the incoming economic and financial data, as well as the dynamics of underlying inflation and the strength of monetary policy transmission.",N,2026-04-30 00:00:00,mp_statement,train,2026/2026-04-30-ecb-mp.txt
Underlying inflation has eased further.,D,2023-12-14 00:00:00,mp_statement,train,2023/2023-12-14-ecb-mp.txt
"Based on a joint assessment of financing conditions and the inflation outlook, the Governing Council judges that favourable financing conditions can be maintained with a moderately lower pace of net asset purchases under the pandemic emergency purchase programme (PEPP) than in the previous two quarters.",D,2021-09-09 00:00:00,mp_statement,train,2021/2021-09-09-ecb-mp.txt
"below, 2% within its projection horizon, and such convergence has been consistently reflected in underlying inflation dynamics.",N,2021-01-21 00:00:00,mp_statement,train,2021/2021-01-21-ecb-mp.txt
"The interest rate on the marginal lending facility will be increased by 25 basis points to 2.00%, with effect from 13 April 2011.",H,2011-04-07 00:00:00,mp_statement,train,2011/2011-04-07-ecb-mp.txt
"The interest rate on the main refinancing operations of the Eurosystem will be raised by 0.25 percentage point to 3.25%, starting from the operation to be settled on 9 February 2000.",H,2000-02-03 00:00:00,mp_statement,train,2000/2000-02-03-ecb-mp.txt
"In line with the Governing Council's commitment to its 2% medium-term target, the pace at which the Governing Council adjusts its monetary policy will depend on the incoming data and how it assesses inflation to develop in the medium term.",N,2022-06-09 00:00:00,mp_statement,train,2022/2022-06-09-ecb-mp.txt
"Inflation excluding energy and food is projected to be 3.9% on average in 2022 and to rise to 4.2% in 2023, before falling to 2.8% in 2024 and 2.4% in 2025.",H,2022-12-15 00:00:00,mp_statement,train,2022/2022-12-15-ecb-mp.txt
"At the same time, it stresses that both sound public finances, in particular strict adherence to the criteria laid down in the Stability and Growth Pact, and the continuation of structural measures to enhance the flexibility of labour and goods markets will be the key to a lasting increase in the growth potential of the euro area.",N,2000-08-31 00:00:00,mp_statement,train,2000/2000-08-31-ecb-mp.txt
"Regarding non-standard monetary policy measures, the Governing Council decided to continue its purchases under the asset purchase programme (APP) at the current monthly pace of €80 billion until the end of March 2017.",D,2016-12-08 00:00:00,mp_statement,train,2016/2016-12-08-ecb-mp.txt
"Growth has been revised up to 1.4% in 2025, 1.2% in 2026 and 1.4% in 2027 and is expected to remain at 1.4% in 2028.",N,2025-12-18 00:00:00,mp_statement,train,2025/2025-12-18-ecb-mp.txt
"At today's meeting the Governing Council of the ECB decided that the interest rate on the main refinancing operations and the interest rates on the marginal lending facility and the deposit facility will remain unchanged at 0.00%, 0.25% and -0.40% respectively.",N,2017-03-09 00:00:00,mp_statement,train,2017/2017-03-09-ecb-mp.txt
"The Governing Council expects the key ECB interest rates to remain at their present or lower levels until it has seen the inflation outlook robustly converge to a level sufficiently close to,",D,2020-09-10 00:00:00,mp_statement,train,2020/2020-09-10-ecb-mp.txt
"As banks are repaying the amounts borrowed under the targeted longer-term refinancing operations, the Governing Council will regularly assess how targeted lending operations are contributing to its monetary policy stance.",H,2023-05-04 00:00:00,mp_statement,train,2023/2023-05-04-ecb-mp.txt
"In particular, the Governing Council's interest rate decisions will be based on its assessment of the inflation outlook in light of the incoming economic and financial data, the dynamics of underlying inflation and the strength of monetary policy transmission.",N,2023-10-26 00:00:00,mp_statement,train,2023/2023-10-26-ecb-mp.txt
"In September, euro area inflation reached 9.9%.",H,2022-10-27 00:00:00,mp_statement,train,2022/2022-10-27-ecb-mp.txt
underlying price pressures remain strong.,H,2023-05-04 00:00:00,mp_statement,train,2023/2023-05-04-ecb-mp.txt
"Tighter financing conditions are a key reason why inflation is projected to decline further towards target, as they are expected to increasingly dampen demand.",D,2023-06-15 00:00:00,mp_statement,train,2023/2023-06-15-ecb-mp.txt
This may also imply a transitory period in which inflation is moderately above target.,H,2021-10-28 00:00:00,mp_statement,train,2021/2021-10-28-ecb-mp.txt
"First, the interest rate on the main refinancing operations and the interest rates on the marginal lending facility and the deposit facility will remain unchanged at 0.00%, 0.25% and -0.50% respectively.",N,2021-01-21 00:00:00,mp_statement,train,2021/2021-01-21-ecb-mp.txt
"Moreover, the Transmission Protection Instrument is available to counter unwarranted, disorderly market dynamics that pose a serious threat to the transmission of monetary policy across all euro area countries, thus allowing the Governing Council to more effectively deliver on its price stability mandate.",D,2023-06-15 00:00:00,mp_statement,train,2023/2023-06-15-ecb-mp.txt
The upward revision in headline inflation for 2025 reflects stronger energy price dynamics.,H,2025-03-06 00:00:00,mp_statement,train,2025/2025-03-06-ecb-mp.txt
"On the basis of this updated assessment, the Governing Council will recalibrate its instruments, as appropriate, to respond to the unfolding situation and to ensure that financing conditions remain favourable to support the economic recovery and counteract the negative impact of the pandemic on the projected inflation path.",D,2020-10-29 00:00:00,mp_statement,train,2020/2020-10-29-ecb-mp.txt
"Since the incoming information confirmed the joint assessment of financing conditions and the inflation outlook carried out at the March monetary policy meeting, the Governing Council expects purchases under the PEPP over the current quarter to continue to be conducted at a significantly higher pace than during the first months of the year.",D,2021-04-22 00:00:00,mp_statement,train,2021/2021-04-22-ecb-mp.txt
"The interest rate on the marginal lending facility will be reduced by 0.50 percentage point to 4.75%, with effect from 18 September 2001.",D,2001-09-17 00:00:00,mp_statement,train,2001/2001-09-17-ecb-mp.txt
"The new Eurosystem staff projections show headline inflation averaging 2.1% in 2025, 1.9% in 2026, 1.8% in 2027 and 2.0% in 2028.",N,2025-12-18 00:00:00,mp_statement,train,2025/2025-12-18-ecb-mp.txt
The Governing Council will continue to monitor bank funding conditions and ensure that the maturing of operations under the third series of targeted longer-term refinancing operations (TLTRO III) does not hamper the smooth transmission of its monetary policy.,N,2022-03-10 00:00:00,mp_statement,train,2022/2022-03-10-ecb-mp.txt
Food price inflation and underlying price pressures across the economy have strengthened and will persist for some time.,H,2022-12-15 00:00:00,mp_statement,train,2022/2022-12-15-ecb-mp.txt
At today's meeting the Governing Council of the ECB took the following monetary policy decisions:,N,2007-06-06 00:00:00,mp_statement,train,2007/2007-06-06-ecb-mp.txt
"The Governing Council stands ready to adjust all of its instruments, as appropriate, to ensure that inflation moves towards its aim in a sustained manner, in line with its commitment to symmetry.",D,2021-04-22 00:00:00,mp_statement,train,2021/2021-04-22-ecb-mp.txt
"The interest rate on the deposit facility will be reduced by 0.25 percentage point to 1.50%, with effect from 7 March 2003.",D,2003-03-06 00:00:00,mp_statement,train,2003/2003-03-06-ecb-mp.txt
inflation expectations over shorter horizons have moved up significantly.,H,2026-04-30 00:00:00,mp_statement,train,2026/2026-04-30-ecb-mp.txt
"For inflation excluding energy and food, they expect an average of 2.4% in 2025, 1.9% in 2026 and 1.8% in 2027.",D,2025-09-11 00:00:00,mp_statement,train,2025/2025-09-11-ecb-mp.txt
The Governing Council stands ready to adjust all of its instruments within its mandate to ensure that inflation stabilises sustainably at its 2% target over the medium term and to preserve the smooth functioning of monetary policy transmission.,N,2025-06-05 00:00:00,mp_statement,train,2025/2025-06-05-ecb-mp.txt
"In line with the Governing Council's monetary policy strategy commitment to incorporate risks and uncertainty into its decision-making, staff also assessed how the war in the Middle East could affect economic growth and inflation under some alternative illustrative scenarios.",N,2026-03-19 00:00:00,mp_statement,train,2026/2026-03-19-ecb-mp.txt
At today's meeting the Governing Council of the ECB took the following monetary policy decisions:,N,1999-11-04 00:00:00,mp_statement,train,1999/1999-11-04-ecb-mp.txt
"Equally, the envelope can be recalibrated if required to maintain favourable financing conditions to help counter the negative pandemic shock to the path of inflation.",D,2021-01-21 00:00:00,mp_statement,train,2021/2021-01-21-ecb-mp.txt
"This outlook is reflected in the latest staff projections for economic growth, which have been revised down markedly for the remainder of the current year and throughout 2023.",D,2022-09-08 00:00:00,mp_statement,train,2022/2022-09-08-ecb-mp.txt
The interest rate on the main refinancing operations of the Eurosystem will be raised by 0.50 percentage point to 4.25% and applied in the two operations (which will be conducted as fixed rate tenders) to be settled on 15 and 21 June 2000.,H,2000-06-08 00:00:00,mp_statement,train,2000/2000-06-08-ecb-mp.txt
"At today's meeting the Governing Council of the ECB decided that the interest rate on the main refinancing operations and the interest rates on the marginal lending facility and the deposit facility will remain unchanged at 1.00%, 1.75% and 0.25% respectively.",N,2010-09-02 00:00:00,mp_statement,train,2010/2010-09-02-ecb-mp.txt
"In any case, the future roll-off of the PEPP portfolio will be managed to avoid interference with the appropriate monetary policy stance.",N,2021-04-22 00:00:00,mp_statement,train,2021/2021-04-22-ecb-mp.txt
The Governing Council's recent interest rate cuts are gradually making new borrowing less expensive for firms and households.,D,2025-01-30 00:00:00,mp_statement,train,2025/2025-01-30-ecb-mp.txt
"In any case, the future roll-off of the PEPP portfolio will be managed to avoid interference with the appropriate monetary policy stance.",N,2021-06-10 00:00:00,mp_statement,train,2021/2021-06-10-ecb-mp.txt
"If the medium-term inflation outlook persists or deteriorates, a larger increment will be appropriate at the September meeting.",H,2022-06-09 00:00:00,mp_statement,train,2022/2022-06-09-ecb-mp.txt
"For inflation excluding energy and food, staff project an average of 2.4% in 2025, 2.2% in 2026, 1.9% in 2027 and 2.0% in 2028.",D,2025-12-18 00:00:00,mp_statement,train,2025/2025-12-18-ecb-mp.txt
"(3) Since the end of March, purchases have been conducted under the Governing Council's new pandemic emergency purchase programme (PEPP), which has an overall envelope of €750 billion, to ease the overall monetary policy stance and to counter the severe risks to the monetary policy transmission mechanism and the outlook for the euro area posed by the coronavirus pandemic.",D,,mp_statement,train,2020/2020-04-30-ecb-mp.txt
"Moreover, the Transmission Protection Instrument is available to counter unwarranted, disorderly market dynamics that pose a serious threat to the transmission of monetary policy across all euro area countries, thus allowing the Governing Council to more effectively deliver on its price stability mandate.",D,2025-01-30 00:00:00,mp_statement,train,2025/2025-01-30-ecb-mp.txt
"Accordingly, the interest rate on the main refinancing operations and the interest rates on the marginal lending facility and the deposit facility will be increased to 3.75%, 4.00% and 3.25% respectively, with effect from 10 May 2023.",H,2023-05-04 00:00:00,mp_statement,train,2023/2023-05-04-ecb-mp.txt
"(1) The interest rate on the main refinancing operations of the Eurosystem will be decreased by 5 basis points to 0.00%, starting from the operation to be settled on 16 March 2016.",D,2016-03-10 00:00:00,mp_statement,train,2016/2016-03-10-ecb-mp.txt
"The Governing Council expects the key ECB interest rates to remain at their present levels at least through the summer of 2019, and in any case for as long as necessary to ensure the continued sustained convergence of inflation to levels that are below, but close to, 2% over the medium term.",D,2019-01-24 00:00:00,mp_statement,train,2019/2019-01-24-ecb-mp.txt
At today's meeting the Governing Council of the ECB took the following monetary policy decisions:,N,1999-12-02 00:00:00,mp_statement,train,1999/1999-12-02-ecb-mp.txt
"The Governing Council will continue applying flexibility in reinvesting redemptions coming due in the PEPP portfolio, with a view to countering risks to the monetary policy transmission mechanism related to the pandemic.",D,2023-07-27 00:00:00,mp_statement,train,2023/2023-07-27-ecb-mp.txt
"The Governing Council expects the key ECB interest rates to remain at their present levels at least through the summer of 2019, and in any case for as long as necessary to ensure the continued sustained convergence of inflation to levels that are below, but close to, 2% over the medium term.",D,2018-09-13 00:00:00,mp_statement,train,2018/2018-09-13-ecb-mp.txt
"Based on the Governing Council's updated assessment of the inflation outlook, the dynamics of underlying inflation and the strength of monetary policy transmission, it is now appropriate to take another step in moderating the degree of monetary policy restriction.",N,2024-09-12 00:00:00,mp_statement,train,2024/2024-09-12-ecb-mp.txt
At today's meeting the Governing Council of the ECB took the following monetary policy decisions:,N,2013-11-07 00:00:00,mp_statement,train,2013/2013-11-07-ecb-mp.txt
"At today's meeting the Governing Council of the ECB decided that the interest rate on the main refinancing operations and the interest rates on the marginal lending facility and the deposit facility will remain unchanged at 1.25%, 2.00% and 0.50% respectively.",N,2011-06-09 00:00:00,mp_statement,train,2011/2011-06-09-ecb-mp.txt
"At today's meeting, which was held in Madrid, the Governing Council of the ECB took the following monetary policy decisions:",N,2006-06-08 00:00:00,mp_statement,train,2006/2006-06-08-ecb-mp.txt
"The pandemic has shown that, under stressed conditions, flexibility in the design and conduct of asset purchases has helped to counter the impaired transmission of monetary policy and made the Governing Council's efforts to achieve its goal more effective.",D,2022-04-14 00:00:00,mp_statement,train,2022/2022-04-14-ecb-mp.txt
"The interest rate on the main refinancing operations of the Eurosystem will be raised by 0.25 percentage point to 3.5%, starting from the operation to be settled on 22 March 2000.",H,2000-03-16 00:00:00,mp_statement,train,2000/2000-03-16-ecb-mp.txt
"It therefore stands ready to adjust all of its instruments, as appropriate, to ensure that inflation moves towards its aim in a sustained manner.",N,2019-07-25 00:00:00,mp_statement,train,2019/2019-07-25-ecb-mp.txt
The incoming information has broadly confirmed its previous assessment of the medium-term inflation outlook.,N,2023-10-26 00:00:00,mp_statement,train,2023/2023-10-26-ecb-mp.txt
The Governing Council will closely monitor the situation and follow a data-dependent and meeting-by-meeting approach to determining the appropriate monetary policy stance.,N,2026-04-30 00:00:00,mp_statement,train,2026/2026-04-30-ecb-mp.txt
"The interest rate on the main refinancing operations and the interest rates on the marginal lending facility and the deposit facility will remain unchanged at 4.50%, 4.75% and 4.00% respectively.",N,2024-01-25 00:00:00,mp_statement,train,2024/2024-01-25-ecb-mp.txt
At today's meeting the Governing Council of the European Central Bank (ECB) took the following monetary policy decisions:,N,2019-03-07 00:00:00,mp_statement,train,2019/2019-03-07-ecb-mp.txt
"In support of its symmetric two per cent inflation target and in line with its monetary policy strategy, the Governing Council expects the key ECB interest rates to remain at their present or lower levels until it sees inflation reaching two per cent well ahead of the end of its projection horizon and durably for the rest of the projection horizon, and it judges that realised progress in underlying inflation is sufficiently advanced to be consistent with inflation stabilising at two per cent over the medium term.",D,2021-07-22 00:00:00,mp_statement,train,2021/2021-07-22-ecb-mp.txt
"The Governing Council intends to continue reinvesting, in full, the principal payments from maturing securities purchased under the APP for an extended period of time past the date when it started raising the key ECB interest rates and, in any case, for as long as necessary to maintain ample liquidity conditions and an appropriate monetary policy stance.",H,2022-10-27 00:00:00,mp_statement,train,2022/2022-10-27-ecb-mp.txt
The Governing Council is determined to ensure that inflation stabilises sustainably at its 2% medium-term target.,N,2025-04-17 00:00:00,mp_statement,train,2025/2025-04-17-ecb-mp.txt
"The interest rate on the marginal lending facility will be decreased by 25 basis points to 1.50%, with effect from 11 July 2012.",D,2012-07-05 00:00:00,mp_statement,train,2012/2012-07-05-ecb-mp.txt
"In any case, the future roll-off of the PEPP portfolio will be managed to avoid interference with the appropriate monetary policy stance.",N,2023-06-15 00:00:00,mp_statement,train,2023/2023-06-15-ecb-mp.txt
At today's meeting the Governing Council of the ECB took the following monetary policy decisions:,N,2005-12-01 00:00:00,mp_statement,train,2005/2005-12-01-ecb-mp.txt
The Governing Council stands ready to adjust all of its instruments within its mandate to ensure that inflation returns to its 2% target over the medium term and to preserve the smooth functioning of monetary policy transmission.,H,2023-12-14 00:00:00,mp_statement,train,2023/2023-12-14-ecb-mp.txt
"The interest rate on the marginal lending facility will be reduced by 0.25 percentage point to 5.50%, with effect from 11 May 2001.",D,2001-05-10 00:00:00,mp_statement,train,2001/2001-05-10-ecb-mp.txt
"Financing conditions have tightened further and are increasingly dampening demand, which is an important factor in bringing inflation back to target.",H,2023-09-14 00:00:00,mp_statement,train,2023/2023-09-14-ecb-mp.txt
"At today's meeting, which was held in Tallinn, the Governing Council of the ECB decided that the interest rate on the main refinancing operations and the interest rates on the marginal lending facility and the deposit facility will remain unchanged at 0.00%, 0.25% and -0.40% respectively.",N,2017-06-08 00:00:00,mp_statement,train,2017/2017-06-08-ecb-mp.txt
The Governing Council stands ready to adjust all of its instruments within its mandate to ensure that inflation stabilises at its 2% target in the medium term and to preserve the smooth functioning of monetary policy transmission.,D,2025-12-18 00:00:00,mp_statement,train,2025/2025-12-18-ecb-mp.txt
"The Governing Council also confirmed its other measures to support its price stability mandate, namely the level of the key ECB interest rates, its purchases under the asset purchase programme (APP), its reinvestment policies and its longer-term refinancing operations.",D,2021-07-22 00:00:00,mp_statement,train,2021/2021-07-22-ecb-mp.txt
"At today's meeting, which was held in Luxembourg, the Governing Council of the ECB decided that the interest rate on the main refinancing operations and the interest rates on the marginal lending facility and the deposit facility will remain unchanged at 1.00%, 1.75% and 0.25% respectively.",N,2009-07-02 00:00:00,mp_statement,train,2009/2009-07-02-ecb-mp.txt
"The interest rate on the deposit facility will be reduced by 0.50 percentage point to 2.75%, with effect from 18 September 2001.",D,2001-09-17 00:00:00,mp_statement,train,2001/2001-09-17-ecb-mp.txt
"Since the Governing Council meeting in September 2023, inflation has fallen by more than 2.5 percentage points and the inflation outlook has improved markedly.",D,2024-06-06 00:00:00,mp_statement,train,2024/2024-06-06-ecb-mp.txt
"Very high energy prices are reducing the purchasing power of people's incomes and,",H,2022-09-08 00:00:00,mp_statement,train,2022/2022-09-08-ecb-mp.txt
"In support of its symmetric two per cent inflation target and in line with its monetary policy strategy, the Governing Council expects the key ECB interest rates to remain at their present or lower levels until it sees inflation reaching two per cent well ahead of the end of its projection horizon and durably for the rest of the projection horizon, and it judges that realised progress in underlying inflation is sufficiently advanced to be consistent with inflation stabilising at two per cent over the medium term.",D,2021-09-09 00:00:00,mp_statement,train,2021/2021-09-09-ecb-mp.txt
"The interest rate on the main refinancing operations of the Eurosystem will be decreased by 25 basis points to 1.25%, starting from the operation to be settled on 9 November 2011.",D,2011-11-03 00:00:00,mp_statement,train,2011/2011-11-03-ecb-mp.txt
"At today's meeting the Governing Council of the ECB decided that the interest rate on the main refinancing operations and the interest rates on the marginal lending facility and the deposit facility will remain unchanged at 0.00%, 0.25% and -0.40% respectively.",N,2016-12-08 00:00:00,mp_statement,train,2016/2016-12-08-ecb-mp.txt
"At today's meeting the Governing Council of the ECB decided that the interest rate on the main refinancing operations and the interest rates on the marginal lending facility and the deposit facility will remain unchanged at 0.15%, 0.40% and -0.10% respectively.",N,2014-08-07 00:00:00,mp_statement,train,2014/2014-08-07-ecb-mp.txt
The Governing Council will also regularly assess how targeted lending operations are contributing to its monetary policy stance.,N,2022-02-03 00:00:00,mp_statement,train,2022/2022-02-03-ecb-mp.txt
"The TPI will be an addition to the Governing Council's toolkit and can be activated to counter unwarranted, disorderly market dynamics that pose a serious threat to the transmission of monetary policy across the euro area.",D,2022-07-21 00:00:00,mp_statement,train,2022/2022-07-21-ecb-mp.txt
At today's meeting the Governing Council of the ECB took the following monetary policy decisions:,N,2008-07-03 00:00:00,mp_statement,train,2008/2008-07-03-ecb-mp.txt
"For inflation excluding energy and food, staff project an average of 2.2% in 2025, 2.0% in 2026 and 1.9% in 2027.",D,2025-03-06 00:00:00,mp_statement,train,2025/2025-03-06-ecb-mp.txt
"The interest rate on the main refinancing operations and the interest rates on the marginal lending facility and the deposit facility will remain unchanged at 0.00%, 0.25% and -0.50% respectively.",N,2022-04-14 00:00:00,mp_statement,train,2022/2022-04-14-ecb-mp.txt
"The Governing Council will continue applying flexibility in reinvesting redemptions coming due in the PEPP portfolio, with a view to countering risks to the monetary policy transmission mechanism related to the pandemic.",D,2022-10-27 00:00:00,mp_statement,train,2022/2022-10-27-ecb-mp.txt
"In particular, the Governing Council's interest rate decisions will be based on its assessment of the inflation outlook and the risks surrounding it, in light of the incoming economic and financial data, as well as the dynamics of underlying inflation and the strength of monetary policy transmission.",N,2025-09-11 00:00:00,mp_statement,train,2025/2025-09-11-ecb-mp.txt
Keeping inflation expectations firmly anchored in line with our objective and securing price stability in the medium term will support sustainable growth and employment and contribute to financial stability.,D,2008-10-08 00:00:00,mp_statement,train,2008/2008-10-08-ecb-mp.txt
"The interest rate on the deposit facility will be increased by 25 basis points to 3.00%, with effect from 13 June 2007.",H,2007-06-06 00:00:00,mp_statement,train,2007/2007-06-06-ecb-mp.txt
The Governing Council will continue to monitor bank funding conditions and ensure that the maturing of operations under the third series of targeted longer-term refinancing operations (TLTRO III) does not hamper the smooth transmission of its monetary policy.,N,2021-12-16 00:00:00,mp_statement,train,2021/2021-12-16-ecb-mp.txt
"The interest rate on the main refinancing operations and the interest rates on the marginal lending facility and the deposit facility will remain unchanged at 4.50%, 4.75% and 4.00% respectively.",N,2023-12-14 00:00:00,mp_statement,train,2023/2023-12-14-ecb-mp.txt
"In the context of the robust expansion of economic activity, a continuation of ample liquidity conditions would constitute a risk to price stability.",H,2000-08-31 00:00:00,mp_statement,train,2000/2000-08-31-ecb-mp.txt
"In any case, the future roll-off of the PEPP portfolio will be managed to avoid interference with the appropriate monetary policy stance.",N,2022-10-27 00:00:00,mp_statement,train,2022/2022-10-27-ecb-mp.txt
Inflation is currently at around the Governing Council's 2% medium-term target.,N,2025-06-05 00:00:00,mp_statement,train,2025/2025-06-05-ecb-mp.txt
"In particular, its interest rate decisions will be based on its assessment of the inflation outlook and the risks surrounding it, in light of the incoming economic and financial data, as well as the dynamics of underlying inflation and the strength of monetary policy transmission.",N,2026-03-19 00:00:00,mp_statement,train,2026/2026-03-19-ecb-mp.txt
"below, 2% within its projection horizon, and such convergence has been consistently reflected in underlying inflation dynamics.",N,2020-09-10 00:00:00,mp_statement,train,2020/2020-09-10-ecb-mp.txt
"Regarding non-standard monetary policy measures, the Governing Council confirms that the monthly asset purchases of €80 billion are intended to run until the end of March 2017, or beyond, if necessary, and in any case until it sees a sustained adjustment in the path of inflation consistent with its inflation aim.",D,2016-09-08 00:00:00,mp_statement,train,2016/2016-09-08-ecb-mp.txt
"For the purpose of signalling the monetary policy stance, the minimum bid rate is designed to play the role performed, until now, by the rate in fixed rate tenders.",N,2000-06-08 00:00:00,mp_statement,train,2000/2000-06-08-ecb-mp.txt
"through the first half of 2020, and in any case for as long as necessary to ensure the continued sustained convergence of inflation to levels that are below, but close to, 2% over the medium term.",D,2019-06-06 00:00:00,mp_statement,train,2019/2019-06-06-ecb-mp.txt
"At today's meeting the Governing Council of the ECB decided that the interest rate on the main refinancing operations and the interest rates on the marginal lending facility and the deposit facility will remain unchanged at 1.00%, 1.75% and 0.25% respectively.",N,2012-01-12 00:00:00,mp_statement,train,2012/2012-01-12-ecb-mp.txt
"At today's meeting, the Governing Council of the ECB took the following monetary policy decisions:",N,2006-08-03 00:00:00,mp_statement,train,2006/2006-08-03-ecb-mp.txt
"Especially in current conditions of exceptional uncertainty, it will follow a data-dependent and meeting-by-meeting approach to determining the appropriate monetary policy stance.",N,2025-04-17 00:00:00,mp_statement,train,2025/2025-04-17-ecb-mp.txt
"In particular, its interest rate decisions will be based on its assessment of the inflation outlook in light of the incoming economic and financial data, the dynamics of underlying inflation and the strength of monetary policy transmission.",N,2023-12-14 00:00:00,mp_statement,train,2023/2023-12-14-ecb-mp.txt
"The Governing Council expects the key ECB interest rates to remain at their present or lower levels until it has seen the inflation outlook robustly converge to a level sufficiently close to,",D,,mp_statement,train,2020/2020-06-04-ecb-mp.txt
"At today's meeting, which was held in Vienna, the Governing Council of the ECB decided that the interest rate on the main refinancing operations and the interest rates on the marginal lending facility and the deposit facility will remain unchanged at 0.00%, 0.25% and -0.40% respectively.",N,2016-06-02 00:00:00,mp_statement,train,2016/2016-06-02-ecb-mp.txt
The Governing Council is determined to ensure that inflation returns to its 2% medium-term target in a timely manner.,N,2024-07-18 00:00:00,mp_statement,train,2024/2024-07-18-ecb-mp.txt
"The Governing Council stands ready to adjust all of its instruments, as appropriate, to ensure that inflation stabilises at its two per cent target over the medium term.",N,2021-07-22 00:00:00,mp_statement,train,2021/2021-07-22-ecb-mp.txt
"The Governing Council will continue applying flexibility in reinvesting redemptions coming due in the PEPP portfolio, with a view to countering risks to the monetary policy transmission mechanism related to the pandemic.",D,2023-10-26 00:00:00,mp_statement,train,2023/2023-10-26-ecb-mp.txt
"Regarding non-standard monetary policy measures, the Governing Council confirms that the net asset purchases, at the new monthly pace of €30 billion, are intended to run until the end of September 2018, or beyond, if necessary, and in any case until the Governing Council sees a sustained adjustment in the path of inflation consistent with its inflation aim.",D,2018-01-25 00:00:00,mp_statement,train,2018/2018-01-25-ecb-mp.txt
"(1) The interest rate on the main refinancing operations and the interest rates on the marginal lending facility and the deposit facility will remain unchanged at 0.00%, 0.25% and -0.40% respectively.",N,2019-03-07 00:00:00,mp_statement,train,2019/2019-03-07-ecb-mp.txt
"Accordingly, the interest rate on the main refinancing operations and the interest rates on the marginal lending facility and the deposit facility will be increased to 3.50%, 3.75% and 3.00% respectively, with effect from 22 March 2023.",H,2023-03-16 00:00:00,mp_statement,train,2023/2023-03-16-ecb-mp.txt
"At today's meeting, which was held in Riga, the Governing Council of the ECB undertook a careful review of the progress towards a sustained adjustment in the path of inflation, also taking into account the latest Eurosystem staff macroeconomic projections, measures of price and wage pressures, and uncertainties surrounding the inflation outlook.",D,2018-06-14 00:00:00,mp_statement,train,2018/2018-06-14-ecb-mp.txt
"The interest rate on the main refinancing operations of the Eurosystem will be decreased by 25 basis points to 1.00%, starting from the operation to be settled on 13 May 2009.",D,2009-05-07 00:00:00,mp_statement,train,2009/2009-05-07-ecb-mp.txt
"The interest rate on the deposit facility will be reduced by 50 basis points to 2.75 %, with immediate effect.",D,2008-10-08 00:00:00,mp_statement,train,2008/2008-10-08-ecb-mp.txt
The Governing Council stands ready to adjust all of its instruments within its mandate to ensure that inflation returns to its 2% target over the medium term and to preserve the smooth functioning of monetary policy transmission.,H,2024-10-17 00:00:00,mp_statement,train,2024/2024-10-17-ecb-mp.txt
"At the same time, a headwind to the easing of financing conditions comes from past interest rate hikes still transmitting to the stock of credit, and lending remains subdued overall.",H,2025-03-06 00:00:00,mp_statement,train,2025/2025-03-06-ecb-mp.txt
"The interest rate on the deposit facility will be raised by 0.25 percentage point to 3.50%, with effect from 1 September 2000.",H,2000-08-31 00:00:00,mp_statement,train,2000/2000-08-31-ecb-mp.txt
"The Governing Council expects the key ECB interest rates to remain at their present or lower levels at least through the first half of 2020, and in any case for as long as necessary to ensure the continued sustained convergence of inflation to its aim over the medium term.",D,2019-07-25 00:00:00,mp_statement,train,2019/2019-07-25-ecb-mp.txt
"For inflation excluding energy and food, the baseline foresees an average of 2.5% in 2026 and 2027 and 2.2% in 2028.",D,2026-06-11 00:00:00,mp_statement,train,2026/2026-06-11-ecb-mp.txt
"The interest rate on the marginal lending facility will be decreased by 50 basis points to 2.50%, with effect from 11 March 2009.",D,2009-03-05 00:00:00,mp_statement,train,2009/2009-03-05-ecb-mp.txt
"The interest rate on the main refinancing operations and the interest rates on the marginal lending facility and the deposit facility will remain unchanged at 0.00%, 0.25% and -0.50% respectively.",N,2021-12-16 00:00:00,mp_statement,train,2021/2021-12-16-ecb-mp.txt
"Based on a joint assessment of financing conditions and the inflation outlook, the Governing Council expects purchases under the PEPP over the next quarter to be conducted at a significantly higher pace than during the first months of this year.",D,2021-03-11 00:00:00,mp_statement,train,2021/2021-03-11-ecb-mp.txt
"In the context of high uncertainty, staff also assessed some of the mechanisms by which different trade policies could affect growth and inflation under some alternative illustrative scenarios.",N,2025-06-05 00:00:00,mp_statement,train,2025/2025-06-05-ecb-mp.txt
"The Governing Council expects the key ECB interest rates to remain at their present levels at least through the summer of 2019, and in any case for as long as necessary to ensure the continued sustained convergence of inflation to levels that are below, but close to, 2% over the medium term.",D,2018-07-26 00:00:00,mp_statement,train,2018/2018-07-26-ecb-mp.txt
"The interest rate on the marginal lending facility will be raised by 0.25 percentage point to 4.25%, with effect of 4 February 2000.",H,2000-02-03 00:00:00,mp_statement,train,2000/2000-02-03-ecb-mp.txt
The Governing Council is determined to ensure that inflation stabilises sustainably at its 2% medium-term target.,N,2025-01-30 00:00:00,mp_statement,train,2025/2025-01-30-ecb-mp.txt
"The baseline sees economic growth at an average of 0.8% in 2026, 1.2% in 2027 and 1.5% in 2028.",D,2026-06-11 00:00:00,mp_statement,train,2026/2026-06-11-ecb-mp.txt
The economy is still facing headwinds but rising real incomes and the gradually fading effects of restrictive monetary policy should support a pick-up in demand over time.,D,2025-01-30 00:00:00,mp_statement,train,2025/2025-01-30-ecb-mp.txt
"The Governing Council stands ready to adjust all of its instruments, as appropriate, to ensure that inflation moves towards its aim in a sustained manner, in line with its commitment to symmetry.",D,2021-03-11 00:00:00,mp_statement,train,2021/2021-03-11-ecb-mp.txt
"Throughout this process, the Governing Council will maintain optionality, data-dependence, gradualism and flexibility in the conduct of monetary policy.",N,2022-06-09 00:00:00,mp_statement,train,2022/2022-06-09-ecb-mp.txt
The Governing Council is determined to ensure that inflation returns to its 2% medium-term target in a timely manner.,N,2023-06-15 00:00:00,mp_statement,train,2023/2023-06-15-ecb-mp.txt
"In this way, monetary policy provides the best contribution to ensuring the sustainability of the current phase of strong and non-inflationary economic growth.",D,2000-04-27 00:00:00,mp_statement,train,2000/2000-04-27-ecb-mp.txt
"The interest rate on the main refinancing operations of the Eurosystem will be increased by 25 basis points to 1.25%, starting from the operation to be settled on 13 April 2011.",H,2011-04-07 00:00:00,mp_statement,train,2011/2011-04-07-ecb-mp.txt
Further monetary policy measures will be communicated by the President of the ECB at a press conference starting at 2.30 p.m.,N,2015-01-22 00:00:00,mp_statement,train,2015/2015-01-22-ecb-mp.txt
"In particular, the decision to lower the deposit facility rate - the rate through which the Governing Council steers the monetary policy stance - is based on its updated assessment of the inflation outlook, the dynamics of underlying inflation and the strength of monetary policy transmission.",D,2025-04-17 00:00:00,mp_statement,train,2025/2025-04-17-ecb-mp.txt
"Inflation is still expected to stay too high for too long, and domestic price pressures remain strong.",H,2023-10-26 00:00:00,mp_statement,train,2023/2023-10-26-ecb-mp.txt
"The Governing Council will continue applying flexibility in reinvesting redemptions coming due in the PEPP portfolio, with a view to countering risks to the monetary policy transmission mechanism related to the pandemic.",D,2024-07-18 00:00:00,mp_statement,train,2024/2024-07-18-ecb-mp.txt
The Governing Council is determined to ensure that inflation stabilises at its 2% target in the medium term.,N,2025-07-24 00:00:00,mp_statement,train,2025/2025-07-24-ecb-mp.txt
"At today's meeting the Governing Council of the ECB decided that the interest rate on the main refinancing operations and the interest rates on the marginal lending facility and the deposit facility will remain unchanged at 1.00%, 1.75% and 0.25% respectively.",N,2009-08-06 00:00:00,mp_statement,train,2009/2009-08-06-ecb-mp.txt
"The Governing Council will continue applying flexibility in reinvesting redemptions coming due in the PEPP portfolio, with a view to countering risks to the monetary policy transmission mechanism related to the pandemic.",D,2023-02-02 00:00:00,mp_statement,train,2023/2023-02-02-ecb-mp.txt
"At today's meeting the Governing Council of the ECB decided that the interest rate on the main refinancing operations and the interest rates on the marginal lending facility and the deposit facility will remain unchanged at 0.00%, 0.25% and -0.40% respectively.",N,2017-07-20 00:00:00,mp_statement,train,2017/2017-07-20-ecb-mp.txt
"Beyond the near term, growth is projected to recover as the current headwinds fade.",D,2022-12-15 00:00:00,mp_statement,train,2022/2022-12-15-ecb-mp.txt
The Governing Council stands ready to adjust all of its instruments within its mandate to ensure that inflation returns to its 2% target over the medium term and to preserve the smooth functioning of monetary policy transmission.,H,2023-03-16 00:00:00,mp_statement,train,2023/2023-03-16-ecb-mp.txt
The Governing Council's new TPI will safeguard the smooth transmission of its monetary policy stance throughout the euro area.,N,2022-07-21 00:00:00,mp_statement,train,2022/2022-07-21-ecb-mp.txt
"In particular, the Governing Council's interest rate decisions will be based on its assessment of the inflation outlook and the risks surrounding it, in light of the incoming economic and financial data, as well as the dynamics of underlying inflation and the strength of monetary policy transmission.",N,2025-10-30 00:00:00,mp_statement,train,2025/2025-10-30-ecb-mp.txt
At today's meeting the Governing Council of the ECB took the following monetary policy decisions:,N,2000-02-03 00:00:00,mp_statement,train,2000/2000-02-03-ecb-mp.txt
At today's meeting the Governing Council of the ECB took the following monetary policy decisions:,N,2008-11-06 00:00:00,mp_statement,train,2008/2008-11-06-ecb-mp.txt
"The Governing Council anticipates that, after September 2018, subject to incoming data confirming the Governing Council's medium-term inflation outlook, the monthly pace of the net asset purchases will be reduced to €15 billion until the end of December 2018 and that net purchases will then end.",H,2018-07-26 00:00:00,mp_statement,train,2018/2018-07-26-ecb-mp.txt
"At today's meeting the Governing Council of the ECB decided that the interest rate on the main refinancing operations and the interest rates on the marginal lending facility and the deposit facility will remain unchanged at 0.05%, 0.30% and -0.30% respectively.",N,2016-01-21 00:00:00,mp_statement,train,2016/2016-01-21-ecb-mp.txt
"ECB staff have slightly revised down the projected path for inflation excluding energy and food, to an average of 5.1% in 2023, 2.9% in 2024 and 2.2% in 2025.",H,2023-09-14 00:00:00,mp_statement,train,2023/2023-09-14-ecb-mp.txt
"below, 2% within its projection horizon, and such convergence has been consistently reflected in underlying inflation dynamics.",N,,mp_statement,train,2020/2020-04-30-ecb-mp.txt
"The interest rate on the deposit facility will be decreased by 25 basis points to 0.50%, with effect from 9 November 2011.",D,2011-11-03 00:00:00,mp_statement,train,2011/2011-11-03-ecb-mp.txt
"The interest rate on the marginal lending facility will be increased by 25 basis points to 5.00%, with effect from 13 June 2007.",H,2007-06-06 00:00:00,mp_statement,train,2007/2007-06-06-ecb-mp.txt
Inflation is currently at around the 2% medium-term target and the Governing Council's assessment of the inflation outlook is broadly unchanged.,N,2025-09-11 00:00:00,mp_statement,train,2025/2025-09-11-ecb-mp.txt
"In any case, the Governing Council will regularly assess how targeted lending operations are contributing to its monetary policy stance.",N,2022-10-27 00:00:00,mp_statement,train,2022/2022-10-27-ecb-mp.txt
At today's meeting the Governing Council of the ECB took the following monetary policy decisions:,N,2011-07-07 00:00:00,mp_statement,train,2011/2011-07-07-ecb-mp.txt
"If the outlook becomes less favourable, or if financial conditions become inconsistent with further progress towards a sustained adjustment in the path of inflation, the Governing Council stands ready to increase the APP in terms of size and/or duration.",D,2017-12-14 00:00:00,mp_statement,train,2017/2017-12-14-ecb-mp.txt
"Staff see headline inflation averaging 2.5% in 2024, 2.2% in 2025 and 1.9% in 2026, as in the June projections.",D,2024-09-12 00:00:00,mp_statement,train,2024/2024-09-12-ecb-mp.txt
"The Governing Council's interest rate decisions will be based on its assessment of the inflation outlook in light of the incoming economic and financial data, the dynamics of underlying inflation and the strength of monetary policy transmission.",N,2025-06-05 00:00:00,mp_statement,train,2025/2025-06-05-ecb-mp.txt
It will follow a data-dependent and meeting-by-meeting approach to determining the appropriate monetary policy stance.,N,2025-12-18 00:00:00,mp_statement,train,2025/2025-12-18-ecb-mp.txt
The past interest rate increases continue to be transmitted forcefully to the economy.,H,2023-12-14 00:00:00,mp_statement,train,2023/2023-12-14-ecb-mp.txt
"Staff expect inflation excluding energy and food to average 2.4% in 2025 and 1.9% in 2026 and 2027, broadly unchanged since March.",N,2025-06-05 00:00:00,mp_statement,train,2025/2025-06-05-ecb-mp.txt
The Governing Council will continue to monitor bank funding conditions and ensure that the maturing of operations under the third series of targeted longer-term refinancing operations (TLTRO III) does not hamper the smooth transmission of its monetary policy.,N,2022-04-14 00:00:00,mp_statement,train,2022/2022-04-14-ecb-mp.txt
"In any case, the future roll-off of the PEPP portfolio will be managed to avoid interference with the appropriate monetary policy stance.",N,2020-09-10 00:00:00,mp_statement,train,2020/2020-09-10-ecb-mp.txt
The switch to variable rate tenders in the main refinancing operations is not intended as a further change in the monetary policy stance of the Eurosystem.,N,2000-06-08 00:00:00,mp_statement,train,2000/2000-06-08-ecb-mp.txt
"The scenario analysis suggests that a prolonged disruption in the supply of oil and gas would result in inflation being above, and growth being below, the baseline projections.",H,2026-03-19 00:00:00,mp_statement,train,2026/2026-03-19-ecb-mp.txt
"At today's meeting the Governing Council of the ECB decided that the interest rate on the main refinancing operations and the interest rates on the marginal lending facility and the deposit facility will remain unchanged at 1.00%, 1.75% and 0.25% respectively.",N,2009-11-05 00:00:00,mp_statement,train,2009/2009-11-05-ecb-mp.txt
The Governing Council stands ready to adjust all of its instruments within its mandate to ensure that inflation returns to its 2% target over the medium term and to preserve the smooth functioning of monetary policy transmission.,H,2024-06-06 00:00:00,mp_statement,train,2024/2024-06-06-ecb-mp.txt
"At today's meeting the Governing Council of the ECB decided that the interest rate on the main refinancing operations and the interest rates on the marginal lending facility and the deposit facility will remain unchanged at 1.00%, 1.75% and 0.25% respectively.",N,2011-01-13 00:00:00,mp_statement,train,2011/2011-01-13-ecb-mp.txt
The reference value for the annual growth rate of the broad monetary aggregate M3 will remain 41⁄2%.,N,1999-12-02 00:00:00,mp_statement,train,1999/1999-12-02-ecb-mp.txt
The Governing Council will take whatever action is needed to fulfil the ECB's mandate to pursue price stability and to contribute to safeguarding financial stability.,N,2022-04-14 00:00:00,mp_statement,train,2022/2022-04-14-ecb-mp.txt
At today's meeting the Governing Council of the ECB took the following monetary policy decisions:,N,2000-08-31 00:00:00,mp_statement,train,2000/2000-08-31-ecb-mp.txt
At today's meeting the Governing Council of the ECB took the following monetary policy decisions:,N,2011-12-08 00:00:00,mp_statement,train,2011/2011-12-08-ecb-mp.txt
"In the baseline of the new Eurosystem staff projections, headline inflation is set to average 2.0% in 2025, 1.6% in 2026 and 2.0% in 2027.",N,2025-06-05 00:00:00,mp_statement,train,2025/2025-06-05-ecb-mp.txt
"In any case, the future roll-off of the PEPP portfolio will be managed to avoid interference with the appropriate monetary policy stance.",N,2022-04-14 00:00:00,mp_statement,train,2022/2022-04-14-ecb-mp.txt
"Inflation is expected to rise in the coming months, before declining to target in the course of next year.",H,2024-10-17 00:00:00,mp_statement,train,2024/2024-10-17-ecb-mp.txt
"Tighter financing conditions are dampening demand, and this is helping to push down inflation.",H,2023-12-14 00:00:00,mp_statement,train,2023/2023-12-14-ecb-mp.txt
"Within the Governing Council's mandate, under stressed conditions, flexibility will remain an element of monetary policy whenever threats to monetary policy transmission jeopardise the attainment of price stability.",N,2022-02-03 00:00:00,mp_statement,train,2022/2022-02-03-ecb-mp.txt
"If the outlook becomes less favourable, or if financial conditions become inconsistent with further progress towards a sustained adjustment in the path of inflation, the Governing Council stands ready to increase the programme in terms of size and/or duration.",D,2017-04-27 00:00:00,mp_statement,train,2017/2017-04-27-ecb-mp.txt
"Moreover, the Transmission Protection Instrument is available to counter unwarranted, disorderly market dynamics that pose a serious threat to the transmission of monetary policy across all euro area countries, thus allowing the Governing Council to more effectively deliver on its price stability mandate.",D,2024-03-07 00:00:00,mp_statement,train,2024/2024-03-07-ecb-mp.txt
"The September ECB staff macroeconomic projections for the euro area see average inflation at 5.6% in 2023, 3.2% in 2024 and 2.1% in 2025.",H,2023-09-14 00:00:00,mp_statement,train,2023/2023-09-14-ecb-mp.txt
The interest rate on the deposit facility will remain unchanged at 0.00%.,N,2013-11-07 00:00:00,mp_statement,train,2013/2013-11-07-ecb-mp.txt
"At the same time, upside risks to price stability were seen as a reason for vigilance.",H,2000-03-16 00:00:00,mp_statement,train,2000/2000-03-16-ecb-mp.txt
The Governing Council is determined to ensure that inflation returns to its 2% medium-term target in a timely manner.,N,2024-10-17 00:00:00,mp_statement,train,2024/2024-10-17-ecb-mp.txt
This may also imply a transitory period in which inflation is moderately above target.,H,2021-07-22 00:00:00,mp_statement,train,2021/2021-07-22-ecb-mp.txt
"At today's meeting the Governing Council of the European Central Bank (ECB) decided that the interest rate on the main refinancing operations and the interest rates on the marginal lending facility and the deposit facility will remain unchanged at 0.00%, 0.25% and -0.50% respectively.",N,,mp_statement,train,2020/2020-01-23-ecb-mp.txt
"For banks whose eligible net lending exceeds a benchmark, the rate applied in TLTRO III operations will be lower, and can be as low as the average interest rate on the deposit facility prevailing over the life of the operation.",D,2019-09-12 00:00:00,mp_statement,train,2019/2019-09-12-ecb-mp.txt
"At today's meeting the Governing Council of the ECB decided that the interest rate on the main refinancing operations and the interest rates on the marginal lending facility and the deposit facility will remain unchanged at 0.25%, 0.75% and 0.00% respectively.",N,2014-04-03 00:00:00,mp_statement,train,2014/2014-04-03-ecb-mp.txt
"With today's decision, the Governing Council of the ECB continues its policy of reacting to upside risks to price stability in the medium term in a pre-emptive manner.",H,2000-04-27 00:00:00,mp_statement,train,2000/2000-04-27-ecb-mp.txt
The key ECB interest rates remain the Governing Council's primary tool for setting the monetary policy stance.,N,2023-05-04 00:00:00,mp_statement,train,2023/2023-05-04-ecb-mp.txt
"In any case, it stands ready to adjust all of its instruments, as appropriate, to ensure that inflation moves towards its aim in a sustained manner, in line with its commitment to symmetry.",N,,mp_statement,train,2020/2020-04-30-ecb-mp.txt
"In the current environment of risks clearly tilted to the downside, the Governing Council will carefully assess the incoming information, including the dynamics of the pandemic, prospects for a rollout of vaccines and developments in the exchange rate.",N,2020-10-29 00:00:00,mp_statement,train,2020/2020-10-29-ecb-mp.txt
"In line with a step-by-step reduction in asset purchases and to ensure that the monetary policy stance remains consistent with inflation stabilising at its target over the medium term, the Governing Council decided on a monthly net purchase pace of €40 billion in the second quarter and €30 billion in the third quarter under the APP.",H,2021-12-16 00:00:00,mp_statement,train,2021/2021-12-16-ecb-mp.txt
At today's meeting the Governing Council of the ECB took the following monetary policy decisions:,N,,mp_statement,train,2020/2020-06-04-ecb-mp.txt
"In particular, its interest rate decisions will continue to be based on its assessment of the inflation outlook in light of the incoming economic and financial data, the dynamics of underlying inflation, and the strength of monetary policy transmission.",N,2023-06-15 00:00:00,mp_statement,train,2023/2023-06-15-ecb-mp.txt
The Governing Council is determined to ensure that inflation stabilises sustainably at its 2% medium-term target.,N,2025-06-05 00:00:00,mp_statement,train,2025/2025-06-05-ecb-mp.txt
"In particular, the Governing Council's interest rate decisions will be based on its assessment of the inflation outlook in light of the incoming economic and financial data, the dynamics of underlying inflation and the strength of monetary policy transmission.",N,2025-04-17 00:00:00,mp_statement,train,2025/2025-04-17-ecb-mp.txt
"Inflation has continued to develop as staff expected, with both headline and core inflation declining in March.",D,2025-04-17 00:00:00,mp_statement,train,2025/2025-04-17-ecb-mp.txt
"The interest rate on the deposit facility will be decreased by 25 basis points to 0.25%, with effect from 14 December 2011.",D,2011-12-08 00:00:00,mp_statement,train,2011/2011-12-08-ecb-mp.txt
Inflation is currently at the 2% medium-term target.,N,2025-07-24 00:00:00,mp_statement,train,2025/2025-07-24-ecb-mp.txt
The new ECB staff projections present a picture of inflation similar to that projected in June.,N,2025-09-11 00:00:00,mp_statement,train,2025/2025-09-11-ecb-mp.txt
"Together, these form a comprehensive set of backstop facilities to address possible euro liquidity needs in the event of market dysfunctions outside the euro area that could adversely affect the smooth transmission of the ECB's monetary policy.",N,2022-03-10 00:00:00,mp_statement,train,2022/2022-03-10-ecb-mp.txt
"In any case, the future roll-off of the PEPP portfolio will be managed to avoid interference with the appropriate monetary policy stance.",N,,mp_statement,train,2020/2020-07-16-ecb-mp.txt
Most measures of underlying inflation suggest that inflation will settle at around the Governing Council's 2% medium-term target on a sustained basis.,N,2025-04-17 00:00:00,mp_statement,train,2025/2025-04-17-ecb-mp.txt
"After a rebound in the first half of 2022, recent data point to a substantial slowdown in euro area economic growth, with the economy expected to stagnate later in the year and in the first quarter of 2023.",H,2022-09-08 00:00:00,mp_statement,train,2022/2022-09-08-ecb-mp.txt
"At today's meeting the Governing Council of the ECB decided that the interest rate on the main refinancing operations and the interest rates on the marginal lending facility and the deposit facility will remain unchanged at 1.00%, 1.75% and 0.25% respectively.",N,2010-02-04 00:00:00,mp_statement,train,2010/2010-02-04-ecb-mp.txt
"According to the June macroeconomic projections, Eurosystem staff expect headline inflation to average 5.4% in 2023, 3.0% in 2024 and 2.2% in 2025.",H,2023-06-15 00:00:00,mp_statement,train,2023/2023-06-15-ecb-mp.txt
"Low unemployment, solid private sector balance sheets, the gradual rollout of public spending on defence and infrastructure and the supportive effects of the past interest rate cuts are underpinning growth.",D,2026-02-05 00:00:00,mp_statement,train,2026/2026-02-05-ecb-mp.txt
"At today's meeting the Governing Council of the ECB decided that the interest rate on the main refinancing operations and the interest rates on the marginal lending facility and the deposit facility will remain unchanged at 1.00%, 1.75% and 0.25% respectively.",N,2010-04-08 00:00:00,mp_statement,train,2010/2010-04-08-ecb-mp.txt
"Accordingly, the interest rate on the main refinancing operations and the interest rates on the marginal lending facility and the deposit facility will be increased to 4.25%, 4.50% and 3.75% respectively, with effect from 2 August 2023.",H,2023-07-27 00:00:00,mp_statement,train,2023/2023-07-27-ecb-mp.txt
"The interest rate on the main refinancing operations and the interest rates on the marginal lending facility and the deposit facility will remain unchanged at 4.50%, 4.75% and 4.00% respectively.",N,2024-04-11 00:00:00,mp_statement,train,2024/2024-04-11-ecb-mp.txt
"At today's meeting the Governing Council of the ECB decided that the interest rate on the main refinancing operations and the interest rates on the marginal lending facility and the deposit facility will remain unchanged at 1.00%, 1.75% and 0.25% respectively.",N,2009-06-04 00:00:00,mp_statement,train,2009/2009-06-04-ecb-mp.txt
"Overall, staff expect headline inflation to average 5.4% in 2023, 2.7% in 2024, 2.1% in 2025 and 1.9% in 2026.",H,2023-12-14 00:00:00,mp_statement,train,2023/2023-12-14-ecb-mp.txt
"Tight financing conditions are dampening demand, and this is helping to push down inflation.",H,2024-01-25 00:00:00,mp_statement,train,2024/2024-01-25-ecb-mp.txt
The Governing Council stands ready to adjust all of its instruments within its mandate to ensure that inflation returns to its 2% target over the medium term and to preserve the smooth functioning of monetary policy transmission.,H,2024-07-18 00:00:00,mp_statement,train,2024/2024-07-18-ecb-mp.txt
At today's meeting the Governing Council of the ECB took the following monetary policy decisions:,N,2007-03-08 00:00:00,mp_statement,train,2007/2007-03-08-ecb-mp.txt
"At today's meeting the Governing Council of the ECB decided that the interest rate on the main refinancing operations and the interest rates on the marginal lending facility and the deposit facility will remain unchanged at 0.25%, 0.75% and 0.00% respectively.",N,2013-12-05 00:00:00,mp_statement,train,2013/2013-12-05-ecb-mp.txt
"Beyond that, the economy is expected to recover because of rising real incomes - as people benefit from falling inflation and growing wages - and improving foreign demand.",D,2023-12-14 00:00:00,mp_statement,train,2023/2023-12-14-ecb-mp.txt
"The interest rate on the marginal lending facility will be increased by 25 basis points to 4.0%, with effect from 9 August 2006.",H,2006-08-03 00:00:00,mp_statement,train,2006/2006-08-03-ecb-mp.txt
"below, 2% within its projection horizon, and such convergence has been consistently reflected in underlying inflation dynamics.",N,2021-06-10 00:00:00,mp_statement,train,2021/2021-06-10-ecb-mp.txt
"The interest rate on the main refinancing operations and the interest rates on the marginal lending facility and the deposit facility will remain unchanged at 0.00%, 0.25% and -0.50% respectively.",N,2021-06-10 00:00:00,mp_statement,train,2021/2021-06-10-ecb-mp.txt
"At the same time, domestic price pressures are still high, services inflation is elevated and headline inflation is likely to remain above the target well into next year.",H,2024-07-18 00:00:00,mp_statement,train,2024/2024-07-18-ecb-mp.txt
"In any case, the future roll-off of the PEPP portfolio will be managed to avoid interference with the appropriate monetary policy stance.",N,2022-09-08 00:00:00,mp_statement,train,2022/2022-09-08-ecb-mp.txt
"Domestic inflation remains high, as wages are still rising at an elevated pace.",H,2024-10-17 00:00:00,mp_statement,train,2024/2024-10-17-ecb-mp.txt
"The Governing Council will continue applying flexibility in reinvesting redemptions coming due in the PEPP portfolio, with a view to countering risks to the monetary policy transmission mechanism related to the pandemic.",D,2023-05-04 00:00:00,mp_statement,train,2023/2023-05-04-ecb-mp.txt
"The interest rate on the deposit facility will be increased by 25 basis points to 3.25%, with effect from 9 July 2008.",H,2008-07-03 00:00:00,mp_statement,train,2008/2008-07-03-ecb-mp.txt
"While present conditions are largely influenced by oil price and exchange rate developments and cannot be remedied by monetary policy in the short term, it is imperative that medium-term upward pressure on prices be contained.",H,2000-08-31 00:00:00,mp_statement,train,2000/2000-08-31-ecb-mp.txt
The interest rate on the deposit facility will remain unchanged at 0.25%.,N,2009-05-07 00:00:00,mp_statement,train,2009/2009-05-07-ecb-mp.txt
"In any case, the future roll-off of the PEPP portfolio will be managed to avoid interference with the appropriate monetary policy stance.",N,2021-03-11 00:00:00,mp_statement,train,2021/2021-03-11-ecb-mp.txt
At today's meeting the Governing Council of the ECB took the following monetary policy decisions:,N,,mp_statement,train,2020/2020-07-16-ecb-mp.txt
"At today's meeting the Governing Council of the ECB decided that the interest rate on the main refinancing operations and the interest rates on the marginal lending facility and the deposit facility will remain unchanged at 0.75%, 1.50% and 0.00% respectively.",N,2012-11-08 00:00:00,mp_statement,train,2012/2012-11-08-ecb-mp.txt
"The Governing Council will continue applying flexibility in reinvesting redemptions coming due in the PEPP portfolio, with a view to countering risks to the monetary policy transmission mechanism related to the pandemic.",D,2023-03-16 00:00:00,mp_statement,train,2023/2023-03-16-ecb-mp.txt
"While the uncertainty surrounding trade policies is expected to weigh on business investment and exports, especially in the short term, rising government investment in defence and infrastructure will increasingly support growth over the medium term.",H,2025-06-05 00:00:00,mp_statement,train,2025/2025-06-05-ecb-mp.txt
"For core inflation, the projections for 2024 and 2025 have been revised up slightly, as services inflation has been higher than expected.",H,2024-09-12 00:00:00,mp_statement,train,2024/2024-09-12-ecb-mp.txt
"The interest rate on the main refinancing operations will be reduced by 0.5 percentage point to 2.5%, starting with the operation to be settled on 14 April 1999.",D,1999-04-08 00:00:00,mp_statement,train,1999/1999-04-08-ecb-mp.txt
"At the same time, financing conditions continue to be tight, also because monetary policy remains restrictive and past interest rate hikes are still transmitting to the stock of credit, with some maturing loans being rolled over at higher rates.",H,2025-01-30 00:00:00,mp_statement,train,2025/2025-01-30-ecb-mp.txt
"The interest rate on the deposit facility will be raised by 0.25 percentage point to 2.75%, with effect from 28 April 2000.",H,2000-04-27 00:00:00,mp_statement,train,2000/2000-04-27-ecb-mp.txt
"In any case, the future roll-off of the PEPP portfolio will be managed to avoid interference with the appropriate monetary policy stance.",N,2021-09-09 00:00:00,mp_statement,train,2021/2021-09-09-ecb-mp.txt
"Inflation excluding energy and food continued to increase in February and ECB staff expect it to average 4.6% in 2023, which is higher than foreseen in the December projections.",H,2023-03-16 00:00:00,mp_statement,train,2023/2023-03-16-ecb-mp.txt
The interest rate on the main refinancing operations and the interest rate on the marginal lending facility will remain unchanged at 0.05% and 0.30% respectively.,N,2015-12-03 00:00:00,mp_statement,train,2015/2015-12-03-ecb-mp.txt
"At today's meeting the Governing Council of the ECB decided that the interest rate on the main refinancing operations and the interest rates on the marginal lending facility and the deposit facility will remain unchanged at 0.00%, 0.25% and -0.40% respectively.",N,2018-01-25 00:00:00,mp_statement,train,2018/2018-01-25-ecb-mp.txt
"Inflation has been at around the 2% target, longer-term inflation expectations are well anchored, and the economy has shown resilience over recent quarters.",N,2026-03-19 00:00:00,mp_statement,train,2026/2026-03-19-ecb-mp.txt
dampen demand and guard against the risk of a persistent upward shift in inflation expectations.,N,2022-09-08 00:00:00,mp_statement,train,2022/2022-09-08-ecb-mp.txt
"The euro area economy may contract in the current quarter and the next quarter, owing to the energy crisis, high uncertainty, weakening global economic activity and tighter financing conditions.",H,2022-12-15 00:00:00,mp_statement,train,2022/2022-12-15-ecb-mp.txt
"Staff now project inflation to average 2.3% in 2024, 2.0% in 2025 and 1.9% in 2026.",D,2024-03-07 00:00:00,mp_statement,train,2024/2024-03-07-ecb-mp.txt
The incoming information has broadly confirmed the Governing Council's previous assessment of the medium-term inflation outlook.,N,2024-04-11 00:00:00,mp_statement,train,2024/2024-04-11-ecb-mp.txt
"Regarding non-standard monetary policy measures, we have started to expand our monthly purchases under the asset purchase programme to €80 billion.",D,2016-04-21 00:00:00,mp_statement,train,2016/2016-04-21-ecb-mp.txt
to ensure a timely return of inflation to the 2% medium-term target.,N,2022-12-15 00:00:00,mp_statement,train,2022/2022-12-15-ecb-mp.txt
"If the outlook becomes less favourable, or if financial conditions become inconsistent with further progress towards a sustained adjustment in the path of inflation, the Governing Council stands ready to increase the APP in terms of size and/or duration.",D,2017-10-26 00:00:00,mp_statement,train,2017/2017-10-26-ecb-mp.txt
"In addition, the flexibility of purchases over time, across asset classes and among jurisdictions will continue to support the smooth transmission of monetary policy.",D,2021-04-22 00:00:00,mp_statement,train,2021/2021-04-22-ecb-mp.txt
"The interest rate on the marginal lending facility will be decreased by 50 basis points to 1.75%, with effect from 13 May 2009.",D,2009-05-07 00:00:00,mp_statement,train,2009/2009-05-07-ecb-mp.txt
"In particular, the decision to lower the deposit facility rate - the rate through which the Governing Council steers the monetary policy stance - is based on its updated assessment of the inflation outlook, the dynamics of underlying inflation and the strength of monetary policy transmission.",D,2024-12-12 00:00:00,mp_statement,train,2024/2024-12-12-ecb-mp.txt
The Governing Council stands ready to adjust all of its instruments within its mandate to ensure that inflation returns to its 2% target over the medium term.,H,2023-02-02 00:00:00,mp_statement,train,2023/2023-02-02-ecb-mp.txt
"Moreover, the Transmission Protection Instrument is available to counter unwarranted, disorderly market dynamics that pose a serious threat to the transmission of monetary policy across all euro area countries, thus allowing the Governing Council to more effectively deliver on its price stability mandate.",D,2025-12-18 00:00:00,mp_statement,train,2025/2025-12-18-ecb-mp.txt
"Within the ECB's mandate, under stressed conditions, flexibility will remain an element of monetary policy whenever threats to monetary policy transmission jeopardise the attainment of price stability.",N,2022-06-09 00:00:00,mp_statement,train,2022/2022-06-09-ecb-mp.txt
Most measures of underlying inflation suggest that inflation will settle at around the Governing Council's 2% medium-term target on a sustained basis.,N,2024-12-12 00:00:00,mp_statement,train,2024/2024-12-12-ecb-mp.txt
The Governing Council will also assess the appropriate calibration of its two-tier system for reserve remuneration so that the negative interest rate policy does not limit banks' intermediation capacity in an environment of ample excess liquidity.,D,2022-02-03 00:00:00,mp_statement,train,2022/2022-02-03-ecb-mp.txt
"Moreover, the Transmission Protection Instrument is available to counter unwarranted, disorderly market dynamics that pose a serious threat to the transmission of monetary policy across all euro area countries, thus allowing the Governing Council to more effectively deliver on its price stability mandate.",D,2023-07-27 00:00:00,mp_statement,train,2023/2023-07-27-ecb-mp.txt
"The interest rate on the deposit facility will be decreased by 25 basis points to 0.25%, with effect from 8 April 2009.",D,2009-04-02 00:00:00,mp_statement,train,2009/2009-04-02-ecb-mp.txt
"The interest rate on the marginal lending facility will be decreased by 25 basis points to 2.25%, with effect from 8 April 2009.",D,2009-04-02 00:00:00,mp_statement,train,2009/2009-04-02-ecb-mp.txt
"Most measures of underlying inflation are easing, wage growth is gradually moderating, and firms are absorbing part of the rise in labour costs in their profits.",D,2024-04-11 00:00:00,mp_statement,train,2024/2024-04-11-ecb-mp.txt
It will closely monitor the situation and follow a data-dependent and meeting-by-meeting approach to determining the appropriate monetary policy stance.,N,2026-06-11 00:00:00,mp_statement,train,2026/2026-06-11-ecb-mp.txt
The Governing Council is determined to ensure that inflation returns to its 2% medium-term target in a timely manner.,N,2024-06-06 00:00:00,mp_statement,train,2024/2024-06-06-ecb-mp.txt
"Economic growth is expected to be stronger than in the September projections, driven especially by domestic demand.",H,2025-12-18 00:00:00,mp_statement,train,2025/2025-12-18-ecb-mp.txt
"As banks are repaying the amounts borrowed under the targeted longer-term refinancing operations, the Governing Council will regularly assess how targeted lending operations are contributing to its monetary policy stance.",H,2023-03-16 00:00:00,mp_statement,train,2023/2023-03-16-ecb-mp.txt
The Governing Council stands ready to adjust all of its instruments within its mandate to ensure that inflation returns to its 2% target over the medium term and to preserve the smooth functioning of monetary policy transmission.,H,2024-01-25 00:00:00,mp_statement,train,2024/2024-01-25-ecb-mp.txt
"(1) The interest rate on the main refinancing operations and the interest rates on the marginal lending facility and the deposit facility will remain unchanged at 0.00%, 0.25% and -0.40% respectively.",N,2019-06-06 00:00:00,mp_statement,train,2019/2019-06-06-ecb-mp.txt
But monetary accommodation is still needed for inflation to stabilise at the 2% inflation target over the medium term.,D,2021-12-16 00:00:00,mp_statement,train,2021/2021-12-16-ecb-mp.txt
"Regarding non-standard monetary policy measures, the Governing Council will continue to make net purchases under the asset purchase programme (APP) at the current monthly pace of €30 billion until the end of this month.",D,2018-09-13 00:00:00,mp_statement,train,2018/2018-09-13-ecb-mp.txt
"At today's meeting, which was held in Berlin, the Governing Council of the ECB decided that the interest rate on the main refinancing operations and the interest rates on the marginal lending facility and the deposit facility will remain unchanged at 1.50%, 2.25% and 0.75% respectively.",N,2011-10-06 00:00:00,mp_statement,train,2011/2011-10-06-ecb-mp.txt
"The interest rate on the marginal lending facility will be reduced by 50 basis points to 4.75 %, with immediate effect.",D,2008-10-08 00:00:00,mp_statement,train,2008/2008-10-08-ecb-mp.txt
"Moreover, the Transmission Protection Instrument is available to counter unwarranted, disorderly market dynamics that pose a serious threat to the transmission of monetary policy across all euro area countries, thus allowing the Governing Council to more effectively deliver on its price stability mandate.",D,2025-06-05 00:00:00,mp_statement,train,2025/2025-06-05-ecb-mp.txt
"The Transmission Protection Instrument is available to counter unwarranted, disorderly market dynamics that pose a serious threat to the transmission of monetary policy across all euro area countries, thus allowing the Governing Council to more effectively deliver on its price stability mandate.",D,2022-10-27 00:00:00,mp_statement,train,2022/2022-10-27-ecb-mp.txt
"The interest rate on the deposit facility will be decreased by 50 basis points to 0.50%, with effect from 11 March 2009.",D,2009-03-05 00:00:00,mp_statement,train,2009/2009-03-05-ecb-mp.txt
Eurosystem staff expect economic growth to remain subdued in the near term.,D,2023-12-14 00:00:00,mp_statement,train,2023/2023-12-14-ecb-mp.txt
"They will be carried out as fixed rate tender procedures with full allotment, with an interest rate that is 25 basis points below the average rate on the main refinancing operations prevailing over the life of each PELTRO.",D,,mp_statement,train,2020/2020-04-30-ecb-mp.txt
"At today's meeting the Governing Council of the ECB decided that the interest rate on the main refinancing operations and the interest rates on the marginal lending facility and the deposit facility will remain unchanged at 1.00%, 1.75% and 0.25% respectively.",N,2012-03-08 00:00:00,mp_statement,train,2012/2012-03-08-ecb-mp.txt
"The Governing Council today decided to raise the three key ECB interest rates by 50 basis points and, based on the substantial upward revision to the inflation outlook, expects to raise them further.",H,2022-12-15 00:00:00,mp_statement,train,2022/2022-12-15-ecb-mp.txt
"Regarding non-standard monetary policy measures, the Governing Council confirms that it will continue to make purchases under the asset purchase programme (APP) at the current monthly pace of €80 billion until the end of this month and that, from April 2017, the net asset purchases are intended to continue at a monthly pace of €60 billion until the end of December 2017, or beyond, if necessary, and in any case until the Governing Council sees a sustained adjustment in the path of inflation consistent with its inflation aim.",D,2017-03-09 00:00:00,mp_statement,train,2017/2017-03-09-ecb-mp.txt
At today's meeting the Governing Council of the ECB took the following monetary policy decisions:,N,2017-10-26 00:00:00,mp_statement,train,2017/2017-10-26-ecb-mp.txt
"Wage growth is moderating, and profits are partially buffering the impact of still elevated wage growth on inflation.",N,2025-04-17 00:00:00,mp_statement,train,2025/2025-04-17-ecb-mp.txt
The Governing Council will purchase flexibly according to market conditions and with a view to preventing a tightening of financing conditions that is inconsistent with countering the downward impact of the pandemic on the projected path of inflation.,H,2021-03-11 00:00:00,mp_statement,train,2021/2021-03-11-ecb-mp.txt
"The Governing Council of the ECB, by means of teleconferencing, has taken the following monetary policy decisions:",N,2008-10-08 00:00:00,mp_statement,train,2008/2008-10-08-ecb-mp.txt
"The interest rate on the deposit facility will be increased by 25 basis points to 0.75%, with effect from 13 July 2011.",H,2011-07-07 00:00:00,mp_statement,train,2011/2011-07-07-ecb-mp.txt
"The interest rate on the main refinancing operations of the Eurosystem will be decreased by 25 basis points to 0.75%, starting from the operation to be settled on 11 July 2012.",D,2012-07-05 00:00:00,mp_statement,train,2012/2012-07-05-ecb-mp.txt
"As the incoming information confirmed the joint assessment of financing conditions and the inflation outlook carried out at the June monetary policy meeting, the Governing Council continues to expect purchases under the PEPP over the current quarter to be conducted at a significantly higher pace than during the first months of the year.",D,2021-07-22 00:00:00,mp_statement,train,2021/2021-07-22-ecb-mp.txt
"At today's meeting, which was held in Nicosia, the Governing Council of the ECB decided that the interest rate on the main refinancing operations and the interest rates on the marginal lending facility and the deposit facility will remain unchanged at 0.05%, 0.30% and -0.20% respectively.",N,2015-03-05 00:00:00,mp_statement,train,2015/2015-03-05-ecb-mp.txt
they will be conducted as fixed rate tenders at an interest rate of 3.0%.,N,1999-03-04 00:00:00,mp_statement,test,1999/1999-03-04-ecb-mp.txt
The Governing Council confirmed its earlier assessment that the prospects for price stability remain favourable.,N,1999-03-18 00:00:00,mp_statement,test,1999/1999-03-18-ecb-mp.txt
"The interest rate on the marginal lending facility will be raised by 0.5 percentage point to 4%, with effect from 5 November 1999.",D,1999-11-04 00:00:00,mp_statement,test,1999/1999-11-04-ecb-mp.txt
"The interest rate on the deposit facility will be raised by 0.5 percentage point to 2%, with effect from 5 November 1999.",D,1999-11-04 00:00:00,mp_statement,test,1999/1999-11-04-ecb-mp.txt
"The interest rate on the deposit facility will be raised by 0.25 percentage point to 2.25%, with effect of 4 February 2000.",D,2000-02-03 00:00:00,mp_statement,test,2000/2000-02-03-ecb-mp.txt
Prodi) the Governing Council of the ECB took the following monetary policy decisions:,N,2000-03-16 00:00:00,mp_statement,test,2000/2000-03-16-ecb-mp.txt
"With regard to the first pillar of the monetary policy strategy of the Eurosystem, the prolonged deviation of M3 growth from the reference value of 4 1/2% points to the existence of ample liquidity in the euro area, especially when seen in conjunction with the continued strong growth of credit granted to the private sector.",H,2000-03-16 00:00:00,mp_statement,test,2000/2000-03-16-ecb-mp.txt
"By ensuring a non-inflationary environment, this move will contribute to ensuring sustainable economic growth in the euro area.",H,2000-03-16 00:00:00,mp_statement,test,2000/2000-03-16-ecb-mp.txt
"The interest rate on the main refinancing operations of the Eurosystem will be raised by 0.25 percentage point to 3.75%, starting from the operation to be settled on 4 May 2000.",D,2000-04-27 00:00:00,mp_statement,test,2000/2000-04-27-ecb-mp.txt
"The interest rate on the marginal lending facility will be raised by 0.25 percentage point to 4.75%, with effect from 28 April 2000.",D,2000-04-27 00:00:00,mp_statement,test,2000/2000-04-27-ecb-mp.txt
"The Governing Council discussed recent movements in the exchange rates between the major currencies, including the recent decline of the euro, and examined their possible implications for price stability in the euro area.",H,2000-04-27 00:00:00,mp_statement,test,2000/2000-04-27-ecb-mp.txt
"2818/98 of the European Central Bank of 1 December 1998 on the application of minimum reserves (ECB/1998/15), the marginal interest rate of the main refinancing operation is used to calculate the remuneration of required reserves.",N,2000-06-08 00:00:00,mp_statement,test,2000/2000-06-08-ecb-mp.txt
"In order to maintain this benign environment, price stability over the medium term must be ensured.",H,2000-08-31 00:00:00,mp_statement,test,2000/2000-08-31-ecb-mp.txt
At today's meeting the Governing Council of the ECB took the following monetary policy decisions:,N,2000-10-05 00:00:00,mp_statement,test,2000/2000-10-05-ecb-mp.txt
"The interest rate on the deposit facility will be raised by 0.25 percentage point to 3.75%, with effect from 6 October 2000.",D,2000-10-05 00:00:00,mp_statement,test,2000/2000-10-05-ecb-mp.txt
"The interest rate on the deposit facility will be reduced by 0.50 percentage point to 2.25%, with effect from 9 November 2001.",H,2001-11-08 00:00:00,mp_statement,test,2001/2001-11-08-ecb-mp.txt
"The interest rate on the deposit facility will be reduced by 0.50 percentage point to 1.75%, with effect from 6 December 2002.",H,2002-12-05 00:00:00,mp_statement,test,2002/2002-12-05-ecb-mp.txt
At today's meeting the Governing Council of the ECB took the following monetary policy decisions:,N,2003-03-06 00:00:00,mp_statement,test,2003/2003-03-06-ecb-mp.txt
"The interest rate on the marginal lending facility will be reduced by 0.50 percentage point to 3.00%, with effect from 6 June 2003.",D,2003-06-05 00:00:00,mp_statement,test,2003/2003-06-05-ecb-mp.txt
"The interest rate on the deposit facility will be increased by 0.25 percentage point to 1.25%, with effect from 6 December 2005.",H,2005-12-01 00:00:00,mp_statement,test,2005/2005-12-01-ecb-mp.txt
"The interest rate on the deposit facility will be increased by 25 basis points to 1.50%, with effect from 8 March 2006.",H,2006-03-02 00:00:00,mp_statement,test,2006/2006-03-02-ecb-mp.txt
"At today's meeting, which was held in Paris, the Governing Council of the ECB took the following monetary policy decisions:",N,2006-10-05 00:00:00,mp_statement,test,2006/2006-10-05-ecb-mp.txt
"The interest rate on the marginal lending facility will be increased by 25 basis points to 4.75%, with effect from 14 March 2007.",H,2007-03-08 00:00:00,mp_statement,test,2007/2007-03-08-ecb-mp.txt
The recent intensification of the financial crisis has augmented the downside risks to growth and thus has diminished further the upside risks to price stability.,H,2008-10-08 00:00:00,mp_statement,test,2008/2008-10-08-ecb-mp.txt
"The interest rate on the marginal lending facility will be decreased by 50 basis points to 3.75%, with effect from 12 November 2008.",D,2008-11-06 00:00:00,mp_statement,test,2008/2008-11-06-ecb-mp.txt
"The interest rate on the deposit facility will be decreased by 50 basis points to 2.75%, with effect from 12 November 2008.",D,2008-11-06 00:00:00,mp_statement,test,2008/2008-11-06-ecb-mp.txt
"At today's meeting, which was held in Brussels, the Governing Council of the ECB took the following monetary policy decisions:",N,2008-12-04 00:00:00,mp_statement,test,2008/2008-12-04-ecb-mp.txt
At today's meeting the Governing Council of the ECB took the following monetary policy decisions:,N,2009-01-15 00:00:00,mp_statement,test,2009/2009-01-15-ecb-mp.txt
These decisions are in accordance with the Governing Council's decision on 18 December 2008 to restore the width of the corridor of standing facility rates around the interest rate on the main refinancing operation to 200 basis points.,D,2009-01-15 00:00:00,mp_statement,test,2009/2009-01-15-ecb-mp.txt
"At today's meeting, which was held in Venice, the Governing Council of the ECB decided that the interest rate on the main refinancing operations and the interest rates on the marginal lending facility and the deposit facility will remain unchanged at 1.00%, 1.75% and 0.25% respectively.",N,2009-10-08 00:00:00,mp_statement,test,2009/2009-10-08-ecb-mp.txt
"At today's meeting the Governing Council of the ECB decided that the interest rate on the main refinancing operations and the interest rates on the marginal lending facility and the deposit facility will remain unchanged at 1.00%, 1.75% and 0.25% respectively.",N,2010-01-14 00:00:00,mp_statement,test,2010/2010-01-14-ecb-mp.txt
"At today's meeting the Governing Council of the ECB decided that the interest rate on the main refinancing operations and the interest rates on the marginal lending facility and the deposit facility will remain unchanged at 1.00%, 1.75% and 0.25% respectively.",N,2010-03-04 00:00:00,mp_statement,test,2010/2010-03-04-ecb-mp.txt
"At today's meeting the Governing Council of the ECB decided that the interest rate on the main refinancing operations and the interest rates on the marginal lending facility and the deposit facility will remain unchanged at 1.00%, 1.75% and 0.25% respectively.",N,2010-08-05 00:00:00,mp_statement,test,2010/2010-08-05-ecb-mp.txt
"At today's meeting the Governing Council of the ECB decided that the interest rate on the main refinancing operations and the interest rates on the marginal lending facility and the deposit facility will remain unchanged at 1.00%, 1.75% and 0.25% respectively.",N,2010-12-02 00:00:00,mp_statement,test,2010/2010-12-02-ecb-mp.txt
At today's meeting the Governing Council of the ECB took the following monetary policy decisions:,N,2011-11-03 00:00:00,mp_statement,test,2011/2011-11-03-ecb-mp.txt
"The interest rate on the marginal lending facility will be decreased by 25 basis points to 2.00%, with effect from 9 November 2011.",D,2011-11-03 00:00:00,mp_statement,test,2011/2011-11-03-ecb-mp.txt
"At today's meeting the Governing Council of the ECB decided that the interest rate on the main refinancing operations and the interest rates on the marginal lending facility and the deposit facility will remain unchanged at 1.00%, 1.75% and 0.25% respectively.",N,2012-06-06 00:00:00,mp_statement,test,2012/2012-06-06-ecb-mp.txt
At today's meeting the Governing Council of the ECB took the following monetary policy decisions:,N,2012-07-05 00:00:00,mp_statement,test,2012/2012-07-05-ecb-mp.txt
"At today's meeting the Governing Council of the ECB decided that the interest rate on the main refinancing operations and the interest rates on the marginal lending facility and the deposit facility will remain unchanged at 0.75%, 1.50% and 0.00% respectively.",N,2012-08-02 00:00:00,mp_statement,test,2012/2012-08-02-ecb-mp.txt
"At today's meeting, which was held in Brdo pri Kranju, the Governing Council of the ECB decided that the interest rate on the main refinancing operations and the interest rates on the marginal lending facility and the deposit facility will remain unchanged at 0.75%, 1.50% and 0.00% respectively.",N,2012-10-04 00:00:00,mp_statement,test,2012/2012-10-04-ecb-mp.txt
The interest rate on the deposit facility will remain unchanged at 0.00%.,N,2013-05-02 00:00:00,mp_statement,test,2013/2013-05-02-ecb-mp.txt
"At today's meeting the Governing Council of the ECB decided that the interest rate on the main refinancing operations and the interest rates on the marginal lending facility and the deposit facility will remain unchanged at 0.50%, 1.00% and 0.00% respectively.",N,2013-06-06 00:00:00,mp_statement,test,2013/2013-06-06-ecb-mp.txt
"At today's meeting the Governing Council of the ECB decided that the interest rate on the main refinancing operations and the interest rates on the marginal lending facility and the deposit facility will remain unchanged at 0.50%, 1.00% and 0.00% respectively.",N,2013-08-01 00:00:00,mp_statement,test,2013/2013-08-01-ecb-mp.txt
"The interest rate on the marginal lending facility will be decreased by 25 basis points to 0.75%, with effect from 13 November 2013.",D,2013-11-07 00:00:00,mp_statement,test,2013/2013-11-07-ecb-mp.txt
"At today's meeting, which was held in Brussels, the Governing Council of the ECB decided that the interest rate on the main refinancing operations and the interest rates on the marginal lending facility and the deposit facility will remain unchanged at 0.25%, 0.75% and 0.00% respectively.",N,2014-05-08 00:00:00,mp_statement,test,2014/2014-05-08-ecb-mp.txt
"The interest rate on the main refinancing operations of the Eurosystem will be decreased by 10 basis points to 0.15%, starting from the operation to be settled on 11 June 2014.",D,2014-06-05 00:00:00,mp_statement,test,2014/2014-06-05-ecb-mp.txt
"The interest rate on the marginal lending facility will be decreased by 35 basis points to 0.40%, with effect from 11 June 2014.",D,2014-06-05 00:00:00,mp_statement,test,2014/2014-06-05-ecb-mp.txt
"The interest rate on the deposit facility will be decreased by 10 basis points to -0.20%, with effect from 10 September 2014.",D,2014-09-04 00:00:00,mp_statement,test,2014/2014-09-04-ecb-mp.txt
"At today's meeting, which was held in Naples, the Governing Council of the ECB decided that the interest rate on the main refinancing operations and the interest rates on the marginal lending facility and the deposit facility will remain unchanged at 0.05%, 0.30% and -0.20% respectively.",N,2014-10-02 00:00:00,mp_statement,test,2014/2014-10-02-ecb-mp.txt
"At today's meeting the Governing Council of the ECB decided that the interest rate on the main refinancing operations and the interest rates on the marginal lending facility and the deposit facility will remain unchanged at 0.05%, 0.30% and -0.20% respectively.",,2014-11-06 00:00:00,mp_statement,test,2014/2014-11-06-ecb-mp.txt
"At today's meeting, which was held in Malta, the Governing Council of the ECB decided that the interest rate on the main refinancing operations and the interest rates on the marginal lending facility and the deposit facility will remain unchanged at 0.05%, 0.30% and -0.20% respectively.",N,2015-10-22 00:00:00,mp_statement,test,2015/2015-10-22-ecb-mp.txt
"At today's meeting the Governing Council of the ECB decided that the interest rate on the deposit facility will be decreased by 10 basis points to -0.30%, with effect from 9 December 2015.",D,2015-12-03 00:00:00,mp_statement,test,2015/2015-12-03-ecb-mp.txt
"(2) The interest rate on the marginal lending facility will be decreased by 5 basis points to 0.25%, with effect from 16 March 2016.",D,2016-03-10 00:00:00,mp_statement,test,2016/2016-03-10-ecb-mp.txt
"At today's meeting the Governing Council of the ECB decided that the interest rate on the main refinancing operations and the interest rates on the marginal lending facility and the deposit facility will remain unchanged at 0.00%, 0.25% and -0.40% respectively.",N,2016-09-08 00:00:00,mp_statement,test,2016/2016-09-08-ecb-mp.txt
"At today's meeting the Governing Council of the ECB decided that the interest rate on the main refinancing operations and the interest rates on the marginal lending facility and the deposit facility will remain unchanged at 0.00%, 0.25% and -0.40% respectively.",N,2016-10-20 00:00:00,mp_statement,test,2016/2016-10-20-ecb-mp.txt
"Regarding non-standard monetary policy measures, the Governing Council confirms that the monthly asset purchases of €80 billion are intended to run until the end of March 2017, or beyond, if necessary, and in any case until it sees a sustained adjustment in the path of inflation consistent with its inflation aim.",D,2016-10-20 00:00:00,mp_statement,test,2016/2016-10-20-ecb-mp.txt
"Regarding non-standard monetary policy measures, the Governing Council confirms that it will continue to make purchases under the asset purchase programme (APP) at the current monthly pace of €80 billion until the end of March 2017 and that, from April 2017, the net asset purchases are intended to continue at a monthly pace of €60 billion until the end of December 2017, or beyond, if necessary, and in any case until the Governing Council sees a sustained adjustment in the path of inflation consistent with its inflation aim.",D,2017-01-19 00:00:00,mp_statement,test,2017/2017-01-19-ecb-mp.txt
"Regarding non-standard monetary policy measures, the Governing Council confirms that the net asset purchases, at the new monthly pace of €60 billion, are intended to run until the end of December 2017, or beyond, if necessary, and in any case until the Governing Council sees a sustained adjustment in the path of inflation consistent with its inflation aim.",D,2017-04-27 00:00:00,mp_statement,test,2017/2017-04-27-ecb-mp.txt
"Regarding non-standard monetary policy measures, the Governing Council confirms that the net asset purchases, at the current monthly pace of €60 billion, are intended to run until the end of December 2017, or beyond, if necessary, and in any case until the Governing Council sees a sustained adjustment in the path of inflation consistent with its inflation aim.",D,2017-07-20 00:00:00,mp_statement,test,2017/2017-07-20-ecb-mp.txt
"(2) As regards non-standard monetary policy measures, purchases under the asset purchase programme (APP) will continue at the current monthly pace of €60 billion until the end of December 2017.",D,2017-10-26 00:00:00,mp_statement,test,2017/2017-10-26-ecb-mp.txt
"The Governing Council anticipates that, after September 2018, subject to incoming data confirming the Governing Council's medium-term inflation outlook, the monthly pace of the net asset purchases will be reduced to €15 billion until the end of December 2018 and that net purchases will then end.",H,2018-06-14 00:00:00,mp_statement,test,2018/2018-06-14-ecb-mp.txt
The Governing Council expects the key ECB interest rates to remain at their present levels at least through the summer of 2019 and in any case for as long as necessary to ensure that the evolution of inflation remains aligned with the current expectations of a sustained adjustment path.,N,2018-06-14 00:00:00,mp_statement,test,2018/2018-06-14-ecb-mp.txt
"The Governing Council anticipates that, subject to incoming data confirming the medium-term inflation outlook, net purchases will then end.",H,2018-10-25 00:00:00,mp_statement,test,2018/2018-10-25-ecb-mp.txt
"(4) The interest rate on the main refinancing operations and the interest rates on the marginal lending facility and the deposit facility will remain unchanged at 0.00%, 0.25% and -0.50% respectively.",N,2019-02-28 00:00:00,mp_statement,test,2020/2020-03-12-ecb-mp.txt
"below, 2% within its projection horizon, and such convergence has been consistently reflected in underlying inflation dynamics.",N,2019-02-28 00:00:00,mp_statement,test,2020/2020-03-12-ecb-mp.txt
These new operations will help to preserve favourable bank lending conditions and the smooth transmission of monetary policy.,D,2019-03-07 00:00:00,mp_statement,test,2019/2019-03-07-ecb-mp.txt
"At today's meeting the Governing Council of the European Central Bank (ECB) decided that the interest rate on the main refinancing operations and the interest rates on the marginal lending facility and the deposit facility will remain unchanged at 0.00%, 0.25% and -0.40% respectively.",N,2019-04-10 00:00:00,mp_statement,test,2019/2019-04-10-ecb-mp.txt
"At today's meeting, which was held in Vilnius, the Governing Council of the European Central Bank (ECB) took the following monetary policy decisions:",N,2019-06-06 00:00:00,mp_statement,test,2019/2019-06-06-ecb-mp.txt
(1) The interest rate on the deposit facility will be decreased by 10 basis points to -0.50%.,D,2019-09-12 00:00:00,mp_statement,test,2019/2019-09-12-ecb-mp.txt
At today's meeting the Governing Council of the ECB took the following monetary policy decisions:,N,2020-09-10 00:00:00,mp_statement,test,2020/2020-09-10-ecb-mp.txt
"The Governing Council continues to stand ready to adjust all of its instruments, as appropriate, to ensure that inflation moves towards its aim in a sustained manner, in line with its commitment to symmetry.",D,2020-09-10 00:00:00,mp_statement,test,2020/2020-09-10-ecb-mp.txt
"This will foster the convergence of inflation towards its aim in a sustained manner, in line with its commitment to symmetry.",N,2020-10-29 00:00:00,mp_statement,test,2020/2020-10-29-ecb-mp.txt
"(1) The interest rate on the main refinancing operations and the interest rates on the marginal lending facility and the deposit facility will remain unchanged at 0.00%, 0.25% and -0.50% respectively.",N,2020-10-29 00:00:00,mp_statement,test,2020/2020-10-29-ecb-mp.txt
"The Governing Council expects the key ECB interest rates to remain at their present or lower levels until it has seen the inflation outlook robustly converge to a level sufficiently close to,",N,2020-10-29 00:00:00,mp_statement,test,2020/2020-10-29-ecb-mp.txt
"In view of the economic fallout from the resurgence of the pandemic, today the Governing Council recalibrated its monetary policy instruments as follows:",H,2020-12-10 00:00:00,mp_statement,test,2020/2020-12-10-ecb-mp.txt
"First, the interest rate on the main refinancing operations and the interest rates on the marginal lending facility and the deposit facility will remain unchanged at 0.00 per cent, 0.25 per cent and -0.50 per cent respectively.",N,2020-12-10 00:00:00,mp_statement,test,2020/2020-12-10-ecb-mp.txt
"The Governing Council expects the key ECB interest rates to remain at their present or lower levels until it has seen the inflation outlook robustly converge to a level sufficiently close to,",N,2020-12-10 00:00:00,mp_statement,test,2020/2020-12-10-ecb-mp.txt
"below, 2 per cent within its projection horizon, and such convergence has been consistently reflected in underlying inflation dynamics.",N,2020-12-10 00:00:00,mp_statement,test,2020/2020-12-10-ecb-mp.txt
"The monetary policy measures taken today will contribute to preserving favourable financing conditions over the pandemic period, thereby supporting the flow of credit to all sectors of the economy, underpinning economic activity and safeguarding medium-term price stability.",D,2020-12-10 00:00:00,mp_statement,test,2020/2020-12-10-ecb-mp.txt
"The Governing Council therefore continues to stand ready to adjust all of its instruments, as appropriate, to ensure that inflation moves towards its aim in a sustained manner, in line with its commitment to symmetry.",D,2020-12-10 00:00:00,mp_statement,test,2020/2020-12-10-ecb-mp.txt
The Governing Council decided to reconfirm its very accommodative monetary policy stance.,D,2021-01-21 00:00:00,mp_statement,test,2021/2021-01-21-ecb-mp.txt
"In any case, the future roll-off of the PEPP portfolio will be managed to avoid interference with the appropriate monetary policy stance.",N,2021-01-21 00:00:00,mp_statement,test,2021/2021-01-21-ecb-mp.txt
"In addition, the flexibility of purchases over time, across asset classes and among jurisdictions will continue to support the smooth transmission of monetary policy.",N,2021-03-11 00:00:00,mp_statement,test,2021/2021-03-11-ecb-mp.txt
"Equally, the envelope can be recalibrated if required to maintain favourable financing conditions to help counter the negative pandemic shock to the path of inflation.",D,2021-03-11 00:00:00,mp_statement,test,2021/2021-03-11-ecb-mp.txt
"below, 2% within its projection horizon, and such convergence has been consistently reflected in underlying inflation dynamics.",N,2021-03-11 00:00:00,mp_statement,test,2021/2021-03-11-ecb-mp.txt
"The Governing Council expects the key ECB interest rates to remain at their present or lower levels until it has seen the inflation outlook robustly converge to a level sufficiently close to,",N,2021-04-22 00:00:00,mp_statement,test,2021/2021-04-22-ecb-mp.txt
"Equally, the envelope can be recalibrated if required to maintain favourable financing conditions to help counter the negative pandemic shock to the path of inflation.",D,2021-04-22 00:00:00,mp_statement,test,2021/2021-04-22-ecb-mp.txt
"At today's meeting, the Governing Council decided to confirm its very accommodative monetary policy stance:",D,2021-06-10 00:00:00,mp_statement,test,2021/2021-06-10-ecb-mp.txt
"The Governing Council stands ready to adjust all of its instruments, as appropriate, to ensure that inflation moves towards its aim in a sustained manner, in line with its commitment to symmetry.",H,2021-06-10 00:00:00,mp_statement,test,2021/2021-06-10-ecb-mp.txt
"Equally, the envelope can be recalibrated if required to maintain favourable financing conditions to help counter the negative pandemic shock to the path of inflation.",D,2021-07-22 00:00:00,mp_statement,test,2021/2021-07-22-ecb-mp.txt
"The interest rate on the main refinancing operations and the interest rates on the marginal lending facility and the deposit facility will remain unchanged at 0.00%, 0.25% and -0.50% respectively.",N,2021-10-28 00:00:00,mp_statement,test,2021/2021-10-28-ecb-mp.txt
"In support of its symmetric two per cent inflation target and in line with its monetary policy strategy, the Governing Council expects the key ECB interest rates to remain at their present or lower levels until it sees inflation reaching two per cent well ahead of the end of its projection horizon and durably for the rest of the projection horizon, and it judges that realised progress in underlying inflation is sufficiently advanced to be consistent with inflation stabilising at two per cent over the medium term.",D,2021-10-28 00:00:00,mp_statement,test,2021/2021-10-28-ecb-mp.txt
"Equally, the envelope can be recalibrated if required to maintain favourable financing conditions to help counter the negative pandemic shock to the path of inflation.",D,2021-10-28 00:00:00,mp_statement,test,2021/2021-10-28-ecb-mp.txt
"In any case, the future roll-off of the PEPP portfolio will be managed to avoid interference with the appropriate monetary policy stance.",N,2021-10-28 00:00:00,mp_statement,test,2021/2021-10-28-ecb-mp.txt
"The Governing Council stands ready to adjust all of its instruments, as appropriate, to ensure that inflation stabilises at its two per cent target over the medium term.",D,2021-10-28 00:00:00,mp_statement,test,2021/2021-10-28-ecb-mp.txt
"The pandemic has shown that, under stressed conditions, flexibility in the design and conduct of asset purchases has helped to counter the impaired transmission of monetary policy and made efforts to achieve the Governing Council's goal more effective.",D,2021-12-16 00:00:00,mp_statement,test,2021/2021-12-16-ecb-mp.txt
"In support of its symmetric 2% inflation target and in line with its monetary policy strategy, the Governing Council expects the key ECB interest rates to remain at their present or lower levels until it sees inflation reaching 2% well ahead of the end of its projection horizon and durably for the rest of the projection horizon, and it judges that realised progress in underlying inflation is sufficiently advanced to be consistent with inflation stabilising at 2% over the medium term.",D,2021-12-16 00:00:00,mp_statement,test,2021/2021-12-16-ecb-mp.txt
This may also imply a transitory period in which inflation is moderately above target.,H,2021-12-16 00:00:00,mp_statement,test,2021/2021-12-16-ecb-mp.txt
The Governing Council will also regularly assess how targeted lending operations are contributing to its monetary policy stance.,N,2021-12-16 00:00:00,mp_statement,test,2021/2021-12-16-ecb-mp.txt
"The Governing Council stands ready to adjust all of its instruments, as appropriate and in either direction, to ensure that inflation stabilises at its 2% target over the medium term.",N,2021-12-16 00:00:00,mp_statement,test,2021/2021-12-16-ecb-mp.txt
"In support of its symmetric 2% inflation target and in line with its monetary policy strategy, the Governing Council expects the key ECB interest rates to remain at their present or lower levels until it sees inflation reaching 2% well ahead of the end of its projection horizon and durably for the rest of the projection horizon, and it judges that realised progress in underlying inflation is sufficiently advanced to be consistent with inflation stabilising at 2% over the medium term.",D,2022-02-03 00:00:00,mp_statement,test,2022/2022-02-03-ecb-mp.txt
"The Governing Council stands ready to adjust all of its instruments, as appropriate, to ensure that inflation stabilises at its 2% target over the medium term.",D,2022-02-03 00:00:00,mp_statement,test,2022/2022-02-03-ecb-mp.txt
"If the medium-term inflation outlook changes and if financing conditions become inconsistent with further progress towards the 2% target, the Governing Council stands ready to revise its schedule for net asset purchases in terms of size and/or duration.",N,2022-03-10 00:00:00,mp_statement,test,2022/2022-03-10-ecb-mp.txt
"In any case, the future roll-off of the PEPP portfolio will be managed to avoid interference with the appropriate monetary policy stance.",N,2022-03-10 00:00:00,mp_statement,test,2022/2022-03-10-ecb-mp.txt
"Within the Governing Council's mandate, under stressed conditions, flexibility will remain an element of monetary policy whenever threats to monetary policy transmission jeopardise the attainment of price stability.",D,2022-03-10 00:00:00,mp_statement,test,2022/2022-03-10-ecb-mp.txt
The Governing Council will also assess the appropriate calibration of its two-tier system for reserve remuneration so that the negative interest rate policy does not limit banks' intermediation capacity in an environment of ample excess liquidity.,H,2022-03-10 00:00:00,mp_statement,test,2022/2022-03-10-ecb-mp.txt
Surging energy and commodity prices are reducing demand and holding back production.,H,2022-04-14 00:00:00,mp_statement,test,2022/2022-04-14-ecb-mp.txt
Inflation pressures have intensified across many sectors.,H,2022-04-14 00:00:00,mp_statement,test,2022/2022-04-14-ecb-mp.txt
"Looking ahead, the ECB's monetary policy will depend on the incoming data and the Governing Council's evolving assessment of the outlook.",N,2022-04-14 00:00:00,mp_statement,test,2022/2022-04-14-ecb-mp.txt
"In the current conditions of high uncertainty, the Governing Council will maintain optionality, gradualism and flexibility in the conduct of monetary policy.",D,2022-04-14 00:00:00,mp_statement,test,2022/2022-04-14-ecb-mp.txt
"The Governing Council stands ready to adjust all of its instruments within its mandate, incorporating flexibility if warranted, to ensure that inflation stabilises at its 2% target over the medium term.",D,2022-04-14 00:00:00,mp_statement,test,2022/2022-04-14-ecb-mp.txt
The Governing Council will make sure that inflation returns to its 2% target over the medium term.,D,2022-06-09 00:00:00,mp_statement,test,2022/2022-06-09-ecb-mp.txt
"This could include purchasing bonds issued by the Hellenic Republic over and above rollovers of redemptions in order to avoid an interruption of purchases in that jurisdiction, which could impair the transmission of monetary policy to the Greek economy while it is still recovering from the fallout from the pandemic.",H,2022-06-09 00:00:00,mp_statement,test,2022/2022-06-09-ecb-mp.txt
The Governing Council will continue to monitor bank funding conditions and ensure that the maturing of operations under the third series of targeted longer-term refinancing operations (TLTRO III) does not hamper the smooth transmission of its monetary policy.,D,2022-06-09 00:00:00,mp_statement,test,2022/2022-06-09-ecb-mp.txt
It will support the return of inflation to the Governing Council's medium-term target by strengthening the anchoring of inflation expectations and by ensuring that demand conditions adjust to deliver its inflation target in the medium term.,D,2022-07-21 00:00:00,mp_statement,test,2022/2022-07-21-ecb-mp.txt
The Governing Council's future policy rate path will continue to be data-dependent and will help to deliver on its 2% inflation target over the medium term.,N,2022-07-21 00:00:00,mp_statement,test,2022/2022-07-21-ecb-mp.txt
The Governing Council assessed that the establishment of the TPI is necessary to support the effective transmission of monetary policy.,N,2022-07-21 00:00:00,mp_statement,test,2022/2022-07-21-ecb-mp.txt
"Accordingly, the interest rate on the main refinancing operations and the interest rates on the marginal lending facility and the deposit facility will be increased to 0.50%, 0.75% and 0.00% respectively, with effect from 27 July 2022.",H,2022-07-21 00:00:00,mp_statement,test,2022/2022-07-21-ecb-mp.txt
The frontloading today of the exit from negative interest rates allows the Governing Council to make a transition to a meeting-by-meeting approach to interest rate decisions.,H,2022-07-21 00:00:00,mp_statement,test,2022/2022-07-21-ecb-mp.txt
The Governing Council's future policy rate path will continue to be data-dependent and will help to deliver on its 2% inflation target over the medium term.,N,2022-07-21 00:00:00,mp_statement,test,2022/2022-07-21-ecb-mp.txt
"The Governing Council intends to continue reinvesting, in full, the principal payments from maturing securities purchased under the APP for an extended period of time past the date when it starts raising the key ECB interest rates and, in any case, for as long as necessary to maintain ample liquidity conditions and an appropriate monetary policy stance.",H,2022-07-21 00:00:00,mp_statement,test,2022/2022-07-21-ecb-mp.txt
"In any case, the future roll-off of the PEPP portfolio will be managed to avoid interference with the appropriate monetary policy stance.",N,2022-07-21 00:00:00,mp_statement,test,2022/2022-07-21-ecb-mp.txt
"The Governing Council took today's decision, and expects to raise interest rates further, because inflation remains far too high and is likely to stay above target for an extended period.",H,2022-09-08 00:00:00,mp_statement,test,2022/2022-09-08-ecb-mp.txt
"According to Eurostat's flash estimate, inflation reached 9.1% in August.",H,2022-09-08 00:00:00,mp_statement,test,2022/2022-09-08-ecb-mp.txt
"As the current drivers of inflation fade over time and the normalisation of monetary policy works its way through to the economy and price-setting, inflation will come down.",D,2022-09-08 00:00:00,mp_statement,test,2022/2022-09-08-ecb-mp.txt
"With this third major policy rate increase in a row, the Governing Council has made substantial progress in withdrawing monetary policy accommodation.",H,2022-10-27 00:00:00,mp_statement,test,2022/2022-10-27-ecb-mp.txt
"Today, in view of the unexpected and extraordinary rise in inflation, it needs to be recalibrated to ensure that it is consistent with the broader monetary policy normalisation process and to reinforce the transmission of policy rate increases to bank lending conditions.",H,2022-10-27 00:00:00,mp_statement,test,2022/2022-10-27-ecb-mp.txt
The Governing Council stands ready to adjust all of its instruments within its mandate to ensure that inflation stabilises at its 2% target over the medium term.,N,2022-10-27 00:00:00,mp_statement,test,2022/2022-10-27-ecb-mp.txt
The key ECB interest rates are the Governing Council's primary tool for setting the monetary policy stance.,N,2022-12-15 00:00:00,mp_statement,test,2022/2022-12-15-ecb-mp.txt
"Amid exceptional uncertainty, Eurosystem staff have significantly revised up their inflation projections.",H,2022-12-15 00:00:00,mp_statement,test,2022/2022-12-15-ecb-mp.txt
Growth is nonetheless expected to be subdued next year and has been revised down significantly compared with the previous projections.,H,2022-12-15 00:00:00,mp_statement,test,2022/2022-12-15-ecb-mp.txt
"In any case, the future roll-off of the PEPP portfolio will be managed to avoid interference with the appropriate monetary policy stance.",N,2022-12-15 00:00:00,mp_statement,test,2022/2022-12-15-ecb-mp.txt
The Governing Council will stay the course in raising interest rates significantly at a steady pace and in keeping them at levels that are sufficiently restrictive to ensure a timely return of inflation to its 2% medium-term target.,H,2023-02-02 00:00:00,mp_statement,test,2023/2023-02-02-ecb-mp.txt
"In any case, the future roll-off of the PEPP portfolio will be managed to avoid interference with the appropriate monetary policy stance.",N,2023-02-02 00:00:00,mp_statement,test,2023/2023-02-02-ecb-mp.txt
"As banks are repaying the amounts borrowed under the targeted longer-term refinancing operations, the Governing Council will regularly assess how targeted lending operations are contributing to its monetary policy stance.",H,2023-02-02 00:00:00,mp_statement,test,2023/2023-02-02-ecb-mp.txt
"The Transmission Protection Instrument is available to counter unwarranted, disorderly market dynamics that pose a serious threat to the transmission of monetary policy across all euro area countries, thus allowing the Governing Council to more effectively deliver on its price stability mandate.",D,2023-02-02 00:00:00,mp_statement,test,2023/2023-02-02-ecb-mp.txt
Inflation is projected to remain too high for too long.,H,2023-03-16 00:00:00,mp_statement,test,2023/2023-03-16-ecb-mp.txt
The Governing Council is monitoring current market tensions closely and stands ready to respond as necessary to preserve price stability and financial stability in the euro area.,D,2023-03-16 00:00:00,mp_statement,test,2023/2023-03-16-ecb-mp.txt
the ECB's policy toolkit is fully equipped to provide liquidity support to the euro area financial system if needed and to preserve the smooth transmission of monetary policy.,N,2023-03-16 00:00:00,mp_statement,test,2023/2023-03-16-ecb-mp.txt
"As such, these tensions imply additional uncertainty around the baseline assessments of inflation and growth.",H,2023-03-16 00:00:00,mp_statement,test,2023/2023-03-16-ecb-mp.txt
"Prior to these latest developments, the baseline path for headline inflation had already been revised down, mainly owing to a smaller contribution from energy prices than previously expected.",D,2023-03-16 00:00:00,mp_statement,test,2023/2023-03-16-ecb-mp.txt
"ECB staff then expect growth to pick up further, to 1.6%, in both 2024 and 2025, underpinned by a robust labour market, improving confidence and a recovery in real incomes.",D,2023-03-16 00:00:00,mp_statement,test,2023/2023-03-16-ecb-mp.txt
"In light of the ongoing high inflation pressures, the Governing Council today decided to raise the three key ECB interest rates by 25 basis points.",H,2023-05-04 00:00:00,mp_statement,test,2023/2023-05-04-ecb-mp.txt
"In any case, the future roll-off of the PEPP portfolio will be managed to avoid interference with the appropriate monetary policy stance.",N,2023-05-04 00:00:00,mp_statement,test,2023/2023-05-04-ecb-mp.txt
The Governing Council stands ready to adjust all of its instruments within its mandate to ensure that inflation returns to its 2% target over the medium term and to preserve the smooth functioning of monetary policy transmission.,D,2023-05-04 00:00:00,mp_statement,test,2023/2023-05-04-ecb-mp.txt
Inflation has been coming down,D,2023-06-15 00:00:00,mp_statement,test,2023/2023-06-15-ecb-mp.txt
"Indicators of underlying price pressures remain strong, although some show tentative signs of softening.",H,2023-06-15 00:00:00,mp_statement,test,2023/2023-06-15-ecb-mp.txt
Staff have slightly lowered their economic growth projections for this year and next year.,H,2023-06-15 00:00:00,mp_statement,test,2023/2023-06-15-ecb-mp.txt
The Governing Council's future decisions will ensure that the key ECB interest rates will be brought to levels sufficiently restrictive to achieve a timely return of inflation to the 2% medium-term target and will be kept at those levels for as long as necessary.,H,2023-06-15 00:00:00,mp_statement,test,2023/2023-06-15-ecb-mp.txt
"The Governing Council will continue applying flexibility in reinvesting redemptions coming due in the PEPP portfolio, with a view to countering risks to the monetary policy transmission mechanism related to the pandemic.",D,2023-06-15 00:00:00,mp_statement,test,2023/2023-06-15-ecb-mp.txt
"As banks are repaying the amounts borrowed under the targeted longer-term refinancing operations, the Governing Council will regularly assess how targeted lending operations and their ongoing repayment are contributing to its monetary policy stance.",N,2023-06-15 00:00:00,mp_statement,test,2023/2023-06-15-ecb-mp.txt
The developments since the last meeting support the expectation that inflation will drop further over the remainder of the year but will stay above target for an extended period.,N,2023-07-27 00:00:00,mp_statement,test,2023/2023-07-27-ecb-mp.txt
"While some measures show signs of easing, underlying inflation remains high overall.",H,2023-07-27 00:00:00,mp_statement,test,2023/2023-07-27-ecb-mp.txt
The Governing Council's future decisions will ensure that the key ECB interest rates will be set at sufficiently restrictive levels for as long as necessary to achieve a timely return of inflation to the 2% medium-term target.,H,2023-07-27 00:00:00,mp_statement,test,2023/2023-07-27-ecb-mp.txt
"In particular, its interest rate decisions will continue to be based on its assessment of the inflation outlook in light of the incoming economic and financial data, the dynamics of underlying inflation, and the strength of monetary policy transmission.",N,2023-07-27 00:00:00,mp_statement,test,2023/2023-07-27-ecb-mp.txt
The Governing Council stands ready to adjust all of its instruments within its mandate to ensure that inflation returns to its 2% target over the medium term and to preserve the smooth functioning of monetary policy transmission.,D,2023-07-27 00:00:00,mp_statement,test,2023/2023-07-27-ecb-mp.txt
The Governing Council's past interest rate increases continue to be transmitted forcefully.,H,2023-09-14 00:00:00,mp_statement,test,2023/2023-09-14-ecb-mp.txt
"Accordingly, the interest rate on the main refinancing operations and the interest rates on the marginal lending facility and the deposit facility will be increased to 4.50%, 4.75% and 4.00% respectively, with effect from 20 September 2023.",H,2023-09-14 00:00:00,mp_statement,test,2023/2023-09-14-ecb-mp.txt
"In any case, the future roll-off of the PEPP portfolio will be managed to avoid interference with the appropriate monetary policy stance.",N,2023-09-14 00:00:00,mp_statement,test,2023/2023-09-14-ecb-mp.txt
"The Governing Council will continue applying flexibility in reinvesting redemptions coming due in the PEPP portfolio, with a view to countering risks to the monetary policy transmission mechanism related to the pandemic.",D,2023-09-14 00:00:00,mp_statement,test,2023/2023-09-14-ecb-mp.txt
"As banks are repaying the amounts borrowed under the targeted longer-term refinancing operations, the Governing Council will regularly assess how targeted lending operations and their ongoing repayment are contributing to its monetary policy stance.",N,2023-09-14 00:00:00,mp_statement,test,2023/2023-09-14-ecb-mp.txt
"Moreover, the Transmission Protection Instrument is available to counter unwarranted, disorderly market dynamics that pose a serious threat to the transmission of monetary policy across all euro area countries, thus allowing the Governing Council to more effectively deliver on its price stability mandate.",D,2023-09-14 00:00:00,mp_statement,test,2023/2023-09-14-ecb-mp.txt
The Governing Council's past interest rate increases continue to be transmitted forcefully into financing conditions.,H,2023-10-26 00:00:00,mp_statement,test,2023/2023-10-26-ecb-mp.txt
The Governing Council is determined to ensure that inflation returns to its 2% medium-term target in a timely manner.,D,2023-10-26 00:00:00,mp_statement,test,2023/2023-10-26-ecb-mp.txt
"In any case, the future roll-off of the PEPP portfolio will be managed to avoid interference with the appropriate monetary policy stance.",N,2023-10-26 00:00:00,mp_statement,test,2023/2023-10-26-ecb-mp.txt
"Moreover, the Transmission Protection Instrument is available to counter unwarranted, disorderly market dynamics that pose a serious threat to the transmission of monetary policy across all euro area countries, thus allowing the Governing Council to more effectively deliver on its price stability mandate.",D,2023-10-26 00:00:00,mp_statement,test,2023/2023-10-26-ecb-mp.txt
"According to the latest Eurosystem staff projections for the euro area, inflation is expected to decline gradually over the course of next year, before approaching the Governing Council's 2% target in 2025.",D,2023-12-14 00:00:00,mp_statement,test,2023/2023-12-14-ecb-mp.txt
"But domestic price pressures remain elevated, primarily owing to strong growth in unit labour costs.",H,2023-12-14 00:00:00,mp_statement,test,2023/2023-12-14-ecb-mp.txt
"Eurosystem staff expect inflation excluding energy and food to average 5.0% in 2023, 2.7% in 2024, 2.3% in 2025 and 2.1% in 2026.",H,2023-12-14 00:00:00,mp_statement,test,2023/2023-12-14-ecb-mp.txt
"Aside from an energy-related upward base effect on headline inflation, the declining trend in underlying inflation has continued, and the past interest rate increases keep being transmitted forcefully into financing conditions.",D,2024-01-25 00:00:00,mp_statement,test,2024/2024-01-25-ecb-mp.txt
"In particular, the Governing Council's interest rate decisions will be based on its assessment of the inflation outlook in light of the incoming economic and financial data, the dynamics of underlying inflation and the strength of monetary policy transmission.",N,2024-01-25 00:00:00,mp_statement,test,2024/2024-01-25-ecb-mp.txt
"The Governing Council will continue applying flexibility in reinvesting redemptions coming due in the PEPP portfolio, with a view to countering risks to the monetary policy transmission mechanism related to the pandemic.",D,2024-01-25 00:00:00,mp_statement,test,2024/2024-01-25-ecb-mp.txt
"As banks are repaying the amounts borrowed under the targeted longer-term refinancing operations, the Governing Council will regularly assess how targeted lending operations and their ongoing repayment are contributing to its monetary policy stance.",N,2024-01-25 00:00:00,mp_statement,test,2024/2024-01-25-ecb-mp.txt
"Moreover, the Transmission Protection Instrument is available to counter unwarranted, disorderly market dynamics that pose a serious threat to the transmission of monetary policy across all euro area countries, thus allowing the Governing Council to more effectively deliver on its price stability mandate.",D,2024-01-25 00:00:00,mp_statement,test,2024/2024-01-25-ecb-mp.txt
"Since the last Governing Council meeting in January, inflation has declined further.",D,2024-03-07 00:00:00,mp_statement,test,2024/2024-03-07-ecb-mp.txt
"The projections for inflation excluding energy and food have also been revised down and average 2.6% for 2024, 2.1% for 2025 and 2.0% for 2026.",D,2024-03-07 00:00:00,mp_statement,test,2024/2024-03-07-ecb-mp.txt
"Although most measures of underlying inflation have eased further, domestic price pressures remain high, in part owing to strong growth in wages.",H,2024-03-07 00:00:00,mp_statement,test,2024/2024-03-07-ecb-mp.txt
The Governing Council is determined to ensure that inflation returns to its 2% medium-term target in a timely manner.,N,2024-03-07 00:00:00,mp_statement,test,2024/2024-03-07-ecb-mp.txt
The Governing Council is determined to ensure that inflation returns to its 2% medium-term target in a timely manner.,N,2024-04-11 00:00:00,mp_statement,test,2024/2024-04-11-ecb-mp.txt
"The Governing Council will continue applying flexibility in reinvesting redemptions coming due in the PEPP portfolio, with a view to countering risks to the monetary policy transmission mechanism related to the pandemic.",N,2024-04-11 00:00:00,mp_statement,test,2024/2024-04-11-ecb-mp.txt
"As banks are repaying the amounts borrowed under the targeted longer-term refinancing operations, the Governing Council will regularly assess how targeted lending operations and their ongoing repayment are contributing to its monetary policy stance.",N,2024-04-11 00:00:00,mp_statement,test,2024/2024-04-11-ecb-mp.txt
"Moreover, the Transmission Protection Instrument is available to counter unwarranted, disorderly market dynamics that pose a serious threat to the transmission of monetary policy across all euro area countries, thus allowing the Governing Council to more effectively deliver on its price stability mandate.",D,2024-04-11 00:00:00,mp_statement,test,2024/2024-04-11-ecb-mp.txt
The latest Eurosystem staff projections for both headline and core inflation have been revised up for 2024 and 2025 compared with the March projections.,H,2024-06-06 00:00:00,mp_statement,test,2024/2024-06-06-ecb-mp.txt
"Staff now see headline inflation averaging 2.5% in 2024, 2.2% in 2025 and 1.9% in 2026.",H,2024-06-06 00:00:00,mp_statement,test,2024/2024-06-06-ecb-mp.txt
"For inflation excluding energy and food, staff project an average of 2.8% in 2024, 2.2% in 2025 and 2.0% in 2026.",H,2024-06-06 00:00:00,mp_statement,test,2024/2024-06-06-ecb-mp.txt
"As banks are repaying the amounts borrowed under the targeted longer-term refinancing operations, the Governing Council will regularly assess how targeted lending operations and their ongoing repayment are contributing to its monetary policy stance.",N,2024-06-06 00:00:00,mp_statement,test,2024/2024-06-06-ecb-mp.txt
The incoming information broadly supports the Governing Council's previous assessment of the medium-term inflation outlook.,N,2024-07-18 00:00:00,mp_statement,test,2024/2024-07-18-ecb-mp.txt
Monetary policy is keeping financing conditions restrictive.,H,2024-07-18 00:00:00,mp_statement,test,2024/2024-07-18-ecb-mp.txt
"In particular, its interest rate decisions will be based on its assessment of the inflation outlook in light of the incoming economic and financial data, the dynamics of underlying inflation and the strength of monetary policy transmission.",N,2024-07-18 00:00:00,mp_statement,test,2024/2024-07-18-ecb-mp.txt
"Moreover, the Transmission Protection Instrument is available to counter unwarranted, disorderly market dynamics that pose a serious threat to the transmission of monetary policy across all euro area countries, thus allowing the Governing Council to more effectively deliver on its price stability mandate.",D,2024-07-18 00:00:00,mp_statement,test,2024/2024-07-18-ecb-mp.txt
"Recent inflation data have come in broadly as expected, and the latest ECB staff projections confirm the previous inflation outlook.",N,2024-09-12 00:00:00,mp_statement,test,2024/2024-09-12-ecb-mp.txt
"Inflation is expected to rise again in the latter part of this year, partly because previous sharp falls in energy prices will drop out of the annual rates.",H,2024-09-12 00:00:00,mp_statement,test,2024/2024-09-12-ecb-mp.txt
"However, labour cost pressures are moderating, and profits are partially buffering the impact of higher wages on inflation.",H,2024-09-12 00:00:00,mp_statement,test,2024/2024-09-12-ecb-mp.txt
"This is a slight downward revision compared with the June projections, mainly owing to a weaker contribution from domestic demand over the next few quarters.",H,2024-09-12 00:00:00,mp_statement,test,2024/2024-09-12-ecb-mp.txt
The Governing Council is determined to ensure that inflation returns to its 2% medium-term target in a timely manner.,D,2024-09-12 00:00:00,mp_statement,test,2024/2024-09-12-ecb-mp.txt
"In particular, its interest rate decisions will be based on its assessment of the inflation outlook in light of the incoming economic and financial data, the dynamics of underlying inflation and the strength of monetary policy transmission.",N,2024-09-12 00:00:00,mp_statement,test,2024/2024-09-12-ecb-mp.txt
The deposit facility rate is the rate through which the Governing Council steers the monetary policy stance.,N,2024-09-12 00:00:00,mp_statement,test,2024/2024-09-12-ecb-mp.txt
"In particular, the decision to lower the deposit facility rate - the rate through which the Governing Council steers the monetary policy stance - is based on its updated assessment of the inflation outlook, the dynamics of underlying inflation and the strength of monetary policy transmission.",D,2024-10-17 00:00:00,mp_statement,test,2024/2024-10-17-ecb-mp.txt
"In particular, its interest rate decisions will be based on its assessment of the inflation outlook in light of the incoming economic and financial data, the dynamics of underlying inflation and the strength of monetary policy transmission.",N,2024-10-17 00:00:00,mp_statement,test,2024/2024-10-17-ecb-mp.txt
"The Governing Council will continue applying flexibility in reinvesting redemptions coming due in the PEPP portfolio, with a view to countering risks to the monetary policy transmission mechanism related to the pandemic.",N,2024-10-17 00:00:00,mp_statement,test,2024/2024-10-17-ecb-mp.txt
"As banks are repaying the amounts borrowed under the targeted longer-term refinancing operations, the Governing Council will regularly assess how targeted lending operations and their ongoing repayment are contributing to its monetary policy stance.",N,2024-10-17 00:00:00,mp_statement,test,2024/2024-10-17-ecb-mp.txt
"Moreover, the Transmission Protection Instrument is available to counter unwarranted, disorderly market dynamics that pose a serious threat to the transmission of monetary policy across all euro area countries, thus allowing the Governing Council to more effectively deliver on its price stability mandate.",D,2024-10-17 00:00:00,mp_statement,test,2024/2024-10-17-ecb-mp.txt
"Staff see headline inflation averaging 2.4% in 2024, 2.1% in 2025, 1.9% in 2026 and 2.1% in 2027 when the expanded EU Emissions Trading System becomes operational.",D,2024-12-12 00:00:00,mp_statement,test,2024/2024-12-12-ecb-mp.txt
"For inflation excluding energy and food, staff project an average of 2.9% in 2024, 2.3% in 2025 and 1.9% in both 2026 and 2027.",H,2024-12-12 00:00:00,mp_statement,test,2024/2024-12-12-ecb-mp.txt
"Over time, the gradually fading effects of restrictive monetary policy should support a pick-up in domestic demand.",D,2024-12-12 00:00:00,mp_statement,test,2024/2024-12-12-ecb-mp.txt
The Governing Council is determined to ensure that inflation stabilises sustainably at its 2% medium-term target.,N,2024-12-12 00:00:00,mp_statement,test,2024/2024-12-12-ecb-mp.txt
Inflation has continued to develop broadly in line with the staff projections and is set to return to the Governing Council's 2% medium-term target in the course of this year.,N,2025-01-30 00:00:00,mp_statement,test,2025/2025-01-30-ecb-mp.txt
Most measures of underlying inflation suggest that inflation will settle at around the target on a sustained basis.,N,2025-01-30 00:00:00,mp_statement,test,2025/2025-01-30-ecb-mp.txt
"But wage growth is moderating as expected, and profits are partially buffering the impact on inflation.",N,2025-01-30 00:00:00,mp_statement,test,2025/2025-01-30-ecb-mp.txt
"In particular, the decision to lower the deposit facility rate - the rate through which the Governing Council steers the monetary policy stance - is based on its updated assessment of the inflation outlook, the dynamics of underlying inflation and the strength of monetary policy transmission.",N,2025-03-06 00:00:00,mp_statement,test,2025/2025-03-06-ecb-mp.txt
"Staff now see headline inflation averaging 2.3% in 2025, 1.9% in 2026 and 2.0% in 2027.",N,2025-03-06 00:00:00,mp_statement,test,2025/2025-03-06-ecb-mp.txt
Most measures of underlying inflation suggest that inflation will settle at around the Governing Council's 2% medium-term target on a sustained basis.,N,2025-03-06 00:00:00,mp_statement,test,2025/2025-03-06-ecb-mp.txt
"Monetary policy is becoming meaningfully less restrictive, as the interest rate cuts are making new borrowing less expensive for firms and households and loan growth is picking up.",D,2025-03-06 00:00:00,mp_statement,test,2025/2025-03-06-ecb-mp.txt
"In particular, the Governing Council's interest rate decisions will be based on its assessment of the inflation outlook in light of the incoming economic and financial data, the dynamics of underlying inflation and the strength of monetary policy transmission.",N,2025-03-06 00:00:00,mp_statement,test,2025/2025-03-06-ecb-mp.txt
"In particular, the decision to lower the deposit facility rate - the rate through which the Governing Council steers the monetary policy stance - is based on its updated assessment of the inflation outlook, the dynamics of underlying inflation and the strength of monetary policy transmission.",N,2025-06-05 00:00:00,mp_statement,test,2025/2025-06-05-ecb-mp.txt
"Staff see real GDP growth averaging 0.9% in 2025, 1.1% in 2026 and 1.3% in 2027.",D,2025-06-05 00:00:00,mp_statement,test,2025/2025-06-05-ecb-mp.txt
The unrevised growth projection for 2025 reflects a stronger than expected first quarter combined with weaker prospects for the remainder of the year.,N,2025-06-05 00:00:00,mp_statement,test,2025/2025-06-05-ecb-mp.txt
"By contrast, if trade tensions were resolved with a benign outcome, growth and, to a lesser extent, inflation would be higher than in the baseline projections.",H,2025-06-05 00:00:00,mp_statement,test,2025/2025-06-05-ecb-mp.txt
Most measures of underlying inflation suggest that inflation will settle at around the Governing Council's 2% medium-term target on a sustained basis.,N,2025-06-05 00:00:00,mp_statement,test,2025/2025-06-05-ecb-mp.txt
Wage growth is still elevated,H,2025-06-05 00:00:00,mp_statement,test,2025/2025-06-05-ecb-mp.txt
"continues to moderate visibly, and profits are partially buffering its impact on inflation.",N,2025-06-05 00:00:00,mp_statement,test,2025/2025-06-05-ecb-mp.txt
"Especially in current conditions of exceptional uncertainty, it will follow a data-dependent and meeting-by-meeting approach to determining the appropriate monetary policy stance.",,2025-06-05 00:00:00,mp_statement,test,2025/2025-06-05-ecb-mp.txt
The incoming information is broadly in line with the Governing Council's previous assessment of the inflation outlook.,,2025-07-24 00:00:00,mp_statement,test,2025/2025-07-24-ecb-mp.txt
"Partly reflecting the Governing Council's past interest rate cuts, the economy has so far proven resilient overall in a challenging global environment.",,2025-07-24 00:00:00,mp_statement,test,2025/2025-07-24-ecb-mp.txt
The Governing Council stands ready to adjust all of its instruments within its mandate to ensure that inflation stabilises at its 2% target in the medium term and to preserve the smooth functioning of monetary policy transmission.,,2025-07-24 00:00:00,mp_statement,test,2025/2025-07-24-ecb-mp.txt
It will follow a data-dependent and meeting-by-meeting approach to determining the appropriate monetary policy stance.,,2025-09-11 00:00:00,mp_statement,test,2025/2025-09-11-ecb-mp.txt
"The robust labour market, solid private sector balance sheets and the Governing Council's past interest rate cuts remain important sources of resilience.",,2025-10-30 00:00:00,mp_statement,test,2025/2025-10-30-ecb-mp.txt
It will follow a data-dependent and meeting-by-meeting approach to determining the appropriate monetary policy stance.,,2025-10-30 00:00:00,mp_statement,test,2025/2025-10-30-ecb-mp.txt
The Governing Council stands ready to adjust all of its instruments within its mandate to ensure that inflation stabilises at its 2% target in the medium term and to preserve the smooth functioning of monetary policy transmission.,,2025-10-30 00:00:00,mp_statement,test,2025/2025-10-30-ecb-mp.txt
Its updated assessment reconfirms that inflation should stabilise at the 2% target in the medium term.,,2025-12-18 00:00:00,mp_statement,test,2025/2025-12-18-ecb-mp.txt
"In particular, the Governing Council's interest rate decisions will be based on its assessment of the inflation outlook and the risks surrounding it, in light of the incoming economic and financial data, as well as the dynamics of underlying inflation and the strength of monetary policy transmission.",,2025-12-18 00:00:00,mp_statement,test,2025/2025-12-18-ecb-mp.txt
Its updated assessment reconfirms that inflation should stabilise at its 2% target in the medium term.,,2026-02-05 00:00:00,mp_statement,test,2026/2026-02-05-ecb-mp.txt
It will follow a data-dependent and meeting-by-meeting approach to determining the appropriate monetary policy stance.,,2026-02-05 00:00:00,mp_statement,test,2026/2026-02-05-ecb-mp.txt
It is determined to ensure that inflation stabilises at the 2% target in the medium term.,,2026-03-19 00:00:00,mp_statement,test,2026/2026-03-19-ecb-mp.txt
"The war in the Middle East has made the outlook significantly more uncertain, creating upside risks for inflation and downside risks for economic growth.",,2026-03-19 00:00:00,mp_statement,test,2026/2026-03-19-ecb-mp.txt
"This is also higher than the path in the December projections, mainly owing to higher energy prices feeding into inflation excluding energy and food.",,2026-03-19 00:00:00,mp_statement,test,2026/2026-03-19-ecb-mp.txt
"Staff expect economic growth to average 0.9% in 2026, 1.3% in 2027 and 1.4% in 2028.",,2026-03-19 00:00:00,mp_statement,test,2026/2026-03-19-ecb-mp.txt
The implications for medium-term inflation depend crucially on the magnitude of indirect and second-round effects of a stronger and more persistent energy shock.,,2026-03-19 00:00:00,mp_statement,test,2026/2026-03-19-ecb-mp.txt
The Governing Council stands ready to adjust all of its instruments within its mandate to ensure that inflation stabilises at its 2% target in the medium term and to preserve the smooth functioning of monetary policy transmission.,,2026-03-19 00:00:00,mp_statement,test,2026/2026-03-19-ecb-mp.txt
"While the incoming information has been broadly consistent with the Governing Council's previous assessment of the inflation outlook, the upside risks to inflation and the downside risks to growth have intensified.",,2026-04-30 00:00:00,mp_statement,test,2026/2026-04-30-ecb-mp.txt
"The war in the Middle East has led to a sharp increase in energy prices, pushing up inflation and weighing on economic sentiment.",,2026-04-30 00:00:00,mp_statement,test,2026/2026-04-30-ecb-mp.txt
"The euro area entered this period of surging energy prices with inflation at around the 2% target, and the economy has shown resilience over recent quarters.",,2026-04-30 00:00:00,mp_statement,test,2026/2026-04-30-ecb-mp.txt
"The war in the Middle East is generating inflation pressures, and the decision to raise rates is robust across a range of scenarios mapping out how the shock might evolve and affect the medium-term outlook for the euro area.",,2026-06-11 00:00:00,mp_statement,test,2026/2026-06-11-ecb-mp.txt
"Compared with March, staff have revised up their baseline projection for inflation in 2026 and 2027 owing to a higher path for energy prices, which, to some extent, is expected to feed into food, goods and services inflation.",,2026-06-11 00:00:00,mp_statement,test,2026/2026-06-11-ecb-mp.txt
"The full implications of the war for medium-term inflation and growth will depend on the intensity and duration of the energy price shock, as well as the scale of its indirect and second-round effects.",,2026-06-11 00:00:00,mp_statement,test,2026/2026-06-11-ecb-mp.txt
"At today's meeting the Governing Council of the European Central Bank (ECB) decided that the interest rate on the main refinancing operations and the interest rates on the marginal lending facility and the deposit facility will remain unchanged at 0.00%, 0.25% and -0.50% respectively.",,,mp_statement,test,2019/2019-10-24-ecb-mp.txt
"below, 2% within its projection horizon, and such convergence has been consistently reflected in underlying inflation dynamics.",,,mp_statement,test,2019/2019-10-24-ecb-mp.txt
"below, 2% within its projection horizon, and such convergence has been consistently reflected in underlying inflation dynamics.",,,mp_statement,test,2019/2019-12-12-ecb-mp.txt
"The Governing Council expects the key ECB interest rates to remain at their present or lower levels until it has seen the inflation outlook robustly converge to a level sufficiently close to,",,,mp_statement,test,2020/2020-01-23-ecb-mp.txt
The Governing Council also decided to launch a review of the ECB's monetary policy strategy.,,,mp_statement,test,2020/2020-01-23-ecb-mp.txt
At today's meeting the Governing Council of the ECB took the following monetary policy decisions:,,,mp_statement,test,2020/2020-04-30-ecb-mp.txt
"(6) The interest rate on the main refinancing operations and the interest rates on the marginal lending facility and the deposit facility will remain unchanged at 0.00%, 0.25% and -0.50% respectively.",,,mp_statement,test,2020/2020-04-30-ecb-mp.txt
"In response to the pandemic-related downward revision to inflation over the projection horizon, the PEPP expansion will further ease the general monetary policy stance, supporting funding conditions in the real economy, especially for businesses and households.",,,mp_statement,test,2020/2020-06-04-ecb-mp.txt
This allows the Governing Council to effectively stave off risks to the smooth transmission of monetary policy.,,,mp_statement,test,2020/2020-06-04-ecb-mp.txt
"(6) The interest rate on the main refinancing operations and the interest rates on the marginal lending facility and the deposit facility will remain unchanged at 0.00%, 0.25% and -0.50% respectively.",,,mp_statement,test,2020/2020-06-04-ecb-mp.txt
"below, 2% within its projection horizon, and such convergence has been consistently reflected in underlying inflation dynamics.",,,mp_statement,test,2020/2020-06-04-ecb-mp.txt
"(1) The interest rate on the main refinancing operations and the interest rates on the marginal lending facility and the deposit facility will remain unchanged at 0.00%, 0.25% and -0.50% respectively.",,,mp_statement,test,2020/2020-07-16-ecb-mp.txt
"below, 2% within its projection horizon, and such convergence has been consistently reflected in underlying inflation dynamics.",,,mp_statement,test,2020/2020-07-16-ecb-mp.txt
