id,raw_text,doc_type,clean_text,sentence,label,date,exact_match,file,speaker,Unnamed: 5,Unnamed: 6,Unnamed: 7,Unnamed: 8
1556.0,"Information received since the Federal Open Market Committee met in September confirms that the pace of recovery in output and employment continues to be slow. Household spending is increasing gradually, but remains constrained by high unemployment, modes",statement,"Information received since the Federal Open Market Committee met in September confirms that the pace of recovery in output and employment continues to be slow. Household spending is increasing gradually, but remains constrained by high unemployment, modes","Currently, the unemployment rate is elevated, and measures of underlying inflation are somewhat low, relative to levels that the Committee judges to be consistent, over the longer run, with its dual mandate.",MD,2010-11-03 00:00:00,True,,,,,,
526.0,"Information received since the Federal Open Market Committee met in December indicates that the labor market remains strong and that economic activity has been rising at a moderate rate. Job gains have been solid, on average, in recent months, and the une",statement,"Information received since the Federal Open Market Committee met in December indicates that the labor market remains strong and that economic activity has been rising at a moderate rate. Job gains have been solid, on average, in recent months, and the une",Market-based measures of inflation compensation remain low,N,2020-01-29 00:00:00,True,,,,,,
393.0,"The Federal Reserve is committed to using its full range of tools to support the U.S. economy in this challenging time, thereby promoting its maximum employment and price stability goals.

With progress on vaccinations and strong policy support, indicator",statement,"The Federal Reserve is committed to using its full range of tools to support the U.S. economy in this challenging time, thereby promoting its maximum employment and price stability goals. With progress on vaccinations and strong policy support, indicators","Last December, the Committee indicated that it would continue to increase its holdings of Treasury securities by at least $80 billion per month and of agency mortgage√¢¬Ä¬ëbacked securities by at least $40 billion per month until substantial further progr",D,2021-07-28 00:00:00,True,,,,,,
1789.0,"The Federal Open Market Committee decided today to raise its target for the federal funds rate by 25 basis points to 5 percent.
Economic growth has been quite strong so far this year. The Committee sees growth as likely to moderate to a more sustainable p",statement,The Federal Open Market Committee decided today to raise its target for the federal funds rate by 25 basis points to 5 percent. Economic growth has been quite strong so far this year. The Committee sees growth as likely to moderate to a more sustainable p,"Still, possible increases in resource utilization, in combination with the elevated prices of energy and other commodities, have the potential to add to inflation pressures.",MH,2006-05-10 00:00:00,True,,,,,,
433.0,"The Federal Reserve is committed to using its full range of tools to support the U.S. economy in this challenging time, thereby promoting its maximum employment and price stability goals.

The COVID-19 pandemic is causing tremendous human and economic har",statement,"The Federal Reserve is committed to using its full range of tools to support the U.S. economy in this challenging time, thereby promoting its maximum employment and price stability goals. The COVID-19 pandemic is causing tremendous human and economic hard",Weaker demand and earlier declines in oil prices have been holding down consumer price inflation.,MD,2021-01-27 00:00:00,True,,,,,,
1159.0,"Information received since the Federal Open Market Committee met in June indicates that growth in economic activity rebounded in the second quarter. Labor market conditions improved, with the unemployment rate declining further. However, a range of labor ",statement,"Information received since the Federal Open Market Committee met in June indicates that growth in economic activity rebounded in the second quarter. Labor market conditions improved, with the unemployment rate declining further. However, a range of labor ","To support continued progress toward maximum employment and price stability, the Committee today reaffirmed its view that a highly accommodative stance of monetary policy remains appropriate.",D,2014-07-30 00:00:00,True,,,,,,
1090.0,"Information received since the Federal Open Market Committee met in December suggests that economic activity has been expanding at a solid pace.¬† Labor market conditions have improved further, with strong job gains and a lower unemployment rate.¬† On bal",statement,"Information received since the Federal Open Market Committee met in December suggests that economic activity has been expanding at a solid pace. Labor market conditions have improved further, with strong job gains and a lower unemployment rate. On balance","When the Committee decides to begin to remove policy accommodation, it will take a balanced approach consistent with its longer-run goals of maximum employment and inflation of 2 percent.",MH,2015-01-28 00:00:00,True,,,,,,
429.0,"The Federal Reserve is committed to using its full range of tools to support the U.S. economy in this challenging time, thereby promoting its maximum employment and price stability goals.

The COVID-19 pandemic is causing tremendous human and economic har",statement,"The Federal Reserve is committed to using its full range of tools to support the U.S. economy in this challenging time, thereby promoting its maximum employment and price stability goals. The COVID-19 pandemic is causing tremendous human and economic hard",The Committee would be prepared to adjust the stance of monetary policy as appropriate if risks emerge that could impede the attainment of the Committee's goals.,N,2021-03-17 00:00:00,True,,,,,,
1802.0,"Release Date: December 13, 2005 

For immediate release


The Federal Open Market Committee decided today to raise its target for the federal funds rate by 25 basis points to 4-1/4 percent.
	Despite elevated energy prices and hurricane-related disruptions",statement,"Release Date: December 13, 2005 For immediate release The Federal Open Market Committee decided today to raise its target for the federal funds rate by 25 basis points to 4-1/4 percent. Despite elevated energy prices and hurricane-related disruptions, the","Nevertheless, possible increases in resource utilization as well as elevated energy prices have the potential to add to inflation pressures.",MH,2005-12-13 00:00:00,True,,,,,,
530.0,"Information received since the Federal Open Market Committee met in December indicates that the labor market remains strong and that economic activity has been rising at a moderate rate. Job gains have been solid, on average, in recent months, and the une",statement,"Information received since the Federal Open Market Committee met in December indicates that the labor market remains strong and that economic activity has been rising at a moderate rate. Job gains have been solid, on average, in recent months, and the une","The Committee will continue to monitor the implications of incoming information for the economic outlook, including global developments and muted inflation pressures, as it assesses the appropriate path of the target range for the federal funds rate.",N,2020-01-29 00:00:00,True,,,,,,
1208.0,"Information received since the Federal Open Market Committee met in January indicates that growth in economic activity slowed during the winter months, in part reflecting adverse weather conditions. Labor market indicators were mixed but on balance showed",statement,"Information received since the Federal Open Market Committee met in January indicates that growth in economic activity slowed during the winter months, in part reflecting adverse weather conditions. Labor market indicators were mixed but on balance showed","Consistent with its statutory mandate, the Committee seeks to foster maximum employment and price stability.",N,2014-03-19 00:00:00,True,,,,,,
1454.0,"Information received since the Federal Open Market Committee met in November suggests that the economy has been expanding moderately, notwithstanding some apparent slowing in global growth. While indicators point to some improvement in overall labor marke",statement,"Information received since the Federal Open Market Committee met in November suggests that the economy has been expanding moderately, notwithstanding some apparent slowing in global growth. While indicators point to some improvement in overall labor marke","While indicators point to some improvement in overall labor market conditions, the unemployment rate remains elevated.",MD,2011-12-13 00:00:00,True,,,,,,
1912.0,"The Federal Open Market Committee decided to keep its target for the federal funds rate unchanged at 1-1/4 percent. 

	Recent readings on production and employment, though mostly reflecting decisions made before the conclusion of hostilities, have proven ",statement,"The Federal Open Market Committee decided to keep its target for the federal funds rate unchanged at 1-1/4 percent. Recent readings on production and employment, though mostly reflecting decisions made before the conclusion of hostilities, have proven dis","In contrast, over the same period, the probability of an unwelcome substantial fall in inflation, though minor, exceeds that of a pickup in inflation from its already low level.",N,2003-05-06 00:00:00,True,,,,,,
1620.0,"Information received since the Federal Open Market Committee met in August suggests that economic activity has picked up following its severe downturn.¬† Conditions in financial markets have improved further, and activity in the housing sector has increas",statement,"Information received since the Federal Open Market Committee met in August suggests that economic activity has picked up following its severe downturn. Conditions in financial markets have improved further, and activity in the housing sector has increased","Although economic activity is likely to remain weak for a time, the Committee anticipates that policy actions to stabilize financial markets and institutions, fiscal and monetary stimulus, and market forces will support a strengthening of economic growth ",D,2009-09-22 00:00:00,True,,,,,,
1022.0,Information received since the Federal Open Market Committee met in April suggests that economic activity has been expanding moderately after having changed little during the first quarter. The pace of job gains picked up while the unemployment rate remai,statement,Information received since the Federal Open Market Committee met in April suggests that economic activity has been expanding moderately after having changed little during the first quarter. The pace of job gains picked up while the unemployment rate remai,"Inflation continued to run below the Committee's longer-run objective, partly reflecting earlier declines in energy prices and decreasing prices of non-energy imports; energy prices appear to have stabilized.",MD,2015-06-17 00:00:00,True,,,,,,
678.0,"Information received since the Federal Open Market Committee met in March indicates that the labor market has continued to strengthen and that economic activity has been rising at a moderate rate. Job gains have been strong, on average, in recent months, ",statement,"Information received since the Federal Open Market Committee met in March indicates that the labor market has continued to strengthen and that economic activity has been rising at a moderate rate. Job gains have been strong, on average, in recent months, ","survey-based measures of longer-term inflation expectations are little changed, on balance.",N,2018-05-02 00:00:00,True,,,,,,
1940.0,"The Federal Open Market Committee decided today to keep its target for the federal funds rate unchanged at 1-3/4 percent.  

The information that has become available since the last meeting of the Committee indicates that the economy, bolstered by a marke",statement,"The Federal Open Market Committee decided today to keep its target for the federal funds rate unchanged at 1-3/4 percent. The information that has become available since the last meeting of the Committee indicates that the economy, bolstered by a marked s","In these circumstances, although the stance of monetary policy is currently accommodative, the Committee believes that, for the foreseeable future, against the background of its long-run goals of price stability and sustainable economic growth and of the ",D,2002-03-19 00:00:00,True,,,,,,
124.0,"Recent indicators suggest that economic activity has continued to expand at a solid pace. Job gains have moderated, and the unemployment rate has moved up but remains low. Inflation has eased over the past year but remains somewhat elevated. In recent mon",statement,"Recent indicators suggest that economic activity has continued to expand at a solid pace. Job gains have moderated, and the unemployment rate has moved up but remains low. Inflation has eased over the past year but remains somewhat elevated. In recent mon","Job gains have moderated, and the unemployment rate has moved up",MD,2024-07-31 00:00:00,True,,,,,,
1773.0,"The Federal Open Market Committee decided today to keep its target for the federal funds rate at 5-1/4 percent.
The moderation in economic growth appears to be continuing, partly reflecting a cooling of the housing market.
Readings on core inflation have ",statement,"The Federal Open Market Committee decided today to keep its target for the federal funds rate at 5-1/4 percent. The moderation in economic growth appears to be continuing, partly reflecting a cooling of the housing market. Readings on core inflation have ","Nonetheless, the Committee judges that some inflation risks remain.",N,2006-09-20 00:00:00,True,,,,,,
462.0,"The Federal Reserve is committed to using its full range of tools to support the U.S. economy in this challenging time, thereby promoting its maximum employment and price stability goals.

The COVID-19 pandemic is causing tremendous human and economic har",statement,"The Federal Reserve is committed to using its full range of tools to support the U.S. economy in this challenging time, thereby promoting its maximum employment and price stability goals. The COVID-19 pandemic is causing tremendous human and economic hard",The Committee decided to keep the target range for the federal funds rate at 0 to 1/4 percent and expects it will be appropriate to maintain this target range until labor market conditions have reached levels consistent with the Committee's assessments of,D,2020-11-05 00:00:00,True,,,,,,
1859.0,"The Federal Open Market Committee decided today to raise its target for the federal funds rate by 25 basis points to 1-3/4 percent.

	The Committee believes that, even after this action, the stance of monetary policy remains accommodative and, coupled wit",statement,"The Federal Open Market Committee decided today to raise its target for the federal funds rate by 25 basis points to 1-3/4 percent. The Committee believes that, even after this action, the stance of monetary policy remains accommodative and, coupled with ","After moderating earlier this year partly in response to the substantial rise in energy prices, output growth appears to have regained some traction, and labor market conditions have improved modestly.",MH,2004-09-21 00:00:00,True,,,,,,
1973.0,"The Federal Open Market Committee decided today to lower its target for the federal funds rate by 50 basis points to 4-1/2 percent.  In a related action, the Board of Governors approved a 50 basis point reduction in the discount rate to 4 percent.  


The",statement,"The Federal Open Market Committee decided today to lower its target for the federal funds rate by 50 basis points to 4-1/2 percent. In a related action, the Board of Governors approved a 50 basis point reduction in the discount rate to 4 percent. The FOMC","Although measured productivity probably weakened in the first quarter, the impressive underlying rate of increase that developed in recent years appears to be largely intact.",N,2001-01-31 00:00:00,False,,,,,,
1001.0,Information received since the Federal Open Market Committee met in June indicates that economic activity has been expanding moderately in recent months. Growth in household spending has been moderate and the housing sector has shown additional improvemen,statement,Information received since the Federal Open Market Committee met in June indicates that economic activity has been expanding moderately in recent months. Growth in household spending has been moderate and the housing sector has shown additional improvemen,Information received since the Federal Open Market Committee met in June indicates that economic activity has been expanding moderately in recent months.,MH,2015-07-29 00:00:00,True,,,,,,
1729.0,"The Federal Open Market Committee decided today to lower its target for the federal funds rate 50 basis points to 4-3/4 percent.
Economic growth was moderate during the first half of the year, but the tightening of credit conditions has the potential to i",statement,"The Federal Open Market Committee decided today to lower its target for the federal funds rate 50 basis points to 4-3/4 percent. Economic growth was moderate during the first half of the year, but the tightening of credit conditions has the potential to i",Today√¢¬Ä¬ôs action is intended to help forestall some of the adverse effects on the broader economy that might otherwise arise from the disruptions in financial markets and to promote moderate growth over time.,D,2007-09-18 00:00:00,True,,,,,,
1706.0,"The Federal Open Market Committee decided today to lower its target for the federal funds rate 50 basis points to 3 percent.
Financial markets remain under considerable stress, and credit has tightened further for some businesses and households.¬† Moreove",statement,"The Federal Open Market Committee decided today to lower its target for the federal funds rate 50 basis points to 3 percent. Financial markets remain under considerable stress, and credit has tightened further for some businesses and households. Moreover,",it will be necessary to continue to monitor inflation developments carefully.,N,2008-01-30 00:00:00,True,,,,,,
1299.0,"Information received since the Federal Open Market Committee met in June suggests that economic activity expanded at a modest pace during the first half of the year. Labor market conditions have shown further improvement in recent months, on balance, but ",statement,"Information received since the Federal Open Market Committee met in June suggests that economic activity expanded at a modest pace during the first half of the year. Labor market conditions have shown further improvement in recent months, on balance, but ",longer-term inflation expectations have remained stable.,N,2013-07-31 00:00:00,True,,,,,,
1594.0,Information received since the Federal Open Market Committee met in January suggests that economic activity has continued to strengthen and that the labor market is stabilizing. Household spending is expanding at a moderate rate but remains constrained by,statement,Information received since the Federal Open Market Committee met in January suggests that economic activity has continued to strengthen and that the labor market is stabilizing. Household spending is expanding at a moderate rate but remains constrained by,"Although the pace of economic recovery is likely to be moderate for a time, the Committee anticipates a gradual return to higher levels of resource utilization in a context of price stability.",N,2010-03-16 00:00:00,True,,,,,,
1242.0,Information received since the Federal Open Market Committee met in October indicates that economic activity is expanding at a moderate pace. Labor market conditions have shown further improvement; the unemployment rate has declined but remains elevated. ,statement,Information received since the Federal Open Market Committee met in October indicates that economic activity is expanding at a moderate pace. Labor market conditions have shown further improvement; the unemployment rate has declined but remains elevated. ,Information received since the Federal Open Market Committee met in October indicates that economic activity is expanding at a moderate pace.,N,2013-12-18 00:00:00,True,,,,,,
544.0,"Information received since the Federal Open Market Committee met in September indicates that the labor market remains strong and that economic activity has been rising at a moderate rate. Job gains have been solid, on average, in recent months, and the un",statement,"Information received since the Federal Open Market Committee met in September indicates that the labor market remains strong and that economic activity has been rising at a moderate rate. Job gains have been solid, on average, in recent months, and the un","Job gains have been solid, on average, in recent months, and the unemployment rate has remained low.",MH,2019-10-30 00:00:00,True,,,,,,
1559.0,"Information received since the Federal Open Market Committee met in September confirms that the pace of recovery in output and employment continues to be slow. Household spending is increasing gradually, but remains constrained by high unemployment, modes",statement,"Information received since the Federal Open Market Committee met in September confirms that the pace of recovery in output and employment continues to be slow. Household spending is increasing gradually, but remains constrained by high unemployment, modes",The Committee will regularly review the pace of its securities purchases and the overall size of the asset-purchase program in light of incoming information and will adjust the program as needed to best foster maximum employment and price stability.,D,2010-11-03 00:00:00,True,,,,,,
973.0,"Information received since the Federal Open Market Committee met in September suggests that economic activity has been expanding at a moderate pace. Household spending and business fixed investment have been increasing at solid rates in recent months, and",statement,"Information received since the Federal Open Market Committee met in September suggests that economic activity has been expanding at a moderate pace. Household spending and business fixed investment have been increasing at solid rates in recent months, and",The Committee continues to see the risks to the outlook for economic activity and the labor market as nearly balanced but is monitoring global economic and financial developments.,N,2015-10-28 00:00:00,True,,,,,,
1711.0,"The Federal Open Market Committee has decided to lower its target for the federal funds rate 75 basis points to 3-1/2 percent.
The Committee took this action in view of a weakening of the economic outlook and increasing downside risks to growth.¬† While s",statement,The Federal Open Market Committee has decided to lower its target for the federal funds rate 75 basis points to 3-1/2 percent. The Committee took this action in view of a weakening of the economic outlook and increasing downside risks to growth. While str,it will be necessary to continue to monitor inflation developments carefully.,N,2008-01-21 00:00:00,True,,,,,,
29.0,"Available indicators suggest that economic activity has been expanding at a moderate pace. Job gains have slowed this year, and the unemployment rate has edged up through September. More recent indicators are consistent with these developments. Inflation ",statement,"Available indicators suggest that economic activity has been expanding at a moderate pace. Job gains have slowed this year, and the unemployment rate has edged up through September. More recent indicators are consistent with these developments. Inflation ",Inflation has moved up since earlier in the year and remains somewhat elevated.,H,2025-12-10 00:00:00,True,,,,,,
543.0,"Information received since the Federal Open Market Committee met in September indicates that the labor market remains strong and that economic activity has been rising at a moderate rate. Job gains have been solid, on average, in recent months, and the un",statement,"Information received since the Federal Open Market Committee met in September indicates that the labor market remains strong and that economic activity has been rising at a moderate rate. Job gains have been solid, on average, in recent months, and the un",Information received since the Federal Open Market Committee met in September indicates that the labor market remains strong and that economic activity has been rising at a moderate rate.,N,2019-10-30 00:00:00,True,,,,,,
1939.0,"The Federal Open Market Committee decided today to keep its target for the federal funds rate unchanged at 1-3/4 percent.  

The information that has become available since the last meeting of the Committee indicates that the economy, bolstered by a marke",statement,"The Federal Open Market Committee decided today to keep its target for the federal funds rate unchanged at 1-3/4 percent. The information that has become available since the last meeting of the Committee indicates that the economy, bolstered by a marked s","Nonetheless, the degree of the strengthening in final demand over coming quarters, an essential element in sustained economic expansion, is still uncertain.",MD,2002-03-19 00:00:00,True,,,,,,
809.0,"Information received since the Federal Open Market Committee met in March indicates that the labor market has continued to strengthen even as growth in economic activity slowed. Job gains were solid, on average, in recent months, and the unemployment rate",statement,"Information received since the Federal Open Market Committee met in March indicates that the labor market has continued to strengthen even as growth in economic activity slowed. Job gains were solid, on average, in recent months, and the unemployment rate","This assessment will take into account a wide range of information, including measures of labor market conditions, indicators of inflation pressures and inflation expectations, and readings on financial and international developments.",N,2017-05-03 00:00:00,True,,,,,,
774.0,"Information received since the Federal Open Market Committee met in June indicates that the labor market has continued to strengthen and that economic activity has been rising moderately so far this year. Job gains have been solid, on average, since the b",statement,"Information received since the Federal Open Market Committee met in June indicates that the labor market has continued to strengthen and that economic activity has been rising moderately so far this year. Job gains have been solid, on average, since the b","The Committee continues to expect that, with gradual adjustments in the stance of monetary policy, economic activity will expand at a moderate pace, and labor market conditions will strengthen somewhat further.",D,2017-07-26 00:00:00,True,,,,,,
56.0,"Although swings in net exports continue to affect the data, recent indicators suggest that growth of economic activity moderated in the first half of the year. The unemployment rate remains low, and labor market conditions remain solid. Inflation remains ",statement,"Although swings in net exports continue to affect the data, recent indicators suggest that growth of economic activity moderated in the first half of the year. The unemployment rate remains low, and labor market conditions remain solid. Inflation remains ","The unemployment rate remains low, and labor market conditions remain solid. Inflation remains somewhat elevated.",N,2025-07-30 00:00:00,True,,,,,,
519.0,"The coronavirus outbreak has harmed communities and disrupted economic activity in many countries, including the United States. Global financial conditions have also been significantly affected. Available economic data show that the U.S. economy came into",statement,"The coronavirus outbreak has harmed communities and disrupted economic activity in many countries, including the United States. Global financial conditions have also been significantly affected. Available economic data show that the U.S. economy came into","This assessment will take into account a wide range of information, including measures of labor market conditions, indicators of inflation pressures and inflation expectations, and readings on financial and international developments.",N,2020-03-15 00:00:00,True,,,,,,
584.0,"Information received since the Federal Open Market Committee met in May indicates that the labor market remains strong and that economic activity is rising at a moderate rate. Job gains have been solid, on average, in recent months, and the unemployment r",statement,"Information received since the Federal Open Market Committee met in May indicates that the labor market remains strong and that economic activity is rising at a moderate rate. Job gains have been solid, on average, in recent months, and the unemployment r",survey-based measures of longer-term inflation expectations are little changed.,N,2019-06-19 00:00:00,True,,,,,,
670.0,"Information received since the Federal Open Market Committee met in May indicates that the labor market has continued to strengthen and that economic activity has been rising at a solid rate. Job gains have been strong, on average, in recent months, and t",statement,"Information received since the Federal Open Market Committee met in May indicates that the labor market has continued to strengthen and that economic activity has been rising at a solid rate. Job gains have been strong, on average, in recent months, and t","The stance of monetary policy remains accommodative, thereby supporting strong labor market conditions and a sustained return to 2 percent inflation.",D,2018-06-13 00:00:00,True,,,,,,
251.0,"Recent indicators point to modest growth in spending and production. Job gains have picked up in recent months and are running at a robust pace; the unemployment rate has remained low. Inflation remains elevated.

The U.S. banking system is sound and resi",statement,Recent indicators point to modest growth in spending and production. Job gains have picked up in recent months and are running at a robust pace; the unemployment rate has remained low. Inflation remains elevated. The U.S. banking system is sound and resil,The Committee remains highly attentive to inflation risks.,MH,2023-03-22 00:00:00,True,,,,,,
99.0,"Recent indicators suggest that economic activity has continued to expand at a solid pace. Since earlier in the year, labor market conditions have generally eased, and the unemployment rate has moved up but remains low. Inflation has made progress toward t",statement,"Recent indicators suggest that economic activity has continued to expand at a solid pace. Since earlier in the year, labor market conditions have generally eased, and the unemployment rate has moved up but remains low. Inflation has made progress toward t","In assessing the appropriate stance of monetary policy, the Committee will continue to monitor the implications of incoming information for the economic outlook.",N,2024-12-18 00:00:00,True,,,,,,
567.0,"Information received since the Federal Open Market Committee met in June indicates that the labor market remains strong and that economic activity has been rising at a moderate rate. Job gains have been solid, on average, in recent months, and the unemplo",statement,"Information received since the Federal Open Market Committee met in June indicates that the labor market remains strong and that economic activity has been rising at a moderate rate. Job gains have been solid, on average, in recent months, and the unemplo",Information received since the Federal Open Market Committee met in June indicates that the labor market remains strong and that economic activity has been rising at a moderate rate.,MH,2019-07-31 00:00:00,True,,,,,,
588.0,"Information received since the Federal Open Market Committee met in May indicates that the labor market remains strong and that economic activity is rising at a moderate rate. Job gains have been solid, on average, in recent months, and the unemployment r",statement,"Information received since the Federal Open Market Committee met in May indicates that the labor market remains strong and that economic activity is rising at a moderate rate. Job gains have been solid, on average, in recent months, and the unemployment r","In determining the timing and size of future adjustments to the target range for the federal funds rate, the Committee will assess realized and expected economic conditions relative to its maximum employment objective and its symmetric 2 percent inflation",N,2019-06-19 00:00:00,True,,,,,,
298.0,"Recent indicators point to modest growth in spending and production. Job gains have been robust in recent months, and the unemployment rate has remained low. Inflation remains elevated, reflecting supply and demand imbalances related to the pandemic, high",statement,"Recent indicators point to modest growth in spending and production. Job gains have been robust in recent months, and the unemployment rate has remained low. Inflation remains elevated, reflecting supply and demand imbalances related to the pandemic, high",The war and related events are creating additional upward pressure on inflation and are weighing on global economic activity.,N,2022-09-21 00:00:00,True,,,,,,
1557.0,"Information received since the Federal Open Market Committee met in September confirms that the pace of recovery in output and employment continues to be slow. Household spending is increasing gradually, but remains constrained by high unemployment, modes",statement,"Information received since the Federal Open Market Committee met in September confirms that the pace of recovery in output and employment continues to be slow. Household spending is increasing gradually, but remains constrained by high unemployment, modes","Although the Committee anticipates a gradual return to higher levels of resource utilization in a context of price stability, progress toward its objectives has been disappointingly slow.",MD,2010-11-03 00:00:00,True,,,,,,
422.0,"The Federal Reserve is committed to using its full range of tools to support the U.S. economy in this challenging time, thereby promoting its maximum employment and price stability goals.

The COVID-19 pandemic is causing tremendous human and economic har",statement,"The Federal Reserve is committed to using its full range of tools to support the U.S. economy in this challenging time, thereby promoting its maximum employment and price stability goals. The COVID-19 pandemic is causing tremendous human and economic hard","The ongoing public health crisis continues to weigh on economic activity, employment, and inflation, and poses considerable risks to the economic outlook.",N,2021-03-17 00:00:00,True,,,,,,
1283.0,"Information received since the Federal Open Market Committee met in July suggests that economic activity has been expanding at a moderate pace. Some indicators of labor market conditions have shown further improvement in recent months, but the unemploymen",statement,"Information received since the Federal Open Market Committee met in July suggests that economic activity has been expanding at a moderate pace. Some indicators of labor market conditions have shown further improvement in recent months, but the unemploymen","Consistent with its statutory mandate, the Committee seeks to foster maximum employment and price stability.",D,2013-09-18 00:00:00,True,,,,,,
1526.0,"Information received since the Federal Open Market Committee met in January suggests that the economic recovery is on a firmer footing, and overall conditions in the labor market appear to be improving gradually. Household spending and business investment",statement,"Information received since the Federal Open Market Committee met in January suggests that the economic recovery is on a firmer footing, and overall conditions in the labor market appear to be improving gradually. Household spending and business investment","To promote a stronger pace of economic recovery and to help ensure that inflation, over time, is at levels consistent with its mandate, the Committee decided today to continue expanding its holdings of securities as announced in November.",D,2011-03-15 00:00:00,True,,,,,,
1865.0,"The Federal Open Market Committee decided today to raise its target for the federal funds rate by 25 basis points to 1-1/2 percent.

The Committee believes that, even after this action, the stance of monetary policy remains accommodative and, coupled with",statement,"The Federal Open Market Committee decided today to raise its target for the federal funds rate by 25 basis points to 1-1/2 percent. The Committee believes that, even after this action, the stance of monetary policy remains accommodative and, coupled with ","In recent months, output growth has moderated and the pace of improvement in labor market conditions has slowed.",N,2004-08-10 00:00:00,True,,,,,,
1694.0,"The Federal Open Market Committee decided today to lower its target for the federal funds rate 25 basis points to 2 percent. 
Recent information indicates that economic activity remains weak. Household and business spending has been subdued and labor mark",statement,The Federal Open Market Committee decided today to lower its target for the federal funds rate 25 basis points to 2 percent. Recent information indicates that economic activity remains weak. Household and business spending has been subdued and labor marke,The Committee will continue to monitor economic and financial developments and will act as needed to promote sustainable economic growth and price stability.,MH,2008-04-30 00:00:00,True,,,,,,
1545.0,"Information received since the Federal Open Market Committee met in November confirms that the economic recovery is continuing, though at a rate that has been insufficient to bring down unemployment. Household spending is increasing at a moderate pace, bu",statement,"Information received since the Federal Open Market Committee met in November confirms that the economic recovery is continuing, though at a rate that has been insufficient to bring down unemployment. Household spending is increasing at a moderate pace, bu","Currently, the unemployment rate is elevated, and measures of underlying inflation are somewhat low, relative to levels that the Committee judges to be consistent, over the longer run, with its dual mandate.",N,2010-12-14 00:00:00,True,,,,,,
495.0,"The Federal Reserve is committed to using its full range of tools to support the U.S. economy in this challenging time, thereby promoting its maximum employment and price stability goals.

The coronavirus outbreak is causing tremendous human and economic ",statement,"The Federal Reserve is committed to using its full range of tools to support the U.S. economy in this challenging time, thereby promoting its maximum employment and price stability goals. The coronavirus outbreak is causing tremendous human and economic h","The Federal Reserve is committed to using its full range of tools to support the U.S. economy in this challenging time, thereby promoting its maximum employment and price stability goals.",MD,2020-04-29 00:00:00,False,,,,,,
1289.0,"Information received since the Federal Open Market Committee met in July suggests that economic activity has been expanding at a moderate pace. Some indicators of labor market conditions have shown further improvement in recent months, but the unemploymen",statement,"Information received since the Federal Open Market Committee met in July suggests that economic activity has been expanding at a moderate pace. Some indicators of labor market conditions have shown further improvement in recent months, but the unemploymen","The Committee will closely monitor incoming information on economic and financial developments in coming months and will continue its purchases of Treasury and agency mortgage-backed securities, and employ its other policy tools as appropriate, until the ",D,2013-09-18 00:00:00,True,,,,,,
1477.0,"Information received since the Federal Open Market Committee met in August indicates that economic growth remains slow. Recent indicators point to continuing weakness in overall labor market conditions, and the unemployment rate remains elevated. Househol",statement,"Information received since the Federal Open Market Committee met in August indicates that economic growth remains slow. Recent indicators point to continuing weakness in overall labor market conditions, and the unemployment rate remains elevated. Househol",Longer-term inflation expectations have remained stable.,N,2011-09-21 00:00:00,True,,,,,,
70.0,"Although swings in net exports have affected the data, recent indicators suggest that economic activity has continued to expand at a solid pace. The unemployment rate has stabilized at a low level in recent months, and labor market conditions remain solid",statement,"Although swings in net exports have affected the data, recent indicators suggest that economic activity has continued to expand at a solid pace. The unemployment rate has stabilized at a low level in recent months, and labor market conditions remain solid","The unemployment rate has stabilized at a low level in recent months, and labor market conditions remain solid. Inflation remains somewhat elevated.",N,2025-05-07 00:00:00,True,,,,,,
275.0,"Recent indicators point to modest growth in spending and production. Job gains have been robust in recent months, and the unemployment rate has remained low. Inflation remains elevated, reflecting supply and demand imbalances related to the pandemic, high",statement,"Recent indicators point to modest growth in spending and production. Job gains have been robust in recent months, and the unemployment rate has remained low. Inflation remains elevated, reflecting supply and demand imbalances related to the pandemic, high",The Committee is highly attentive to inflation risks.,N,2022-12-14 00:00:00,True,,,,,,
1053.0,"Information received since the Federal Open Market Committee met in March suggests that economic growth slowed during the winter months, in part reflecting transitory factors. The pace of job gains moderated, and the unemployment rate remained steady. A r",statement,"Information received since the Federal Open Market Committee met in March suggests that economic growth slowed during the winter months, in part reflecting transitory factors. The pace of job gains moderated, and the unemployment rate remained steady. A r",The Committee anticipates that it will be appropriate to raise the target range for the federal funds rate when it has seen further improvement in the labor market and is reasonably confident that inflation will move back to its 2 percent objective over t,H,2015-04-29 00:00:00,True,,,,,,
1034.0,Information received since the Federal Open Market Committee met in April suggests that economic activity has been expanding moderately after having changed little during the first quarter. The pace of job gains picked up while the unemployment rate remai,statement,Information received since the Federal Open Market Committee met in April suggests that economic activity has been expanding moderately after having changed little during the first quarter. The pace of job gains picked up while the unemployment rate remai,The Committee anticipates that it will be appropriate to raise the target range for the federal funds rate when it has seen further improvement in the labor market and is reasonably confident that inflation will move back to its 2 percent objective over t,H,2015-06-17 00:00:00,True,,,,,,
65.0,"Although swings in net exports have affected the data, recent indicators suggest that economic activity has continued to expand at a solid pace. The unemployment rate remains low, and labor market conditions remain solid. Inflation remains somewhat elevat",statement,"Although swings in net exports have affected the data, recent indicators suggest that economic activity has continued to expand at a solid pace. The unemployment rate remains low, and labor market conditions remain solid. Inflation remains somewhat elevat",The Committee is strongly committed to supporting maximum employment and returning inflation to its 2 percent objective.,MD,2025-06-18 00:00:00,True,,,,,,
1741.0,"The Federal Open Market Committee decided today to keep its target for the federal funds rate at 5-1/4 percent. 
Economic growth appears to have been moderate during the first half of this year, despite the ongoing adjustment in the housing sector. The ec",statement,"The Federal Open Market Committee decided today to keep its target for the federal funds rate at 5-1/4 percent. Economic growth appears to have been moderate during the first half of this year, despite the ongoing adjustment in the housing sector. The eco","Economic growth appears to have been moderate during the first half of this year, despite the ongoing adjustment in the housing sector.",N,2007-06-28 00:00:00,True,,,,,,
1607.0,Information received since the Federal Open Market Committee met in November suggests that economic activity has continued to pick up and that the deterioration in the labor market is abating. The housing sector has shown some signs of improvement over re,statement,Information received since the Federal Open Market Committee met in November suggests that economic activity has continued to pick up and that the deterioration in the labor market is abating. The housing sector has shown some signs of improvement over re,Financial market conditions have become more supportive of economic growth.,N,2009-12-15 00:00:00,True,,,,,,
1085.0,"Information received since the Federal Open Market Committee met in December suggests that economic activity has been expanding at a solid pace.¬† Labor market conditions have improved further, with strong job gains and a lower unemployment rate.¬† On bal",statement,"Information received since the Federal Open Market Committee met in December suggests that economic activity has been expanding at a solid pace. Labor market conditions have improved further, with strong job gains and a lower unemployment rate. On balance","To support continued progress toward maximum employment and price stability, the Committee today reaffirmed its view that the current 0 to 1/4 percent target range for the federal funds rate remains appropriate.",D,2015-01-28 00:00:00,True,,,,,,
1232.0,Information received since the Federal Open Market Committee met in December indicates that growth in economic activity picked up in recent quarters. Labor market indicators were mixed but on balance showed further improvement. The unemployment rate decli,statement,Information received since the Federal Open Market Committee met in December indicates that growth in economic activity picked up in recent quarters. Labor market indicators were mixed but on balance showed further improvement. The unemployment rate decli,"In light of the cumulative progress toward maximum employment and the improvement in the outlook for labor market conditions, the Committee decided to make a further measured reduction in the pace of its asset purchases.",H,2014-01-29 00:00:00,True,,,,,,
394.0,"The Federal Reserve is committed to using its full range of tools to support the U.S. economy in this challenging time, thereby promoting its maximum employment and price stability goals.

With progress on vaccinations and strong policy support, indicator",statement,"The Federal Reserve is committed to using its full range of tools to support the U.S. economy in this challenging time, thereby promoting its maximum employment and price stability goals. With progress on vaccinations and strong policy support, indicators","In assessing the appropriate stance of monetary policy, the Committee will continue to monitor the implications of incoming information for the economic outlook.",N,2021-07-28 00:00:00,True,,,,,,
923.0,"Information received since the Federal Open Market Committee met in March indicates that labor market conditions have improved further even as growth in economic activity appears to have slowed. Growth in household spending has moderated, although househo",statement,"Information received since the Federal Open Market Committee met in March indicates that labor market conditions have improved further even as growth in economic activity appears to have slowed. Growth in household spending has moderated, although househo","This assessment will take into account a wide range of information, including measures of labor market conditions, indicators of inflation pressures and inflation expectations, and readings on financial and international developments.",N,2016-04-27 00:00:00,True,,,,,,
1497.0,Information received since the Federal Open Market Committee met in June indicates that economic growth so far this year has been considerably slower than the Committee had expected.¬† Indicators suggest a deterioration in overall labor market conditions ,statement,Information received since the Federal Open Market Committee met in June indicates that economic growth so far this year has been considerably slower than the Committee had expected. Indicators suggest a deterioration in overall labor market conditions in,The Committee discussed the range of policy tools available to promote a stronger economic recovery in a context of price stability.,MD,2011-08-09 00:00:00,True,,,,,,
111.0,"Recent indicators suggest that economic activity has continued to expand at a solid pace. Since earlier in the year, labor market conditions have generally eased, and the unemployment rate has moved up but remains low. Inflation has made progress toward t",statement,"Recent indicators suggest that economic activity has continued to expand at a solid pace. Since earlier in the year, labor market conditions have generally eased, and the unemployment rate has moved up but remains low. Inflation has made progress toward t","The Committee's assessments will take into account a wide range of information, including readings on labor market conditions, inflation pressures and inflation expectations, and financial and international developments.",N,2024-11-07 00:00:00,True,,,,,,
352.0,"The Federal Reserve is committed to using its full range of tools to support the U.S. economy in this challenging time, thereby promoting its maximum employment and price stability goals.

With progress on vaccinations and strong policy support, indicator",statement,"The Federal Reserve is committed to using its full range of tools to support the U.S. economy in this challenging time, thereby promoting its maximum employment and price stability goals. With progress on vaccinations and strong policy support, indicators","The Federal Reserve is committed to using its full range of tools to support the U.S. economy in this challenging time, thereby promoting its maximum employment and price stability goals.",MD,2021-12-15 00:00:00,False,,,,,,
1756.0,"The Federal Open Market Committee decided today to keep its target for the federal funds rate at 5-1/4 percent. 
Recent indicators have suggested somewhat firmer economic growth, and some tentative signs of stabilization have appeared in the housing marke",statement,"The Federal Open Market Committee decided today to keep its target for the federal funds rate at 5-1/4 percent. Recent indicators have suggested somewhat firmer economic growth, and some tentative signs of stabilization have appeared in the housing market","Readings on core inflation have improved modestly in recent months, and inflation pressures seem likely to moderate over time.",N,2007-01-31 00:00:00,True,,,,,,
859.0,Information received since the Federal Open Market Committee met in September indicates that the labor market has continued to strengthen and growth of economic activity has picked up from the modest pace seen in the first half of this year. Although the ,statement,Information received since the Federal Open Market Committee met in September indicates that the labor market has continued to strengthen and growth of economic activity has picked up from the modest pace seen in the first half of this year. Although the ,"Consistent with its statutory mandate, the Committee seeks to foster maximum employment and price stability.",MD,2016-11-02 00:00:00,True,,,,,,
1336.0,"Information received since the Federal Open Market Committee met in March suggests that economic activity has been expanding at a moderate pace. Labor market conditions have shown some improvement in recent months, on balance, but the unemployment rate re",statement,"Information received since the Federal Open Market Committee met in March suggests that economic activity has been expanding at a moderate pace. Labor market conditions have shown some improvement in recent months, on balance, but the unemployment rate re",The Committee is prepared to increase or reduce the pace of its purchases to maintain appropriate policy accommodation as the outlook for the labor market or inflation changes.,N,2013-05-01 00:00:00,True,,,,,,
1338.0,"Information received since the Federal Open Market Committee met in March suggests that economic activity has been expanding at a moderate pace. Labor market conditions have shown some improvement in recent months, on balance, but the unemployment rate re",statement,"Information received since the Federal Open Market Committee met in March suggests that economic activity has been expanding at a moderate pace. Labor market conditions have shown some improvement in recent months, on balance, but the unemployment rate re","In particular, the Committee decided to keep the target range for the federal funds rate at 0 to 1/4 percent and currently anticipates that this exceptionally low range for the federal funds rate will be appropriate at least as long as the unemployment ra",D,2013-05-01 00:00:00,True,,,,,,
1229.0,Information received since the Federal Open Market Committee met in December indicates that growth in economic activity picked up in recent quarters. Labor market indicators were mixed but on balance showed further improvement. The unemployment rate decli,statement,Information received since the Federal Open Market Committee met in December indicates that growth in economic activity picked up in recent quarters. Labor market indicators were mixed but on balance showed further improvement. The unemployment rate decli,"The Committee expects that, with appropriate policy accommodation, economic activity will expand at a moderate pace and the unemployment rate will gradually decline toward levels the Committee judges consistent with its dual mandate.",D,2014-01-29 00:00:00,True,,,,,,
1406.0,"Information received since the Federal Open Market Committee met in June suggests that economic activity decelerated somewhat over the first half of this year. Growth in employment has been slow in recent months, and the unemployment rate remains elevated",statement,"Information received since the Federal Open Market Committee met in June suggests that economic activity decelerated somewhat over the first half of this year. Growth in employment has been slow in recent months, and the unemployment rate remains elevated","Inflation has declined since earlier this year, mainly reflecting lower prices of crude oil and gasoline, and longer-term inflation expectations have remained stable.",MD,2012-08-01 00:00:00,True,,,,,,
1173.0,"Information received since the Federal Open Market Committee met in April indicates that growth in economic activity has rebounded in recent months. Labor market indicators generally showed further improvement. The unemployment rate, though lower, remains",statement,"Information received since the Federal Open Market Committee met in April indicates that growth in economic activity has rebounded in recent months. Labor market indicators generally showed further improvement. The unemployment rate, though lower, remains","In light of the cumulative progress toward maximum employment and the improvement in the outlook for labor market conditions since the inception of the current asset purchase program, the Committee decided to make a further measured reduction in the pace ",D,2014-06-18 00:00:00,True,,,,,,
1061.0,"Information received since the Federal Open Market Committee met in January suggests that economic growth has moderated somewhat. Labor market conditions have improved further, with strong job gains and a lower unemployment rate. A range of labor market i",statement,"Information received since the Federal Open Market Committee met in January suggests that economic growth has moderated somewhat. Labor market conditions have improved further, with strong job gains and a lower unemployment rate. A range of labor market i",survey-based measures of longer-term inflation expectations have remained stable.,N,2015-03-18 00:00:00,True,,,,,,
628.0,"Information received since the Federal Open Market Committee met in November indicates that the labor market has continued to strengthen and that economic activity has been rising at a strong rate. Job gains have been strong, on average, in recent months,",statement,"Information received since the Federal Open Market Committee met in November indicates that the labor market has continued to strengthen and that economic activity has been rising at a strong rate. Job gains have been strong, on average, in recent months,","Consistent with its statutory mandate, the Committee seeks to foster maximum employment and price stability.",MD,2018-12-19 00:00:00,True,,,,,,
411.0,"The Federal Reserve is committed to using its full range of tools to support the U.S. economy in this challenging time, thereby promoting its maximum employment and price stability goals.

The COVID-19 pandemic is causing tremendous human and economic har",statement,"The Federal Reserve is committed to using its full range of tools to support the U.S. economy in this challenging time, thereby promoting its maximum employment and price stability goals. The COVID-19 pandemic is causing tremendous human and economic hard",The Committee seeks to achieve maximum employment and inflation at the rate of 2 percent over the longer run.,MD,2021-04-28 00:00:00,True,,,,,,
1658.0,"Joint Statement by Central Banks 
Throughout the current financial crisis, central banks have engaged in continuous close consultation and have cooperated in unprecedented joint actions such as the provision of liquidity to reduce strains in financial mar",statement,"Joint Statement by Central Banks Throughout the current financial crisis, central banks have engaged in continuous close consultation and have cooperated in unprecedented joint actions such as the provision of liquidity to reduce strains in financial mark",The recent intensification of the financial crisis has augmented the downside risks to growth and thus has diminished further the upside risks to price stability.,MH,2008-10-07 00:00:00,True,,,,,,
535.0,"Information received since the Federal Open Market Committee met in October indicates that the labor market remains strong and that economic activity has been rising at a moderate rate. Job gains have been solid, on average, in recent months, and the unem",statement,"Information received since the Federal Open Market Committee met in October indicates that the labor market remains strong and that economic activity has been rising at a moderate rate. Job gains have been solid, on average, in recent months, and the unem","On a 12√¢¬Ä¬ëmonth basis, overall inflation and inflation for items other than food and energy are running below 2 percent.",MD,2019-12-11 00:00:00,True,,,,,,
1985.0,"The Federal Open Market Committee decided today to lower its target for the federal funds rate by 50 basis points to 6 percent.


	In a related action, the Board of Governors approved a 25-basis-point decrease in the discount rate to 5-3/4 percent, the le",statement,"The Federal Open Market Committee decided today to lower its target for the federal funds rate by 50 basis points to 6 percent. In a related action, the Board of Governors approved a 25-basis-point decrease in the discount rate to 5-3/4 percent, the level","Nonetheless, to date there is little evidence to suggest that longer-term advances in technology and associated gains in productivity are abating.",N,2000-11-15 00:00:00,False,,,,,,
1318.0,"Information received since the Federal Open Market Committee met in May suggests that economic activity has been expanding at a moderate pace. Labor market conditions have shown further improvement in recent months, on balance, but the unemployment rate r",statement,"Information received since the Federal Open Market Committee met in May suggests that economic activity has been expanding at a moderate pace. Labor market conditions have shown further improvement in recent months, on balance, but the unemployment rate r",The Committee also anticipates that inflation over the medium term likely will run at or below its 2 percent objective.,MD,2013-06-19 00:00:00,True,,,,,,
1518.0,Information received since the Federal Open Market Committee met in March indicates that the economic recovery is proceeding at a moderate pace and overall conditions in the labor market are improving gradually.¬† Household spending and business investmen,statement,Information received since the Federal Open Market Committee met in March indicates that the economic recovery is proceeding at a moderate pace and overall conditions in the labor market are improving gradually. Household spending and business investment ,"The Committee will maintain the target range for the federal funds rate at 0 to 1/4 percent and continues to anticipate that economic conditions, including low rates of resource utilization, subdued inflation trends, and stable inflation expectations, are",D,2011-04-27 00:00:00,True,,,,,,
69.0,"Although swings in net exports have affected the data, recent indicators suggest that economic activity has continued to expand at a solid pace. The unemployment rate has stabilized at a low level in recent months, and labor market conditions remain solid",statement,"Although swings in net exports have affected the data, recent indicators suggest that economic activity has continued to expand at a solid pace. The unemployment rate has stabilized at a low level in recent months, and labor market conditions remain solid","Although swings in net exports have affected the data, recent indicators suggest that economic activity has continued to expand at a solid pace.",MH,2025-05-07 00:00:00,True,,,,,,
1125.0,"Information received since the Federal Open Market Committee met in September suggests that economic activity is expanding at a moderate pace. Labor market conditions improved somewhat further, with solid job gains and a lower unemployment rate. On balanc",statement,"Information received since the Federal Open Market Committee met in September suggests that economic activity is expanding at a moderate pace. Labor market conditions improved somewhat further, with solid job gains and a lower unemployment rate. On balanc","When the Committee decides to begin to remove policy accommodation, it will take a balanced approach consistent with its longer-run goals of maximum employment and inflation of 2 percent.",MH,2014-10-29 00:00:00,True,,,,,,
554.0,"Consistent with its January 2019 Statement Regarding Monetary Policy Implementation and Balance Sheet Normalization, the Committee reaffirms its intention to implement monetary policy in a regime in which an ample supply of reserves ensures that control o",statement,"Consistent with its January 2019 Statement Regarding Monetary Policy Implementation and Balance Sheet Normalization, the Committee reaffirms its intention to implement monetary policy in a regime in which an ample supply of reserves ensures that control o","These actions are purely technical measures to support the effective implementation of the FOMC's monetary policy, and do not represent a change in the stance of monetary policy.",N,2019-10-04 00:00:00,True,,,,,,
974.0,"Information received since the Federal Open Market Committee met in September suggests that economic activity has been expanding at a moderate pace. Household spending and business fixed investment have been increasing at solid rates in recent months, and",statement,"Information received since the Federal Open Market Committee met in September suggests that economic activity has been expanding at a moderate pace. Household spending and business fixed investment have been increasing at solid rates in recent months, and",Inflation is anticipated to remain near its recent low level in the near term,N,2015-10-28 00:00:00,True,,,,,,
1942.0,"The Federal Open Market Committee decided today to keep its target for the federal funds rate unchanged at 1-3/4 percent.

Signs that weakness in demand is abating and economic activity is beginning to firm have become more prevalent.  With the forces res",statement,The Federal Open Market Committee decided today to keep its target for the federal funds rate unchanged at 1-3/4 percent. Signs that weakness in demand is abating and economic activity is beginning to firm have become more prevalent. With the forces restr,"With the forces restraining the economy starting to diminish, and with the long-term prospects for productivity growth remaining favorable and monetary policy accommodative, the outlook for economic recovery has become more promising.",D,2002-01-30 00:00:00,True,,,,,,
1826.0,"Release Date: June 30, 2005 

For immediate release


The Federal Open Market Committee decided today to raise its target for the federal funds rate by 25 basis points to 3-1/4 percent. 
The Committee believes that, even after this action, the stance of m",statement,"Release Date: June 30, 2005 For immediate release The Federal Open Market Committee decided today to raise its target for the federal funds rate by 25 basis points to 3-1/4 percent. The Committee believes that, even after this action, the stance of moneta","Pressures on inflation have stayed elevated,",MH,2005-06-30 00:00:00,True,,,,,,
1517.0,Information received since the Federal Open Market Committee met in March indicates that the economic recovery is proceeding at a moderate pace and overall conditions in the labor market are improving gradually.¬† Household spending and business investmen,statement,Information received since the Federal Open Market Committee met in March indicates that the economic recovery is proceeding at a moderate pace and overall conditions in the labor market are improving gradually. Household spending and business investment ,The Committee will regularly review the size and composition of its securities holdings in light of incoming information and is prepared to adjust those holdings as needed to best foster maximum employment and price stability.,MD,2011-04-27 00:00:00,True,,,,,,
581.0,"Information received since the Federal Open Market Committee met in May indicates that the labor market remains strong and that economic activity is rising at a moderate rate. Job gains have been solid, on average, in recent months, and the unemployment r",statement,"Information received since the Federal Open Market Committee met in May indicates that the labor market remains strong and that economic activity is rising at a moderate rate. Job gains have been solid, on average, in recent months, and the unemployment r","Although growth of household spending appears to have picked up from earlier in the year, indicators of business fixed investment have been soft.",N,2019-06-19 00:00:00,True,,,,,,
1753.0,"The Federal Open Market Committee decided today to keep its target for the federal funds rate at 5-1/4 percent.
Recent indicators have been mixed and the adjustment in the housing sector is ongoing. Nevertheless, the economy seems likely to continue to ex",statement,"The Federal Open Market Committee decided today to keep its target for the federal funds rate at 5-1/4 percent. Recent indicators have been mixed and the adjustment in the housing sector is ongoing. Nevertheless, the economy seems likely to continue to ex","In these circumstances, the Committee's predominant policy concern remains the risk that inflation will fail to moderate as expected.",MH,2007-03-21 00:00:00,True,,,,,,
1903.0,"The Federal Open Market Committee decided today to keep its target for the federal funds rate at 1 percent.

	The Committee continues to believe that an accommodative stance of monetary policy, coupled with still-robust underlying growth in productivity, ",statement,"The Federal Open Market Committee decided today to keep its target for the federal funds rate at 1 percent. The Committee continues to believe that an accommodative stance of monetary policy, coupled with still-robust underlying growth in productivity, is","The Committee judges that, on balance, the risk of inflation becoming undesirably low is likely to be the predominant concern for the foreseeable future.",MD,2003-08-12 00:00:00,True,,,,,,
721.0,"Information received since the Federal Open Market Committee met in November indicates that the labor market has continued to strengthen and that economic activity has been rising at a solid rate. Averaging through hurricane-related fluctuations, job gain",statement,"Information received since the Federal Open Market Committee met in November indicates that the labor market has continued to strengthen and that economic activity has been rising at a solid rate. Averaging through hurricane-related fluctuations, job gain","On a 12-month basis, both overall inflation and inflation for items other than food and energy have declined this year and are running below 2 percent.",MD,2017-12-13 00:00:00,True,,,,,,
1193.0,"Information received since the Federal Open Market Committee met in March indicates that growth in economic activity has picked up recently, after having slowed sharply during the winter in part because of adverse weather conditions. Labor market indicato",statement,"Information received since the Federal Open Market Committee met in March indicates that growth in economic activity has picked up recently, after having slowed sharply during the winter in part because of adverse weather conditions. Labor market indicato","The Committee's sizable and still-increasing holdings of longer-term securities should maintain downward pressure on longer-term interest rates, support mortgage markets, and help to make broader financial conditions more accommodative, which in turn shou",D,2014-04-30 00:00:00,True,,,,,,
1747.0,"The Federal Open Market Committee decided today to keep its target for the federal funds rate at 5-1/4 percent. 
Economic growth slowed in the first part of this year and the adjustment in the housing sector is ongoing. Nevertheless, the economy seems lik",statement,"The Federal Open Market Committee decided today to keep its target for the federal funds rate at 5-1/4 percent. Economic growth slowed in the first part of this year and the adjustment in the housing sector is ongoing. Nevertheless, the economy seems like","Nevertheless, the economy seems likely to expand at a moderate pace over coming quarters. Core inflation remains somewhat elevated.",MH,2007-05-09 00:00:00,True,,,,,,
785.0,"Information received since the Federal Open Market Committee met in May indicates that the labor market has continued to strengthen and that economic activity has been rising moderately so far this year. Job gains have moderated but have been solid, on av",statement,"Information received since the Federal Open Market Committee met in May indicates that the labor market has continued to strengthen and that economic activity has been rising moderately so far this year. Job gains have moderated but have been solid, on av",Market-based measures of inflation compensation remain low,MD,2017-06-14 00:00:00,True,,,,,,
1089.0,"Information received since the Federal Open Market Committee met in December suggests that economic activity has been expanding at a solid pace.¬† Labor market conditions have improved further, with strong job gains and a lower unemployment rate.¬† On bal",statement,"Information received since the Federal Open Market Committee met in December suggests that economic activity has been expanding at a solid pace. Labor market conditions have improved further, with strong job gains and a lower unemployment rate. On balance","However, if incoming information indicates faster progress toward the Committee√¢¬Ä¬ôs employment and inflation objectives than the Committee now expects, then increases in the target range for the federal funds rate are likely to occur sooner than curren",H,2015-01-28 00:00:00,True,,,,,,
1471.0,"Information received since the Federal Open Market Committee met in September indicates that economic growth strengthened somewhat in the third quarter, reflecting in part a reversal of the temporary factors that had weighed on growth earlier in the year.",statement,"Information received since the Federal Open Market Committee met in September indicates that economic growth strengthened somewhat in the third quarter, reflecting in part a reversal of the temporary factors that had weighed on growth earlier in the year.","To support a stronger economic recovery and to help ensure that inflation, over time, is at levels consistent with the dual mandate, the Committee decided today to continue its program to extend the average maturity of its holdings of securities as announ",D,2011-11-02 00:00:00,True,,,,,,
1550.0,"Information received since the Federal Open Market Committee met in November confirms that the economic recovery is continuing, though at a rate that has been insufficient to bring down unemployment. Household spending is increasing at a moderate pace, bu",statement,"Information received since the Federal Open Market Committee met in November confirms that the economic recovery is continuing, though at a rate that has been insufficient to bring down unemployment. Household spending is increasing at a moderate pace, bu","The Committee will continue to monitor the economic outlook and financial developments and will employ its policy tools as necessary to support the economic recovery and to help ensure that inflation, over time, is at levels consistent with its mandate.",N,2010-12-14 00:00:00,True,,,,,,
765.0,"Information received since the Federal Open Market Committee met in July indicates that the labor market has continued to strengthen and that economic activity has been rising moderately so far this year. Job gains have remained solid in recent months, an",statement,"Information received since the Federal Open Market Committee met in July indicates that the labor market has continued to strengthen and that economic activity has been rising moderately so far this year. Job gains have remained solid in recent months, an","In determining the timing and size of future adjustments to the target range for the federal funds rate, the Committee will assess realized and expected economic conditions relative to its objectives of maximum employment and 2 percent inflation.",MD,2017-09-20 00:00:00,True,,,,,,
1302.0,"Information received since the Federal Open Market Committee met in June suggests that economic activity expanded at a modest pace during the first half of the year. Labor market conditions have shown further improvement in recent months, on balance, but ",statement,"Information received since the Federal Open Market Committee met in June suggests that economic activity expanded at a modest pace during the first half of the year. Labor market conditions have shown further improvement in recent months, on balance, but ","The Committee recognizes that inflation persistently below its 2 percent objective could pose risks to economic performance,",MD,2013-07-31 00:00:00,True,,,,,,
1950.0,"The Federal Open Market Committee decided today to lower its target for the federal funds rate by 50 basis points to 2 percent. In a related action, the Board of Governors approved a 50 basis point reduction in the discount rate to 1-1/2 percent.

Heighte",statement,"The Federal Open Market Committee decided today to lower its target for the federal funds rate by 50 basis points to 2 percent. In a related action, the Board of Governors approved a 50 basis point reduction in the discount rate to 1-1/2 percent. Heighten","For the foreseeable future, then, the Committee continues to believe that, against the background of its long-run goals of price stability and sustainable economic growth and of the information currently available, the risks are weighted mainly toward con",MH,2001-11-06 00:00:00,False,,,,,,
1013.0,Information received since the Federal Open Market Committee met in June indicates that economic activity has been expanding moderately in recent months. Growth in household spending has been moderate and the housing sector has shown additional improvemen,statement,Information received since the Federal Open Market Committee met in June indicates that economic activity has been expanding moderately in recent months. Growth in household spending has been moderate and the housing sector has shown additional improvemen,"To support continued progress toward maximum employment and price stability, the Committee today reaffirmed its view that the current 0 to 1/4 percent target range for the federal funds rate remains appropriate.",D,2015-07-29 00:00:00,True,,,,,,
486.0,"The Federal Reserve is committed to using its full range of tools to support the U.S. economy in this challenging time, thereby promoting its maximum employment and price stability goals.

The coronavirus outbreak is causing tremendous human and economic ",statement,"The Federal Reserve is committed to using its full range of tools to support the U.S. economy in this challenging time, thereby promoting its maximum employment and price stability goals. The coronavirus outbreak is causing tremendous human and economic h","The Federal Reserve is committed to using its full range of tools to support the U.S. economy in this challenging time, thereby promoting its maximum employment and price stability goals.",D,2020-06-10 00:00:00,False,,,,,,
128.0,"Recent indicators suggest that economic activity has continued to expand at a solid pace. Job gains have moderated, and the unemployment rate has moved up but remains low. Inflation has eased over the past year but remains somewhat elevated. In recent mon",statement,"Recent indicators suggest that economic activity has continued to expand at a solid pace. Job gains have moderated, and the unemployment rate has moved up but remains low. Inflation has eased over the past year but remains somewhat elevated. In recent mon",The Committee seeks to achieve maximum employment and inflation at the rate of 2 percent over the longer run.,MH,2024-07-31 00:00:00,True,,,,,,
1202.0,"Information received since the Federal Open Market Committee met in March indicates that growth in economic activity has picked up recently, after having slowed sharply during the winter in part because of adverse weather conditions. Labor market indicato",statement,"Information received since the Federal Open Market Committee met in March indicates that growth in economic activity has picked up recently, after having slowed sharply during the winter in part because of adverse weather conditions. Labor market indicato","The Committee currently anticipates that, even after employment and inflation are near mandate-consistent levels, economic conditions may, for some time, warrant keeping the target federal funds rate below levels the Committee views as normal in the longe",D,2014-04-30 00:00:00,True,,,,,,
1688.0,"The Federal Open Market Committee decided today to lower its target for the federal funds rate 25 basis points to 2 percent. 
Recent information indicates that economic activity remains weak. Household and business spending has been subdued and labor mark",statement,The Federal Open Market Committee decided today to lower its target for the federal funds rate 25 basis points to 2 percent. Recent information indicates that economic activity remains weak. Household and business spending has been subdued and labor marke,"Financial markets remain under considerable stress, and tight credit conditions and the deepening housing contraction are likely to weigh on economic growth over the next few quarters.",MD,2008-04-30 00:00:00,True,,,,,,
1329.0,"Information received since the Federal Open Market Committee met in March suggests that economic activity has been expanding at a moderate pace. Labor market conditions have shown some improvement in recent months, on balance, but the unemployment rate re",statement,"Information received since the Federal Open Market Committee met in March suggests that economic activity has been expanding at a moderate pace. Labor market conditions have shown some improvement in recent months, on balance, but the unemployment rate re","Inflation has been running somewhat below the Committee's longer-run objective, apart from temporary variations that largely reflect fluctuations in energy prices.",MD,2013-05-01 00:00:00,True,,,,,,
855.0,Information received since the Federal Open Market Committee met in September indicates that the labor market has continued to strengthen and growth of economic activity has picked up from the modest pace seen in the first half of this year. Although the ,statement,Information received since the Federal Open Market Committee met in September indicates that the labor market has continued to strengthen and growth of economic activity has picked up from the modest pace seen in the first half of this year. Although the ,"Inflation has increased somewhat since earlier this year but is still below the Committee's 2 percent longer-run objective, partly reflecting earlier declines in energy prices and in prices of non-energy imports.",MH,2016-11-02 00:00:00,True,,,,,,
915.0,"Information received since the Federal Open Market Committee met in March indicates that labor market conditions have improved further even as growth in economic activity appears to have slowed. Growth in household spending has moderated, although househo",statement,"Information received since the Federal Open Market Committee met in March indicates that labor market conditions have improved further even as growth in economic activity appears to have slowed. Growth in household spending has moderated, although househo","survey-based measures of longer-term inflation expectations are little changed, on balance, in recent months.",N,2016-04-27 00:00:00,True,,,,,,
361.0,"The Federal Reserve is committed to using its full range of tools to support the U.S. economy in this challenging time, thereby promoting its maximum employment and price stability goals.

With progress on vaccinations and strong policy support, indicator",statement,"The Federal Reserve is committed to using its full range of tools to support the U.S. economy in this challenging time, thereby promoting its maximum employment and price stability goals. With progress on vaccinations and strong policy support, indicators",The Committee would be prepared to adjust the stance of monetary policy as appropriate if risks emerge that could impede the attainment of the Committee's goals.,N,2021-12-15 00:00:00,True,,,,,,
1401.0,"Information received since the Federal Open Market Committee met in August suggests that economic activity has continued to expand at a moderate pace in recent months. Growth in employment has been slow, and the unemployment rate remains elevated. Househo",statement,"Information received since the Federal Open Market Committee met in August suggests that economic activity has continued to expand at a moderate pace in recent months. Growth in employment has been slow, and the unemployment rate remains elevated. Househo","To support a stronger economic recovery and to help ensure that inflation, over time, is at the rate most consistent with its dual mandate, the Committee agreed today to increase policy accommodation by purchasing additional agency mortgage-backed securit",D,2012-09-13 00:00:00,True,,,,,,
1230.0,Information received since the Federal Open Market Committee met in December indicates that growth in economic activity picked up in recent quarters. Labor market indicators were mixed but on balance showed further improvement. The unemployment rate decli,statement,Information received since the Federal Open Market Committee met in December indicates that growth in economic activity picked up in recent quarters. Labor market indicators were mixed but on balance showed further improvement. The unemployment rate decli,"The Committee recognizes that inflation persistently below its 2 percent objective could pose risks to economic performance, and it is monitoring inflation developments carefully for evidence that inflation will move back toward its objective over the med",MH,2014-01-29 00:00:00,True,,,,,,
256.0,"Recent indicators point to modest growth in spending and production. Job gains have picked up in recent months and are running at a robust pace; the unemployment rate has remained low. Inflation remains elevated.

The U.S. banking system is sound and resi",statement,Recent indicators point to modest growth in spending and production. Job gains have picked up in recent months and are running at a robust pace; the unemployment rate has remained low. Inflation remains elevated. The U.S. banking system is sound and resil,The Committee is strongly committed to returning inflation to its 2 percent objective.,N,2023-03-22 00:00:00,True,,,,,,
1667.0,"The Federal Open Market Committee decided today to keep its target for the federal funds rate at 2 percent.
Strains in financial markets have increased significantly and labor markets have weakened further. Economic growth appears to have slowed recently,",statement,"The Federal Open Market Committee decided today to keep its target for the federal funds rate at 2 percent. Strains in financial markets have increased significantly and labor markets have weakened further. Economic growth appears to have slowed recently,","Inflation has been high, spurred by the earlier increases in the prices of energy and some other commodities.",MH,2008-09-16 00:00:00,True,,,,,,
1820.0,"Release Date: August 9, 2005 

For immediate release


The Federal Open Market Committee decided today to raise its target for the federal funds rate by 25 basis points to 3-1/2 percent.

The Committee believes that, even after this action, the stance of ",statement,"Release Date: August 9, 2005 For immediate release The Federal Open Market Committee decided today to raise its target for the federal funds rate by 25 basis points to 3-1/2 percent. The Committee believes that, even after this action, the stance of monet","Core inflation has been relatively low in recent months and longer-term inflation expectations remain well contained,",N,2005-08-09 00:00:00,True,,,,,,
1102.0,"Information received since the Federal Open Market Committee met in October suggests that economic activity is expanding at a moderate pace. Labor market conditions improved further, with solid job gains and a lower unemployment rate. On balance, a range ",statement,"Information received since the Federal Open Market Committee met in October suggests that economic activity is expanding at a moderate pace. Labor market conditions improved further, with solid job gains and a lower unemployment rate. On balance, a range ","To support continued progress toward maximum employment and price stability, the Committee today reaffirmed its view that the current 0 to 1/4 percent target range for the federal funds rate remains appropriate.",D,2014-12-17 00:00:00,True,,,,,,
342.0,"Indicators of economic activity and employment have continued to strengthen. Job gains have been strong in recent months, and the unemployment rate has declined substantially. Inflation remains elevated, reflecting supply and demand imbalances related to ",statement,"Indicators of economic activity and employment have continued to strengthen. Job gains have been strong in recent months, and the unemployment rate has declined substantially. Inflation remains elevated, reflecting supply and demand imbalances related to ","The Committee's assessments will take into account a wide range of information, including readings on public health, labor market conditions, inflation pressures and inflation expectations, and financial and international developments.",N,2022-03-16 00:00:00,True,,,,,,
1953.0,"The Federal Open Market Committee decided today to lower its target for the federal funds rate by 50 basis points to 2-1/2 percent. In a related action, the Board of Governors approved a 50 basis point reduction in the discount rate to 2 percent.

The ter",statement,"The Federal Open Market Committee decided today to lower its target for the federal funds rate by 50 basis points to 2-1/2 percent. In a related action, the Board of Governors approved a 50 basis point reduction in the discount rate to 2 percent. The terr","Nonetheless, the long-term prospects for productivity growth and the economy remain favorable and should become evident once the unusual forces restraining demand abate.",MH,2001-09-17 00:00:00,False,,,,,,
1116.0,"Information received since the Federal Open Market Committee met in September suggests that economic activity is expanding at a moderate pace. Labor market conditions improved somewhat further, with solid job gains and a lower unemployment rate. On balanc",statement,"Information received since the Federal Open Market Committee met in September suggests that economic activity is expanding at a moderate pace. Labor market conditions improved somewhat further, with solid job gains and a lower unemployment rate. On balanc","The Committee expects that, with appropriate policy accommodation, economic activity will expand at a moderate pace, with labor market indicators and inflation moving toward levels the Committee judges consistent with its dual mandate.",D,2014-10-29 00:00:00,True,,,,,,
1040.0,"Information received since the Federal Open Market Committee met in March suggests that economic growth slowed during the winter months, in part reflecting transitory factors. The pace of job gains moderated, and the unemployment rate remained steady. A r",statement,"Information received since the Federal Open Market Committee met in March suggests that economic growth slowed during the winter months, in part reflecting transitory factors. The pace of job gains moderated, and the unemployment rate remained steady. A r","households' real incomes rose strongly, partly reflecting earlier declines in energy prices, and consumer sentiment remains high.",MD,2015-04-29 00:00:00,True,,,,,,
1799.0,"The Federal Open Market Committee decided today to raise its target for the federal funds rate by 25 basis points to 4-1/2 percent. 
Although recent economic data have been uneven, the expansion in economic activity appears solid. Core inflation has staye",statement,"The Federal Open Market Committee decided today to raise its target for the federal funds rate by 25 basis points to 4-1/2 percent. Although recent economic data have been uneven, the expansion in economic activity appears solid. Core inflation has stayed",The Committee judges that some further policy firming may be needed to keep the risks to the attainment of both sustainable economic growth and price stability roughly in balance.,D,2006-01-31 00:00:00,True,,,,,,
1835.0,"Release Date: May 3, 2005 

For immediate release

The Federal Open Market Committee decided today to raise its target for the federal funds rate by 25 basis points to 3 percent. 
The Committee believes that, even after this action, the stance of monetary",statement,"Release Date: May 3, 2005 For immediate release The Federal Open Market Committee decided today to raise its target for the federal funds rate by 25 basis points to 3 percent. The Committee believes that, even after this action, the stance of monetary pol","The Committee perceives that, with appropriate monetary policy action, the upside and downside risks to the attainment of both sustainable growth and price stability should be kept roughly equal.",D,2005-05-03 00:00:00,True,,,,,,
307.0,"Recent indicators of spending and production have softened. Nonetheless, job gains have been robust in recent months, and the unemployment rate has remained low. Inflation remains elevated, reflecting supply and demand imbalances related to the pandemic, ",statement,"Recent indicators of spending and production have softened. Nonetheless, job gains have been robust in recent months, and the unemployment rate has remained low. Inflation remains elevated, reflecting supply and demand imbalances related to the pandemic, ",The war and related events are creating additional upward pressure on inflation and are weighing on global economic activity.,D,2022-07-27 00:00:00,True,,,,,,
1568.0,"Information received since the Federal Open Market Committee met in August indicates that the pace of recovery in output and employment has slowed in recent months. Household spending is increasing gradually, but remains constrained by high unemployment, ",statement,"Information received since the Federal Open Market Committee met in August indicates that the pace of recovery in output and employment has slowed in recent months. Household spending is increasing gradually, but remains constrained by high unemployment, ","The Committee will continue to monitor the economic outlook and financial developments and is prepared to provide additional accommodation if needed to support the economic recovery and to return inflation, over time, to levels consistent with its mandate",N,2010-09-21 00:00:00,True,,,,,,
767.0,"Information received since the Federal Open Market Committee met in July indicates that the labor market has continued to strengthen and that economic activity has been rising moderately so far this year. Job gains have remained solid in recent months, an",statement,"Information received since the Federal Open Market Committee met in July indicates that the labor market has continued to strengthen and that economic activity has been rising moderately so far this year. Job gains have remained solid in recent months, an",The Committee will carefully monitor actual and expected inflation developments relative to its symmetric inflation goal.,N,2017-09-20 00:00:00,True,,,,,,
968.0,"Information received since the Federal Open Market Committee met in September suggests that economic activity has been expanding at a moderate pace. Household spending and business fixed investment have been increasing at solid rates in recent months, and",statement,"Information received since the Federal Open Market Committee met in September suggests that economic activity has been expanding at a moderate pace. Household spending and business fixed investment have been increasing at solid rates in recent months, and","Inflation has continued to run below the Committee's longer-run objective, partly reflecting declines in energy prices and in prices of non-energy imports.",MD,2015-10-28 00:00:00,True,,,,,,
1303.0,"Information received since the Federal Open Market Committee met in June suggests that economic activity expanded at a modest pace during the first half of the year. Labor market conditions have shown further improvement in recent months, on balance, but ",statement,"Information received since the Federal Open Market Committee met in June suggests that economic activity expanded at a modest pace during the first half of the year. Labor market conditions have shown further improvement in recent months, on balance, but ",it anticipates that inflation will move back toward its objective over the medium term.,MH,2013-07-31 00:00:00,True,,,,,,
233.0,"Recent indicators suggest that economic activity has continued to expand at a modest pace. Job gains have been robust in recent months, and the unemployment rate has remained low. Inflation remains elevated.

The U.S. banking system is sound and resilient",statement,"Recent indicators suggest that economic activity has continued to expand at a modest pace. Job gains have been robust in recent months, and the unemployment rate has remained low. Inflation remains elevated. The U.S. banking system is sound and resilient.",The Committee is strongly committed to returning inflation to its 2 percent objective.,N,2023-06-14 00:00:00,True,,,,,,
231.0,"Recent indicators suggest that economic activity has continued to expand at a modest pace. Job gains have been robust in recent months, and the unemployment rate has remained low. Inflation remains elevated.

The U.S. banking system is sound and resilient",statement,"Recent indicators suggest that economic activity has continued to expand at a modest pace. Job gains have been robust in recent months, and the unemployment rate has remained low. Inflation remains elevated. The U.S. banking system is sound and resilient.",Holding the target range steady at this meeting allows the Committee to assess additional information and its implications for monetary policy.,N,2023-06-14 00:00:00,True,,,,,,
1875.0,"The Federal Open Market Committee decided today to keep its target for 
        the federal funds rate at 1 percent.
       The Committee continues to believe that an accommodative stance of monetary 
        policy, coupled with robust underlying growth ",statement,"The Federal Open Market Committee decided today to keep its target for the federal funds rate at 1 percent. The Committee continues to believe that an accommodative stance of monetary policy, coupled with robust underlying growth in productivity, is provi","The Committee continues to believe that an accommodative stance of monetary policy, coupled with robust underlying growth in productivity, is providing important ongoing support to economic activity.",D,2004-05-04 00:00:00,True,,,,,,
1972.0,"For immediate release



The Federal Open Market Committee at its meeting today decided to lower its target for the federal funds rate by 50 basis points to 4 percent. In a related action, the Board of Governors approved a 50 basis point reduction in the ",statement,"The Federal Open Market Committee at its meeting today decided to lower its target for the federal funds rate by 50 basis points to 4 percent. In a related action, the Board of Governors approved a 50 basis point reduction in the discount rate to 3-1/2 pe","The Committee continues to believe that against the background of its long-run goals of price stability and sustainable economic growth and of the information currently available, the risks are weighted mainly toward conditions that may generate economic ",H,2001-03-20 00:00:00,True,,,,,,
1005.0,Information received since the Federal Open Market Committee met in June indicates that economic activity has been expanding moderately in recent months. Growth in household spending has been moderate and the housing sector has shown additional improvemen,statement,Information received since the Federal Open Market Committee met in June indicates that economic activity has been expanding moderately in recent months. Growth in household spending has been moderate and the housing sector has shown additional improvemen,Market-based measures of inflation compensation remain low,N,2015-07-29 00:00:00,True,,,,,,
1569.0,"Information received since the Federal Open Market Committee met in June indicates that the pace of recovery in output and employment has slowed in recent months. Household spending is increasing gradually, but remains constrained by high unemployment, mo",statement,"Information received since the Federal Open Market Committee met in June indicates that the pace of recovery in output and employment has slowed in recent months. Household spending is increasing gradually, but remains constrained by high unemployment, mo",Information received since the Federal Open Market Committee met in June indicates that the pace of recovery in output and employment has slowed in recent months.,MD,2010-08-10 00:00:00,True,,,,,,
1067.0,"Information received since the Federal Open Market Committee met in January suggests that economic growth has moderated somewhat. Labor market conditions have improved further, with strong job gains and a lower unemployment rate. A range of labor market i",statement,"Information received since the Federal Open Market Committee met in January suggests that economic growth has moderated somewhat. Labor market conditions have improved further, with strong job gains and a lower unemployment rate. A range of labor market i",The Committee continues to monitor inflation developments closely.,N,2015-03-18 00:00:00,True,,,,,,
900.0,"Information received since the Federal Open Market Committee met in April indicates that the pace of improvement in the labor market has slowed while growth in economic activity appears to have picked up. Although the unemployment rate has declined, job g",statement,"Information received since the Federal Open Market Committee met in April indicates that the pace of improvement in the labor market has slowed while growth in economic activity appears to have picked up. Although the unemployment rate has declined, job g","most survey-based measures of longer-term inflation expectations are little changed, on balance, in recent months.",N,2016-06-15 00:00:00,True,,,,,,
808.0,"Information received since the Federal Open Market Committee met in March indicates that the labor market has continued to strengthen even as growth in economic activity slowed. Job gains were solid, on average, in recent months, and the unemployment rate",statement,"Information received since the Federal Open Market Committee met in March indicates that the labor market has continued to strengthen even as growth in economic activity slowed. Job gains were solid, on average, in recent months, and the unemployment rate","In determining the timing and size of future adjustments to the target range for the federal funds rate, the Committee will assess realized and expected economic conditions relative to its objectives of maximum employment and 2 percent inflation.",N,2017-05-03 00:00:00,True,,,,,,
1674.0,"The Federal Open Market Committee decided today to keep its target for the federal funds rate at 2 percent.
Economic activity expanded in the second quarter, partly reflecting growth in consumer spending and exports. However, labor markets have softened f",statement,"The Federal Open Market Committee decided today to keep its target for the federal funds rate at 2 percent. Economic activity expanded in the second quarter, partly reflecting growth in consumer spending and exports. However, labor markets have softened f","Over time, the substantial easing of monetary policy, combined with ongoing measures to foster market liquidity, should help to promote moderate economic growth.",H,2008-08-08 00:00:00,True,,,,,,
354.0,"The Federal Reserve is committed to using its full range of tools to support the U.S. economy in this challenging time, thereby promoting its maximum employment and price stability goals.

With progress on vaccinations and strong policy support, indicator",statement,"The Federal Reserve is committed to using its full range of tools to support the U.S. economy in this challenging time, thereby promoting its maximum employment and price stability goals. With progress on vaccinations and strong policy support, indicators","Job gains have been solid in recent months, and the unemployment rate has declined substantially.",MH,2021-12-15 00:00:00,True,,,,,,
994.0,"Information received since the Federal Open Market Committee met in July suggests that economic activity is expanding at a moderate pace. Household spending and business fixed investment have been increasing moderately, and the housing sector has improved",statement,"Information received since the Federal Open Market Committee met in July suggests that economic activity is expanding at a moderate pace. Household spending and business fixed investment have been increasing moderately, and the housing sector has improved",The Committee continues to monitor inflation developments closely.,N,2015-09-17 00:00:00,True,,,,,,
1334.0,"Information received since the Federal Open Market Committee met in March suggests that economic activity has been expanding at a moderate pace. Labor market conditions have shown some improvement in recent months, on balance, but the unemployment rate re",statement,"Information received since the Federal Open Market Committee met in March suggests that economic activity has been expanding at a moderate pace. Labor market conditions have shown some improvement in recent months, on balance, but the unemployment rate re","To support a stronger economic recovery and to help ensure that inflation, over time, is at the rate most consistent with its dual mandate, the Committee decided to continue purchasing additional agency mortgage-backed securities at a pace of $40 billion ",D,2013-05-01 00:00:00,True,,,,,,
1259.0,Information received since the Federal Open Market Committee met in October indicates that economic activity is expanding at a moderate pace. Labor market conditions have shown further improvement; the unemployment rate has declined but remains elevated. ,statement,Information received since the Federal Open Market Committee met in October indicates that economic activity is expanding at a moderate pace. Labor market conditions have shown further improvement; the unemployment rate has declined but remains elevated. ,"The Committee now anticipates, based on its assessment of these factors, that it likely will be appropriate to maintain the current target range for the federal funds rate well past the time that the unemployment rate declines below 6-1/2 percent, especia",D,2013-12-18 00:00:00,True,,,,,,
305.0,"Recent indicators of spending and production have softened. Nonetheless, job gains have been robust in recent months, and the unemployment rate has remained low. Inflation remains elevated, reflecting supply and demand imbalances related to the pandemic, ",statement,"Recent indicators of spending and production have softened. Nonetheless, job gains have been robust in recent months, and the unemployment rate has remained low. Inflation remains elevated, reflecting supply and demand imbalances related to the pandemic, ","Nonetheless, job gains have been robust in recent months, and the unemployment rate has remained low.",MH,2022-07-27 00:00:00,True,,,,,,
964.0,"Information received since the Federal Open Market Committee met in October suggests that economic activity has been expanding at a moderate pace. Household spending and business fixed investment have been increasing at solid rates in recent months, and t",statement,"Information received since the Federal Open Market Committee met in October suggests that economic activity has been expanding at a moderate pace. Household spending and business fixed investment have been increasing at solid rates in recent months, and t","This assessment will take into account a wide range of information, including measures of labor market conditions, indicators of inflation pressures and inflation expectations, and readings on financial and international developments.",N,2015-12-16 00:00:00,True,,,,,,
1681.0,"The Federal Open Market Committee decided today to keep its target for the federal funds rate at 2 percent.
Recent information indicates that overall economic activity continues to expand, partly reflecting some firming in household spending.¬† However, l",statement,"The Federal Open Market Committee decided today to keep its target for the federal funds rate at 2 percent. Recent information indicates that overall economic activity continues to expand, partly reflecting some firming in household spending. However, lab","Tight credit conditions, the ongoing housing contraction, and the rise in energy prices are likely to weigh on economic growth over the next few quarters.",MD,2008-06-25 00:00:00,True,,,,,,
1838.0,"Release Date: March 22, 2005 

For immediate release

The Federal Open Market Committee decided today to raise its target for the federal funds rate by 25 basis points to 2-3/4 percent. 
The Committee believes that, even after this action, the stance of m",statement,"Release Date: March 22, 2005 For immediate release The Federal Open Market Committee decided today to raise its target for the federal funds rate by 25 basis points to 2-3/4 percent. The Committee believes that, even after this action, the stance of monet","The Committee believes that, even after this action, the stance of monetary policy remains accommodative and, coupled with robust underlying growth in productivity, is providing ongoing support to economic activity.",D,2005-03-22 00:00:00,True,,,,,,
782.0,"Information received since the Federal Open Market Committee met in May indicates that the labor market has continued to strengthen and that economic activity has been rising moderately so far this year. Job gains have moderated but have been solid, on av",statement,"Information received since the Federal Open Market Committee met in May indicates that the labor market has continued to strengthen and that economic activity has been rising moderately so far this year. Job gains have moderated but have been solid, on av",Information received since the Federal Open Market Committee met in May indicates that the labor market has continued to strengthen and that economic activity has been rising moderately so far this year.,MH,2017-06-14 00:00:00,True,,,,,,
752.0,"Information received since the Federal Open Market Committee met in July indicates that the labor market has continued to strengthen and that economic activity has been rising moderately so far this year. Job gains have remained solid in recent months, an",statement,"Information received since the Federal Open Market Committee met in July indicates that the labor market has continued to strengthen and that economic activity has been rising moderately so far this year. Job gains have remained solid in recent months, an",Information received since the Federal Open Market Committee met in July indicates that the labor market has continued to strengthen and that economic activity has been rising moderately so far this year.,MH,2017-09-20 00:00:00,True,,,,,,
532.0,"Information received since the Federal Open Market Committee met in December indicates that the labor market remains strong and that economic activity has been rising at a moderate rate. Job gains have been solid, on average, in recent months, and the une",statement,"Information received since the Federal Open Market Committee met in December indicates that the labor market remains strong and that economic activity has been rising at a moderate rate. Job gains have been solid, on average, in recent months, and the une","This assessment will take into account a wide range of information, including measures of labor market conditions, indicators of inflation pressures and inflation expectations, and readings on financial and international developments.",N,2020-01-29 00:00:00,True,,,,,,
1461.0,"Information received since the Federal Open Market Committee met in November suggests that the economy has been expanding moderately, notwithstanding some apparent slowing in global growth. While indicators point to some improvement in overall labor marke",statement,"Information received since the Federal Open Market Committee met in November suggests that the economy has been expanding moderately, notwithstanding some apparent slowing in global growth. While indicators point to some improvement in overall labor marke",The Committee also decided to keep the target range for the federal funds rate at 0 to 1/4 percent and currently anticipates that economic conditions--including low rates of resource utilization and a subdued outlook for inflation over the medium run--are,D,2011-12-13 00:00:00,True,,,,,,
1269.0,"Information received since the Federal Open Market Committee met in September generally suggests that economic activity has continued to expand at a moderate pace. Indicators of labor market conditions have shown some further improvement, but the unemploy",statement,"Information received since the Federal Open Market Committee met in September generally suggests that economic activity has continued to expand at a moderate pace. Indicators of labor market conditions have shown some further improvement, but the unemploy",it anticipates that inflation will move back toward its objective over the medium term.,N,2013-10-30 00:00:00,True,,,,,,
614.0,"Information received since the Federal Open Market Committee met in December indicates that the labor market has continued to strengthen and that economic activity has been rising at a solid rate. Job gains have been strong, on average, in recent months, ",statement,"Information received since the Federal Open Market Committee met in December indicates that the labor market has continued to strengthen and that economic activity has been rising at a solid rate. Job gains have been strong, on average, in recent months, ","Job gains have been strong, on average, in recent months, and the unemployment rate has remained low.",MH,2019-01-30 00:00:00,True,,,,,,
120.0,"Recent indicators suggest that economic activity has continued to expand at a solid pace. Job gains have slowed, and the unemployment rate has moved up but remains low. Inflation has made further progress toward the Committee's 2 percent objective but rem",statement,"Recent indicators suggest that economic activity has continued to expand at a solid pace. Job gains have slowed, and the unemployment rate has moved up but remains low. Inflation has made further progress toward the Committee's 2 percent objective but rem","In assessing the appropriate stance of monetary policy, the Committee will continue to monitor the implications of incoming information for the economic outlook.",N,2024-09-18 00:00:00,True,,,,,,
1359.0,"Information received since the Federal Open Market Committee met in December suggests that growth in economic activity paused in recent months, in large part because of weather-related disruptions and other transitory factors. Employment has continued to ",statement,"Information received since the Federal Open Market Committee met in December suggests that growth in economic activity paused in recent months, in large part because of weather-related disruptions and other transitory factors. Employment has continued to ","Consistent with its statutory mandate, the Committee seeks to foster maximum employment and price stability.",D,2013-01-30 00:00:00,True,,,,,,
1037.0,"Information received since the Federal Open Market Committee met in March suggests that economic growth slowed during the winter months, in part reflecting transitory factors. The pace of job gains moderated, and the unemployment rate remained steady. A r",statement,"Information received since the Federal Open Market Committee met in March suggests that economic growth slowed during the winter months, in part reflecting transitory factors. The pace of job gains moderated, and the unemployment rate remained steady. A r","Information received since the Federal Open Market Committee met in March suggests that economic growth slowed during the winter months, in part reflecting transitory factors.",MD,2015-04-29 00:00:00,True,,,,,,
792.0,"Information received since the Federal Open Market Committee met in May indicates that the labor market has continued to strengthen and that economic activity has been rising moderately so far this year. Job gains have moderated but have been solid, on av",statement,"Information received since the Federal Open Market Committee met in May indicates that the labor market has continued to strengthen and that economic activity has been rising moderately so far this year. Job gains have moderated but have been solid, on av","The stance of monetary policy remains accommodative, thereby supporting some further strengthening in labor market conditions and a sustained return to 2 percent inflation.",D,2017-06-14 00:00:00,True,,,,,,
764.0,"Information received since the Federal Open Market Committee met in July indicates that the labor market has continued to strengthen and that economic activity has been rising moderately so far this year. Job gains have remained solid in recent months, an",statement,"Information received since the Federal Open Market Committee met in July indicates that the labor market has continued to strengthen and that economic activity has been rising moderately so far this year. Job gains have remained solid in recent months, an","The stance of monetary policy remains accommodative, thereby supporting some further strengthening in labor market conditions and a sustained return to 2 percent inflation.",D,2017-09-20 00:00:00,True,,,,,,
781.0,"Information received since the Federal Open Market Committee met in June indicates that the labor market has continued to strengthen and that economic activity has been rising moderately so far this year. Job gains have been solid, on average, since the b",statement,"Information received since the Federal Open Market Committee met in June indicates that the labor market has continued to strengthen and that economic activity has been rising moderately so far this year. Job gains have been solid, on average, since the b",The Committee will carefully monitor actual and expected inflation developments relative to its symmetric inflation goal.,N,2017-07-26 00:00:00,True,,,,,,
135.0,"Recent indicators suggest that economic activity has continued to expand at a solid pace. Job gains have remained strong, and the unemployment rate has remained low. Inflation has eased over the past year but remains elevated. In recent months, there has ",statement,"Recent indicators suggest that economic activity has continued to expand at a solid pace. Job gains have remained strong, and the unemployment rate has remained low. Inflation has eased over the past year but remains elevated. In recent months, there has ",Recent indicators suggest that economic activity has continued to expand at a solid pace.,MH,2024-06-12 00:00:00,True,,,,,,
1324.0,"Information received since the Federal Open Market Committee met in May suggests that economic activity has been expanding at a moderate pace. Labor market conditions have shown further improvement in recent months, on balance, but the unemployment rate r",statement,"Information received since the Federal Open Market Committee met in May suggests that economic activity has been expanding at a moderate pace. Labor market conditions have shown further improvement in recent months, on balance, but the unemployment rate r","In determining how long to maintain a highly accommodative stance of monetary policy, the Committee will also consider other information, including additional measures of labor market conditions, indicators of inflation pressures and inflation expectation",MD,2013-06-19 00:00:00,True,,,,,,
374.0,"The Federal Reserve is committed to using its full range of tools to support the U.S. economy in this challenging time, thereby promoting its maximum employment and price stability goals.

With progress on vaccinations and strong policy support, indicator",statement,"The Federal Reserve is committed to using its full range of tools to support the U.S. economy in this challenging time, thereby promoting its maximum employment and price stability goals. With progress on vaccinations and strong policy support, indicators","The Committee's assessments will take into account a wide range of information, including readings on public health, labor market conditions, inflation pressures and inflation expectations, and financial and international developments.",N,2021-11-03 00:00:00,True,,,,,,
316.0,"Overall economic activity appears to have picked up after edging down in the first quarter. Job gains have been robust in recent months, and the unemployment rate has remained low. Inflation remains elevated, reflecting supply and demand imbalances relate",statement,"Overall economic activity appears to have picked up after edging down in the first quarter. Job gains have been robust in recent months, and the unemployment rate has remained low. Inflation remains elevated, reflecting supply and demand imbalances relate","Inflation remains elevated, reflecting supply and demand imbalances related to the pandemic, higher energy prices, and broader price pressures.",MD,2022-06-15 00:00:00,True,,,,,,
1187.0,"Information received since the Federal Open Market Committee met in March indicates that growth in economic activity has picked up recently, after having slowed sharply during the winter in part because of adverse weather conditions. Labor market indicato",statement,"Information received since the Federal Open Market Committee met in March indicates that growth in economic activity has picked up recently, after having slowed sharply during the winter in part because of adverse weather conditions. Labor market indicato","Inflation has been running below the Committee's longer-run objective,",MD,2014-04-30 00:00:00,True,,,,,,
254.0,"Recent indicators point to modest growth in spending and production. Job gains have picked up in recent months and are running at a robust pace; the unemployment rate has remained low. Inflation remains elevated.

The U.S. banking system is sound and resi",statement,Recent indicators point to modest growth in spending and production. Job gains have picked up in recent months and are running at a robust pace; the unemployment rate has remained low. Inflation remains elevated. The U.S. banking system is sound and resil,The Committee anticipates that some additional policy firming may be appropriate in order to attain a stance of monetary policy that is sufficiently restrictive to return inflation to 2 percent over time.,H,2023-03-22 00:00:00,True,,,,,,
464.0,"The Federal Reserve is committed to using its full range of tools to support the U.S. economy in this challenging time, thereby promoting its maximum employment and price stability goals.

The COVID-19 pandemic is causing tremendous human and economic har",statement,"The Federal Reserve is committed to using its full range of tools to support the U.S. economy in this challenging time, thereby promoting its maximum employment and price stability goals. The COVID-19 pandemic is causing tremendous human and economic hard",The Committee would be prepared to adjust the stance of monetary policy as appropriate if risks emerge that could impede the attainment of the Committee's goals.,MH,2020-11-05 00:00:00,True,,,,,,
1467.0,"Information received since the Federal Open Market Committee met in September indicates that economic growth strengthened somewhat in the third quarter, reflecting in part a reversal of the temporary factors that had weighed on growth earlier in the year.",statement,"Information received since the Federal Open Market Committee met in September indicates that economic growth strengthened somewhat in the third quarter, reflecting in part a reversal of the temporary factors that had weighed on growth earlier in the year.","Consistent with its statutory mandate, the Committee seeks to foster maximum employment and price stability.",MD,2011-11-02 00:00:00,True,,,,,,
109.0,"Recent indicators suggest that economic activity has continued to expand at a solid pace. Since earlier in the year, labor market conditions have generally eased, and the unemployment rate has moved up but remains low. Inflation has made progress toward t",statement,"Recent indicators suggest that economic activity has continued to expand at a solid pace. Since earlier in the year, labor market conditions have generally eased, and the unemployment rate has moved up but remains low. Inflation has made progress toward t","In assessing the appropriate stance of monetary policy, the Committee will continue to monitor the implications of incoming information for the economic outlook.",N,2024-11-07 00:00:00,True,,,,,,
1611.0,Information received since the Federal Open Market Committee met in November suggests that economic activity has continued to pick up and that the deterioration in the labor market is abating. The housing sector has shown some signs of improvement over re,statement,Information received since the Federal Open Market Committee met in November suggests that economic activity has continued to pick up and that the deterioration in the labor market is abating. The housing sector has shown some signs of improvement over re,The Federal Reserve is prepared to modify these plans if necessary to support financial stability and economic growth.,MH,2009-12-15 00:00:00,True,,,,,,
938.0,Information received since the Federal Open Market Committee met in December suggests that labor market conditions improved further even as economic growth slowed late last year. Household spending and business fixed investment have been increasing at mod,statement,Information received since the Federal Open Market Committee met in December suggests that labor market conditions improved further even as economic growth slowed late last year. Household spending and business fixed investment have been increasing at mod,Information received since the Federal Open Market Committee met in December suggests that labor market conditions improved further even as economic growth slowed late last year.,MH,2016-01-27 00:00:00,True,,,,,,
1524.0,"Information received since the Federal Open Market Committee met in January suggests that the economic recovery is on a firmer footing, and overall conditions in the labor market appear to be improving gradually. Household spending and business investment",statement,"Information received since the Federal Open Market Committee met in January suggests that the economic recovery is on a firmer footing, and overall conditions in the labor market appear to be improving gradually. Household spending and business investment","The Committee expects these effects to be transitory, but it will pay close attention to the evolution of inflation and inflation expectations.",N,2011-03-15 00:00:00,True,,,,,,
239.0,"Economic activity expanded at a modest pace in the first quarter. Job gains have been robust in recent months, and the unemployment rate has remained low. Inflation remains elevated.

The U.S. banking system is sound and resilient. Tighter credit conditio",statement,"Economic activity expanded at a modest pace in the first quarter. Job gains have been robust in recent months, and the unemployment rate has remained low. Inflation remains elevated. The U.S. banking system is sound and resilient. Tighter credit condition","Tighter credit conditions for households and businesses are likely to weigh on economic activity, hiring, and inflation.",MD,2023-05-03 00:00:00,True,,,,,,
1450.0,"Information received since the Federal Open Market Committee met in December suggests that the economy has been expanding moderately, notwithstanding some slowing in global growth. While indicators point to some further improvement in overall labor market",statement,"Information received since the Federal Open Market Committee met in December suggests that the economy has been expanding moderately, notwithstanding some slowing in global growth. While indicators point to some further improvement in overall labor market","To support a stronger economic recovery and to help ensure that inflation, over time, is at levels consistent with the dual mandate, the Committee expects to maintain a highly accommodative stance for monetary policy.",D,2012-01-25 00:00:00,True,,,,,,
1889.0,"The Federal Open Market Committee decided today to keep its target for 
        the federal funds rate at 1 percent. 
      The Committee continues to believe that an accommodative stance of monetary 
        policy, coupled with robust underlying growth ",statement,"The Federal Open Market Committee decided today to keep its target for the federal funds rate at 1 percent. The Committee continues to believe that an accommodative stance of monetary policy, coupled with robust underlying growth in productivity, is provi",The Committee perceives that the upside and downside risks to the attainment of sustainable growth for the next few quarters are roughly equal.,N,2003-12-09 00:00:00,True,,,,,,
1720.0,"The Federal Open Market Committee decided today to lower its target for the federal funds rate 25 basis points to 4-1/2 percent.
Economic growth was solid in the third quarter, and strains in financial markets have eased somewhat on balance.¬† However, th",statement,"The Federal Open Market Committee decided today to lower its target for the federal funds rate 25 basis points to 4-1/2 percent. Economic growth was solid in the third quarter, and strains in financial markets have eased somewhat on balance. However, the ","Economic growth was solid in the third quarter, and strains in financial markets have eased somewhat on balance.",MH,2007-10-31 00:00:00,True,,,,,,
212.0,"Recent indicators suggest that economic activity has been expanding at a solid pace. Job gains have slowed in recent months but remain strong, and the unemployment rate has remained low. Inflation remains elevated.

The U.S. banking system is sound and re",statement,"Recent indicators suggest that economic activity has been expanding at a solid pace. Job gains have slowed in recent months but remain strong, and the unemployment rate has remained low. Inflation remains elevated. The U.S. banking system is sound and res","In assessing the appropriate stance of monetary policy, the Committee will continue to monitor the implications of incoming information for the economic outlook.",N,2023-09-20 00:00:00,True,,,,,,
1902.0,"The Federal Open Market Committee decided today to keep its target for the federal funds rate at 1 percent.

	The Committee continues to believe that an accommodative stance of monetary policy, coupled with still-robust underlying growth in productivity, ",statement,"The Federal Open Market Committee decided today to keep its target for the federal funds rate at 1 percent. The Committee continues to believe that an accommodative stance of monetary policy, coupled with still-robust underlying growth in productivity, is","In contrast, the probability, though minor, of an unwelcome fall in inflation exceeds that of a rise in inflation from its already low level.",MD,2003-08-12 00:00:00,True,,,,,,
1278.0,"Information received since the Federal Open Market Committee met in July suggests that economic activity has been expanding at a moderate pace. Some indicators of labor market conditions have shown further improvement in recent months, but the unemploymen",statement,"Information received since the Federal Open Market Committee met in July suggests that economic activity has been expanding at a moderate pace. Some indicators of labor market conditions have shown further improvement in recent months, but the unemploymen",Information received since the Federal Open Market Committee met in July suggests that economic activity has been expanding at a moderate pace.,MH,2013-09-18 00:00:00,True,,,,,,
1914.0,"The Federal Open Market Committee decided today to keep its target for the federal funds rate unchanged at 1-1/4 percent.

While incoming economic data since the January meeting have been mixed, recent labor market indicators have proven disappointing.  H",statement,"The Federal Open Market Committee decided today to keep its target for the federal funds rate unchanged at 1-1/4 percent. While incoming economic data since the January meeting have been mixed, recent labor market indicators have proven disappointing. How","The Committee believes that as those uncertainties lift, as most analysts expect, the accommodative stance of monetary policy, coupled with ongoing growth in productivity, will provide support to economic activity sufficient to engender an improving econo",D,2003-03-18 00:00:00,True,,,,,,
416.0,"The Federal Reserve is committed to using its full range of tools to support the U.S. economy in this challenging time, thereby promoting its maximum employment and price stability goals.

The COVID-19 pandemic is causing tremendous human and economic har",statement,"The Federal Reserve is committed to using its full range of tools to support the U.S. economy in this challenging time, thereby promoting its maximum employment and price stability goals. The COVID-19 pandemic is causing tremendous human and economic hard","In assessing the appropriate stance of monetary policy, the Committee will continue to monitor the implications of incoming information for the economic outlook.",N,2021-04-28 00:00:00,True,,,,,,
351.0,Indicators of economic activity and employment have continued to strengthen. The sectors most adversely affected by the pandemic have improved in recent months but are being affected by the recent sharp rise in COVID-19 cases. Job gains have been solid in,statement,Indicators of economic activity and employment have continued to strengthen. The sectors most adversely affected by the pandemic have improved in recent months but are being affected by the recent sharp rise in COVID-19 cases. Job gains have been solid in,"The Committee's assessments will take into account a wide range of information, including readings on public health, labor market conditions, inflation pressures and inflation expectations, and financial and international developments.",N,2022-01-26 00:00:00,True,,,,,,
1742.0,"The Federal Open Market Committee decided today to keep its target for the federal funds rate at 5-1/4 percent. 
Economic growth appears to have been moderate during the first half of this year, despite the ongoing adjustment in the housing sector. The ec",statement,"The Federal Open Market Committee decided today to keep its target for the federal funds rate at 5-1/4 percent. Economic growth appears to have been moderate during the first half of this year, despite the ongoing adjustment in the housing sector. The eco",Readings on core inflation have improved modestly in recent months.,MH,2007-06-28 00:00:00,True,,,,,,
903.0,"Information received since the Federal Open Market Committee met in April indicates that the pace of improvement in the labor market has slowed while growth in economic activity appears to have picked up. Although the unemployment rate has declined, job g",statement,"Information received since the Federal Open Market Committee met in April indicates that the pace of improvement in the labor market has slowed while growth in economic activity appears to have picked up. Although the unemployment rate has declined, job g","Inflation is expected to remain low in the near term, in part because of earlier declines in energy prices,",MD,2016-06-15 00:00:00,True,,,,,,
344.0,Indicators of economic activity and employment have continued to strengthen. The sectors most adversely affected by the pandemic have improved in recent months but are being affected by the recent sharp rise in COVID-19 cases. Job gains have been solid in,statement,Indicators of economic activity and employment have continued to strengthen. The sectors most adversely affected by the pandemic have improved in recent months but are being affected by the recent sharp rise in COVID-19 cases. Job gains have been solid in,"Job gains have been solid in recent months, and the unemployment rate has declined substantially.",MH,2022-01-26 00:00:00,True,,,,,,
1078.0,"Information received since the Federal Open Market Committee met in December suggests that economic activity has been expanding at a solid pace.¬† Labor market conditions have improved further, with strong job gains and a lower unemployment rate.¬† On bal",statement,"Information received since the Federal Open Market Committee met in December suggests that economic activity has been expanding at a solid pace. Labor market conditions have improved further, with strong job gains and a lower unemployment rate. On balance",survey-based measures of longer-term inflation expectations have remained stable.,N,2015-01-28 00:00:00,True,,,,,,
281.0,"Recent indicators point to modest growth in spending and production. Job gains have been robust in recent months, and the unemployment rate has remained low. Inflation remains elevated, reflecting supply and demand imbalances related to the pandemic, high",statement,"Recent indicators point to modest growth in spending and production. Job gains have been robust in recent months, and the unemployment rate has remained low. Inflation remains elevated, reflecting supply and demand imbalances related to the pandemic, high",The Committee would be prepared to adjust the stance of monetary policy as appropriate if risks emerge that could impede the attainment of the Committee's goals.,N,2022-12-14 00:00:00,True,,,,,,
1043.0,"Information received since the Federal Open Market Committee met in March suggests that economic growth slowed during the winter months, in part reflecting transitory factors. The pace of job gains moderated, and the unemployment rate remained steady. A r",statement,"Information received since the Federal Open Market Committee met in March suggests that economic growth slowed during the winter months, in part reflecting transitory factors. The pace of job gains moderated, and the unemployment rate remained steady. A r",survey-based measures of longer-term inflation expectations have remained stable.,N,2015-04-29 00:00:00,True,,,,,,
529.0,"Information received since the Federal Open Market Committee met in December indicates that the labor market remains strong and that economic activity has been rising at a moderate rate. Job gains have been solid, on average, in recent months, and the une",statement,"Information received since the Federal Open Market Committee met in December indicates that the labor market remains strong and that economic activity has been rising at a moderate rate. Job gains have been solid, on average, in recent months, and the une","The Committee judges that the current stance of monetary policy is appropriate to support sustained expansion of economic activity, strong labor market conditions, and inflation returning to the Committee's symmetric 2 percent objective.",H,2020-01-29 00:00:00,True,,,,,,
1138.0,"Information received since the Federal Open Market Committee met in July suggests that economic activity is expanding at a moderate pace. On balance, labor market conditions improved somewhat further; however, the unemployment rate is little changed and a",statement,"Information received since the Federal Open Market Committee met in July suggests that economic activity is expanding at a moderate pace. On balance, labor market conditions improved somewhat further; however, the unemployment rate is little changed and a","If incoming information broadly supports the Committee's expectation of ongoing improvement in labor market conditions and inflation moving back toward its longer-run objective, the Committee will end its current program of asset purchases at its next mee",H,2014-09-17 00:00:00,True,,,,,,
1628.0,Information received since the Federal Open Market Committee met in April suggests that the pace of economic contraction is slowing. Conditions in financial markets have generally improved in recent months. Household spending has shown further signs of st,statement,Information received since the Federal Open Market Committee met in April suggests that the pace of economic contraction is slowing. Conditions in financial markets have generally improved in recent months. Household spending has shown further signs of st,"Although economic activity is likely to remain weak for a time, the Committee continues to anticipate that policy actions to stabilize financial markets and institutions, fiscal and monetary stimulus, and market forces will contribute to a gradual resumpt",D,2009-06-24 00:00:00,True,,,,,,
576.0,"Information received since the Federal Open Market Committee met in June indicates that the labor market remains strong and that economic activity has been rising at a moderate rate. Job gains have been solid, on average, in recent months, and the unemplo",statement,"Information received since the Federal Open Market Committee met in June indicates that the labor market remains strong and that economic activity has been rising at a moderate rate. Job gains have been solid, on average, in recent months, and the unemplo","As the Committee contemplates the future path of the target range for the federal funds rate, it will continue to monitor the implications of incoming information for the economic outlook and will act as appropriate to sustain the expansion, with a strong",MD,2019-07-31 00:00:00,True,,,,,,
2009.0,"The Federal Open Market Committee at its meeting today decided to maintain the existing stance of monetary policy, keeping its target for the federal funds rate at 6-1/2 percent.  

Recent data suggest that the expansion of aggregate demand may be moderat",statement,"The Federal Open Market Committee at its meeting today decided to maintain the existing stance of monetary policy, keeping its target for the federal funds rate at 6-1/2 percent. Recent data suggest that the expansion of aggregate demand may be moderating","Although core measures of prices are rising slightly faster than a year ago, continuing rapid advances in productivity have been containing costs and holding down underlying price pressures.",MH,2000-03-21 00:00:00,False,,,,,,
211.0,"Recent indicators suggest that economic activity has been expanding at a solid pace. Job gains have slowed in recent months but remain strong, and the unemployment rate has remained low. Inflation remains elevated.

The U.S. banking system is sound and re",statement,"Recent indicators suggest that economic activity has been expanding at a solid pace. Job gains have slowed in recent months but remain strong, and the unemployment rate has remained low. Inflation remains elevated. The U.S. banking system is sound and res",The Committee is strongly committed to returning inflation to its 2 percent objective.,N,2023-09-20 00:00:00,True,,,,,,
350.0,Indicators of economic activity and employment have continued to strengthen. The sectors most adversely affected by the pandemic have improved in recent months but are being affected by the recent sharp rise in COVID-19 cases. Job gains have been solid in,statement,Indicators of economic activity and employment have continued to strengthen. The sectors most adversely affected by the pandemic have improved in recent months but are being affected by the recent sharp rise in COVID-19 cases. Job gains have been solid in,The Committee would be prepared to adjust the stance of monetary policy as appropriate if risks emerge that could impede the attainment of the Committee's goals.,N,2022-01-26 00:00:00,True,,,,,,
324.0,"Although overall economic activity edged down in the first quarter, household spending and business fixed investment remained strong. Job gains have been robust in recent months, and the unemployment rate has declined substantially. Inflation remains elev",statement,"Although overall economic activity edged down in the first quarter, household spending and business fixed investment remained strong. Job gains have been robust in recent months, and the unemployment rate has declined substantially. Inflation remains elev","Although overall economic activity edged down in the first quarter, household spending and business fixed investment remained strong.",MD,2022-05-04 00:00:00,True,,,,,,
1892.0,"The Federal Open Market Committee decided today to keep its target for the federal funds rate at 1 percent. 

The Committee continues to believe that an accommodative stance of monetary policy, coupled with robust underlying growth in productivity, is pro",statement,"The Federal Open Market Committee decided today to keep its target for the federal funds rate at 1 percent. The Committee continues to believe that an accommodative stance of monetary policy, coupled with robust underlying growth in productivity, is provi","The Committee continues to believe that an accommodative stance of monetary policy, coupled with robust underlying growth in productivity, is providing important ongoing support to economic activity.",D,2003-10-28 00:00:00,True,,,,,,
555.0,"Consistent with its January 2019 Statement Regarding Monetary Policy Implementation and Balance Sheet Normalization, the Committee reaffirms its intention to implement monetary policy in a regime in which an ample supply of reserves ensures that control o",statement,"Consistent with its January 2019 Statement Regarding Monetary Policy Implementation and Balance Sheet Normalization, the Committee reaffirms its intention to implement monetary policy in a regime in which an ample supply of reserves ensures that control o",The Committee stands ready to adjust the details of these plans as necessary to foster efficient and effective implementation of monetary policy.,N,2019-10-04 00:00:00,True,,,,,,
707.0,"Information received since the Federal Open Market Committee met in December indicates that the labor market has continued to strengthen and that economic activity has been rising at a solid rate. Gains in employment, household spending, and business fixe",statement,"Information received since the Federal Open Market Committee met in December indicates that the labor market has continued to strengthen and that economic activity has been rising at a solid rate. Gains in employment, household spending, and business fixe",remain low,N,2018-01-31 00:00:00,True,,,,,,
1622.0,"Information received since the Federal Open Market Committee met in August suggests that economic activity has picked up following its severe downturn.¬† Conditions in financial markets have improved further, and activity in the housing sector has increas",statement,"Information received since the Federal Open Market Committee met in August suggests that economic activity has picked up following its severe downturn. Conditions in financial markets have improved further, and activity in the housing sector has increased","In these circumstances, the Federal Reserve will continue to employ a wide range of tools to promote economic recovery and to preserve price stability.",MD,2009-09-22 00:00:00,True,,,,,,
1331.0,"Information received since the Federal Open Market Committee met in March suggests that economic activity has been expanding at a moderate pace. Labor market conditions have shown some improvement in recent months, on balance, but the unemployment rate re",statement,"Information received since the Federal Open Market Committee met in March suggests that economic activity has been expanding at a moderate pace. Labor market conditions have shown some improvement in recent months, on balance, but the unemployment rate re","Consistent with its statutory mandate, the Committee seeks to foster maximum employment and price stability.",MD,2013-05-01 00:00:00,True,,,,,,
49.0,"Recent indicators suggest that growth of economic activity moderated in the first half of the year. Job gains have slowed, and the unemployment rate has edged up but remains low. Inflation has moved up and remains somewhat elevated.

The Committee seeks t",statement,"Recent indicators suggest that growth of economic activity moderated in the first half of the year. Job gains have slowed, and the unemployment rate has edged up but remains low. Inflation has moved up and remains somewhat elevated. The Committee seeks to",The Committee seeks to achieve maximum employment and inflation at the rate of 2 percent over the longer run.,MH,2025-09-17 00:00:00,True,,,,,,
210.0,"Recent indicators suggest that economic activity has been expanding at a solid pace. Job gains have slowed in recent months but remain strong, and the unemployment rate has remained low. Inflation remains elevated.

The U.S. banking system is sound and re",statement,"Recent indicators suggest that economic activity has been expanding at a solid pace. Job gains have slowed in recent months but remain strong, and the unemployment rate has remained low. Inflation remains elevated. The U.S. banking system is sound and res","In determining the extent of additional policy firming that may be appropriate to return inflation to 2 percent over time, the Committee will take into account the cumulative tightening of monetary policy, the lags with which monetary policy affects econo",D,2023-09-20 00:00:00,True,,,,,,
1100.0,"Information received since the Federal Open Market Committee met in October suggests that economic activity is expanding at a moderate pace. Labor market conditions improved further, with solid job gains and a lower unemployment rate. On balance, a range ",statement,"Information received since the Federal Open Market Committee met in October suggests that economic activity is expanding at a moderate pace. Labor market conditions improved further, with solid job gains and a lower unemployment rate. On balance, a range ",The Committee expects inflation to rise gradually toward 2 percent as the labor market improves further and the transitory effects of lower energy prices and other factors dissipate.,MH,2014-12-17 00:00:00,True,,,,,,
1358.0,"Information received since the Federal Open Market Committee met in December suggests that growth in economic activity paused in recent months, in large part because of weather-related disruptions and other transitory factors. Employment has continued to ",statement,"Information received since the Federal Open Market Committee met in December suggests that growth in economic activity paused in recent months, in large part because of weather-related disruptions and other transitory factors. Employment has continued to ",Longer-term inflation expectations have remained stable.,N,2013-01-30 00:00:00,True,,,,,,
1244.0,Information received since the Federal Open Market Committee met in October indicates that economic activity is expanding at a moderate pace. Labor market conditions have shown further improvement; the unemployment rate has declined but remains elevated. ,statement,Information received since the Federal Open Market Committee met in October indicates that economic activity is expanding at a moderate pace. Labor market conditions have shown further improvement; the unemployment rate has declined but remains elevated. ,"Fiscal policy is restraining economic growth, although the extent of restraint may be diminishing.",MH,2013-12-18 00:00:00,True,,,,,,
986.0,"Information received since the Federal Open Market Committee met in July suggests that economic activity is expanding at a moderate pace. Household spending and business fixed investment have been increasing moderately, and the housing sector has improved",statement,"Information received since the Federal Open Market Committee met in July suggests that economic activity is expanding at a moderate pace. Household spending and business fixed investment have been increasing moderately, and the housing sector has improved",Market-based measures of inflation compensation moved lower,MD,2015-09-17 00:00:00,True,,,,,,
1117.0,"Information received since the Federal Open Market Committee met in September suggests that economic activity is expanding at a moderate pace. Labor market conditions improved somewhat further, with solid job gains and a lower unemployment rate. On balanc",statement,"Information received since the Federal Open Market Committee met in September suggests that economic activity is expanding at a moderate pace. Labor market conditions improved somewhat further, with solid job gains and a lower unemployment rate. On balanc",The Committee sees the risks to the outlook for economic activity and the labor market as nearly balanced.,N,2014-10-29 00:00:00,True,,,,,,
1285.0,"Information received since the Federal Open Market Committee met in July suggests that economic activity has been expanding at a moderate pace. Some indicators of labor market conditions have shown further improvement in recent months, but the unemploymen",statement,"Information received since the Federal Open Market Committee met in July suggests that economic activity has been expanding at a moderate pace. Some indicators of labor market conditions have shown further improvement in recent months, but the unemploymen","The Committee recognizes that inflation persistently below its 2 percent objective could pose risks to economic performance,",MD,2013-09-18 00:00:00,True,,,,,,
173.0,"Recent indicators suggest that economic activity has been expanding at a solid pace. Job gains have moderated since early last year but remain strong, and the unemployment rate has remained low. Inflation has eased over the past year but remains elevated.",statement,"Recent indicators suggest that economic activity has been expanding at a solid pace. Job gains have moderated since early last year but remain strong, and the unemployment rate has remained low. Inflation has eased over the past year but remains elevated.",The Committee seeks to achieve maximum employment and inflation at the rate of 2 percent over the longer run.,MD,2024-01-31 00:00:00,True,,,,,,
289.0,"Recent indicators point to modest growth in spending and production. Job gains have been robust in recent months, and the unemployment rate has remained low. Inflation remains elevated, reflecting supply and demand imbalances related to the pandemic, high",statement,"Recent indicators point to modest growth in spending and production. Job gains have been robust in recent months, and the unemployment rate has remained low. Inflation remains elevated, reflecting supply and demand imbalances related to the pandemic, high",The Committee anticipates that ongoing increases in the target range will be appropriate in order to attain a stance of monetary policy that is sufficiently restrictive to return inflation to 2 percent over time.,H,2022-11-02 00:00:00,True,,,,,,
1427.0,Information received since the Federal Open Market Committee met in March suggests that the economy has been expanding moderately. Labor market conditions have improved in recent months; the unemployment rate has declined but remains elevated. Household s,statement,Information received since the Federal Open Market Committee met in March suggests that the economy has been expanding moderately. Labor market conditions have improved in recent months; the unemployment rate has declined but remains elevated. Household s,The Committee expects economic growth to remain moderate over coming quarters and then to pick up gradually.,H,2012-04-25 00:00:00,True,,,,,,
247.0,"Economic activity expanded at a modest pace in the first quarter. Job gains have been robust in recent months, and the unemployment rate has remained low. Inflation remains elevated.

The U.S. banking system is sound and resilient. Tighter credit conditio",statement,"Economic activity expanded at a modest pace in the first quarter. Job gains have been robust in recent months, and the unemployment rate has remained low. Inflation remains elevated. The U.S. banking system is sound and resilient. Tighter credit condition","The Committee's assessments will take into account a wide range of information, including readings on labor market conditions, inflation pressures and inflation expectations, and financial and international developments.",N,2023-05-03 00:00:00,True,,,,,,
237.0,"Economic activity expanded at a modest pace in the first quarter. Job gains have been robust in recent months, and the unemployment rate has remained low. Inflation remains elevated.

The U.S. banking system is sound and resilient. Tighter credit conditio",statement,"Economic activity expanded at a modest pace in the first quarter. Job gains have been robust in recent months, and the unemployment rate has remained low. Inflation remains elevated. The U.S. banking system is sound and resilient. Tighter credit condition",Economic activity expanded at a modest pace in the first quarter.,N,2023-05-03 00:00:00,True,,,,,,
1287.0,"Information received since the Federal Open Market Committee met in July suggests that economic activity has been expanding at a moderate pace. Some indicators of labor market conditions have shown further improvement in recent months, but the unemploymen",statement,"Information received since the Federal Open Market Committee met in July suggests that economic activity has been expanding at a moderate pace. Some indicators of labor market conditions have shown further improvement in recent months, but the unemploymen","Taking into account the extent of federal fiscal retrenchment, the Committee sees the improvement in economic activity and labor market conditions since it began its asset purchase program a year ago as consistent with growing underlying strength in the b",MH,2013-09-18 00:00:00,True,,,,,,
720.0,"Information received since the Federal Open Market Committee met in November indicates that the labor market has continued to strengthen and that economic activity has been rising at a solid rate. Averaging through hurricane-related fluctuations, job gain",statement,"Information received since the Federal Open Market Committee met in November indicates that the labor market has continued to strengthen and that economic activity has been rising at a solid rate. Averaging through hurricane-related fluctuations, job gain","Household spending has been expanding at a moderate rate, and growth in business fixed investment has picked up in recent quarters.",MH,2017-12-13 00:00:00,True,,,,,,
637.0,"Information received since the Federal Open Market Committee met in September indicates that the labor market has continued to strengthen and that economic activity has been rising at a strong rate. Job gains have been strong, on average, in recent months",statement,"Information received since the Federal Open Market Committee met in September indicates that the labor market has continued to strengthen and that economic activity has been rising at a strong rate. Job gains have been strong, on average, in recent months","Indicators of longer-term inflation expectations are little changed, on balance.",N,2018-11-08 00:00:00,True,,,,,,
23.0,"Available indicators suggest that economic activity has been expanding at a solid pace. Job gains have remained low, and the unemployment rate has shown some signs of stabilization. Inflation remains somewhat elevated.

The Committee seeks to achieve maxi",statement,"Available indicators suggest that economic activity has been expanding at a solid pace. Job gains have remained low, and the unemployment rate has shown some signs of stabilization. Inflation remains somewhat elevated. The Committee seeks to achieve maxim",The Committee is strongly committed to supporting maximum employment and returning inflation to its 2 percent objective.,MD,2026-01-28 00:00:00,True,,,,,,
602.0,Information received since the Federal Open Market Committee met in January indicates that the labor market remains strong but that growth of economic activity has slowed from its solid rate in the fourth quarter. Payroll employment was little changed in ,statement,Information received since the Federal Open Market Committee met in January indicates that the labor market remains strong but that growth of economic activity has slowed from its solid rate in the fourth quarter. Payroll employment was little changed in ,"Payroll employment was little changed in February,",N,2019-03-20 00:00:00,True,,,,,,
63.0,"Although swings in net exports have affected the data, recent indicators suggest that economic activity has continued to expand at a solid pace. The unemployment rate remains low, and labor market conditions remain solid. Inflation remains somewhat elevat",statement,"Although swings in net exports have affected the data, recent indicators suggest that economic activity has continued to expand at a solid pace. The unemployment rate remains low, and labor market conditions remain solid. Inflation remains somewhat elevat","The unemployment rate remains low, and labor market conditions remain solid. Inflation remains somewhat elevated.",MH,2025-06-18 00:00:00,True,,,,,,
1906.0,"The Federal Open Market Committee decided today to lower its target for the federal funds rate by 25 basis points to 1 percent.  In a related action, the Board of Governors approved a 25 basis point reduction in the discount rate to 2 percent.

	The Commi",statement,"The Federal Open Market Committee decided today to lower its target for the federal funds rate by 25 basis points to 1 percent. In a related action, the Board of Governors approved a 25 basis point reduction in the discount rate to 2 percent. The Committe","With inflationary expectations subdued, the Committee judged that a slightly more expansive monetary policy would add further support for an economy which it expects to improve over time.",D,2003-06-25 00:00:00,True,,,,,,
188.0,"Recent indicators suggest that growth of economic activity has slowed from its strong pace in the third quarter. Job gains have moderated since earlier in the year but remain strong, and the unemployment rate has remained low. Inflation has eased over the",statement,"Recent indicators suggest that growth of economic activity has slowed from its strong pace in the third quarter. Job gains have moderated since earlier in the year but remain strong, and the unemployment rate has remained low. Inflation has eased over the","In determining the extent of any additional policy firming that may be appropriate to return inflation to 2 percent over time, the Committee will take into account the cumulative tightening of monetary policy, the lags with which monetary policy affects e",H,2023-12-13 00:00:00,True,,,,,,
705.0,"Information received since the Federal Open Market Committee met in December indicates that the labor market has continued to strengthen and that economic activity has been rising at a solid rate. Gains in employment, household spending, and business fixe",statement,"Information received since the Federal Open Market Committee met in December indicates that the labor market has continued to strengthen and that economic activity has been rising at a solid rate. Gains in employment, household spending, and business fixe","On a 12-month basis, both overall inflation and inflation for items other than food and energy have continued to run below 2 percent.",MD,2018-01-31 00:00:00,True,,,,,,
1938.0,"The Federal Open Market Committee decided today to keep its target for the federal funds rate unchanged at 1 3/4 percent. 

The information that has become available since the last meeting of the Committee confirms that economic activity has been receivin",statement,The Federal Open Market Committee decided today to keep its target for the federal funds rate unchanged at 1 3/4 percent. The information that has become available since the last meeting of the Committee confirms that economic activity has been receiving ,"In these circumstances, although the stance of monetary policy is currently accommodative, the Committee believes that, for the foreseeable future, against the background of its long run goals of price stability and sustainable economic growth and of the ",MH,2002-05-07 00:00:00,True,,,,,,
1146.0,"Information received since the Federal Open Market Committee met in June indicates that growth in economic activity rebounded in the second quarter. Labor market conditions improved, with the unemployment rate declining further. However, a range of labor ",statement,"Information received since the Federal Open Market Committee met in June indicates that growth in economic activity rebounded in the second quarter. Labor market conditions improved, with the unemployment rate declining further. However, a range of labor ",Information received since the Federal Open Market Committee met in June indicates that growth in economic activity rebounded in the second quarter.,MH,2014-07-30 00:00:00,True,,,,,,
1997.0,"The Federal Open Market Committee at its meeting today decided to maintain the existing stance of monetary policy, keeping its target for the federal funds rate at 6-1/2 percent.


Recent data have indicated that the expansion of aggregate demand has mode",statement,"The Federal Open Market Committee at its meeting today decided to maintain the existing stance of monetary policy, keeping its target for the federal funds rate at 6-1/2 percent. Recent data have indicated that the expansion of aggregate demand has modera",Recent data have indicated that the expansion of aggregate demand has moderated to a pace closer to the enhanced rate of growth of the economy's potential to produce.,H,2000-08-22 00:00:00,False,,,,,,
1969.0,"For immediate release



The Federal Open Market Committee at its meeting today decided to lower its target for the federal funds rate by 50 basis points to 4 percent. In a related action, the Board of Governors approved a 50 basis point reduction in the ",statement,"The Federal Open Market Committee at its meeting today decided to lower its target for the federal funds rate by 50 basis points to 4 percent. In a related action, the Board of Governors approved a 50 basis point reduction in the discount rate to 3-1/2 pe","This potential restraint, together with the possible effects of earlier reductions in equity wealth on consumption and the risk of slower growth abroad, continues to weigh on the economy.",MD,2001-04-18 00:00:00,False,,,,,,
1468.0,"Information received since the Federal Open Market Committee met in September indicates that economic growth strengthened somewhat in the third quarter, reflecting in part a reversal of the temporary factors that had weighed on growth earlier in the year.",statement,"Information received since the Federal Open Market Committee met in September indicates that economic growth strengthened somewhat in the third quarter, reflecting in part a reversal of the temporary factors that had weighed on growth earlier in the year.",The Committee continues to expect a moderate pace of economic growth over coming quarters and consequently anticipates that the unemployment rate will decline only gradually toward levels that the Committee judges to be consistent with its dual mandate.,MH,2011-11-02 00:00:00,True,,,,,,
514.0,"The coronavirus outbreak has harmed communities and disrupted economic activity in many countries, including the United States. Global financial conditions have also been significantly affected. Available economic data show that the U.S. economy came into",statement,"The coronavirus outbreak has harmed communities and disrupted economic activity in many countries, including the United States. Global financial conditions have also been significantly affected. Available economic data show that the U.S. economy came into",The effects of the coronavirus will weigh on economic activity in the near term and pose risks to the economic outlook.,N,2020-03-15 00:00:00,True,,,,,,
196.0,"Recent indicators suggest that economic activity expanded at a strong pace in the third quarter. Job gains have moderated since earlier in the year but remain strong, and the unemployment rate has remained low. Inflation remains elevated.

The U.S. bankin",statement,"Recent indicators suggest that economic activity expanded at a strong pace in the third quarter. Job gains have moderated since earlier in the year but remain strong, and the unemployment rate has remained low. Inflation remains elevated. The U.S. banking",The Committee remains highly attentive to inflation risks.,N,2023-11-01 00:00:00,True,,,,,,
471.0,"The Federal Reserve is committed to using its full range of tools to support the U.S. economy in this challenging time, thereby promoting its maximum employment and price stability goals.

The COVID-19 pandemic is causing tremendous human and economic har",statement,"The Federal Reserve is committed to using its full range of tools to support the U.S. economy in this challenging time, thereby promoting its maximum employment and price stability goals. The COVID-19 pandemic is causing tremendous human and economic hard","With inflation running persistently below this longer-run goal, the Committee will aim to achieve inflation moderately above 2 percent for some time so that inflation averages 2 percent over time and longer-term inflation expectations remain well anchored",MD,2020-09-16 00:00:00,True,,,,,,
1452.0,"Information received since the Federal Open Market Committee met in December suggests that the economy has been expanding moderately, notwithstanding some slowing in global growth. While indicators point to some further improvement in overall labor market",statement,"Information received since the Federal Open Market Committee met in December suggests that the economy has been expanding moderately, notwithstanding some slowing in global growth. While indicators point to some further improvement in overall labor market",The Committee will regularly review the size and composition of its securities holdings and is prepared to adjust those holdings as appropriate to promote a stronger economic recovery in a context of price stability.,D,2012-01-25 00:00:00,True,,,,,,
1286.0,"Information received since the Federal Open Market Committee met in July suggests that economic activity has been expanding at a moderate pace. Some indicators of labor market conditions have shown further improvement in recent months, but the unemploymen",statement,"Information received since the Federal Open Market Committee met in July suggests that economic activity has been expanding at a moderate pace. Some indicators of labor market conditions have shown further improvement in recent months, but the unemploymen",it anticipates that inflation will move back toward its objective over the medium term.,N,2013-09-18 00:00:00,True,,,,,,
270.0,"Recent indicators point to modest growth in spending and production. Job gains have been robust in recent months, and the unemployment rate has remained low. Inflation has eased somewhat but remains elevated.

Russia's war against Ukraine is causing treme",statement,"Recent indicators point to modest growth in spending and production. Job gains have been robust in recent months, and the unemployment rate has remained low. Inflation has eased somewhat but remains elevated. Russia's war against Ukraine is causing tremen","The Committee's assessments will take into account a wide range of information, including readings on labor market conditions, inflation pressures and inflation expectations, and financial and international developments.",N,2023-02-01 00:00:00,True,,,,,,
438.0,"The Federal Reserve is committed to using its full range of tools to support the U.S. economy in this challenging time, thereby promoting its maximum employment and price stability goals.

The COVID-19 pandemic is causing tremendous human and economic har",statement,"The Federal Reserve is committed to using its full range of tools to support the U.S. economy in this challenging time, thereby promoting its maximum employment and price stability goals. The COVID-19 pandemic is causing tremendous human and economic hard",The Committee decided to keep the target range for the federal funds rate at 0 to 1/4 percent and expects it will be appropriate to maintain this target range until labor market conditions have reached levels consistent with the Committee's assessments of,D,2021-01-27 00:00:00,True,,,,,,
100.0,"Recent indicators suggest that economic activity has continued to expand at a solid pace. Since earlier in the year, labor market conditions have generally eased, and the unemployment rate has moved up but remains low. Inflation has made progress toward t",statement,"Recent indicators suggest that economic activity has continued to expand at a solid pace. Since earlier in the year, labor market conditions have generally eased, and the unemployment rate has moved up but remains low. Inflation has made progress toward t",The Committee would be prepared to adjust the stance of monetary policy as appropriate if risks emerge that could impede the attainment of the Committee's goals.,N,2024-12-18 00:00:00,True,,,,,,
1668.0,"The Federal Open Market Committee decided today to keep its target for the federal funds rate at 2 percent.
Strains in financial markets have increased significantly and labor markets have weakened further. Economic growth appears to have slowed recently,",statement,"The Federal Open Market Committee decided today to keep its target for the federal funds rate at 2 percent. Strains in financial markets have increased significantly and labor markets have weakened further. Economic growth appears to have slowed recently,","The Committee expects inflation to moderate later this year and next year,",N,2008-09-16 00:00:00,True,,,,,,
1540.0,"Information received since the Federal Open Market Committee met in November confirms that the economic recovery is continuing, though at a rate that has been insufficient to bring down unemployment. Household spending is increasing at a moderate pace, bu",statement,"Information received since the Federal Open Market Committee met in November confirms that the economic recovery is continuing, though at a rate that has been insufficient to bring down unemployment. Household spending is increasing at a moderate pace, bu","Information received since the Federal Open Market Committee met in November confirms that the economic recovery is continuing, though at a rate that has been insufficient to bring down unemployment.",N,2010-12-14 00:00:00,True,,,,,,
1957.0,"The Federal Open Market Committee decided today to lower its target for the federal funds rate by 50 basis points to 3 percent.  In a related action, the Board of Governors approved a 50 basis point reduction in the discount rate to 2-1/2 percent.  The Fe",statement,"The Federal Open Market Committee decided today to lower its target for the federal funds rate by 50 basis points to 3 percent. In a related action, the Board of Governors approved a 50 basis point reduction in the discount rate to 2-1/2 percent. The Fede","Nonetheless, the long-term prospects for productivity growth and the economy remain favorable and should become evident once the unusual forces restraining demand abate.",MH,2001-08-21 00:00:00,False,,,,,,
220.0,"Recent indicators suggest that economic activity has been expanding at a moderate pace. Job gains have been robust in recent months, and the unemployment rate has remained low. Inflation remains elevated.

The U.S. banking system is sound and resilient. T",statement,"Recent indicators suggest that economic activity has been expanding at a moderate pace. Job gains have been robust in recent months, and the unemployment rate has remained low. Inflation remains elevated. The U.S. banking system is sound and resilient. Ti",The Committee will continue to assess additional information and its implications for monetary policy.,N,2023-07-26 00:00:00,True,,,,,,
366.0,"The Federal Reserve is committed to using its full range of tools to support the U.S. economy in this challenging time, thereby promoting its maximum employment and price stability goals.

With progress on vaccinations and strong policy support, indicator",statement,"The Federal Reserve is committed to using its full range of tools to support the U.S. economy in this challenging time, thereby promoting its maximum employment and price stability goals. With progress on vaccinations and strong policy support, indicators",Supply and demand imbalances related to the pandemic and the reopening of the economy have contributed to sizable price increases in some sectors.,MD,2021-11-03 00:00:00,True,,,,,,
1654.0,"The Federal Open Market Committee decided today to lower its target for the federal funds rate 50 basis points to 1 percent.
The pace of economic activity appears to have slowed markedly, owing importantly to a decline in consumer expenditures. Business e",statement,"The Federal Open Market Committee decided today to lower its target for the federal funds rate 50 basis points to 1 percent. The pace of economic activity appears to have slowed markedly, owing importantly to a decline in consumer expenditures. Business e","Recent policy actions, including today√¢¬Ä¬ôs rate reduction, coordinated interest rate cuts by central banks, extraordinary liquidity measures, and official steps to strengthen financial systems, should help over time to improve credit conditions and pro",D,2008-10-29 00:00:00,True,,,,,,
674.0,"Information received since the Federal Open Market Committee met in March indicates that the labor market has continued to strengthen and that economic activity has been rising at a moderate rate. Job gains have been strong, on average, in recent months, ",statement,"Information received since the Federal Open Market Committee met in March indicates that the labor market has continued to strengthen and that economic activity has been rising at a moderate rate. Job gains have been strong, on average, in recent months, ","Job gains have been strong, on average, in recent months, and the unemployment rate has stayed low.",MH,2018-05-02 00:00:00,True,,,,,,
1058.0,"Information received since the Federal Open Market Committee met in January suggests that economic growth has moderated somewhat. Labor market conditions have improved further, with strong job gains and a lower unemployment rate. A range of labor market i",statement,"Information received since the Federal Open Market Committee met in January suggests that economic growth has moderated somewhat. Labor market conditions have improved further, with strong job gains and a lower unemployment rate. A range of labor market i","Business fixed investment is advancing, while the recovery in the housing sector remains slow and export growth has weakened.",N,2015-03-18 00:00:00,True,,,,,,
1033.0,Information received since the Federal Open Market Committee met in April suggests that economic activity has been expanding moderately after having changed little during the first quarter. The pace of job gains picked up while the unemployment rate remai,statement,Information received since the Federal Open Market Committee met in April suggests that economic activity has been expanding moderately after having changed little during the first quarter. The pace of job gains picked up while the unemployment rate remai,"This assessment will take into account a wide range of information, including measures of labor market conditions, indicators of inflation pressures and inflation expectations, and readings on financial and international developments.",N,2015-06-17 00:00:00,True,,,,,,
368.0,"The Federal Reserve is committed to using its full range of tools to support the U.S. economy in this challenging time, thereby promoting its maximum employment and price stability goals.

With progress on vaccinations and strong policy support, indicator",statement,"The Federal Reserve is committed to using its full range of tools to support the U.S. economy in this challenging time, thereby promoting its maximum employment and price stability goals. With progress on vaccinations and strong policy support, indicators",The Committee seeks to achieve maximum employment and inflation at the rate of 2 percent over the longer run.,MD,2021-11-03 00:00:00,True,,,,,,
613.0,"Information received since the Federal Open Market Committee met in December indicates that the labor market has continued to strengthen and that economic activity has been rising at a solid rate. Job gains have been strong, on average, in recent months, ",statement,"Information received since the Federal Open Market Committee met in December indicates that the labor market has continued to strengthen and that economic activity has been rising at a solid rate. Job gains have been strong, on average, in recent months, ",Information received since the Federal Open Market Committee met in December indicates that the labor market has continued to strengthen and that economic activity has been rising at a solid rate.,MH,2019-01-30 00:00:00,True,,,,,,
1810.0,"Release Date: November 1, 2005 
      
For immediate release
      The Federal Open Market Committee decided today to raise its target for 
        the federal funds rate by 25 basis points to 4 percent.
       Elevated energy prices and hurricane-related",statement,"Release Date: November 1, 2005 For immediate release The Federal Open Market Committee decided today to raise its target for the federal funds rate by 25 basis points to 4 percent. Elevated energy prices and hurricane-related disruptions in economic activ","Nonetheless, the Committee will respond to changes in economic prospects as needed to fulfill its obligation to maintain price stability.",MH,2005-11-01 00:00:00,True,,,,,,
1375.0,"Information received since the Federal Open Market Committee met in October suggests that economic activity and employment have continued to expand at a moderate pace in recent months, apart from weather-related disruptions. Although the unemployment rate",statement,"Information received since the Federal Open Market Committee met in October suggests that economic activity and employment have continued to expand at a moderate pace in recent months, apart from weather-related disruptions. Although the unemployment rate",The Committee also anticipates that inflation over the medium term likely will run at or below its 2 percent objective.,N,2012-12-12 00:00:00,True,,,,,,
1649.0,"The Federal Open Market Committee decided today to establish a target range for the federal funds rate of 0 to 1/4 percent.¬† 
Since the Committee's last meeting, labor market conditions have deteriorated, and the available data indicate that consumer spe",statement,"The Federal Open Market Committee decided today to establish a target range for the federal funds rate of 0 to 1/4 percent. Since the Committee's last meeting, labor market conditions have deteriorated, and the available data indicate that consumer spendi",The Federal Reserve will employ all available tools to promote the resumption of sustainable economic growth and to preserve price stability.,MH,2008-12-16 00:00:00,True,,,,,,
306.0,"Recent indicators of spending and production have softened. Nonetheless, job gains have been robust in recent months, and the unemployment rate has remained low. Inflation remains elevated, reflecting supply and demand imbalances related to the pandemic, ",statement,"Recent indicators of spending and production have softened. Nonetheless, job gains have been robust in recent months, and the unemployment rate has remained low. Inflation remains elevated, reflecting supply and demand imbalances related to the pandemic, ","Inflation remains elevated, reflecting supply and demand imbalances related to the pandemic, higher food and energy prices, and broader price pressures.",MH,2022-07-27 00:00:00,True,,,,,,
483.0,"The Federal Reserve is committed to using its full range of tools to support the U.S. economy in this challenging time, thereby promoting its maximum employment and price stability goals.

The coronavirus outbreak is causing tremendous human and economic ",statement,"The Federal Reserve is committed to using its full range of tools to support the U.S. economy in this challenging time, thereby promoting its maximum employment and price stability goals. The coronavirus outbreak is causing tremendous human and economic h","In determining the timing and size of future adjustments to the stance of monetary policy, the Committee will assess realized and expected economic conditions relative to its maximum employment objective and its symmetric 2 percent inflation objective.",N,2020-07-29 00:00:00,True,,,,,,
1630.0,Information received since the Federal Open Market Committee met in April suggests that the pace of economic contraction is slowing. Conditions in financial markets have generally improved in recent months. Household spending has shown further signs of st,statement,Information received since the Federal Open Market Committee met in April suggests that the pace of economic contraction is slowing. Conditions in financial markets have generally improved in recent months. Household spending has shown further signs of st,"In these circumstances, the Federal Reserve will employ all available tools to promote economic recovery and to preserve price stability.",MH,2009-06-24 00:00:00,True,,,,,,
730.0,"Information received since the Federal Open Market Committee met in November indicates that the labor market has continued to strengthen and that economic activity has been rising at a solid rate. Averaging through hurricane-related fluctuations, job gain",statement,"Information received since the Federal Open Market Committee met in November indicates that the labor market has continued to strengthen and that economic activity has been rising at a solid rate. Averaging through hurricane-related fluctuations, job gain","The stance of monetary policy remains accommodative, thereby supporting strong labor market conditions and a sustained return to 2 percent inflation.",D,2017-12-13 00:00:00,True,,,,,,
115.0,"Recent indicators suggest that economic activity has continued to expand at a solid pace. Job gains have slowed, and the unemployment rate has moved up but remains low. Inflation has made further progress toward the Committee's 2 percent objective but rem",statement,"Recent indicators suggest that economic activity has continued to expand at a solid pace. Job gains have slowed, and the unemployment rate has moved up but remains low. Inflation has made further progress toward the Committee's 2 percent objective but rem",Inflation has made further progress toward the Committee's 2 percent objective but remains somewhat elevated.,MH,2024-09-18 00:00:00,True,,,,,,
1956.0,"The Federal Open Market Committee decided today to lower its target for the federal funds rate by 50 basis points to 3 percent.  In a related action, the Board of Governors approved a 50 basis point reduction in the discount rate to 2-1/2 percent.  The Fe",statement,"The Federal Open Market Committee decided today to lower its target for the federal funds rate by 50 basis points to 3 percent. In a related action, the Board of Governors approved a 50 basis point reduction in the discount rate to 2-1/2 percent. The Fede","Even before the tragic events of last week, employment, production, and business spending remained weak, and last week's events have the potential to damp spending further.",MD,2001-08-21 00:00:00,False,,,,,,
1404.0,"Information received since the Federal Open Market Committee met in June suggests that economic activity decelerated somewhat over the first half of this year. Growth in employment has been slow in recent months, and the unemployment rate remains elevated",statement,"Information received since the Federal Open Market Committee met in June suggests that economic activity decelerated somewhat over the first half of this year. Growth in employment has been slow in recent months, and the unemployment rate remains elevated",Information received since the Federal Open Market Committee met in June suggests that economic activity decelerated somewhat over the first half of this year.,MD,2012-08-01 00:00:00,True,,,,,,
482.0,"The Federal Reserve is committed to using its full range of tools to support the U.S. economy in this challenging time, thereby promoting its maximum employment and price stability goals.

The coronavirus outbreak is causing tremendous human and economic ",statement,"The Federal Reserve is committed to using its full range of tools to support the U.S. economy in this challenging time, thereby promoting its maximum employment and price stability goals. The coronavirus outbreak is causing tremendous human and economic h","The Committee will continue to monitor the implications of incoming information for the economic outlook, including information related to public health, as well as global developments and muted inflation pressures, and will use its tools and act as appro",N,2020-07-29 00:00:00,True,,,,,,
1606.0,Information received since the Federal Open Market Committee met in November suggests that economic activity has continued to pick up and that the deterioration in the labor market is abating. The housing sector has shown some signs of improvement over re,statement,Information received since the Federal Open Market Committee met in November suggests that economic activity has continued to pick up and that the deterioration in the labor market is abating. The housing sector has shown some signs of improvement over re,"Household spending appears to be expanding at a moderate rate, though it remains constrained by a weak labor market, modest income growth, lower housing wealth, and tight credit.",MH,2009-12-15 00:00:00,True,,,,,,
651.0,"Information received since the Federal Open Market Committee met in August indicates that the labor market has continued to strengthen and that economic activity has been rising at a strong rate. Job gains have been strong, on average, in recent months, a",statement,"Information received since the Federal Open Market Committee met in August indicates that the labor market has continued to strengthen and that economic activity has been rising at a strong rate. Job gains have been strong, on average, in recent months, a","This assessment will take into account a wide range of information, including measures of labor market conditions, indicators of inflation pressures and inflation expectations, and readings on financial and international developments.",N,2018-09-26 00:00:00,True,,,,,,
1625.0,Information received since the Federal Open Market Committee met in June suggests that economic activity is leveling out. Conditions in financial markets have improved further in recent weeks. Household spending has continued to show signs of stabilizing ,statement,Information received since the Federal Open Market Committee met in June suggests that economic activity is leveling out. Conditions in financial markets have improved further in recent weeks. Household spending has continued to show signs of stabilizing ,"Although economic activity is likely to remain weak for a time, the Committee continues to anticipate that policy actions to stabilize financial markets and institutions, fiscal and monetary stimulus, and market forces will contribute to a gradual resumpt",H,2009-08-11 00:00:00,True,,,,,,
1004.0,Information received since the Federal Open Market Committee met in June indicates that economic activity has been expanding moderately in recent months. Growth in household spending has been moderate and the housing sector has shown additional improvemen,statement,Information received since the Federal Open Market Committee met in June indicates that economic activity has been expanding moderately in recent months. Growth in household spending has been moderate and the housing sector has shown additional improvemen,"Inflation continued to run below the Committee's longer-run objective, partly reflecting earlier declines in energy prices and decreasing prices of non-energy imports.",MD,2015-07-29 00:00:00,True,,,,,,
1304.0,"Information received since the Federal Open Market Committee met in June suggests that economic activity expanded at a modest pace during the first half of the year. Labor market conditions have shown further improvement in recent months, on balance, but ",statement,"Information received since the Federal Open Market Committee met in June suggests that economic activity expanded at a modest pace during the first half of the year. Labor market conditions have shown further improvement in recent months, on balance, but ","To support a stronger economic recovery and to help ensure that inflation, over time, is at the rate most consistent with its dual mandate, the Committee decided to continue purchasing additional agency mortgage-backed securities at a pace of $40 billion ",D,2013-07-31 00:00:00,True,,,,,,
78.0,"Recent indicators suggest that economic activity has continued to expand at a solid pace. The unemployment rate has stabilized at a low level in recent months, and labor market conditions remain solid. Inflation remains somewhat elevated.

The Committee s",statement,"Recent indicators suggest that economic activity has continued to expand at a solid pace. The unemployment rate has stabilized at a low level in recent months, and labor market conditions remain solid. Inflation remains somewhat elevated. The Committee se","The unemployment rate has stabilized at a low level in recent months, and labor market conditions remain solid. Inflation remains somewhat elevated.",MH,2025-03-19 00:00:00,True,,,,,,
829.0,Information received since the Federal Open Market Committee met in December indicates that the labor market has continued to strengthen and that economic activity has continued to expand at a moderate pace. Job gains remained solid and the unemployment r,statement,Information received since the Federal Open Market Committee met in December indicates that the labor market has continued to strengthen and that economic activity has continued to expand at a moderate pace. Job gains remained solid and the unemployment r,"most survey-based measures of longer-term inflation expectations are little changed, on balance.",N,2017-02-01 00:00:00,True,,,,,,
32.0,"Available indicators suggest that economic activity has been expanding at a moderate pace. Job gains have slowed this year, and the unemployment rate has edged up through September. More recent indicators are consistent with these developments. Inflation ",statement,"Available indicators suggest that economic activity has been expanding at a moderate pace. Job gains have slowed this year, and the unemployment rate has edged up through September. More recent indicators are consistent with these developments. Inflation ",The Committee is strongly committed to supporting maximum employment and returning inflation to its 2 percent objective.,MD,2025-12-10 00:00:00,True,,,,,,
914.0,"Information received since the Federal Open Market Committee met in March indicates that labor market conditions have improved further even as growth in economic activity appears to have slowed. Growth in household spending has moderated, although househo",statement,"Information received since the Federal Open Market Committee met in March indicates that labor market conditions have improved further even as growth in economic activity appears to have slowed. Growth in household spending has moderated, although househo",Market-based measures of inflation compensation remain low,N,2016-04-27 00:00:00,True,,,,,,
936.0,Information received since the Federal Open Market Committee met in January suggests that economic activity has been expanding at a moderate pace despite the global economic and financial developments of recent months. Household spending has been increasi,statement,Information received since the Federal Open Market Committee met in January suggests that economic activity has been expanding at a moderate pace despite the global economic and financial developments of recent months. Household spending has been increasi,"This assessment will take into account a wide range of information, including measures of labor market conditions, indicators of inflation pressures and inflation expectations, and readings on financial and international developments.",N,2016-03-16 00:00:00,True,,,,,,
382.0,"The Federal Reserve is committed to using its full range of tools to support the U.S. economy in this challenging time, thereby promoting its maximum employment and price stability goals.

With progress on vaccinations and strong policy support, indicator",statement,"The Federal Reserve is committed to using its full range of tools to support the U.S. economy in this challenging time, thereby promoting its maximum employment and price stability goals. With progress on vaccinations and strong policy support, indicators","Last December, the Committee indicated that it would continue to increase its holdings of Treasury securities by at least $80 billion per month and of agency mortgage√¢¬Ä¬ëbacked securities by at least $40 billion per month until substantial further progr",D,2021-09-22 00:00:00,True,,,,,,
630.0,"Information received since the Federal Open Market Committee met in November indicates that the labor market has continued to strengthen and that economic activity has been rising at a strong rate. Job gains have been strong, on average, in recent months,",statement,"Information received since the Federal Open Market Committee met in November indicates that the labor market has continued to strengthen and that economic activity has been rising at a strong rate. Job gains have been strong, on average, in recent months,","In view of realized and expected labor market conditions and inflation, the Committee decided to raise the target range for the federal funds rate to 2-1/4 to 2√¢¬Ä¬ë1/2 percent.",H,2018-12-19 00:00:00,True,,,,,,
163.0,"Recent indicators suggest that economic activity has been expanding at a solid pace. Job gains have remained strong, and the unemployment rate has remained low. Inflation has eased over the past year but remains elevated.

The Committee seeks to achieve m",statement,"Recent indicators suggest that economic activity has been expanding at a solid pace. Job gains have remained strong, and the unemployment rate has remained low. Inflation has eased over the past year but remains elevated. The Committee seeks to achieve ma",The Committee judges that the risks to achieving its employment and inflation goals are moving into better balance.,N,2024-03-20 00:00:00,True,,,,,,
203.0,"Recent indicators suggest that economic activity expanded at a strong pace in the third quarter. Job gains have moderated since earlier in the year but remain strong, and the unemployment rate has remained low. Inflation remains elevated.

The U.S. bankin",statement,"Recent indicators suggest that economic activity expanded at a strong pace in the third quarter. Job gains have moderated since earlier in the year but remain strong, and the unemployment rate has remained low. Inflation remains elevated. The U.S. banking","The Committee's assessments will take into account a wide range of information, including readings on labor market conditions, inflation pressures and inflation expectations, and financial and international developments.",N,2023-11-01 00:00:00,True,,,,,,
1356.0,"Information received since the Federal Open Market Committee met in December suggests that growth in economic activity paused in recent months, in large part because of weather-related disruptions and other transitory factors. Employment has continued to ",statement,"Information received since the Federal Open Market Committee met in December suggests that growth in economic activity paused in recent months, in large part because of weather-related disruptions and other transitory factors. Employment has continued to ",the unemployment rate remains elevated.,MD,2013-01-30 00:00:00,True,,,,,,
1816.0,"Release Date: September 20, 2005 

For immediate release


The Federal Open Market Committee decided today to raise its target for the federal funds rate by 25 basis points to 3-3/4 percent.


	Output appeared poised to continue growing at a good pace bef",statement,"Release Date: September 20, 2005 For immediate release The Federal Open Market Committee decided today to raise its target for the federal funds rate by 25 basis points to 3-3/4 percent. Output appeared poised to continue growing at a good pace before the","The Committee perceives that, with appropriate monetary policy action, the upside and downside risks to the attainment of both sustainable growth and price stability should be kept roughly equal.",MH,2005-09-20 00:00:00,True,,,,,,
1833.0,"Release Date: May 3, 2005 

For immediate release

The Federal Open Market Committee decided today to raise its target for the federal funds rate by 25 basis points to 3 percent. 
The Committee believes that, even after this action, the stance of monetary",statement,"Release Date: May 3, 2005 For immediate release The Federal Open Market Committee decided today to raise its target for the federal funds rate by 25 basis points to 3 percent. The Committee believes that, even after this action, the stance of monetary pol",Pressures on inflation have picked up in recent months and pricing power is more evident.,N,2005-05-03 00:00:00,True,,,,,,
916.0,"Information received since the Federal Open Market Committee met in March indicates that labor market conditions have improved further even as growth in economic activity appears to have slowed. Growth in household spending has moderated, although househo",statement,"Information received since the Federal Open Market Committee met in March indicates that labor market conditions have improved further even as growth in economic activity appears to have slowed. Growth in household spending has moderated, although househo","Consistent with its statutory mandate, the Committee seeks to foster maximum employment and price stability.",MD,2016-04-27 00:00:00,True,,,,,,
1263.0,"Information received since the Federal Open Market Committee met in September generally suggests that economic activity has continued to expand at a moderate pace. Indicators of labor market conditions have shown some further improvement, but the unemploy",statement,"Information received since the Federal Open Market Committee met in September generally suggests that economic activity has continued to expand at a moderate pace. Indicators of labor market conditions have shown some further improvement, but the unemploy",Fiscal policy is restraining economic growth.,H,2013-10-30 00:00:00,True,,,,,,
1984.0,"The Federal Open Market Committee decided today to lower its target for the federal funds rate by 50 basis points to 6 percent.


	In a related action, the Board of Governors approved a 25-basis-point decrease in the discount rate to 5-3/4 percent, the le",statement,"The Federal Open Market Committee decided today to lower its target for the federal funds rate by 50 basis points to 6 percent. In a related action, the Board of Governors approved a 25-basis-point decrease in the discount rate to 5-3/4 percent, the level","These actions were taken in light of further weakening of sales and production, and in the context of lower consumer confidence, tight conditions in some segments of financial markets, and high energy prices sapping household and business purchasing power",H,2000-12-19 00:00:00,False,,,,,,
1637.0,"Information received since the Federal Open Market Committee met in January indicates that the economy continues to contract.¬† Job losses, declining equity and housing wealth, and tight credit conditions have weighed on consumer sentiment and spending.¬†",statement,"Information received since the Federal Open Market Committee met in January indicates that the economy continues to contract. Job losses, declining equity and housing wealth, and tight credit conditions have weighed on consumer sentiment and spending. Wea","In light of increasing economic slack here and abroad, the Committee expects that inflation will remain subdued.",N,2009-03-17 00:00:00,True,,,,,,
1701.0,"The Federal Open Market Committee decided today to lower its target for the federal funds rate 75 basis points to 2-1/4 percent.
Recent information indicates that the outlook for economic activity has weakened further. Growth in consumer spending has slow",statement,The Federal Open Market Committee decided today to lower its target for the federal funds rate 75 basis points to 2-1/4 percent. Recent information indicates that the outlook for economic activity has weakened further. Growth in consumer spending has slow,It will be necessary to continue to monitor inflation developments carefully.,N,2008-03-18 00:00:00,True,,,,,,
1641.0,The Federal Open Market Committee decided today to keep its target range for the federal funds rate at 0 to 1/4 percent.¬†The Committee continues to anticipate that economic conditions are likely to warrant exceptionally low levels of the federal funds ra,statement,The Federal Open Market Committee decided today to keep its target range for the federal funds rate at 0 to 1/4 percent. The Committee continues to anticipate that economic conditions are likely to warrant exceptionally low levels of the federal funds rat,"Furthermore, global demand appears to be slowing significantly.",N,2009-01-28 00:00:00,True,,,,,,
1384.0,"Information received since the Federal Open Market Committee met in September suggests that economic activity has continued to expand at a moderate pace in recent months.¬† Growth in employment has been slow, and the unemployment rate remains elevated.¬† ",statement,"Information received since the Federal Open Market Committee met in September suggests that economic activity has continued to expand at a moderate pace in recent months. Growth in employment has been slow, and the unemployment rate remains elevated. Hous","Household spending has advanced a bit more quickly, but growth in business fixed investment has slowed.",N,2012-10-24 00:00:00,True,,,,,,
218.0,"Recent indicators suggest that economic activity has been expanding at a moderate pace. Job gains have been robust in recent months, and the unemployment rate has remained low. Inflation remains elevated.

The U.S. banking system is sound and resilient. T",statement,"Recent indicators suggest that economic activity has been expanding at a moderate pace. Job gains have been robust in recent months, and the unemployment rate has remained low. Inflation remains elevated. The U.S. banking system is sound and resilient. Ti",The Committee remains highly attentive to inflation risks.,N,2023-07-26 00:00:00,True,,,,,,
1949.0,"The Federal Open Market Committee decided today to lower its target for the federal funds rate by 50 basis points to 2 percent. In a related action, the Board of Governors approved a 50 basis point reduction in the discount rate to 1-1/2 percent.

Heighte",statement,"The Federal Open Market Committee decided today to lower its target for the federal funds rate by 50 basis points to 2 percent. In a related action, the Board of Governors approved a 50 basis point reduction in the discount rate to 1-1/2 percent. Heighten",Heightened uncertainty and concerns about a deterioration in business conditions both here and abroad are damping economic activity.,MD,2001-11-06 00:00:00,False,,,,,,
1610.0,Information received since the Federal Open Market Committee met in November suggests that economic activity has continued to pick up and that the deterioration in the labor market is abating. The housing sector has shown some signs of improvement over re,statement,Information received since the Federal Open Market Committee met in November suggests that economic activity has continued to pick up and that the deterioration in the labor market is abating. The housing sector has shown some signs of improvement over re,"The Committee will maintain the target range for the federal funds rate at 0 to 1/4 percent and continues to anticipate that economic conditions, including low rates of resource utilization, subdued inflation trends, and stable inflation expectations, are",D,2009-12-15 00:00:00,True,,,,,,
861.0,Information received since the Federal Open Market Committee met in September indicates that the labor market has continued to strengthen and growth of economic activity has picked up from the modest pace seen in the first half of this year. Although the ,statement,Information received since the Federal Open Market Committee met in September indicates that the labor market has continued to strengthen and growth of economic activity has picked up from the modest pace seen in the first half of this year. Although the ,Inflation is expected to rise to 2 percent over the medium term as the transitory effects of past declines in energy and import prices dissipate and the labor market strengthens further.,MH,2016-11-02 00:00:00,True,,,,,,
353.0,"The Federal Reserve is committed to using its full range of tools to support the U.S. economy in this challenging time, thereby promoting its maximum employment and price stability goals.

With progress on vaccinations and strong policy support, indicator",statement,"The Federal Reserve is committed to using its full range of tools to support the U.S. economy in this challenging time, thereby promoting its maximum employment and price stability goals. With progress on vaccinations and strong policy support, indicators","With progress on vaccinations and strong policy support, indicators of economic activity and employment have continued to strengthen.",MH,2021-12-15 00:00:00,True,,,,,,
712.0,"Information received since the Federal Open Market Committee met in December indicates that the labor market has continued to strengthen and that economic activity has been rising at a solid rate. Gains in employment, household spending, and business fixe",statement,"Information received since the Federal Open Market Committee met in December indicates that the labor market has continued to strengthen and that economic activity has been rising at a solid rate. Gains in employment, household spending, and business fixe","Near-term risks to the economic outlook appear roughly balanced, but the Committee is monitoring inflation developments closely.",N,2018-01-31 00:00:00,True,,,,,,
59.0,"Although swings in net exports continue to affect the data, recent indicators suggest that growth of economic activity moderated in the first half of the year. The unemployment rate remains low, and labor market conditions remain solid. Inflation remains ",statement,"Although swings in net exports continue to affect the data, recent indicators suggest that growth of economic activity moderated in the first half of the year. The unemployment rate remains low, and labor market conditions remain solid. Inflation remains ","In assessing the appropriate stance of monetary policy, the Committee will continue to monitor the implications of incoming information for the economic outlook.",N,2025-07-30 00:00:00,True,,,,,,
1083.0,"Information received since the Federal Open Market Committee met in December suggests that economic activity has been expanding at a solid pace.¬† Labor market conditions have improved further, with strong job gains and a lower unemployment rate.¬† On bal",statement,"Information received since the Federal Open Market Committee met in December suggests that economic activity has been expanding at a solid pace. Labor market conditions have improved further, with strong job gains and a lower unemployment rate. On balance",the Committee expects inflation to rise gradually toward 2 percent over the medium term as the labor market improves further and the transitory effects of lower energy prices and other factors dissipate.,MH,2015-01-28 00:00:00,True,,,,,,
297.0,"Recent indicators point to modest growth in spending and production. Job gains have been robust in recent months, and the unemployment rate has remained low. Inflation remains elevated, reflecting supply and demand imbalances related to the pandemic, high",statement,"Recent indicators point to modest growth in spending and production. Job gains have been robust in recent months, and the unemployment rate has remained low. Inflation remains elevated, reflecting supply and demand imbalances related to the pandemic, high","Inflation remains elevated, reflecting supply and demand imbalances related to the pandemic, higher food and energy prices, and broader price pressures.",MH,2022-09-21 00:00:00,True,,,,,,
73.0,"Although swings in net exports have affected the data, recent indicators suggest that economic activity has continued to expand at a solid pace. The unemployment rate has stabilized at a low level in recent months, and labor market conditions remain solid",statement,"Although swings in net exports have affected the data, recent indicators suggest that economic activity has continued to expand at a solid pace. The unemployment rate has stabilized at a low level in recent months, and labor market conditions remain solid",The Committee is strongly committed to supporting maximum employment and returning inflation to its 2 percent objective.,MD,2025-05-07 00:00:00,True,,,,,,
162.0,"Recent indicators suggest that economic activity has been expanding at a solid pace. Job gains have remained strong, and the unemployment rate has remained low. Inflation has eased over the past year but remains elevated.

The Committee seeks to achieve m",statement,"Recent indicators suggest that economic activity has been expanding at a solid pace. Job gains have remained strong, and the unemployment rate has remained low. Inflation has eased over the past year but remains elevated. The Committee seeks to achieve ma",The Committee seeks to achieve maximum employment and inflation at the rate of 2 percent over the longer run.,MD,2024-03-20 00:00:00,True,,,,,,
963.0,"Information received since the Federal Open Market Committee met in October suggests that economic activity has been expanding at a moderate pace. Household spending and business fixed investment have been increasing at solid rates in recent months, and t",statement,"Information received since the Federal Open Market Committee met in October suggests that economic activity has been expanding at a moderate pace. Household spending and business fixed investment have been increasing at solid rates in recent months, and t","In determining the timing and size of future adjustments to the target range for the federal funds rate, the Committee will assess realized and expected economic conditions relative to its objectives of maximum employment and 2 percent inflation.",MD,2015-12-16 00:00:00,True,,,,,,
1549.0,"Information received since the Federal Open Market Committee met in November confirms that the economic recovery is continuing, though at a rate that has been insufficient to bring down unemployment. Household spending is increasing at a moderate pace, bu",statement,"Information received since the Federal Open Market Committee met in November confirms that the economic recovery is continuing, though at a rate that has been insufficient to bring down unemployment. Household spending is increasing at a moderate pace, bu","The Committee will maintain the target range for the federal funds rate at 0 to 1/4 percent and continues to anticipate that economic conditions, including low rates of resource utilization, subdued inflation trends, and stable inflation expectations, are",D,2010-12-14 00:00:00,True,,,,,,
1505.0,"Information received since the Federal Open Market Committee met in April indicates that the economic recovery is continuing at a moderate pace, though somewhat more slowly than the Committee had expected.¬† Also, recent labor market indicators have been ",statement,"Information received since the Federal Open Market Committee met in April indicates that the economic recovery is continuing at a moderate pace, though somewhat more slowly than the Committee had expected. Also, recent labor market indicators have been we","However, the Committee will continue to pay close attention to the evolution of inflation and inflation expectations.",N,2011-06-22 00:00:00,True,,,,,,
1052.0,"Information received since the Federal Open Market Committee met in March suggests that economic growth slowed during the winter months, in part reflecting transitory factors. The pace of job gains moderated, and the unemployment rate remained steady. A r",statement,"Information received since the Federal Open Market Committee met in March suggests that economic growth slowed during the winter months, in part reflecting transitory factors. The pace of job gains moderated, and the unemployment rate remained steady. A r","This assessment will take into account a wide range of information, including measures of labor market conditions, indicators of inflation pressures and inflation expectations, and readings on financial and international developments.",N,2015-04-29 00:00:00,True,,,,,,
2011.0,"The Federal Open Market Committee at its meeting today decided to maintain the existing stance of monetary policy, keeping its target for the federal funds rate at 6-1/2 percent.  

Recent data suggest that the expansion of aggregate demand may be moderat",statement,"The Federal Open Market Committee at its meeting today decided to maintain the existing stance of monetary policy, keeping its target for the federal funds rate at 6-1/2 percent. Recent data suggest that the expansion of aggregate demand may be moderating","In these circumstances, and against the background of its long-term goals of price stability and sustainable economic growth and of the information currently available, the Committee believes the risks continue to be weighted mainly toward conditions that",H,2000-02-02 00:00:00,False,,,,,,
1023.0,Information received since the Federal Open Market Committee met in April suggests that economic activity has been expanding moderately after having changed little during the first quarter. The pace of job gains picked up while the unemployment rate remai,statement,Information received since the Federal Open Market Committee met in April suggests that economic activity has been expanding moderately after having changed little during the first quarter. The pace of job gains picked up while the unemployment rate remai,Market-based measures of inflation compensation remain low,MH,2015-06-17 00:00:00,True,,,,,,
45.0,"Recent indicators suggest that growth of economic activity moderated in the first half of the year. Job gains have slowed, and the unemployment rate has edged up but remains low. Inflation has moved up and remains somewhat elevated.

The Committee seeks t",statement,"Recent indicators suggest that growth of economic activity moderated in the first half of the year. Job gains have slowed, and the unemployment rate has edged up but remains low. Inflation has moved up and remains somewhat elevated. The Committee seeks to",Recent indicators suggest that growth of economic activity moderated in the first half of the year.,N,2025-09-17 00:00:00,True,,,,,,
1320.0,"Information received since the Federal Open Market Committee met in May suggests that economic activity has been expanding at a moderate pace. Labor market conditions have shown further improvement in recent months, on balance, but the unemployment rate r",statement,"Information received since the Federal Open Market Committee met in May suggests that economic activity has been expanding at a moderate pace. Labor market conditions have shown further improvement in recent months, on balance, but the unemployment rate r","The Committee will continue its purchases of Treasury and agency mortgage-backed securities, and employ its other policy tools as appropriate, until the outlook for the labor market has improved substantially in a context of price stability.",D,2013-06-19 00:00:00,True,,,,,,
1189.0,"Information received since the Federal Open Market Committee met in March indicates that growth in economic activity has picked up recently, after having slowed sharply during the winter in part because of adverse weather conditions. Labor market indicato",statement,"Information received since the Federal Open Market Committee met in March indicates that growth in economic activity has picked up recently, after having slowed sharply during the winter in part because of adverse weather conditions. Labor market indicato","Consistent with its statutory mandate, the Committee seeks to foster maximum employment and price stability.",MD,2014-04-30 00:00:00,True,,,,,,
432.0,"The Federal Reserve is committed to using its full range of tools to support the U.S. economy in this challenging time, thereby promoting its maximum employment and price stability goals.

The COVID-19 pandemic is causing tremendous human and economic har",statement,"The Federal Reserve is committed to using its full range of tools to support the U.S. economy in this challenging time, thereby promoting its maximum employment and price stability goals. The COVID-19 pandemic is causing tremendous human and economic hard","The pace of the recovery in economic activity and employment has moderated in recent months, with weakness concentrated in the sectors most adversely affected by the pandemic.",MD,2021-01-27 00:00:00,True,,,,,,
1444.0,"Information received since the Federal Open Market Committee met in December suggests that the economy has been expanding moderately, notwithstanding some slowing in global growth. While indicators point to some further improvement in overall labor market",statement,"Information received since the Federal Open Market Committee met in December suggests that the economy has been expanding moderately, notwithstanding some slowing in global growth. While indicators point to some further improvement in overall labor market","While indicators point to some further improvement in overall labor market conditions, the unemployment rate remains elevated.",MD,2012-01-25 00:00:00,True,,,,,,
76.0,"Although swings in net exports have affected the data, recent indicators suggest that economic activity has continued to expand at a solid pace. The unemployment rate has stabilized at a low level in recent months, and labor market conditions remain solid",statement,"Although swings in net exports have affected the data, recent indicators suggest that economic activity has continued to expand at a solid pace. The unemployment rate has stabilized at a low level in recent months, and labor market conditions remain solid","The Committee's assessments will take into account a wide range of information, including readings on labor market conditions, inflation pressures and inflation expectations, and financial and international developments.",N,2025-05-07 00:00:00,True,,,,,,
1935.0,"The Federal Open Market Committee decided today to keep its target for the federal funds rate unchanged at 1 3/4 percent. 

The information that has become available since the last meeting of the Committee confirms that economic activity is continuing to ",statement,The Federal Open Market Committee decided today to keep its target for the federal funds rate unchanged at 1 3/4 percent. The information that has become available since the last meeting of the Committee confirms that economic activity is continuing to in,"In these circumstances, although the stance of monetary policy is currently accommodative, the Committee believes that, for the foreseeable future, against the background of its long run goals of price stability and sustainable economic growth and of the ",H,2002-06-26 00:00:00,True,,,,,,
1425.0,Information received since the Federal Open Market Committee met in March suggests that the economy has been expanding moderately. Labor market conditions have improved in recent months; the unemployment rate has declined but remains elevated. Household s,statement,Information received since the Federal Open Market Committee met in March suggests that the economy has been expanding moderately. Labor market conditions have improved in recent months; the unemployment rate has declined but remains elevated. Household s,"However, longer-term inflation expectations have remained stable.",N,2012-04-25 00:00:00,True,,,,,,
1474.0,"Information received since the Federal Open Market Committee met in August indicates that economic growth remains slow. Recent indicators point to continuing weakness in overall labor market conditions, and the unemployment rate remains elevated. Househol",statement,"Information received since the Federal Open Market Committee met in August indicates that economic growth remains slow. Recent indicators point to continuing weakness in overall labor market conditions, and the unemployment rate remains elevated. Househol",Information received since the Federal Open Market Committee met in August indicates that economic growth remains slow.,MD,2011-09-21 00:00:00,True,,,,,,
478.0,"The Federal Reserve is committed to using its full range of tools to support the U.S. economy in this challenging time, thereby promoting its maximum employment and price stability goals.

The coronavirus outbreak is causing tremendous human and economic ",statement,"The Federal Reserve is committed to using its full range of tools to support the U.S. economy in this challenging time, thereby promoting its maximum employment and price stability goals. The coronavirus outbreak is causing tremendous human and economic h","Following sharp declines, economic activity and employment have picked up somewhat in recent months but remain well below their levels at the beginning of the year.",N,2020-07-29 00:00:00,True,,,,,,
453.0,"The Federal Reserve is committed to using its full range of tools to support the U.S. economy in this challenging time, thereby promoting its maximum employment and price stability goals.

The COVID-19 pandemic is causing tremendous human and economic har",statement,"The Federal Reserve is committed to using its full range of tools to support the U.S. economy in this challenging time, thereby promoting its maximum employment and price stability goals. The COVID-19 pandemic is causing tremendous human and economic hard",The Committee would be prepared to adjust the stance of monetary policy as appropriate if risks emerge that could impede the attainment of the Committee's goals.,N,2020-12-16 00:00:00,True,,,,,,
383.0,"The Federal Reserve is committed to using its full range of tools to support the U.S. economy in this challenging time, thereby promoting its maximum employment and price stability goals.

With progress on vaccinations and strong policy support, indicator",statement,"The Federal Reserve is committed to using its full range of tools to support the U.S. economy in this challenging time, thereby promoting its maximum employment and price stability goals. With progress on vaccinations and strong policy support, indicators","In assessing the appropriate stance of monetary policy, the Committee will continue to monitor the implications of incoming information for the economic outlook.",N,2021-09-22 00:00:00,True,,,,,,
926.0,Information received since the Federal Open Market Committee met in January suggests that economic activity has been expanding at a moderate pace despite the global economic and financial developments of recent months. Household spending has been increasi,statement,Information received since the Federal Open Market Committee met in January suggests that economic activity has been expanding at a moderate pace despite the global economic and financial developments of recent months. Household spending has been increasi,"Inflation picked up in recent months; however, it continued to run below the Committee's 2 percent longer-run objective, partly reflecting declines in energy prices and in prices of non-energy imports.",MD,2016-03-16 00:00:00,True,,,,,,
30.0,"Available indicators suggest that economic activity has been expanding at a moderate pace. Job gains have slowed this year, and the unemployment rate has edged up through September. More recent indicators are consistent with these developments. Inflation ",statement,"Available indicators suggest that economic activity has been expanding at a moderate pace. Job gains have slowed this year, and the unemployment rate has edged up through September. More recent indicators are consistent with these developments. Inflation ",The Committee seeks to achieve maximum employment and inflation at the rate of 2 percent over the longer run.,MD,2025-12-10 00:00:00,True,,,,,,
1393.0,"Information received since the Federal Open Market Committee met in August suggests that economic activity has continued to expand at a moderate pace in recent months. Growth in employment has been slow, and the unemployment rate remains elevated. Househo",statement,"Information received since the Federal Open Market Committee met in August suggests that economic activity has continued to expand at a moderate pace in recent months. Growth in employment has been slow, and the unemployment rate remains elevated. Househo",Information received since the Federal Open Market Committee met in August suggests that economic activity has continued to expand at a moderate pace in recent months.,N,2012-09-13 00:00:00,True,,,,,,
1525.0,"Information received since the Federal Open Market Committee met in January suggests that the economic recovery is on a firmer footing, and overall conditions in the labor market appear to be improving gradually. Household spending and business investment",statement,"Information received since the Federal Open Market Committee met in January suggests that the economic recovery is on a firmer footing, and overall conditions in the labor market appear to be improving gradually. Household spending and business investment",The Committee continues to anticipate a gradual return to higher levels of resource utilization in a context of price stability.,MH,2011-03-15 00:00:00,True,,,,,,
999.0,"Information received since the Federal Open Market Committee met in July suggests that economic activity is expanding at a moderate pace. Household spending and business fixed investment have been increasing moderately, and the housing sector has improved",statement,"Information received since the Federal Open Market Committee met in July suggests that economic activity is expanding at a moderate pace. Household spending and business fixed investment have been increasing moderately, and the housing sector has improved","When the Committee decides to begin to remove policy accommodation, it will take a balanced approach consistent with its longer-run goals of maximum employment and inflation of 2 percent.",H,2015-09-17 00:00:00,True,,,,,,
1114.0,"Information received since the Federal Open Market Committee met in September suggests that economic activity is expanding at a moderate pace. Labor market conditions improved somewhat further, with solid job gains and a lower unemployment rate. On balanc",statement,"Information received since the Federal Open Market Committee met in September suggests that economic activity is expanding at a moderate pace. Labor market conditions improved somewhat further, with solid job gains and a lower unemployment rate. On balanc",survey-based measures of longer-term inflation expectations have remained stable.,N,2014-10-29 00:00:00,True,,,,,,
1057.0,"Information received since the Federal Open Market Committee met in January suggests that economic growth has moderated somewhat. Labor market conditions have improved further, with strong job gains and a lower unemployment rate. A range of labor market i",statement,"Information received since the Federal Open Market Committee met in January suggests that economic growth has moderated somewhat. Labor market conditions have improved further, with strong job gains and a lower unemployment rate. A range of labor market i","Labor market conditions have improved further, with strong job gains and a lower unemployment rate.",MH,2015-03-18 00:00:00,True,,,,,,
1345.0,Information received since the Federal Open Market Committee met in January suggests a return to moderate economic growth following a pause late last year.¬† Labor market conditions have shown signs of improvement in recent months but the unemployment rat,statement,Information received since the Federal Open Market Committee met in January suggests a return to moderate economic growth following a pause late last year. Labor market conditions have shown signs of improvement in recent months but the unemployment rate ,"Consistent with its statutory mandate, the Committee seeks to foster maximum employment and price stability.",MD,2013-03-20 00:00:00,True,,,,,,
862.0,Information received since the Federal Open Market Committee met in September indicates that the labor market has continued to strengthen and growth of economic activity has picked up from the modest pace seen in the first half of this year. Although the ,statement,Information received since the Federal Open Market Committee met in September indicates that the labor market has continued to strengthen and growth of economic activity has picked up from the modest pace seen in the first half of this year. Although the ,The Committee continues to closely monitor inflation indicators and global economic and financial developments.,N,2016-11-02 00:00:00,True,,,,,,
1563.0,"Information received since the Federal Open Market Committee met in August indicates that the pace of recovery in output and employment has slowed in recent months. Household spending is increasing gradually, but remains constrained by high unemployment, ",statement,"Information received since the Federal Open Market Committee met in August indicates that the pace of recovery in output and employment has slowed in recent months. Household spending is increasing gradually, but remains constrained by high unemployment, ","Household spending is increasing gradually, but remains constrained by high unemployment, modest income growth, lower housing wealth, and tight credit.",MD,2010-09-21 00:00:00,True,,,,,,
1580.0,"Information received since the Federal Open Market Committee met in April suggests that the economic recovery is proceeding and that the labor market is improving gradually. Household spending is increasing but remains constrained by high unemployment, mo",statement,"Information received since the Federal Open Market Committee met in April suggests that the economic recovery is proceeding and that the labor market is improving gradually. Household spending is increasing but remains constrained by high unemployment, mo","With substantial resource slack continuing to restrain cost pressures and longer-term inflation expectations stable, inflation is likely to be subdued for some time.",N,2010-06-23 00:00:00,True,,,,,,
1392.0,"Information received since the Federal Open Market Committee met in September suggests that economic activity has continued to expand at a moderate pace in recent months.¬† Growth in employment has been slow, and the unemployment rate remains elevated.¬† ",statement,"Information received since the Federal Open Market Committee met in September suggests that economic activity has continued to expand at a moderate pace in recent months. Growth in employment has been slow, and the unemployment rate remains elevated. Hous","To support continued progress toward maximum employment and price stability, the Committee expects that a highly accommodative stance of monetary policy will remain appropriate for a considerable time after the economic recovery strengthens.",D,2012-10-24 00:00:00,True,,,,,,
1586.0,Information received since the Federal Open Market Committee met in March suggests that economic activity has continued to strengthen and that the labor market is beginning to improve. Growth in household spending has picked up recently but remains constr,statement,Information received since the Federal Open Market Committee met in March suggests that economic activity has continued to strengthen and that the labor market is beginning to improve. Growth in household spending has picked up recently but remains constr,"While bank lending continues to contract, financial market conditions remain supportive of economic growth.",MH,2010-04-28 00:00:00,True,,,,,,
44.0,"Available indicators suggest that economic activity has been expanding at a moderate pace. Job gains have slowed this year, and the unemployment rate has edged up but remained low through August; more recent indicators are consistent with these developmen",statement,"Available indicators suggest that economic activity has been expanding at a moderate pace. Job gains have slowed this year, and the unemployment rate has edged up but remained low through August; more recent indicators are consistent with these developmen","The Committee's assessments will take into account a wide range of information, including readings on labor market conditions, inflation pressures and inflation expectations, and financial and international developments.",N,2025-10-29 00:00:00,True,,,,,,
494.0,"The Federal Reserve is committed to using its full range of tools to support the U.S. economy in this challenging time, thereby promoting its maximum employment and price stability goals.

The coronavirus outbreak is causing tremendous human and economic ",statement,"The Federal Reserve is committed to using its full range of tools to support the U.S. economy in this challenging time, thereby promoting its maximum employment and price stability goals. The coronavirus outbreak is causing tremendous human and economic h","To support the flow of credit to households and businesses, over coming months the Federal Reserve will increase its holdings of Treasury securities and agency residential and commercial mortgage-backed securities at least at the current pace to sustain s",D,2020-06-10 00:00:00,True,,,,,,
168.0,"Recent indicators suggest that economic activity has been expanding at a solid pace. Job gains have remained strong, and the unemployment rate has remained low. Inflation has eased over the past year but remains elevated.

The Committee seeks to achieve m",statement,"Recent indicators suggest that economic activity has been expanding at a solid pace. Job gains have remained strong, and the unemployment rate has remained low. Inflation has eased over the past year but remains elevated. The Committee seeks to achieve ma",The Committee would be prepared to adjust the stance of monetary policy as appropriate if risks emerge that could impede the attainment of the Committee's goals.,N,2024-03-20 00:00:00,True,,,,,,
303.0,"Recent indicators point to modest growth in spending and production. Job gains have been robust in recent months, and the unemployment rate has remained low. Inflation remains elevated, reflecting supply and demand imbalances related to the pandemic, high",statement,"Recent indicators point to modest growth in spending and production. Job gains have been robust in recent months, and the unemployment rate has remained low. Inflation remains elevated, reflecting supply and demand imbalances related to the pandemic, high",The Committee would be prepared to adjust the stance of monetary policy as appropriate if risks emerge that could impede the attainment of the Committee's goals.,N,2022-09-21 00:00:00,True,,,,,,
2006.0,"The Federal Open Market Committee at its meeting today decided to maintain the existing stance of monetary policy, keeping its target for the federal funds rate at 6-1/2 percent.

	Recent data have indicated that the expansion of aggregate demand is moder",statement,"The Federal Open Market Committee at its meeting today decided to maintain the existing stance of monetary policy, keeping its target for the federal funds rate at 6-1/2 percent. Recent data have indicated that the expansion of aggregate demand is moderat","Against the background of its long-term goals of price stability and sustainable economic growth and of the information currently available, the Committee believes the risks continue to be weighted mainly toward conditions that may generate heightened inf",H,2000-05-16 00:00:00,False,,,,,,
420.0,"The Federal Reserve is committed to using its full range of tools to support the U.S. economy in this challenging time, thereby promoting its maximum employment and price stability goals.

The COVID-19 pandemic is causing tremendous human and economic har",statement,"The Federal Reserve is committed to using its full range of tools to support the U.S. economy in this challenging time, thereby promoting its maximum employment and price stability goals. The COVID-19 pandemic is causing tremendous human and economic hard","Following a moderation in the pace of the recovery, indicators of economic activity and employment have turned up recently, although the sectors most adversely affected by the pandemic remain weak.",MD,2021-03-17 00:00:00,True,,,,,,
1943.0,"The Federal Open Market Committee decided today to keep its target for the federal funds rate unchanged at 1-3/4 percent.

Signs that weakness in demand is abating and economic activity is beginning to firm have become more prevalent.  With the forces res",statement,The Federal Open Market Committee decided today to keep its target for the federal funds rate unchanged at 1-3/4 percent. Signs that weakness in demand is abating and economic activity is beginning to firm have become more prevalent. With the forces restr,"Hence, the Committee continues to believe that, against the background of its long-run goals of price stability and sustainable economic growth and of the information currently available, the risks are weighted mainly toward conditions that may generate e",H,2002-01-30 00:00:00,True,,,,,,
611.0,Information received since the Federal Open Market Committee met in January indicates that the labor market remains strong but that growth of economic activity has slowed from its solid rate in the fourth quarter. Payroll employment was little changed in ,statement,Information received since the Federal Open Market Committee met in January indicates that the labor market remains strong but that growth of economic activity has slowed from its solid rate in the fourth quarter. Payroll employment was little changed in ,"In determining the timing and size of future adjustments to the target range for the federal funds rate, the Committee will assess realized and expected economic conditions relative to its maximum employment objective and its symmetric 2 percent inflation",N,2019-03-20 00:00:00,True,,,,,,
1737.0,"The Federal Open Market Committee decided today to keep its target for the federal funds rate at 5-1/4 percent.
Economic growth was moderate during the first half of the year. Financial markets have been volatile in recent weeks, credit conditions have be",statement,"The Federal Open Market Committee decided today to keep its target for the federal funds rate at 5-1/4 percent. Economic growth was moderate during the first half of the year. Financial markets have been volatile in recent weeks, credit conditions have be",Readings on core inflation have improved modestly in recent months.,N,2007-08-07 00:00:00,True,,,,,,
1293.0,"Information received since the Federal Open Market Committee met in July suggests that economic activity has been expanding at a moderate pace. Some indicators of labor market conditions have shown further improvement in recent months, but the unemploymen",statement,"Information received since the Federal Open Market Committee met in July suggests that economic activity has been expanding at a moderate pace. Some indicators of labor market conditions have shown further improvement in recent months, but the unemploymen","In determining how long to maintain a highly accommodative stance of monetary policy, the Committee will also consider other information, including additional measures of labor market conditions, indicators of inflation pressures and inflation expectation",D,2013-09-18 00:00:00,True,,,,,,
1666.0,"The Federal Open Market Committee decided today to keep its target for the federal funds rate at 2 percent.
Strains in financial markets have increased significantly and labor markets have weakened further. Economic growth appears to have slowed recently,",statement,"The Federal Open Market Committee decided today to keep its target for the federal funds rate at 2 percent. Strains in financial markets have increased significantly and labor markets have weakened further. Economic growth appears to have slowed recently,","Over time, the substantial easing of monetary policy, combined with ongoing measures to foster market liquidity, should help to promote moderate economic growth.",D,2008-09-16 00:00:00,True,,,,,,
585.0,"Information received since the Federal Open Market Committee met in May indicates that the labor market remains strong and that economic activity is rising at a moderate rate. Job gains have been solid, on average, in recent months, and the unemployment r",statement,"Information received since the Federal Open Market Committee met in May indicates that the labor market remains strong and that economic activity is rising at a moderate rate. Job gains have been solid, on average, in recent months, and the unemployment r","Consistent with its statutory mandate, the Committee seeks to foster maximum employment and price stability.",MD,2019-06-19 00:00:00,True,,,,,,
1978.0,"The Federal Open Market Committee at its meeting today decided to lower its target for the federal funds rate by 50 basis points to 5 percent. In a related action, the Board of Governors approved a 50 basis point reduction in the discount rate to 4-1/2 pe",statement,"The Federal Open Market Committee at its meeting today decided to lower its target for the federal funds rate by 50 basis points to 5 percent. In a related action, the Board of Governors approved a 50 basis point reduction in the discount rate to 4-1/2 pe","The Committee continues to believe that against the background of its long-run goals of price stability and sustainable economic growth and of the information currently available, the risks are weighted mainly toward conditions that may generate economic ",H,2001-01-03 00:00:00,False,,,,,,
802.0,"Information received since the Federal Open Market Committee met in March indicates that the labor market has continued to strengthen even as growth in economic activity slowed. Job gains were solid, on average, in recent months, and the unemployment rate",statement,"Information received since the Federal Open Market Committee met in March indicates that the labor market has continued to strengthen even as growth in economic activity slowed. Job gains were solid, on average, in recent months, and the unemployment rate","survey-based measures of longer-term inflation expectations are little changed, on balance.",N,2017-05-03 00:00:00,True,,,,,,
1284.0,"Information received since the Federal Open Market Committee met in July suggests that economic activity has been expanding at a moderate pace. Some indicators of labor market conditions have shown further improvement in recent months, but the unemploymen",statement,"Information received since the Federal Open Market Committee met in July suggests that economic activity has been expanding at a moderate pace. Some indicators of labor market conditions have shown further improvement in recent months, but the unemploymen","The Committee expects that, with appropriate policy accommodation, economic growth will pick up from its recent pace and the unemployment rate will gradually decline toward levels the Committee judges consistent with its dual mandate.",MH,2013-09-18 00:00:00,True,,,,,,
1846.0,"Release Date: February 2, 2005 

For immediate release

      
The Federal Open Market Committee decided today to raise its target for the federal funds rate by 25 basis points to 2-1/2 percent. 

The Committee believes that, even after this action, the s",statement,"Release Date: February 2, 2005 For immediate release The Federal Open Market Committee decided today to raise its target for the federal funds rate by 25 basis points to 2-1/2 percent. The Committee believes that, even after this action, the stance of mon","With underlying inflation expected to be relatively low, the Committee believes that policy accommodation can be removed at a pace that is likely to be measured.",H,2005-02-02 00:00:00,True,,,,,,
414.0,"The Federal Reserve is committed to using its full range of tools to support the U.S. economy in this challenging time, thereby promoting its maximum employment and price stability goals.

The COVID-19 pandemic is causing tremendous human and economic har",statement,"The Federal Reserve is committed to using its full range of tools to support the U.S. economy in this challenging time, thereby promoting its maximum employment and price stability goals. The COVID-19 pandemic is causing tremendous human and economic hard",The Committee decided to keep the target range for the federal funds rate at 0 to 1/4 percent and expects it will be appropriate to maintain this target range until labor market conditions have reached levels consistent with the Committee's assessments of,D,2021-04-28 00:00:00,True,,,,,,
185.0,"Recent indicators suggest that growth of economic activity has slowed from its strong pace in the third quarter. Job gains have moderated since earlier in the year but remain strong, and the unemployment rate has remained low. Inflation has eased over the",statement,"Recent indicators suggest that growth of economic activity has slowed from its strong pace in the third quarter. Job gains have moderated since earlier in the year but remain strong, and the unemployment rate has remained low. Inflation has eased over the",The Committee remains highly attentive to inflation risks.,N,2023-12-13 00:00:00,True,,,,,,
710.0,"Information received since the Federal Open Market Committee met in December indicates that the labor market has continued to strengthen and that economic activity has been rising at a solid rate. Gains in employment, household spending, and business fixe",statement,"Information received since the Federal Open Market Committee met in December indicates that the labor market has continued to strengthen and that economic activity has been rising at a solid rate. Gains in employment, household spending, and business fixe","The Committee expects that, with further gradual adjustments in the stance of monetary policy, economic activity will expand at a moderate pace and labor market conditions will remain strong.",MH,2018-01-31 00:00:00,True,,,,,,
1702.0,"The Federal Open Market Committee decided today to lower its target for the federal funds rate 75 basis points to 2-1/4 percent.
Recent information indicates that the outlook for economic activity has weakened further. Growth in consumer spending has slow",statement,The Federal Open Market Committee decided today to lower its target for the federal funds rate 75 basis points to 2-1/4 percent. Recent information indicates that the outlook for economic activity has weakened further. Growth in consumer spending has slow,"Today√¢¬Ä¬ôs policy action, combined with those taken earlier, including measures to foster market liquidity, should help to promote moderate growth over time and to mitigate the risks to economic activity.",MD,2008-03-18 00:00:00,True,,,,,,
1472.0,"Information received since the Federal Open Market Committee met in September indicates that economic growth strengthened somewhat in the third quarter, reflecting in part a reversal of the temporary factors that had weighed on growth earlier in the year.",statement,"Information received since the Federal Open Market Committee met in September indicates that economic growth strengthened somewhat in the third quarter, reflecting in part a reversal of the temporary factors that had weighed on growth earlier in the year.",The Committee also decided to keep the target range for the federal funds rate at 0 to 1/4 percent and currently anticipates that economic conditions--including low rates of resource utilization and a subdued outlook for inflation over the medium run--are,D,2011-11-02 00:00:00,True,,,,,,
300.0,"Recent indicators point to modest growth in spending and production. Job gains have been robust in recent months, and the unemployment rate has remained low. Inflation remains elevated, reflecting supply and demand imbalances related to the pandemic, high",statement,"Recent indicators point to modest growth in spending and production. Job gains have been robust in recent months, and the unemployment rate has remained low. Inflation remains elevated, reflecting supply and demand imbalances related to the pandemic, high",The Committee seeks to achieve maximum employment and inflation at the rate of 2 percent over the longer run.,MD,2022-09-21 00:00:00,True,,,,,,
1578.0,"Information received since the Federal Open Market Committee met in April suggests that the economic recovery is proceeding and that the labor market is improving gradually. Household spending is increasing but remains constrained by high unemployment, mo",statement,"Information received since the Federal Open Market Committee met in April suggests that the economic recovery is proceeding and that the labor market is improving gradually. Household spending is increasing but remains constrained by high unemployment, mo","Nonetheless, the Committee anticipates a gradual return to higher levels of resource utilization in a context of price stability, although the pace of economic recovery is likely to be moderate for a time.",MH,2010-06-23 00:00:00,True,,,,,,
1591.0,Information received since the Federal Open Market Committee met in January suggests that economic activity has continued to strengthen and that the labor market is stabilizing. Household spending is expanding at a moderate rate but remains constrained by,statement,Information received since the Federal Open Market Committee met in January suggests that economic activity has continued to strengthen and that the labor market is stabilizing. Household spending is expanding at a moderate rate but remains constrained by,Information received since the Federal Open Market Committee met in January suggests that economic activity has continued to strengthen and that the labor market is stabilizing.,MH,2010-03-16 00:00:00,True,,,,,,
939.0,Information received since the Federal Open Market Committee met in December suggests that labor market conditions improved further even as economic growth slowed late last year. Household spending and business fixed investment have been increasing at mod,statement,Information received since the Federal Open Market Committee met in December suggests that labor market conditions improved further even as economic growth slowed late last year. Household spending and business fixed investment have been increasing at mod,"Inflation has continued to run below the Committee's 2 percent longer-run objective, partly reflecting declines in energy prices and in prices of non-energy imports.",MD,2016-01-27 00:00:00,True,,,,,,
1613.0,"Information received since the Federal Open Market Committee met in September suggests that economic activity has continued to pick up. Conditions in financial markets were roughly unchanged, on balance, over the intermeeting period. Activity in the housi",statement,"Information received since the Federal Open Market Committee met in September suggests that economic activity has continued to pick up. Conditions in financial markets were roughly unchanged, on balance, over the intermeeting period. Activity in the housi","Household spending appears to be expanding but remains constrained by ongoing job losses, sluggish income growth, lower housing wealth, and tight credit.",N,2009-11-04 00:00:00,True,,,,,,
817.0,Information received since the Federal Open Market Committee met in February indicates that the labor market has continued to strengthen and that economic activity has continued to expand at a moderate pace. Job gains remained solid and the unemployment r,statement,Information received since the Federal Open Market Committee met in February indicates that the labor market has continued to strengthen and that economic activity has continued to expand at a moderate pace. Job gains remained solid and the unemployment r,"Consistent with its statutory mandate, the Committee seeks to foster maximum employment and price stability.",MD,2017-03-15 00:00:00,True,,,,,,
1951.0,"The Federal Open Market Committee decided today to lower its target for the federal funds rate by 50 basis points to 2 percent. In a related action, the Board of Governors approved a 50 basis point reduction in the discount rate to 1-1/2 percent.

Heighte",statement,"The Federal Open Market Committee decided today to lower its target for the federal funds rate by 50 basis points to 2 percent. In a related action, the Board of Governors approved a 50 basis point reduction in the discount rate to 1-1/2 percent. Heighten","Although the necessary reallocation of resources to enhance security may restrain advances in productivity for a time, the long-term prospects for productivity growth and the economy remain favorable and should become evident once the unusual forces restr",H,2001-10-02 00:00:00,False,,,,,,
1376.0,"Information received since the Federal Open Market Committee met in October suggests that economic activity and employment have continued to expand at a moderate pace in recent months, apart from weather-related disruptions. Although the unemployment rate",statement,"Information received since the Federal Open Market Committee met in October suggests that economic activity and employment have continued to expand at a moderate pace in recent months, apart from weather-related disruptions. Although the unemployment rate","To support a stronger economic recovery and to help ensure that inflation, over time, is at the rate most consistent with its dual mandate, the Committee will continue purchasing additional agency mortgage-backed securities at a pace of $40 billion per mo",D,2012-12-12 00:00:00,True,,,,,,
987.0,"Information received since the Federal Open Market Committee met in July suggests that economic activity is expanding at a moderate pace. Household spending and business fixed investment have been increasing moderately, and the housing sector has improved",statement,"Information received since the Federal Open Market Committee met in July suggests that economic activity is expanding at a moderate pace. Household spending and business fixed investment have been increasing moderately, and the housing sector has improved",survey-based measures of longer-term inflation expectations have remained stable.,N,2015-09-17 00:00:00,True,,,,,,
175.0,"Recent indicators suggest that economic activity has been expanding at a solid pace. Job gains have moderated since early last year but remain strong, and the unemployment rate has remained low. Inflation has eased over the past year but remains elevated.",statement,"Recent indicators suggest that economic activity has been expanding at a solid pace. Job gains have moderated since early last year but remain strong, and the unemployment rate has remained low. Inflation has eased over the past year but remains elevated.","The economic outlook is uncertain, and the Committee remains highly attentive to inflation risks.",N,2024-01-31 00:00:00,True,,,,,,
1891.0,"The Federal Open Market Committee decided today to keep its target for 
        the federal funds rate at 1 percent. 
      The Committee continues to believe that an accommodative stance of monetary 
        policy, coupled with robust underlying growth ",statement,"The Federal Open Market Committee decided today to keep its target for the federal funds rate at 1 percent. The Committee continues to believe that an accommodative stance of monetary policy, coupled with robust underlying growth in productivity, is provi","However, with inflation quite low and resource use slack, the Committee believes that policy accommodation can be maintained for a considerable period.",D,2003-12-09 00:00:00,True,,,,,,
694.0,"Information received since the Federal Open Market Committee met in January indicates that the labor market has continued to strengthen and that economic activity has been rising at a moderate rate. Job gains have been strong in recent months, and the une",statement,"Information received since the Federal Open Market Committee met in January indicates that the labor market has continued to strengthen and that economic activity has been rising at a moderate rate. Job gains have been strong in recent months, and the une","Consistent with its statutory mandate, the Committee seeks to foster maximum employment and price stability.",MD,2018-03-21 00:00:00,True,,,,,,
1623.0,Information received since the Federal Open Market Committee met in June suggests that economic activity is leveling out. Conditions in financial markets have improved further in recent weeks. Household spending has continued to show signs of stabilizing ,statement,Information received since the Federal Open Market Committee met in June suggests that economic activity is leveling out. Conditions in financial markets have improved further in recent weeks. Household spending has continued to show signs of stabilizing ,Information received since the Federal Open Market Committee met in June suggests that economic activity is leveling out.,N,2009-08-11 00:00:00,True,,,,,,
123.0,"Recent indicators suggest that economic activity has continued to expand at a solid pace. Job gains have moderated, and the unemployment rate has moved up but remains low. Inflation has eased over the past year but remains somewhat elevated. In recent mon",statement,"Recent indicators suggest that economic activity has continued to expand at a solid pace. Job gains have moderated, and the unemployment rate has moved up but remains low. Inflation has eased over the past year but remains somewhat elevated. In recent mon",Recent indicators suggest that economic activity has continued to expand at a solid pace.,MH,2024-07-31 00:00:00,True,,,,,,
367.0,"The Federal Reserve is committed to using its full range of tools to support the U.S. economy in this challenging time, thereby promoting its maximum employment and price stability goals.

With progress on vaccinations and strong policy support, indicator",statement,"The Federal Reserve is committed to using its full range of tools to support the U.S. economy in this challenging time, thereby promoting its maximum employment and price stability goals. With progress on vaccinations and strong policy support, indicators",Progress on vaccinations and an easing of supply constraints are expected to support continued gains in economic activity and employment as well as a reduction in inflation.,MH,2021-11-03 00:00:00,True,,,,,,
1378.0,"Information received since the Federal Open Market Committee met in October suggests that economic activity and employment have continued to expand at a moderate pace in recent months, apart from weather-related disruptions. Although the unemployment rate",statement,"Information received since the Federal Open Market Committee met in October suggests that economic activity and employment have continued to expand at a moderate pace in recent months, apart from weather-related disruptions. Although the unemployment rate","To support continued progress toward maximum employment and price stability, the Committee expects that a highly accommodative stance of monetary policy will remain appropriate for a considerable time after the asset purchase program ends and the economic",D,2012-12-12 00:00:00,True,,,,,,
788.0,"Information received since the Federal Open Market Committee met in May indicates that the labor market has continued to strengthen and that economic activity has been rising moderately so far this year. Job gains have moderated but have been solid, on av",statement,"Information received since the Federal Open Market Committee met in May indicates that the labor market has continued to strengthen and that economic activity has been rising moderately so far this year. Job gains have moderated but have been solid, on av","The Committee continues to expect that, with gradual adjustments in the stance of monetary policy, economic activity will expand at a moderate pace, and labor market conditions will strengthen somewhat further.",H,2017-06-14 00:00:00,True,,,,,,
39.0,"Available indicators suggest that economic activity has been expanding at a moderate pace. Job gains have slowed this year, and the unemployment rate has edged up but remained low through August; more recent indicators are consistent with these developmen",statement,"Available indicators suggest that economic activity has been expanding at a moderate pace. Job gains have slowed this year, and the unemployment rate has edged up but remained low through August; more recent indicators are consistent with these developmen",The Committee seeks to achieve maximum employment and inflation at the rate of 2 percent over the longer run.,MD,2025-10-29 00:00:00,True,,,,,,
715.0,"Information received since the Federal Open Market Committee met in December indicates that the labor market has continued to strengthen and that economic activity has been rising at a solid rate. Gains in employment, household spending, and business fixe",statement,"Information received since the Federal Open Market Committee met in December indicates that the labor market has continued to strengthen and that economic activity has been rising at a solid rate. Gains in employment, household spending, and business fixe","In determining the timing and size of future adjustments to the target range for the federal funds rate, the Committee will assess realized and expected economic conditions relative to its objectives of maximum employment and 2 percent inflation.",MD,2018-01-31 00:00:00,True,,,,,,
950.0,Information received since the Federal Open Market Committee met in December suggests that labor market conditions improved further even as economic growth slowed late last year. Household spending and business fixed investment have been increasing at mod,statement,Information received since the Federal Open Market Committee met in December suggests that labor market conditions improved further even as economic growth slowed late last year. Household spending and business fixed investment have been increasing at mod,"In light of the current shortfall of inflation from 2 percent, the Committee will carefully monitor actual and expected progress toward its inflation goal.",N,2016-01-27 00:00:00,True,,,,,,
331.0,"Although overall economic activity edged down in the first quarter, household spending and business fixed investment remained strong. Job gains have been robust in recent months, and the unemployment rate has declined substantially. Inflation remains elev",statement,"Although overall economic activity edged down in the first quarter, household spending and business fixed investment remained strong. Job gains have been robust in recent months, and the unemployment rate has declined substantially. Inflation remains elev","In assessing the appropriate stance of monetary policy, the Committee will continue to monitor the implications of incoming information for the economic outlook.",N,2022-05-04 00:00:00,True,,,,,,
1554.0,"Information received since the Federal Open Market Committee met in September confirms that the pace of recovery in output and employment continues to be slow. Household spending is increasing gradually, but remains constrained by high unemployment, modes",statement,"Information received since the Federal Open Market Committee met in September confirms that the pace of recovery in output and employment continues to be slow. Household spending is increasing gradually, but remains constrained by high unemployment, modes",measures of underlying inflation have trended lower in recent quarters.,MD,2010-11-03 00:00:00,True,,,,,,
194.0,"Recent indicators suggest that economic activity expanded at a strong pace in the third quarter. Job gains have moderated since earlier in the year but remain strong, and the unemployment rate has remained low. Inflation remains elevated.

The U.S. bankin",statement,"Recent indicators suggest that economic activity expanded at a strong pace in the third quarter. Job gains have moderated since earlier in the year but remain strong, and the unemployment rate has remained low. Inflation remains elevated. The U.S. banking","Job gains have moderated since earlier in the year but remain strong, and the unemployment rate has remained low. Inflation remains elevated.",N,2023-11-01 00:00:00,False,,,,,,
527.0,"Information received since the Federal Open Market Committee met in December indicates that the labor market remains strong and that economic activity has been rising at a moderate rate. Job gains have been solid, on average, in recent months, and the une",statement,"Information received since the Federal Open Market Committee met in December indicates that the labor market remains strong and that economic activity has been rising at a moderate rate. Job gains have been solid, on average, in recent months, and the une",survey-based measures of longer-term inflation expectations are little changed.,N,2020-01-29 00:00:00,True,,,,,,
965.0,"Information received since the Federal Open Market Committee met in October suggests that economic activity has been expanding at a moderate pace. Household spending and business fixed investment have been increasing at solid rates in recent months, and t",statement,"Information received since the Federal Open Market Committee met in October suggests that economic activity has been expanding at a moderate pace. Household spending and business fixed investment have been increasing at solid rates in recent months, and t","In light of the current shortfall of inflation from 2 percent, the Committee will carefully monitor actual and expected progress toward its inflation goal.",MD,2015-12-16 00:00:00,True,,,,,,
1728.0,"The Federal Open Market Committee decided today to lower its target for the federal funds rate 50 basis points to 4-3/4 percent.
Economic growth was moderate during the first half of the year, but the tightening of credit conditions has the potential to i",statement,"The Federal Open Market Committee decided today to lower its target for the federal funds rate 50 basis points to 4-3/4 percent. Economic growth was moderate during the first half of the year, but the tightening of credit conditions has the potential to i",the tightening of credit conditions has the potential to intensify the housing correction and to restrain economic growth more generally.,MD,2007-09-18 00:00:00,True,,,,,,
322.0,"Overall economic activity appears to have picked up after edging down in the first quarter. Job gains have been robust in recent months, and the unemployment rate has remained low. Inflation remains elevated, reflecting supply and demand imbalances relate",statement,"Overall economic activity appears to have picked up after edging down in the first quarter. Job gains have been robust in recent months, and the unemployment rate has remained low. Inflation remains elevated, reflecting supply and demand imbalances relate",The Committee would be prepared to adjust the stance of monetary policy as appropriate if risks emerge that could impede the attainment of the Committee's goals.,N,2022-06-15 00:00:00,True,,,,,,
1301.0,"Information received since the Federal Open Market Committee met in June suggests that economic activity expanded at a modest pace during the first half of the year. Labor market conditions have shown further improvement in recent months, on balance, but ",statement,"Information received since the Federal Open Market Committee met in June suggests that economic activity expanded at a modest pace during the first half of the year. Labor market conditions have shown further improvement in recent months, on balance, but ","The Committee expects that, with appropriate policy accommodation, economic growth will pick up from its recent pace and the unemployment rate will gradually decline toward levels the Committee judges consistent with its dual mandate.",D,2013-07-31 00:00:00,True,,,,,,
266.0,"Recent indicators point to modest growth in spending and production. Job gains have been robust in recent months, and the unemployment rate has remained low. Inflation has eased somewhat but remains elevated.

Russia's war against Ukraine is causing treme",statement,"Recent indicators point to modest growth in spending and production. Job gains have been robust in recent months, and the unemployment rate has remained low. Inflation has eased somewhat but remains elevated. Russia's war against Ukraine is causing tremen","In determining the extent of future increases in the target range, the Committee will take into account the cumulative tightening of monetary policy, the lags with which monetary policy affects economic activity and inflation, and economic and financial d",H,2023-02-01 00:00:00,True,,,,,,
1261.0,"Information received since the Federal Open Market Committee met in September generally suggests that economic activity has continued to expand at a moderate pace. Indicators of labor market conditions have shown some further improvement, but the unemploy",statement,"Information received since the Federal Open Market Committee met in September generally suggests that economic activity has continued to expand at a moderate pace. Indicators of labor market conditions have shown some further improvement, but the unemploy",Information received since the Federal Open Market Committee met in September generally suggests that economic activity has continued to expand at a moderate pace.,N,2013-10-30 00:00:00,True,,,,,,
1441.0,Information received since the Federal Open Market Committee met in January suggests that the economy has been expanding moderately. Labor market conditions have improved further; the unemployment rate has declined notably in recent months but remains ele,statement,Information received since the Federal Open Market Committee met in January suggests that the economy has been expanding moderately. Labor market conditions have improved further; the unemployment rate has declined notably in recent months but remains ele,"In particular, the Committee decided today to keep the target range for the federal funds rate at 0 to 1/4 percent and currently anticipates that economic conditions--including low rates of resource utilization and a subdued outlook for inflation over the",D,2012-03-13 00:00:00,True,,,,,,
67.0,"Although swings in net exports have affected the data, recent indicators suggest that economic activity has continued to expand at a solid pace. The unemployment rate remains low, and labor market conditions remain solid. Inflation remains somewhat elevat",statement,"Although swings in net exports have affected the data, recent indicators suggest that economic activity has continued to expand at a solid pace. The unemployment rate remains low, and labor market conditions remain solid. Inflation remains somewhat elevat",The Committee would be prepared to adjust the stance of monetary policy as appropriate if risks emerge that could impede the attainment of the Committee's goals.,N,2025-06-18 00:00:00,True,,,,,,
1849.0,"Release Date: December 14, 2004 

For immediate release

      
      The Federal Open Market Committee decided today to raise its target for 
        the federal funds rate by 25 basis points to 2-1/4 percent.
       The Committee believes that, even aft",statement,"Release Date: December 14, 2004 For immediate release The Federal Open Market Committee decided today to raise its target for the federal funds rate by 25 basis points to 2-1/4 percent. The Committee believes that, even after this action, the stance of mo",Inflation and longer-term inflation expectations remain well contained.,N,2004-12-14 00:00:00,True,,,,,,
1815.0,"Release Date: September 20, 2005 

For immediate release


The Federal Open Market Committee decided today to raise its target for the federal funds rate by 25 basis points to 3-3/4 percent.


	Output appeared poised to continue growing at a good pace bef",statement,"Release Date: September 20, 2005 For immediate release The Federal Open Market Committee decided today to raise its target for the federal funds rate by 25 basis points to 3-3/4 percent. Output appeared poised to continue growing at a good pace before the","However, core inflation has been relatively low in recent months and longer-term inflation expectations remain contained.",N,2005-09-20 00:00:00,True,,,,,,
680.0,"Information received since the Federal Open Market Committee met in March indicates that the labor market has continued to strengthen and that economic activity has been rising at a moderate rate. Job gains have been strong, on average, in recent months, ",statement,"Information received since the Federal Open Market Committee met in March indicates that the labor market has continued to strengthen and that economic activity has been rising at a moderate rate. Job gains have been strong, on average, in recent months, ","The Committee expects that, with further gradual adjustments in the stance of monetary policy, economic activity will expand at a moderate pace in the medium term and labor market conditions will remain strong.",H,2018-05-02 00:00:00,True,,,,,,
485.0,"The Federal Reserve is committed to using its full range of tools to support the U.S. economy in this challenging time, thereby promoting its maximum employment and price stability goals.

The coronavirus outbreak is causing tremendous human and economic ",statement,"The Federal Reserve is committed to using its full range of tools to support the U.S. economy in this challenging time, thereby promoting its maximum employment and price stability goals. The coronavirus outbreak is causing tremendous human and economic h","To support the flow of credit to households and businesses, over coming months the Federal Reserve will increase its holdings of Treasury securities and agency residential and commercial mortgage-backed securities at least at the current pace to sustain s",D,2020-07-29 00:00:00,True,,,,,,
480.0,"The Federal Reserve is committed to using its full range of tools to support the U.S. economy in this challenging time, thereby promoting its maximum employment and price stability goals.

The coronavirus outbreak is causing tremendous human and economic ",statement,"The Federal Reserve is committed to using its full range of tools to support the U.S. economy in this challenging time, thereby promoting its maximum employment and price stability goals. The coronavirus outbreak is causing tremendous human and economic h","The ongoing public health crisis will weigh heavily on economic activity, employment, and inflation in the near term, and poses considerable risks to the economic outlook over the medium term.",D,2020-07-29 00:00:00,True,,,,,,
1422.0,"Information received since the Federal Open Market Committee met in April suggests that the economy has been expanding moderately this year. However, growth in employment has slowed in recent months, and the unemployment rate remains elevated. Business fi",statement,"Information received since the Federal Open Market Committee met in April suggests that the economy has been expanding moderately this year. However, growth in employment has slowed in recent months, and the unemployment rate remains elevated. Business fi",The Committee is prepared to take further action as appropriate to promote a stronger economic recovery and sustained improvement in labor market conditions in a context of price stability.,H,2012-06-20 00:00:00,True,,,,,,
706.0,"Information received since the Federal Open Market Committee met in December indicates that the labor market has continued to strengthen and that economic activity has been rising at a solid rate. Gains in employment, household spending, and business fixe",statement,"Information received since the Federal Open Market Committee met in December indicates that the labor market has continued to strengthen and that economic activity has been rising at a solid rate. Gains in employment, household spending, and business fixe",Market-based measures of inflation compensation have increased in recent months,MH,2018-01-31 00:00:00,True,,,,,,
548.0,"Information received since the Federal Open Market Committee met in September indicates that the labor market remains strong and that economic activity has been rising at a moderate rate. Job gains have been solid, on average, in recent months, and the un",statement,"Information received since the Federal Open Market Committee met in September indicates that the labor market remains strong and that economic activity has been rising at a moderate rate. Job gains have been solid, on average, in recent months, and the un","Consistent with its statutory mandate, the Committee seeks to foster maximum employment and price stability.",MD,2019-10-30 00:00:00,True,,,,,,
1423.0,Information received since the Federal Open Market Committee met in March suggests that the economy has been expanding moderately. Labor market conditions have improved in recent months; the unemployment rate has declined but remains elevated. Household s,statement,Information received since the Federal Open Market Committee met in March suggests that the economy has been expanding moderately. Labor market conditions have improved in recent months; the unemployment rate has declined but remains elevated. Household s,Labor market conditions have improved in recent months; the unemployment rate has declined but remains elevated.,N,2012-04-25 00:00:00,True,,,,,,
427.0,"The Federal Reserve is committed to using its full range of tools to support the U.S. economy in this challenging time, thereby promoting its maximum employment and price stability goals.

The COVID-19 pandemic is causing tremendous human and economic har",statement,"The Federal Reserve is committed to using its full range of tools to support the U.S. economy in this challenging time, thereby promoting its maximum employment and price stability goals. The COVID-19 pandemic is causing tremendous human and economic hard","In addition, the Federal Reserve will continue to increase its holdings of Treasury securities by at least $80 billion per month and of agency mortgage√¢¬Ä¬ëbacked securities by at least $40 billion per month until substantial further progress has been ma",D,2021-03-17 00:00:00,True,,,,,,
1647.0,"The Federal Open Market Committee decided today to establish a target range for the federal funds rate of 0 to 1/4 percent.¬† 
Since the Committee's last meeting, labor market conditions have deteriorated, and the available data indicate that consumer spe",statement,"The Federal Open Market Committee decided today to establish a target range for the federal funds rate of 0 to 1/4 percent. Since the Committee's last meeting, labor market conditions have deteriorated, and the available data indicate that consumer spendi","Overall, the outlook for economic activity has weakened further.",MD,2008-12-16 00:00:00,True,,,,,,
1489.0,Information received since the Federal Open Market Committee met in June indicates that economic growth so far this year has been considerably slower than the Committee had expected.¬† Indicators suggest a deterioration in overall labor market conditions ,statement,Information received since the Federal Open Market Committee met in June indicates that economic growth so far this year has been considerably slower than the Committee had expected. Indicators suggest a deterioration in overall labor market conditions in,"More recently, inflation has moderated as prices of energy and some commodities have declined from their earlier peaks.",N,2011-08-09 00:00:00,True,,,,,,
479.0,"The Federal Reserve is committed to using its full range of tools to support the U.S. economy in this challenging time, thereby promoting its maximum employment and price stability goals.

The coronavirus outbreak is causing tremendous human and economic ",statement,"The Federal Reserve is committed to using its full range of tools to support the U.S. economy in this challenging time, thereby promoting its maximum employment and price stability goals. The coronavirus outbreak is causing tremendous human and economic h",Weaker demand and significantly lower oil prices are holding down consumer price inflation.,N,2020-07-29 00:00:00,True,,,,,,
450.0,"The Federal Reserve is committed to using its full range of tools to support the U.S. economy in this challenging time, thereby promoting its maximum employment and price stability goals.

The COVID-19 pandemic is causing tremendous human and economic har",statement,"The Federal Reserve is committed to using its full range of tools to support the U.S. economy in this challenging time, thereby promoting its maximum employment and price stability goals. The COVID-19 pandemic is causing tremendous human and economic hard",The Committee decided to keep the target range for the federal funds rate at 0 to 1/4 percent and expects it will be appropriate to maintain this target range until labor market conditions have reached levels consistent with the Committee's assessments of,D,2020-12-16 00:00:00,True,,,,,,
925.0,Information received since the Federal Open Market Committee met in January suggests that economic activity has been expanding at a moderate pace despite the global economic and financial developments of recent months. Household spending has been increasi,statement,Information received since the Federal Open Market Committee met in January suggests that economic activity has been expanding at a moderate pace despite the global economic and financial developments of recent months. Household spending has been increasi,Information received since the Federal Open Market Committee met in January suggests that economic activity has been expanding at a moderate pace despite the global economic and financial developments of recent months.,N,2016-03-16 00:00:00,True,,,,,,
617.0,"Information received since the Federal Open Market Committee met in December indicates that the labor market has continued to strengthen and that economic activity has been rising at a solid rate. Job gains have been strong, on average, in recent months, ",statement,"Information received since the Federal Open Market Committee met in December indicates that the labor market has continued to strengthen and that economic activity has been rising at a solid rate. Job gains have been strong, on average, in recent months, ","Although market-based measures of inflation compensation have moved lower in recent months, survey-based measures of longer-term inflation expectations are little changed.",N,2019-01-30 00:00:00,True,,,,,,
1543.0,"Information received since the Federal Open Market Committee met in November confirms that the economic recovery is continuing, though at a rate that has been insufficient to bring down unemployment. Household spending is increasing at a moderate pace, bu",statement,"Information received since the Federal Open Market Committee met in November confirms that the economic recovery is continuing, though at a rate that has been insufficient to bring down unemployment. Household spending is increasing at a moderate pace, bu",measures of underlying inflation have continued to trend downward.,MD,2010-12-14 00:00:00,True,,,,,,
1592.0,Information received since the Federal Open Market Committee met in January suggests that economic activity has continued to strengthen and that the labor market is stabilizing. Household spending is expanding at a moderate rate but remains constrained by,statement,Information received since the Federal Open Market Committee met in January suggests that economic activity has continued to strengthen and that the labor market is stabilizing. Household spending is expanding at a moderate rate but remains constrained by,"Household spending is expanding at a moderate rate but remains constrained by high unemployment, modest income growth, lower housing wealth, and tight credit.",MD,2010-03-16 00:00:00,True,,,,,,
1672.0,"The Federal Open Market Committee decided today to keep its target for the federal funds rate at 2 percent.
Economic activity expanded in the second quarter, partly reflecting growth in consumer spending and exports. However, labor markets have softened f",statement,"The Federal Open Market Committee decided today to keep its target for the federal funds rate at 2 percent. Economic activity expanded in the second quarter, partly reflecting growth in consumer spending and exports. However, labor markets have softened f","Economic activity expanded in the second quarter, partly reflecting growth in consumer spending and exports.",MH,2008-08-08 00:00:00,True,,,,,,
943.0,Information received since the Federal Open Market Committee met in December suggests that labor market conditions improved further even as economic growth slowed late last year. Household spending and business fixed investment have been increasing at mod,statement,Information received since the Federal Open Market Committee met in December suggests that labor market conditions improved further even as economic growth slowed late last year. Household spending and business fixed investment have been increasing at mod,"The Committee currently expects that, with gradual adjustments in the stance of monetary policy, economic activity will expand at a moderate pace and labor market indicators will continue to strengthen.",MH,2016-01-27 00:00:00,True,,,,,,
1355.0,"Information received since the Federal Open Market Committee met in December suggests that growth in economic activity paused in recent months, in large part because of weather-related disruptions and other transitory factors. Employment has continued to ",statement,"Information received since the Federal Open Market Committee met in December suggests that growth in economic activity paused in recent months, in large part because of weather-related disruptions and other transitory factors. Employment has continued to ",Employment has continued to expand at a moderate pace,MH,2013-01-30 00:00:00,True,,,,,,
1112.0,"Information received since the Federal Open Market Committee met in September suggests that economic activity is expanding at a moderate pace. Labor market conditions improved somewhat further, with solid job gains and a lower unemployment rate. On balanc",statement,"Information received since the Federal Open Market Committee met in September suggests that economic activity is expanding at a moderate pace. Labor market conditions improved somewhat further, with solid job gains and a lower unemployment rate. On balanc",Inflation has continued to run below the Committee's longer-run objective.,MD,2014-10-29 00:00:00,True,,,,,,
693.0,"Information received since the Federal Open Market Committee met in January indicates that the labor market has continued to strengthen and that economic activity has been rising at a moderate rate. Job gains have been strong in recent months, and the une",statement,"Information received since the Federal Open Market Committee met in January indicates that the labor market has continued to strengthen and that economic activity has been rising at a moderate rate. Job gains have been strong in recent months, and the une","survey-based measures of longer-term inflation expectations are little changed, on balance.",N,2018-03-21 00:00:00,True,,,,,,
1494.0,Information received since the Federal Open Market Committee met in June indicates that economic growth so far this year has been considerably slower than the Committee had expected.¬† Indicators suggest a deterioration in overall labor market conditions ,statement,Information received since the Federal Open Market Committee met in June indicates that economic growth so far this year has been considerably slower than the Committee had expected. Indicators suggest a deterioration in overall labor market conditions in,"However, the Committee will continue to pay close attention to the evolution of inflation and inflation expectations.",N,2011-08-09 00:00:00,True,,,,,,
921.0,"Information received since the Federal Open Market Committee met in March indicates that labor market conditions have improved further even as growth in economic activity appears to have slowed. Growth in household spending has moderated, although househo",statement,"Information received since the Federal Open Market Committee met in March indicates that labor market conditions have improved further even as growth in economic activity appears to have slowed. Growth in household spending has moderated, although househo","The stance of monetary policy remains accommodative, thereby supporting further improvement in labor market conditions and a return to 2 percent inflation.",D,2016-04-27 00:00:00,True,,,,,,
261.0,"Recent indicators point to modest growth in spending and production. Job gains have been robust in recent months, and the unemployment rate has remained low. Inflation has eased somewhat but remains elevated.

Russia's war against Ukraine is causing treme",statement,"Recent indicators point to modest growth in spending and production. Job gains have been robust in recent months, and the unemployment rate has remained low. Inflation has eased somewhat but remains elevated. Russia's war against Ukraine is causing tremen","Job gains have been robust in recent months, and the unemployment rate has remained low.",MH,2023-02-01 00:00:00,True,,,,,,
746.0,Information received since the Federal Open Market Committee met in September indicates that the labor market has continued to strengthen and that economic activity has been rising at a solid rate despite hurricane-related disruptions. Although the hurric,statement,Information received since the Federal Open Market Committee met in September indicates that the labor market has continued to strengthen and that economic activity has been rising at a solid rate despite hurricane-related disruptions. Although the hurric,"Near-term risks to the economic outlook appear roughly balanced, but the Committee is monitoring inflation developments closely.",N,2017-11-01 00:00:00,True,,,,,,
1381.0,"Information received since the Federal Open Market Committee met in October suggests that economic activity and employment have continued to expand at a moderate pace in recent months, apart from weather-related disruptions. Although the unemployment rate",statement,"Information received since the Federal Open Market Committee met in October suggests that economic activity and employment have continued to expand at a moderate pace in recent months, apart from weather-related disruptions. Although the unemployment rate","When the Committee decides to begin to remove policy accommodation, it will take a balanced approach consistent with its longer-run goals of maximum employment and inflation of 2 percent.",H,2012-12-12 00:00:00,True,,,,,,
240.0,"Economic activity expanded at a modest pace in the first quarter. Job gains have been robust in recent months, and the unemployment rate has remained low. Inflation remains elevated.

The U.S. banking system is sound and resilient. Tighter credit conditio",statement,"Economic activity expanded at a modest pace in the first quarter. Job gains have been robust in recent months, and the unemployment rate has remained low. Inflation remains elevated. The U.S. banking system is sound and resilient. Tighter credit condition",The Committee remains highly attentive to inflation risks.,N,2023-05-03 00:00:00,True,,,,,,
1646.0,The Federal Open Market Committee decided today to keep its target range for the federal funds rate at 0 to 1/4 percent.¬†The Committee continues to anticipate that economic conditions are likely to warrant exceptionally low levels of the federal funds ra,statement,The Federal Open Market Committee decided today to keep its target range for the federal funds rate at 0 to 1/4 percent. The Committee continues to anticipate that economic conditions are likely to warrant exceptionally low levels of the federal funds rat,The Committee will continue to monitor carefully the size and composition of the Federal Reserve's balance sheet in light of evolving financial market developments and to assess whether expansions of or modifications to lending facilities would serve to f,H,2009-01-28 00:00:00,True,,,,,,
1460.0,"Information received since the Federal Open Market Committee met in November suggests that the economy has been expanding moderately, notwithstanding some apparent slowing in global growth. While indicators point to some improvement in overall labor marke",statement,"Information received since the Federal Open Market Committee met in November suggests that the economy has been expanding moderately, notwithstanding some apparent slowing in global growth. While indicators point to some improvement in overall labor marke","To support a stronger economic recovery and to help ensure that inflation, over time, is at levels consistent with the dual mandate, the Committee decided today to continue its program to extend the average maturity of its holdings of securities as announ",H,2011-12-13 00:00:00,True,,,,,,
579.0,"Information received since the Federal Open Market Committee met in May indicates that the labor market remains strong and that economic activity is rising at a moderate rate. Job gains have been solid, on average, in recent months, and the unemployment r",statement,"Information received since the Federal Open Market Committee met in May indicates that the labor market remains strong and that economic activity is rising at a moderate rate. Job gains have been solid, on average, in recent months, and the unemployment r",Information received since the Federal Open Market Committee met in May indicates that the labor market remains strong and that economic activity is rising at a moderate rate.,MH,2019-06-19 00:00:00,True,,,,,,
1351.0,Information received since the Federal Open Market Committee met in January suggests a return to moderate economic growth following a pause late last year.¬† Labor market conditions have shown signs of improvement in recent months but the unemployment rat,statement,Information received since the Federal Open Market Committee met in January suggests a return to moderate economic growth following a pause late last year. Labor market conditions have shown signs of improvement in recent months but the unemployment rate ,"In particular, the Committee decided to keep the target range for the federal funds rate at 0 to 1/4 percent and currently anticipates that this exceptionally low range for the federal funds rate will be appropriate at least as long as the unemployment ra",D,2013-03-20 00:00:00,True,,,,,,
552.0,"Information received since the Federal Open Market Committee met in September indicates that the labor market remains strong and that economic activity has been rising at a moderate rate. Job gains have been solid, on average, in recent months, and the un",statement,"Information received since the Federal Open Market Committee met in September indicates that the labor market remains strong and that economic activity has been rising at a moderate rate. Job gains have been solid, on average, in recent months, and the un","This assessment will take into account a wide range of information, including measures of labor market conditions, indicators of inflation pressures and inflation expectations, and readings on financial and international developments.",N,2019-10-30 00:00:00,True,,,,,,
365.0,"The Federal Reserve is committed to using its full range of tools to support the U.S. economy in this challenging time, thereby promoting its maximum employment and price stability goals.

With progress on vaccinations and strong policy support, indicator",statement,"The Federal Reserve is committed to using its full range of tools to support the U.S. economy in this challenging time, thereby promoting its maximum employment and price stability goals. With progress on vaccinations and strong policy support, indicators","Inflation is elevated, largely reflecting factors that are expected to be transitory.",MH,2021-11-03 00:00:00,True,,,,,,
1029.0,Information received since the Federal Open Market Committee met in April suggests that economic activity has been expanding moderately after having changed little during the first quarter. The pace of job gains picked up while the unemployment rate remai,statement,Information received since the Federal Open Market Committee met in April suggests that economic activity has been expanding moderately after having changed little during the first quarter. The pace of job gains picked up while the unemployment rate remai,the Committee expects inflation to rise gradually toward 2 percent over the medium term as the labor market improves further and the transitory effects of earlier declines in energy and import prices dissipate.,MD,2015-06-17 00:00:00,True,,,,,,
1249.0,Information received since the Federal Open Market Committee met in October indicates that economic activity is expanding at a moderate pace. Labor market conditions have shown further improvement; the unemployment rate has declined but remains elevated. ,statement,Information received since the Federal Open Market Committee met in October indicates that economic activity is expanding at a moderate pace. Labor market conditions have shown further improvement; the unemployment rate has declined but remains elevated. ,"The Committee recognizes that inflation persistently below its 2 percent objective could pose risks to economic performance, and it is monitoring inflation developments carefully for evidence that inflation will move back toward its objective over the med",MD,2013-12-18 00:00:00,True,,,,,,
591.0,"Information received since the Federal Open Market Committee met in March indicates that the labor market remains strong and that economic activity rose at a solid rate. Job gains have been solid, on average, in recent months, and the unemployment rate ha",statement,"Information received since the Federal Open Market Committee met in March indicates that the labor market remains strong and that economic activity rose at a solid rate. Job gains have been solid, on average, in recent months, and the unemployment rate ha","Job gains have been solid, on average, in recent months, and the unemployment rate has remained low.",MH,2019-05-01 00:00:00,True,,,,,,
741.0,Information received since the Federal Open Market Committee met in September indicates that the labor market has continued to strengthen and that economic activity has been rising at a solid rate despite hurricane-related disruptions. Although the hurric,statement,Information received since the Federal Open Market Committee met in September indicates that the labor market has continued to strengthen and that economic activity has been rising at a solid rate despite hurricane-related disruptions. Although the hurric,"survey-based measures of longer-term inflation expectations are little changed, on balance.",N,2017-11-01 00:00:00,True,,,,,,
1782.0,"The Federal Open Market Committee decided today to raise its target for the federal funds rate by 25 basis points to 5-1/4 percent.
Recent indicators suggest that economic growth is moderating from its quite strong pace earlier this year, partly reflectin",statement,"The Federal Open Market Committee decided today to raise its target for the federal funds rate by 25 basis points to 5-1/4 percent. Recent indicators suggest that economic growth is moderating from its quite strong pace earlier this year, partly reflectin","Ongoing productivity gains have held down the rise in unit labor costs, and inflation expectations remain contained.",N,2006-06-29 00:00:00,True,,,,,,
583.0,"Information received since the Federal Open Market Committee met in May indicates that the labor market remains strong and that economic activity is rising at a moderate rate. Job gains have been solid, on average, in recent months, and the unemployment r",statement,"Information received since the Federal Open Market Committee met in May indicates that the labor market remains strong and that economic activity is rising at a moderate rate. Job gains have been solid, on average, in recent months, and the unemployment r",Market-based measures of inflation compensation have declined,MD,2019-06-19 00:00:00,True,,,,,,
71.0,"Although swings in net exports have affected the data, recent indicators suggest that economic activity has continued to expand at a solid pace. The unemployment rate has stabilized at a low level in recent months, and labor market conditions remain solid",statement,"Although swings in net exports have affected the data, recent indicators suggest that economic activity has continued to expand at a solid pace. The unemployment rate has stabilized at a low level in recent months, and labor market conditions remain solid",The Committee seeks to achieve maximum employment and inflation at the rate of 2 percent over the longer run.,MD,2025-05-07 00:00:00,True,,,,,,
887.0,"Information received since the Federal Open Market Committee met in June indicates that the labor market strengthened and that economic activity has been expanding at a moderate rate. Job gains were strong in June following weak growth in May. On balance,",statement,"Information received since the Federal Open Market Committee met in June indicates that the labor market strengthened and that economic activity has been expanding at a moderate rate. Job gains were strong in June following weak growth in May. On balance,","The Committee currently expects that, with gradual adjustments in the stance of monetary policy, economic activity will expand at a moderate pace and labor market indicators will strengthen.",MD,2016-07-27 00:00:00,True,,,,,,
259.0,"Recent indicators point to modest growth in spending and production. Job gains have picked up in recent months and are running at a robust pace; the unemployment rate has remained low. Inflation remains elevated.

The U.S. banking system is sound and resi",statement,Recent indicators point to modest growth in spending and production. Job gains have picked up in recent months and are running at a robust pace; the unemployment rate has remained low. Inflation remains elevated. The U.S. banking system is sound and resil,"The Committee's assessments will take into account a wide range of information, including readings on labor market conditions, inflation pressures and inflation expectations, and financial and international developments.",N,2023-03-22 00:00:00,True,,,,,,
51.0,"Recent indicators suggest that growth of economic activity moderated in the first half of the year. Job gains have slowed, and the unemployment rate has edged up but remains low. Inflation has moved up and remains somewhat elevated.

The Committee seeks t",statement,"Recent indicators suggest that growth of economic activity moderated in the first half of the year. Job gains have slowed, and the unemployment rate has edged up but remains low. Inflation has moved up and remains somewhat elevated. The Committee seeks to",The Committee is strongly committed to supporting maximum employment and returning inflation to its 2 percent objective.,MD,2025-09-17 00:00:00,True,,,,,,
198.0,"Recent indicators suggest that economic activity expanded at a strong pace in the third quarter. Job gains have moderated since earlier in the year but remain strong, and the unemployment rate has remained low. Inflation remains elevated.

The U.S. bankin",statement,"Recent indicators suggest that economic activity expanded at a strong pace in the third quarter. Job gains have moderated since earlier in the year but remain strong, and the unemployment rate has remained low. Inflation remains elevated. The U.S. banking",The Committee will continue to assess additional information and its implications for monetary policy.,N,2023-11-01 00:00:00,True,,,,,,
1182.0,"Information received since the Federal Open Market Committee met in April indicates that growth in economic activity has rebounded in recent months. Labor market indicators generally showed further improvement. The unemployment rate, though lower, remains",statement,"Information received since the Federal Open Market Committee met in April indicates that growth in economic activity has rebounded in recent months. Labor market indicators generally showed further improvement. The unemployment rate, though lower, remains","When the Committee decides to begin to remove policy accommodation, it will take a balanced approach consistent with its longer-run goals of maximum employment and inflation of 2 percent.",H,2014-06-18 00:00:00,True,,,,,,
654.0,"Information received since the Federal Open Market Committee met in June indicates that the labor market has continued to strengthen and that economic activity has been rising at a strong rate. Job gains have been strong, on average, in recent months, and",statement,"Information received since the Federal Open Market Committee met in June indicates that the labor market has continued to strengthen and that economic activity has been rising at a strong rate. Job gains have been strong, on average, in recent months, and","On a 12-month basis, both overall inflation and inflation for items other than food and energy remain near 2 percent.",N,2018-08-01 00:00:00,True,,,,,,
332.0,"Although overall economic activity edged down in the first quarter, household spending and business fixed investment remained strong. Job gains have been robust in recent months, and the unemployment rate has declined substantially. Inflation remains elev",statement,"Although overall economic activity edged down in the first quarter, household spending and business fixed investment remained strong. Job gains have been robust in recent months, and the unemployment rate has declined substantially. Inflation remains elev",The Committee would be prepared to adjust the stance of monetary policy as appropriate if risks emerge that could impede the attainment of the Committee√¢¬Ä¬ôs goals.,N,2022-05-04 00:00:00,True,,,,,,
1370.0,"Information received since the Federal Open Market Committee met in October suggests that economic activity and employment have continued to expand at a moderate pace in recent months, apart from weather-related disruptions. Although the unemployment rate",statement,"Information received since the Federal Open Market Committee met in October suggests that economic activity and employment have continued to expand at a moderate pace in recent months, apart from weather-related disruptions. Although the unemployment rate","Household spending has continued to advance, and the housing sector has shown further signs of improvement, but growth in business fixed investment has slowed.",N,2012-12-12 00:00:00,True,,,,,,
596.0,"Information received since the Federal Open Market Committee met in March indicates that the labor market remains strong and that economic activity rose at a solid rate. Job gains have been solid, on average, in recent months, and the unemployment rate ha",statement,"Information received since the Federal Open Market Committee met in March indicates that the labor market remains strong and that economic activity rose at a solid rate. Job gains have been solid, on average, in recent months, and the unemployment rate ha","The Committee continues to view sustained expansion of economic activity, strong labor market conditions, and inflation near the Committee's symmetric 2 percent objective as the most likely outcomes.",N,2019-05-01 00:00:00,True,,,,,,
1736.0,"The Federal Open Market Committee decided today to keep its target for the federal funds rate at 5-1/4 percent.
Economic growth was moderate during the first half of the year. Financial markets have been volatile in recent weeks, credit conditions have be",statement,"The Federal Open Market Committee decided today to keep its target for the federal funds rate at 5-1/4 percent. Economic growth was moderate during the first half of the year. Financial markets have been volatile in recent weeks, credit conditions have be","Nevertheless, the economy seems likely to continue to expand at a moderate pace over coming quarters, supported by solid growth in employment and incomes and a robust global economy.",MH,2007-08-07 00:00:00,True,,,,,,
1475.0,"Information received since the Federal Open Market Committee met in August indicates that economic growth remains slow. Recent indicators point to continuing weakness in overall labor market conditions, and the unemployment rate remains elevated. Househol",statement,"Information received since the Federal Open Market Committee met in August indicates that economic growth remains slow. Recent indicators point to continuing weakness in overall labor market conditions, and the unemployment rate remains elevated. Househol","Recent indicators point to continuing weakness in overall labor market conditions, and the unemployment rate remains elevated.",MD,2011-09-21 00:00:00,True,,,,,,
962.0,"Information received since the Federal Open Market Committee met in October suggests that economic activity has been expanding at a moderate pace. Household spending and business fixed investment have been increasing at solid rates in recent months, and t",statement,"Information received since the Federal Open Market Committee met in October suggests that economic activity has been expanding at a moderate pace. Household spending and business fixed investment have been increasing at solid rates in recent months, and t","The stance of monetary policy remains accommodative after this increase, thereby supporting further improvement in labor market conditions and a return to 2 percent inflation.",D,2015-12-16 00:00:00,True,,,,,,
907.0,"Information received since the Federal Open Market Committee met in April indicates that the pace of improvement in the labor market has slowed while growth in economic activity appears to have picked up. Although the unemployment rate has declined, job g",statement,"Information received since the Federal Open Market Committee met in April indicates that the pace of improvement in the labor market has slowed while growth in economic activity appears to have picked up. Although the unemployment rate has declined, job g","In determining the timing and size of future adjustments to the target range for the federal funds rate, the Committee will assess realized and expected economic conditions relative to its objectives of maximum employment and 2 percent inflation.",N,2016-06-15 00:00:00,True,,,,,,
888.0,"Information received since the Federal Open Market Committee met in June indicates that the labor market strengthened and that economic activity has been expanding at a moderate rate. Job gains were strong in June following weak growth in May. On balance,",statement,"Information received since the Federal Open Market Committee met in June indicates that the labor market strengthened and that economic activity has been expanding at a moderate rate. Job gains were strong in June following weak growth in May. On balance,","Inflation is expected to remain low in the near term, in part because of earlier declines in energy prices,",MD,2016-07-27 00:00:00,True,,,,,,
704.0,"Information received since the Federal Open Market Committee met in December indicates that the labor market has continued to strengthen and that economic activity has been rising at a solid rate. Gains in employment, household spending, and business fixe",statement,"Information received since the Federal Open Market Committee met in December indicates that the labor market has continued to strengthen and that economic activity has been rising at a solid rate. Gains in employment, household spending, and business fixe","Gains in employment, household spending, and business fixed investment have been solid, and the unemployment rate has stayed low.",N,2018-01-31 00:00:00,True,,,,,,
426.0,"The Federal Reserve is committed to using its full range of tools to support the U.S. economy in this challenging time, thereby promoting its maximum employment and price stability goals.

The COVID-19 pandemic is causing tremendous human and economic har",statement,"The Federal Reserve is committed to using its full range of tools to support the U.S. economy in this challenging time, thereby promoting its maximum employment and price stability goals. The COVID-19 pandemic is causing tremendous human and economic hard",The Committee decided to keep the target range for the federal funds rate at 0 to 1/4 percent and expects it will be appropriate to maintain this target range until labor market conditions have reached levels consistent with the Committee's assessments of,D,2021-03-17 00:00:00,True,,,,,,
1343.0,Information received since the Federal Open Market Committee met in January suggests a return to moderate economic growth following a pause late last year.¬† Labor market conditions have shown signs of improvement in recent months but the unemployment rat,statement,Information received since the Federal Open Market Committee met in January suggests a return to moderate economic growth following a pause late last year. Labor market conditions have shown signs of improvement in recent months but the unemployment rate ,"Inflation has been running somewhat below the Committee's longer-run objective, apart from temporary variations that largely reflect fluctuations in energy prices.",MD,2013-03-20 00:00:00,True,,,,,,
1786.0,"The Federal Open Market Committee decided today to raise its target for the federal funds rate by 25 basis points to 5 percent.
Economic growth has been quite strong so far this year. The Committee sees growth as likely to moderate to a more sustainable p",statement,The Federal Open Market Committee decided today to raise its target for the federal funds rate by 25 basis points to 5 percent. Economic growth has been quite strong so far this year. The Committee sees growth as likely to moderate to a more sustainable p,Economic growth has been quite strong so far this year.,MH,2006-05-10 00:00:00,True,,,,,,
593.0,"Information received since the Federal Open Market Committee met in March indicates that the labor market remains strong and that economic activity rose at a solid rate. Job gains have been solid, on average, in recent months, and the unemployment rate ha",statement,"Information received since the Federal Open Market Committee met in March indicates that the labor market remains strong and that economic activity rose at a solid rate. Job gains have been solid, on average, in recent months, and the unemployment rate ha","On a 12-month basis, overall inflation and inflation for items other than food and energy have declined and are running below 2 percent.",MD,2019-05-01 00:00:00,True,,,,,,
990.0,"Information received since the Federal Open Market Committee met in July suggests that economic activity is expanding at a moderate pace. Household spending and business fixed investment have been increasing moderately, and the housing sector has improved",statement,"Information received since the Federal Open Market Committee met in July suggests that economic activity is expanding at a moderate pace. Household spending and business fixed investment have been increasing moderately, and the housing sector has improved","Nonetheless, the Committee expects that, with appropriate policy accommodation, economic activity will expand at a moderate pace, with labor market indicators continuing to move toward levels the Committee judges consistent with its dual mandate.",MD,2015-09-17 00:00:00,True,,,,,,
1995.0,"The Federal Open Market Committee at its meeting today decided to maintain the existing stance of monetary policy, keeping its target for the federal funds rate at 6-1/2 percent. 

The utilization of the pool of available workers remains at an unusually h",statement,"The Federal Open Market Committee at its meeting today decided to maintain the existing stance of monetary policy, keeping its target for the federal funds rate at 6-1/2 percent. The utilization of the pool of available workers remains at an unusually hig","Nonetheless, to date the easing of demand pressures has not been sufficient to warrant a change in the Committee's judgment that against the background of its long-run goals of price stability and sustainable economic growth and of the information current",H,2000-10-03 00:00:00,False,,,,,,
582.0,"Information received since the Federal Open Market Committee met in May indicates that the labor market remains strong and that economic activity is rising at a moderate rate. Job gains have been solid, on average, in recent months, and the unemployment r",statement,"Information received since the Federal Open Market Committee met in May indicates that the labor market remains strong and that economic activity is rising at a moderate rate. Job gains have been solid, on average, in recent months, and the unemployment r","On a 12-month basis, overall inflation and inflation for items other than food and energy are running below 2 percent.",MD,2019-06-19 00:00:00,True,,,,,,
727.0,"Information received since the Federal Open Market Committee met in November indicates that the labor market has continued to strengthen and that economic activity has been rising at a solid rate. Averaging through hurricane-related fluctuations, job gain",statement,"Information received since the Federal Open Market Committee met in November indicates that the labor market has continued to strengthen and that economic activity has been rising at a solid rate. Averaging through hurricane-related fluctuations, job gain",Inflation on a 12√¢¬Ä¬ëmonth basis is expected to remain somewhat below 2 percent in the near term but to stabilize around the Committee's 2 percent objective over the medium term.,MD,2017-12-13 00:00:00,True,,,,,,
398.0,"The Federal Reserve is committed to using its full range of tools to support the U.S. economy in this challenging time, thereby promoting its maximum employment and price stability goals.

Progress on vaccinations has reduced the spread of COVID-19 in the",statement,"The Federal Reserve is committed to using its full range of tools to support the U.S. economy in this challenging time, thereby promoting its maximum employment and price stability goals. Progress on vaccinations has reduced the spread of COVID-19 in the ","Amid this progress and strong policy support, indicators of economic activity and employment have strengthened.",N,2021-06-16 00:00:00,True,,,,,,
572.0,"Information received since the Federal Open Market Committee met in June indicates that the labor market remains strong and that economic activity has been rising at a moderate rate. Job gains have been solid, on average, in recent months, and the unemplo",statement,"Information received since the Federal Open Market Committee met in June indicates that the labor market remains strong and that economic activity has been rising at a moderate rate. Job gains have been solid, on average, in recent months, and the unemplo",survey-based measures of longer-term inflation expectations are little changed.,N,2019-07-31 00:00:00,True,,,,,,
436.0,"The Federal Reserve is committed to using its full range of tools to support the U.S. economy in this challenging time, thereby promoting its maximum employment and price stability goals.

The COVID-19 pandemic is causing tremendous human and economic har",statement,"The Federal Reserve is committed to using its full range of tools to support the U.S. economy in this challenging time, thereby promoting its maximum employment and price stability goals. The COVID-19 pandemic is causing tremendous human and economic hard","With inflation running persistently below this longer-run goal, the Committee will aim to achieve inflation moderately above 2 percent for some time so that inflation averages 2 percent over time and longer√¢¬Ä¬ëterm inflation expectations remain well anc",D,2021-01-27 00:00:00,True,,,,,,
192.0,"Recent indicators suggest that growth of economic activity has slowed from its strong pace in the third quarter. Job gains have moderated since earlier in the year but remain strong, and the unemployment rate has remained low. Inflation has eased over the",statement,"Recent indicators suggest that growth of economic activity has slowed from its strong pace in the third quarter. Job gains have moderated since earlier in the year but remain strong, and the unemployment rate has remained low. Inflation has eased over the","The Committee's assessments will take into account a wide range of information, including readings on labor market conditions, inflation pressures and inflation expectations, and financial and international developments.",N,2023-12-13 00:00:00,True,,,,,,
1446.0,"Information received since the Federal Open Market Committee met in December suggests that the economy has been expanding moderately, notwithstanding some slowing in global growth. While indicators point to some further improvement in overall labor market",statement,"Information received since the Federal Open Market Committee met in December suggests that the economy has been expanding moderately, notwithstanding some slowing in global growth. While indicators point to some further improvement in overall labor market","Inflation has been subdued in recent months, and longer-term inflation expectations have remained stable.",N,2012-01-25 00:00:00,True,,,,,,
618.0,"Information received since the Federal Open Market Committee met in December indicates that the labor market has continued to strengthen and that economic activity has been rising at a solid rate. Job gains have been strong, on average, in recent months, ",statement,"Information received since the Federal Open Market Committee met in December indicates that the labor market has continued to strengthen and that economic activity has been rising at a solid rate. Job gains have been strong, on average, in recent months, ","Consistent with its statutory mandate, the Committee seeks to foster maximum employment and price stability.",MD,2019-01-30 00:00:00,True,,,,,,
292.0,"Recent indicators point to modest growth in spending and production. Job gains have been robust in recent months, and the unemployment rate has remained low. Inflation remains elevated, reflecting supply and demand imbalances related to the pandemic, high",statement,"Recent indicators point to modest growth in spending and production. Job gains have been robust in recent months, and the unemployment rate has remained low. Inflation remains elevated, reflecting supply and demand imbalances related to the pandemic, high","In assessing the appropriate stance of monetary policy, the Committee will continue to monitor the implications of incoming information for the economic outlook.",N,2022-11-02 00:00:00,True,,,,,,
1933.0,"The Federal Open Market Committee decided today to keep its target for the federal funds rate unchanged at 1 3/4 percent. 

The information that has become available since the last meeting of the Committee confirms that economic activity is continuing to ",statement,The Federal Open Market Committee decided today to keep its target for the federal funds rate unchanged at 1 3/4 percent. The information that has become available since the last meeting of the Committee confirms that economic activity is continuing to in,"However, both the upward impetus from the swing in inventory investment and the growth in final demand appear to have moderated.",N,2002-06-26 00:00:00,True,,,,,,
1567.0,"Information received since the Federal Open Market Committee met in August indicates that the pace of recovery in output and employment has slowed in recent months. Household spending is increasing gradually, but remains constrained by high unemployment, ",statement,"Information received since the Federal Open Market Committee met in August indicates that the pace of recovery in output and employment has slowed in recent months. Household spending is increasing gradually, but remains constrained by high unemployment, ","The Committee will maintain the target range for the federal funds rate at 0 to 1/4 percent and continues to anticipate that economic conditions, including low rates of resource utilization, subdued inflation trends, and stable inflation expectations, are",N,2010-09-21 00:00:00,True,,,,,,
812.0,Information received since the Federal Open Market Committee met in February indicates that the labor market has continued to strengthen and that economic activity has continued to expand at a moderate pace. Job gains remained solid and the unemployment r,statement,Information received since the Federal Open Market Committee met in February indicates that the labor market has continued to strengthen and that economic activity has continued to expand at a moderate pace. Job gains remained solid and the unemployment r,Job gains remained solid and the unemployment rate was little changed in recent months.,N,2017-03-15 00:00:00,True,,,,,,
1551.0,"Information received since the Federal Open Market Committee met in September confirms that the pace of recovery in output and employment continues to be slow. Household spending is increasing gradually, but remains constrained by high unemployment, modes",statement,"Information received since the Federal Open Market Committee met in September confirms that the pace of recovery in output and employment continues to be slow. Household spending is increasing gradually, but remains constrained by high unemployment, modes",Information received since the Federal Open Market Committee met in September confirms that the pace of recovery in output and employment continues to be slow.,MD,2010-11-03 00:00:00,True,,,,,,
507.0,"The coronavirus outbreak has harmed communities and disrupted economic activity in many countries, including the United States. Global financial conditions have also been significantly affected. Available economic data show that the U.S. economy came into",statement,"The coronavirus outbreak has harmed communities and disrupted economic activity in many countries, including the United States. Global financial conditions have also been significantly affected. Available economic data show that the U.S. economy came into","The coronavirus outbreak has harmed communities and disrupted economic activity in many countries, including the United States.",N,2020-03-15 00:00:00,True,,,,,,
141.0,"Recent indicators suggest that economic activity has continued to expand at a solid pace. Job gains have remained strong, and the unemployment rate has remained low. Inflation has eased over the past year but remains elevated. In recent months, there has ",statement,"Recent indicators suggest that economic activity has continued to expand at a solid pace. Job gains have remained strong, and the unemployment rate has remained low. Inflation has eased over the past year but remains elevated. In recent months, there has ","The economic outlook is uncertain, and the Committee remains highly attentive to inflation risks.",N,2024-06-12 00:00:00,True,,,,,,
1405.0,"Information received since the Federal Open Market Committee met in June suggests that economic activity decelerated somewhat over the first half of this year. Growth in employment has been slow in recent months, and the unemployment rate remains elevated",statement,"Information received since the Federal Open Market Committee met in June suggests that economic activity decelerated somewhat over the first half of this year. Growth in employment has been slow in recent months, and the unemployment rate remains elevated","Growth in employment has been slow in recent months, and the unemployment rate remains elevated.",MD,2012-08-01 00:00:00,True,,,,,,
2.0,"The Federal Open Market Committee approved the following statement for release by a 12 √¢¬Ä¬ì 0 vote:

The Committee decided to maintain the target range for the federal funds rate at 3-1/2 to 3-3/4 percent, in support of the Federal Reserve's dual mandat",statement,"The Federal Open Market Committee approved the following statement for release by a 12 √¢¬Ä¬ì 0 vote: The Committee decided to maintain the target range for the federal funds rate at 3-1/2 to 3-3/4 percent, in support of the Federal Reserve's dual mandate","Job gains have kept pace with the workforce, and the unemployment rate has changed little.",N,2026-06-17 00:00:00,True,,,,,,
756.0,"Information received since the Federal Open Market Committee met in July indicates that the labor market has continued to strengthen and that economic activity has been rising moderately so far this year. Job gains have remained solid in recent months, an",statement,"Information received since the Federal Open Market Committee met in July indicates that the labor market has continued to strengthen and that economic activity has been rising moderately so far this year. Job gains have remained solid in recent months, an",Market-based measures of inflation compensation remain low,N,2017-09-20 00:00:00,True,,,,,,
1888.0,"The Federal Open Market Committee decided today to keep its target for 
        the federal funds rate at 1 percent. 
      The Committee continues to believe that an accommodative stance of monetary 
        policy, coupled with robust underlying growth ",statement,"The Federal Open Market Committee decided today to keep its target for the federal funds rate at 1 percent. The Committee continues to believe that an accommodative stance of monetary policy, coupled with robust underlying growth in productivity, is provi","The Committee continues to believe that an accommodative stance of monetary policy, coupled with robust underlying growth in productivity, is providing important ongoing support to economic activity.",D,2003-12-09 00:00:00,True,,,,,,
1344.0,Information received since the Federal Open Market Committee met in January suggests a return to moderate economic growth following a pause late last year.¬† Labor market conditions have shown signs of improvement in recent months but the unemployment rat,statement,Information received since the Federal Open Market Committee met in January suggests a return to moderate economic growth following a pause late last year. Labor market conditions have shown signs of improvement in recent months but the unemployment rate ,Longer-term inflation expectations have remained stable.,N,2013-03-20 00:00:00,True,,,,,,
339.0,"Indicators of economic activity and employment have continued to strengthen. Job gains have been strong in recent months, and the unemployment rate has declined substantially. Inflation remains elevated, reflecting supply and demand imbalances related to ",statement,"Indicators of economic activity and employment have continued to strengthen. Job gains have been strong in recent months, and the unemployment rate has declined substantially. Inflation remains elevated, reflecting supply and demand imbalances related to ","With appropriate firming in the stance of monetary policy, the Committee expects inflation to return to its 2 percent objective and the labor market to remain strong.",MH,2022-03-16 00:00:00,True,,,,,,
1546.0,"Information received since the Federal Open Market Committee met in November confirms that the economic recovery is continuing, though at a rate that has been insufficient to bring down unemployment. Household spending is increasing at a moderate pace, bu",statement,"Information received since the Federal Open Market Committee met in November confirms that the economic recovery is continuing, though at a rate that has been insufficient to bring down unemployment. Household spending is increasing at a moderate pace, bu","Although the Committee anticipates a gradual return to higher levels of resource utilization in a context of price stability, progress toward its objectives has been disappointingly slow.",N,2010-12-14 00:00:00,True,,,,,,
982.0,"Information received since the Federal Open Market Committee met in September suggests that economic activity has been expanding at a moderate pace. Household spending and business fixed investment have been increasing at solid rates in recent months, and",statement,"Information received since the Federal Open Market Committee met in September suggests that economic activity has been expanding at a moderate pace. Household spending and business fixed investment have been increasing at solid rates in recent months, and","The Committee currently anticipates that, even after employment and inflation are near mandate-consistent levels, economic conditions may, for some time, warrant keeping the target federal funds rate below levels the Committee views as normal in the longe",D,2015-10-28 00:00:00,True,,,,,,
538.0,"Information received since the Federal Open Market Committee met in October indicates that the labor market remains strong and that economic activity has been rising at a moderate rate. Job gains have been solid, on average, in recent months, and the unem",statement,"Information received since the Federal Open Market Committee met in October indicates that the labor market remains strong and that economic activity has been rising at a moderate rate. Job gains have been solid, on average, in recent months, and the unem","Consistent with its statutory mandate, the Committee seeks to foster maximum employment and price stability.",MD,2019-12-11 00:00:00,True,,,,,,
265.0,"Recent indicators point to modest growth in spending and production. Job gains have been robust in recent months, and the unemployment rate has remained low. Inflation has eased somewhat but remains elevated.

Russia's war against Ukraine is causing treme",statement,"Recent indicators point to modest growth in spending and production. Job gains have been robust in recent months, and the unemployment rate has remained low. Inflation has eased somewhat but remains elevated. Russia's war against Ukraine is causing tremen",The Committee anticipates that ongoing increases in the target range will be appropriate in order to attain a stance of monetary policy that is sufficiently restrictive to return inflation to 2 percent over time.,H,2023-02-01 00:00:00,True,,,,,,
376.0,"The Federal Reserve is committed to using its full range of tools to support the U.S. economy in this challenging time, thereby promoting its maximum employment and price stability goals.

With progress on vaccinations and strong policy support, indicator",statement,"The Federal Reserve is committed to using its full range of tools to support the U.S. economy in this challenging time, thereby promoting its maximum employment and price stability goals. With progress on vaccinations and strong policy support, indicators","With progress on vaccinations and strong policy support, indicators of economic activity and employment have continued to strengthen.",MD,2021-09-22 00:00:00,True,,,,,,
692.0,"Information received since the Federal Open Market Committee met in January indicates that the labor market has continued to strengthen and that economic activity has been rising at a moderate rate. Job gains have been strong in recent months, and the une",statement,"Information received since the Federal Open Market Committee met in January indicates that the labor market has continued to strengthen and that economic activity has been rising at a moderate rate. Job gains have been strong in recent months, and the une",remain low,N,2018-03-21 00:00:00,True,,,,,,
1693.0,"The Federal Open Market Committee decided today to lower its target for the federal funds rate 25 basis points to 2 percent. 
Recent information indicates that economic activity remains weak. Household and business spending has been subdued and labor mark",statement,The Federal Open Market Committee decided today to lower its target for the federal funds rate 25 basis points to 2 percent. Recent information indicates that economic activity remains weak. Household and business spending has been subdued and labor marke,"The substantial easing of monetary policy to date, combined with ongoing measures to foster market liquidity, should help to promote moderate growth over time and to mitigate risks to economic activity.",MH,2008-04-30 00:00:00,True,,,,,,
439.0,"The Federal Reserve is committed to using its full range of tools to support the U.S. economy in this challenging time, thereby promoting its maximum employment and price stability goals.

The COVID-19 pandemic is causing tremendous human and economic har",statement,"The Federal Reserve is committed to using its full range of tools to support the U.S. economy in this challenging time, thereby promoting its maximum employment and price stability goals. The COVID-19 pandemic is causing tremendous human and economic hard","In addition, the Federal Reserve will continue to increase its holdings of Treasury securities by at least $80 billion per month and of agency mortgage√¢¬Ä¬ëbacked securities by at least $40 billion per month until substantial further progress has been ma",H,2021-01-27 00:00:00,True,,,,,,
271.0,"Recent indicators point to modest growth in spending and production. Job gains have been robust in recent months, and the unemployment rate has remained low. Inflation remains elevated, reflecting supply and demand imbalances related to the pandemic, high",statement,"Recent indicators point to modest growth in spending and production. Job gains have been robust in recent months, and the unemployment rate has remained low. Inflation remains elevated, reflecting supply and demand imbalances related to the pandemic, high",Recent indicators point to modest growth in spending and production.,N,2022-12-14 00:00:00,True,,,,,,
184.0,"Recent indicators suggest that growth of economic activity has slowed from its strong pace in the third quarter. Job gains have moderated since earlier in the year but remain strong, and the unemployment rate has remained low. Inflation has eased over the",statement,"Recent indicators suggest that growth of economic activity has slowed from its strong pace in the third quarter. Job gains have moderated since earlier in the year but remain strong, and the unemployment rate has remained low. Inflation has eased over the","Tighter financial and credit conditions for households and businesses are likely to weigh on economic activity, hiring, and inflation.",N,2023-12-13 00:00:00,True,,,,,,
948.0,Information received since the Federal Open Market Committee met in December suggests that labor market conditions improved further even as economic growth slowed late last year. Household spending and business fixed investment have been increasing at mod,statement,Information received since the Federal Open Market Committee met in December suggests that labor market conditions improved further even as economic growth slowed late last year. Household spending and business fixed investment have been increasing at mod,"In determining the timing and size of future adjustments to the target range for the federal funds rate, the Committee will assess realized and expected economic conditions relative to its objectives of maximum employment and 2 percent inflation.",N,2016-01-27 00:00:00,True,,,,,,
244.0,"Economic activity expanded at a modest pace in the first quarter. Job gains have been robust in recent months, and the unemployment rate has remained low. Inflation remains elevated.

The U.S. banking system is sound and resilient. Tighter credit conditio",statement,"Economic activity expanded at a modest pace in the first quarter. Job gains have been robust in recent months, and the unemployment rate has remained low. Inflation remains elevated. The U.S. banking system is sound and resilient. Tighter credit condition",The Committee is strongly committed to returning inflation to its 2 percent objective.,N,2023-05-03 00:00:00,True,,,,,,
1091.0,"Information received since the Federal Open Market Committee met in December suggests that economic activity has been expanding at a solid pace.¬† Labor market conditions have improved further, with strong job gains and a lower unemployment rate.¬† On bal",statement,"Information received since the Federal Open Market Committee met in December suggests that economic activity has been expanding at a solid pace. Labor market conditions have improved further, with strong job gains and a lower unemployment rate. On balance","The Committee currently anticipates that, even after employment and inflation are near mandate-consistent levels, economic conditions may, for some time, warrant keeping the target federal funds rate below levels the Committee views as normal in the longe",D,2015-01-28 00:00:00,True,,,,,,
445.0,"The Federal Reserve is committed to using its full range of tools to support the U.S. economy in this challenging time, thereby promoting its maximum employment and price stability goals.

The COVID-19 pandemic is causing tremendous human and economic har",statement,"The Federal Reserve is committed to using its full range of tools to support the U.S. economy in this challenging time, thereby promoting its maximum employment and price stability goals. The COVID-19 pandemic is causing tremendous human and economic hard",Weaker demand and earlier declines in oil prices have been holding down consumer price inflation.,MD,2020-12-16 00:00:00,True,,,,,,
599.0,"Information received since the Federal Open Market Committee met in March indicates that the labor market remains strong and that economic activity rose at a solid rate. Job gains have been solid, on average, in recent months, and the unemployment rate ha",statement,"Information received since the Federal Open Market Committee met in March indicates that the labor market remains strong and that economic activity rose at a solid rate. Job gains have been solid, on average, in recent months, and the unemployment rate ha","This assessment will take into account a wide range of information, including measures of labor market conditions, indicators of inflation pressures and inflation expectations, and readings on financial and international developments.",N,2019-05-01 00:00:00,True,,,,,,
824.0,Information received since the Federal Open Market Committee met in February indicates that the labor market has continued to strengthen and that economic activity has continued to expand at a moderate pace. Job gains remained solid and the unemployment r,statement,Information received since the Federal Open Market Committee met in February indicates that the labor market has continued to strengthen and that economic activity has continued to expand at a moderate pace. Job gains remained solid and the unemployment r,The Committee will carefully monitor actual and expected inflation developments relative to its symmetric inflation goal.,N,2017-03-15 00:00:00,True,,,,,,
1653.0,"The Federal Open Market Committee decided today to lower its target for the federal funds rate 50 basis points to 1 percent.
The pace of economic activity appears to have slowed markedly, owing importantly to a decline in consumer expenditures. Business e",statement,"The Federal Open Market Committee decided today to lower its target for the federal funds rate 50 basis points to 1 percent. The pace of economic activity appears to have slowed markedly, owing importantly to a decline in consumer expenditures. Business e","In light of the declines in the prices of energy and other commodities and the weaker prospects for economic activity, the Committee expects inflation to moderate in coming quarters to levels consistent with price stability.",N,2008-10-29 00:00:00,True,,,,,,
1418.0,"Information received since the Federal Open Market Committee met in April suggests that the economy has been expanding moderately this year. However, growth in employment has slowed in recent months, and the unemployment rate remains elevated. Business fi",statement,"Information received since the Federal Open Market Committee met in April suggests that the economy has been expanding moderately this year. However, growth in employment has slowed in recent months, and the unemployment rate remains elevated. Business fi","Consequently, the Committee anticipates that the unemployment rate will decline only slowly toward levels that it judges to be consistent with its dual mandate.",N,2012-06-20 00:00:00,True,,,,,,
1323.0,"Information received since the Federal Open Market Committee met in May suggests that economic activity has been expanding at a moderate pace. Labor market conditions have shown further improvement in recent months, on balance, but the unemployment rate r",statement,"Information received since the Federal Open Market Committee met in May suggests that economic activity has been expanding at a moderate pace. Labor market conditions have shown further improvement in recent months, on balance, but the unemployment rate r","In particular, the Committee decided to keep the target range for the federal funds rate at 0 to 1/4 percent and currently anticipates that this exceptionally low range for the federal funds rate will be appropriate at least as long as the unemployment ra",D,2013-06-19 00:00:00,True,,,,,,
978.0,"Information received since the Federal Open Market Committee met in September suggests that economic activity has been expanding at a moderate pace. Household spending and business fixed investment have been increasing at solid rates in recent months, and",statement,"Information received since the Federal Open Market Committee met in September suggests that economic activity has been expanding at a moderate pace. Household spending and business fixed investment have been increasing at solid rates in recent months, and","In determining whether it will be appropriate to raise the target range at its next meeting, the Committee will assess progress--both realized and expected--toward its objectives of maximum employment and 2 percent inflation.",N,2015-10-28 00:00:00,True,,,,,,
415.0,"The Federal Reserve is committed to using its full range of tools to support the U.S. economy in this challenging time, thereby promoting its maximum employment and price stability goals.

The COVID-19 pandemic is causing tremendous human and economic har",statement,"The Federal Reserve is committed to using its full range of tools to support the U.S. economy in this challenging time, thereby promoting its maximum employment and price stability goals. The COVID-19 pandemic is causing tremendous human and economic hard","In addition, the Federal Reserve will continue to increase its holdings of Treasury securities by at least $80 billion per month and of agency mortgage√¢¬Ä¬ëbacked securities by at least $40 billion per month until substantial further progress has been ma",H,2021-04-28 00:00:00,True,,,,,,
273.0,"Recent indicators point to modest growth in spending and production. Job gains have been robust in recent months, and the unemployment rate has remained low. Inflation remains elevated, reflecting supply and demand imbalances related to the pandemic, high",statement,"Recent indicators point to modest growth in spending and production. Job gains have been robust in recent months, and the unemployment rate has remained low. Inflation remains elevated, reflecting supply and demand imbalances related to the pandemic, high","Inflation remains elevated, reflecting supply and demand imbalances related to the pandemic, higher food and energy prices, and broader price pressures.",MH,2022-12-14 00:00:00,True,,,,,,
736.0,Information received since the Federal Open Market Committee met in September indicates that the labor market has continued to strengthen and that economic activity has been rising at a solid rate despite hurricane-related disruptions. Although the hurric,statement,Information received since the Federal Open Market Committee met in September indicates that the labor market has continued to strengthen and that economic activity has been rising at a solid rate despite hurricane-related disruptions. Although the hurric,"Household spending has been expanding at a moderate rate, and growth in business fixed investment has picked up in recent quarters.",N,2017-11-01 00:00:00,True,,,,,,
1498.0,"Information received since the Federal Open Market Committee met in April indicates that the economic recovery is continuing at a moderate pace, though somewhat more slowly than the Committee had expected.¬† Also, recent labor market indicators have been ",statement,"Information received since the Federal Open Market Committee met in April indicates that the economic recovery is continuing at a moderate pace, though somewhat more slowly than the Committee had expected. Also, recent labor market indicators have been we","Inflation has picked up in recent months, mainly reflecting higher prices for some commodities and imported goods, as well as the recent supply chain disruptions.",MH,2011-06-22 00:00:00,True,,,,,,
1466.0,"Information received since the Federal Open Market Committee met in September indicates that economic growth strengthened somewhat in the third quarter, reflecting in part a reversal of the temporary factors that had weighed on growth earlier in the year.",statement,"Information received since the Federal Open Market Committee met in September indicates that economic growth strengthened somewhat in the third quarter, reflecting in part a reversal of the temporary factors that had weighed on growth earlier in the year.",Longer-term inflation expectations have remained stable.,N,2011-11-02 00:00:00,True,,,,,,
250.0,"Recent indicators point to modest growth in spending and production. Job gains have picked up in recent months and are running at a robust pace; the unemployment rate has remained low. Inflation remains elevated.

The U.S. banking system is sound and resi",statement,Recent indicators point to modest growth in spending and production. Job gains have picked up in recent months and are running at a robust pace; the unemployment rate has remained low. Inflation remains elevated. The U.S. banking system is sound and resil,"Recent developments are likely to result in tighter credit conditions for households and businesses and to weigh on economic activity, hiring, and inflation.",MH,2023-03-22 00:00:00,True,,,,,,
413.0,"The Federal Reserve is committed to using its full range of tools to support the U.S. economy in this challenging time, thereby promoting its maximum employment and price stability goals.

The COVID-19 pandemic is causing tremendous human and economic har",statement,"The Federal Reserve is committed to using its full range of tools to support the U.S. economy in this challenging time, thereby promoting its maximum employment and price stability goals. The COVID-19 pandemic is causing tremendous human and economic hard",The Committee expects to maintain an accommodative stance of monetary policy until these outcomes are achieved.,D,2021-04-28 00:00:00,True,,,,,,
620.0,"Information received since the Federal Open Market Committee met in December indicates that the labor market has continued to strengthen and that economic activity has been rising at a solid rate. Job gains have been strong, on average, in recent months, ",statement,"Information received since the Federal Open Market Committee met in December indicates that the labor market has continued to strengthen and that economic activity has been rising at a solid rate. Job gains have been strong, on average, in recent months, ","In light of global economic and financial developments and muted inflation pressures, the Committee will be patient as it determines what future adjustments to the target range for the federal funds rate may be appropriate to support these outcomes.",N,2019-01-30 00:00:00,True,,,,,,
1317.0,"Information received since the Federal Open Market Committee met in May suggests that economic activity has been expanding at a moderate pace. Labor market conditions have shown further improvement in recent months, on balance, but the unemployment rate r",statement,"Information received since the Federal Open Market Committee met in May suggests that economic activity has been expanding at a moderate pace. Labor market conditions have shown further improvement in recent months, on balance, but the unemployment rate r","The Committee expects that, with appropriate policy accommodation, economic growth will proceed at a moderate pace and the unemployment rate will gradually decline toward levels the Committee judges consistent with its dual mandate.",H,2013-06-19 00:00:00,True,,,,,,
1777.0,"The Federal Open Market Committee decided today to keep its target for the federal funds rate at 5-1/4 percent. 
Economic growth has moderated from its quite strong pace earlier this year, partly reflecting a gradual cooling of the housing market and the ",statement,"The Federal Open Market Committee decided today to keep its target for the federal funds rate at 5-1/4 percent. Economic growth has moderated from its quite strong pace earlier this year, partly reflecting a gradual cooling of the housing market and the l","However, inflation pressures seem likely to moderate over time, reflecting contained inflation expectations and the cumulative effects of monetary policy actions and other factors restraining aggregate demand.",H,2006-08-08 00:00:00,True,,,,,,
310.0,"Recent indicators of spending and production have softened. Nonetheless, job gains have been robust in recent months, and the unemployment rate has remained low. Inflation remains elevated, reflecting supply and demand imbalances related to the pandemic, ",statement,"Recent indicators of spending and production have softened. Nonetheless, job gains have been robust in recent months, and the unemployment rate has remained low. Inflation remains elevated, reflecting supply and demand imbalances related to the pandemic, ",The Committee is strongly committed to returning inflation to its 2 percent objective.,N,2022-07-27 00:00:00,True,,,,,,
777.0,"Information received since the Federal Open Market Committee met in June indicates that the labor market has continued to strengthen and that economic activity has been rising moderately so far this year. Job gains have been solid, on average, since the b",statement,"Information received since the Federal Open Market Committee met in June indicates that the labor market has continued to strengthen and that economic activity has been rising moderately so far this year. Job gains have been solid, on average, since the b","In view of realized and expected labor market conditions and inflation, the Committee decided to maintain the target range for the federal funds rate at 1 to 1-1/4 percent.",D,2017-07-26 00:00:00,True,,,,,,
381.0,"The Federal Reserve is committed to using its full range of tools to support the U.S. economy in this challenging time, thereby promoting its maximum employment and price stability goals.

With progress on vaccinations and strong policy support, indicator",statement,"The Federal Reserve is committed to using its full range of tools to support the U.S. economy in this challenging time, thereby promoting its maximum employment and price stability goals. With progress on vaccinations and strong policy support, indicators",The Committee decided to keep the target range for the federal funds rate at 0 to 1/4 percent and expects it will be appropriate to maintain this target range until labor market conditions have reached levels consistent with the Committee's assessments of,D,2021-09-22 00:00:00,True,,,,,,
561.0,"Information received since the Federal Open Market Committee met in July indicates that the labor market remains strong and that economic activity has been rising at a moderate rate. Job gains have been solid, on average, in recent months, and the unemplo",statement,"Information received since the Federal Open Market Committee met in July indicates that the labor market remains strong and that economic activity has been rising at a moderate rate. Job gains have been solid, on average, in recent months, and the unemplo","Consistent with its statutory mandate, the Committee seeks to foster maximum employment and price stability.",MD,2019-09-18 00:00:00,True,,,,,,
425.0,"The Federal Reserve is committed to using its full range of tools to support the U.S. economy in this challenging time, thereby promoting its maximum employment and price stability goals.

The COVID-19 pandemic is causing tremendous human and economic har",statement,"The Federal Reserve is committed to using its full range of tools to support the U.S. economy in this challenging time, thereby promoting its maximum employment and price stability goals. The COVID-19 pandemic is causing tremendous human and economic hard",The Committee expects to maintain an accommodative stance of monetary policy until these outcomes are achieved.,D,2021-03-17 00:00:00,True,,,,,,
1893.0,"The Federal Open Market Committee decided today to keep its target for the federal funds rate at 1 percent. 

The Committee continues to believe that an accommodative stance of monetary policy, coupled with robust underlying growth in productivity, is pro",statement,"The Federal Open Market Committee decided today to keep its target for the federal funds rate at 1 percent. The Committee continues to believe that an accommodative stance of monetary policy, coupled with robust underlying growth in productivity, is provi",The Committee perceives that the upside and downside risks to the attainment of sustainable growth for the next few quarters are roughly equal.,N,2003-10-28 00:00:00,True,,,,,,
534.0,"Information received since the Federal Open Market Committee met in October indicates that the labor market remains strong and that economic activity has been rising at a moderate rate. Job gains have been solid, on average, in recent months, and the unem",statement,"Information received since the Federal Open Market Committee met in October indicates that the labor market remains strong and that economic activity has been rising at a moderate rate. Job gains have been solid, on average, in recent months, and the unem","Job gains have been solid, on average, in recent months, and the unemployment rate has remained low.",MH,2019-12-11 00:00:00,True,,,,,,
757.0,"Information received since the Federal Open Market Committee met in July indicates that the labor market has continued to strengthen and that economic activity has been rising moderately so far this year. Job gains have remained solid in recent months, an",statement,"Information received since the Federal Open Market Committee met in July indicates that the labor market has continued to strengthen and that economic activity has been rising moderately so far this year. Job gains have remained solid in recent months, an","survey-based measures of longer-term inflation expectations are little changed, on balance.",N,2017-09-20 00:00:00,True,,,,,,
771.0,"Information received since the Federal Open Market Committee met in June indicates that the labor market has continued to strengthen and that economic activity has been rising moderately so far this year. Job gains have been solid, on average, since the b",statement,"Information received since the Federal Open Market Committee met in June indicates that the labor market has continued to strengthen and that economic activity has been rising moderately so far this year. Job gains have been solid, on average, since the b",Market-based measures of inflation compensation remain low,MD,2017-07-26 00:00:00,True,,,,,,
1366.0,"Information received since the Federal Open Market Committee met in December suggests that growth in economic activity paused in recent months, in large part because of weather-related disruptions and other transitory factors. Employment has continued to ",statement,"Information received since the Federal Open Market Committee met in December suggests that growth in economic activity paused in recent months, in large part because of weather-related disruptions and other transitory factors. Employment has continued to ","In determining how long to maintain a highly accommodative stance of monetary policy, the Committee will also consider other information, including additional measures of labor market conditions, indicators of inflation pressures and inflation expectation",D,2013-01-30 00:00:00,True,,,,,,
408.0,"The Federal Reserve is committed to using its full range of tools to support the U.S. economy in this challenging time, thereby promoting its maximum employment and price stability goals.

The COVID-19 pandemic is causing tremendous human and economic har",statement,"The Federal Reserve is committed to using its full range of tools to support the U.S. economy in this challenging time, thereby promoting its maximum employment and price stability goals. The COVID-19 pandemic is causing tremendous human and economic hard","The Federal Reserve is committed to using its full range of tools to support the U.S. economy in this challenging time, thereby promoting its maximum employment and price stability goals.",MD,2021-04-28 00:00:00,False,,,,,,
1627.0,Information received since the Federal Open Market Committee met in June suggests that economic activity is leveling out. Conditions in financial markets have improved further in recent weeks. Household spending has continued to show signs of stabilizing ,statement,Information received since the Federal Open Market Committee met in June suggests that economic activity is leveling out. Conditions in financial markets have improved further in recent weeks. Household spending has continued to show signs of stabilizing ,"In these circumstances, the Federal Reserve will employ all available tools to promote economic recovery and to preserve price stability.",MD,2009-08-11 00:00:00,True,,,,,,
1602.0,Information received since the Federal Open Market Committee met in December suggests that economic activity has continued to strengthen and that the deterioration in the labor market is abating. Household spending is expanding at a moderate rate but rema,statement,Information received since the Federal Open Market Committee met in December suggests that economic activity has continued to strengthen and that the deterioration in the labor market is abating. Household spending is expanding at a moderate rate but rema,"With substantial resource slack continuing to restrain cost pressures and with longer-term inflation expectations stable, inflation is likely to be subdued for some time.",N,2010-01-27 00:00:00,True,,,,,,
1958.0,"The Federal Open Market Committee decided today to lower its target for the federal funds rate by 50 basis points to 3 percent.  In a related action, the Board of Governors approved a 50 basis point reduction in the discount rate to 2-1/2 percent.  The Fe",statement,"The Federal Open Market Committee decided today to lower its target for the federal funds rate by 50 basis points to 3 percent. In a related action, the Board of Governors approved a 50 basis point reduction in the discount rate to 2-1/2 percent. The Fede","For the foreseeable future, the Committee continues to believe that against the background of its long-run goals of price stability and sustainable economic growth and of the information currently available, the risks are weighted mainly toward conditions",MH,2001-08-21 00:00:00,False,,,,,,
1879.0,"The Federal Open Market Committee decided today to keep its target for 
        the federal funds rate at 1 percent.
       The Committee continues to believe that an accommodative stance of monetary 
        policy, coupled with robust underlying growth ",statement,"The Federal Open Market Committee decided today to keep its target for the federal funds rate at 1 percent. The Committee continues to believe that an accommodative stance of monetary policy, coupled with robust underlying growth in productivity, is provi","At this juncture, with inflation low and resource use slack, the Committee believes that policy accommodation can be removed at a pace that is likely to be measured.",H,2004-05-04 00:00:00,True,,,,,,
944.0,Information received since the Federal Open Market Committee met in December suggests that labor market conditions improved further even as economic growth slowed late last year. Household spending and business fixed investment have been increasing at mod,statement,Information received since the Federal Open Market Committee met in December suggests that labor market conditions improved further even as economic growth slowed late last year. Household spending and business fixed investment have been increasing at mod,"Inflation is expected to remain low in the near term, in part because of the further declines in energy prices,",MD,2016-01-27 00:00:00,True,,,,,,
1160.0,"Information received since the Federal Open Market Committee met in June indicates that growth in economic activity rebounded in the second quarter. Labor market conditions improved, with the unemployment rate declining further. However, a range of labor ",statement,"Information received since the Federal Open Market Committee met in June indicates that growth in economic activity rebounded in the second quarter. Labor market conditions improved, with the unemployment rate declining further. However, a range of labor ","In determining how long to maintain the current 0 to 1/4 percent target range for the federal funds rate, the Committee will assess progress--both realized and expected--toward its objectives of maximum employment and 2 percent inflation.",N,2014-07-30 00:00:00,True,,,,,,
1571.0,"Information received since the Federal Open Market Committee met in June indicates that the pace of recovery in output and employment has slowed in recent months. Household spending is increasing gradually, but remains constrained by high unemployment, mo",statement,"Information received since the Federal Open Market Committee met in June indicates that the pace of recovery in output and employment has slowed in recent months. Household spending is increasing gradually, but remains constrained by high unemployment, mo","Nonetheless, the Committee anticipates a gradual return to higher levels of resource utilization in a context of price stability, although the pace of economic recovery is likely to be more modest in the near term than had been anticipated.",N,2010-08-10 00:00:00,True,,,,,,
650.0,"Information received since the Federal Open Market Committee met in August indicates that the labor market has continued to strengthen and that economic activity has been rising at a strong rate. Job gains have been strong, on average, in recent months, a",statement,"Information received since the Federal Open Market Committee met in August indicates that the labor market has continued to strengthen and that economic activity has been rising at a strong rate. Job gains have been strong, on average, in recent months, a","In determining the timing and size of future adjustments to the target range for the federal funds rate, the Committee will assess realized and expected economic conditions relative to its maximum employment objective and its symmetric 2 percent inflation",MD,2018-09-26 00:00:00,True,,,,,,
1916.0,"The Federal Open Market Committee decided today to keep its target for the federal funds rate unchanged at 1-1/4 percent. 

Oil price premiums and other aspects of geopolitical risks have reportedly fostered continued restraint on spending and hiring by b",statement,The Federal Open Market Committee decided today to keep its target for the federal funds rate unchanged at 1-1/4 percent. Oil price premiums and other aspects of geopolitical risks have reportedly fostered continued restraint on spending and hiring by bus,Oil price premiums and other aspects of geopolitical risks have reportedly fostered continued restraint on spending and hiring by businesses.,N,2003-01-29 00:00:00,True,,,,,,
182.0,"Recent indicators suggest that growth of economic activity has slowed from its strong pace in the third quarter. Job gains have moderated since earlier in the year but remain strong, and the unemployment rate has remained low. Inflation has eased over the",statement,"Recent indicators suggest that growth of economic activity has slowed from its strong pace in the third quarter. Job gains have moderated since earlier in the year but remain strong, and the unemployment rate has remained low. Inflation has eased over the","Job gains have moderated since earlier in the year but remain strong, and the unemployment rate has remained low.",MH,2023-12-13 00:00:00,True,,,,,,
170.0,"Recent indicators suggest that economic activity has been expanding at a solid pace. Job gains have moderated since early last year but remain strong, and the unemployment rate has remained low. Inflation has eased over the past year but remains elevated.",statement,"Recent indicators suggest that economic activity has been expanding at a solid pace. Job gains have moderated since early last year but remain strong, and the unemployment rate has remained low. Inflation has eased over the past year but remains elevated.",Recent indicators suggest that economic activity has been expanding at a solid pace.,MH,2024-01-31 00:00:00,True,,,,,,
1946.0,"The Federal Open Market Committee decided today to lower its target for the federal funds rate by 25 basis points to 1-3/4 percent. In a related action, the Board of Governors approved a 25 basis point reduction in the discount rate to 1-1/4 percent. 

Ec",statement,"The Federal Open Market Committee decided today to lower its target for the federal funds rate by 25 basis points to 1-3/4 percent. In a related action, the Board of Governors approved a 25 basis point reduction in the discount rate to 1-1/4 percent. Econ","The Committee continues to believe that, against the background of its long-run goals of price stability and sustainable economic growth and of the information currently available, the risks are weighted mainly toward conditions that may generate economic",MH,2001-12-11 00:00:00,True,,,,,,
590.0,"Information received since the Federal Open Market Committee met in March indicates that the labor market remains strong and that economic activity rose at a solid rate. Job gains have been solid, on average, in recent months, and the unemployment rate ha",statement,"Information received since the Federal Open Market Committee met in March indicates that the labor market remains strong and that economic activity rose at a solid rate. Job gains have been solid, on average, in recent months, and the unemployment rate ha",Information received since the Federal Open Market Committee met in March indicates that the labor market remains strong and that economic activity rose at a solid rate.,MH,2019-05-01 00:00:00,True,,,,,,
1932.0,"The Federal Open Market Committee decided today to keep its target for the federal funds rate unchanged at 1 3/4 percent. 

The information that has become available since the last meeting of the Committee confirms that economic activity is continuing to ",statement,The Federal Open Market Committee decided today to keep its target for the federal funds rate unchanged at 1 3/4 percent. The information that has become available since the last meeting of the Committee confirms that economic activity is continuing to in,The information that has become available since the last meeting of the Committee confirms that economic activity is continuing to increase.,N,2002-06-26 00:00:00,True,,,,,,
1665.0,"The Federal Open Market Committee decided today to keep its target for the federal funds rate at 2 percent.
Strains in financial markets have increased significantly and labor markets have weakened further. Economic growth appears to have slowed recently,",statement,"The Federal Open Market Committee decided today to keep its target for the federal funds rate at 2 percent. Strains in financial markets have increased significantly and labor markets have weakened further. Economic growth appears to have slowed recently,","Tight credit conditions, the ongoing housing contraction, and some slowing in export growth are likely to weigh on economic growth over the next few quarters.",N,2008-09-16 00:00:00,True,,,,,,
857.0,Information received since the Federal Open Market Committee met in September indicates that the labor market has continued to strengthen and growth of economic activity has picked up from the modest pace seen in the first half of this year. Although the ,statement,Information received since the Federal Open Market Committee met in September indicates that the labor market has continued to strengthen and growth of economic activity has picked up from the modest pace seen in the first half of this year. Although the ,remain low,N,2016-11-02 00:00:00,True,,,,,,
272.0,"Recent indicators point to modest growth in spending and production. Job gains have been robust in recent months, and the unemployment rate has remained low. Inflation remains elevated, reflecting supply and demand imbalances related to the pandemic, high",statement,"Recent indicators point to modest growth in spending and production. Job gains have been robust in recent months, and the unemployment rate has remained low. Inflation remains elevated, reflecting supply and demand imbalances related to the pandemic, high","Job gains have been robust in recent months, and the unemployment rate has remained low.",MH,2022-12-14 00:00:00,True,,,,,,
1562.0,"Information received since the Federal Open Market Committee met in August indicates that the pace of recovery in output and employment has slowed in recent months. Household spending is increasing gradually, but remains constrained by high unemployment, ",statement,"Information received since the Federal Open Market Committee met in August indicates that the pace of recovery in output and employment has slowed in recent months. Household spending is increasing gradually, but remains constrained by high unemployment, ",Information received since the Federal Open Market Committee met in August indicates that the pace of recovery in output and employment has slowed in recent months.,MD,2010-09-21 00:00:00,True,,,,,,
1531.0,"Information received since the Federal Open Market Committee met in December confirms that the economic recovery is continuing, though at a rate that has been insufficient to bring about a significant improvement in labor market conditions. Growth in hous",statement,"Information received since the Federal Open Market Committee met in December confirms that the economic recovery is continuing, though at a rate that has been insufficient to bring about a significant improvement in labor market conditions. Growth in hous","remains constrained by high unemployment, modest income growth, lower housing wealth, and tight credit.",MD,2011-01-26 00:00:00,True,,,,,,
1453.0,"Information received since the Federal Open Market Committee met in November suggests that the economy has been expanding moderately, notwithstanding some apparent slowing in global growth. While indicators point to some improvement in overall labor marke",statement,"Information received since the Federal Open Market Committee met in November suggests that the economy has been expanding moderately, notwithstanding some apparent slowing in global growth. While indicators point to some improvement in overall labor marke","Information received since the Federal Open Market Committee met in November suggests that the economy has been expanding moderately, notwithstanding some apparent slowing in global growth.",N,2011-12-13 00:00:00,True,,,,,,
371.0,"The Federal Reserve is committed to using its full range of tools to support the U.S. economy in this challenging time, thereby promoting its maximum employment and price stability goals.

With progress on vaccinations and strong policy support, indicator",statement,"The Federal Reserve is committed to using its full range of tools to support the U.S. economy in this challenging time, thereby promoting its maximum employment and price stability goals. With progress on vaccinations and strong policy support, indicators",The Committee decided to keep the target range for the federal funds rate at 0 to 1/4 percent and expects it will be appropriate to maintain this target range until labor market conditions have reached levels consistent with the Committee's assessments of,D,2021-11-03 00:00:00,True,,,,,,
222.0,"Recent indicators suggest that economic activity has been expanding at a moderate pace. Job gains have been robust in recent months, and the unemployment rate has remained low. Inflation remains elevated.

The U.S. banking system is sound and resilient. T",statement,"Recent indicators suggest that economic activity has been expanding at a moderate pace. Job gains have been robust in recent months, and the unemployment rate has remained low. Inflation remains elevated. The U.S. banking system is sound and resilient. Ti",The Committee is strongly committed to returning inflation to its 2 percent objective.,N,2023-07-26 00:00:00,True,,,,,,
904.0,"Information received since the Federal Open Market Committee met in April indicates that the pace of improvement in the labor market has slowed while growth in economic activity appears to have picked up. Although the unemployment rate has declined, job g",statement,"Information received since the Federal Open Market Committee met in April indicates that the pace of improvement in the labor market has slowed while growth in economic activity appears to have picked up. Although the unemployment rate has declined, job g",to rise to 2 percent over the medium term as the transitory effects of past declines in energy and import prices dissipate and the labor market strengthens further.,N,2016-06-15 00:00:00,True,,,,,,
1761.0,"The Federal Open Market Committee decided today to keep its target for the federal funds rate at 5-1/4 percent.
Economic growth has slowed over the course of the year, partly reflecting a substantial cooling of the housing market. Although recent indicato",statement,"The Federal Open Market Committee decided today to keep its target for the federal funds rate at 5-1/4 percent. Economic growth has slowed over the course of the year, partly reflecting a substantial cooling of the housing market. Although recent indicato","Readings on core inflation have been elevated, and the high level of resource utilization has the potential to sustain inflation pressures.",MH,2006-12-12 00:00:00,True,,,,,,
1844.0,"Release Date: February 2, 2005 

For immediate release

      
The Federal Open Market Committee decided today to raise its target for the federal funds rate by 25 basis points to 2-1/2 percent. 

The Committee believes that, even after this action, the s",statement,"Release Date: February 2, 2005 For immediate release The Federal Open Market Committee decided today to raise its target for the federal funds rate by 25 basis points to 2-1/2 percent. The Committee believes that, even after this action, the stance of mon",Inflation and longer-term inflation expectations remain well contained.,N,2005-02-02 00:00:00,True,,,,,,
518.0,"The coronavirus outbreak has harmed communities and disrupted economic activity in many countries, including the United States. Global financial conditions have also been significantly affected. Available economic data show that the U.S. economy came into",statement,"The coronavirus outbreak has harmed communities and disrupted economic activity in many countries, including the United States. Global financial conditions have also been significantly affected. Available economic data show that the U.S. economy came into","In determining the timing and size of future adjustments to the stance of monetary policy, the Committee will assess realized and expected economic conditions relative to its maximum employment objective and its symmetric 2 percent inflation objective.",MD,2020-03-15 00:00:00,True,,,,,,
334.0,"Indicators of economic activity and employment have continued to strengthen. Job gains have been strong in recent months, and the unemployment rate has declined substantially. Inflation remains elevated, reflecting supply and demand imbalances related to ",statement,"Indicators of economic activity and employment have continued to strengthen. Job gains have been strong in recent months, and the unemployment rate has declined substantially. Inflation remains elevated, reflecting supply and demand imbalances related to ",Indicators of economic activity and employment have continued to strengthen.,MH,2022-03-16 00:00:00,True,,,,,,
1583.0,Information received since the Federal Open Market Committee met in March suggests that economic activity has continued to strengthen and that the labor market is beginning to improve. Growth in household spending has picked up recently but remains constr,statement,Information received since the Federal Open Market Committee met in March suggests that economic activity has continued to strengthen and that the labor market is beginning to improve. Growth in household spending has picked up recently but remains constr,Information received since the Federal Open Market Committee met in March suggests that economic activity has continued to strengthen and that the labor market is beginning to improve.,MH,2010-04-28 00:00:00,True,,,,,,
1175.0,"Information received since the Federal Open Market Committee met in April indicates that growth in economic activity has rebounded in recent months. Labor market indicators generally showed further improvement. The unemployment rate, though lower, remains",statement,"Information received since the Federal Open Market Committee met in April indicates that growth in economic activity has rebounded in recent months. Labor market indicators generally showed further improvement. The unemployment rate, though lower, remains","The Committee will closely monitor incoming information on economic and financial developments in coming months and will continue its purchases of Treasury and agency mortgage-backed securities, and employ its other policy tools as appropriate, until the ",H,2014-06-18 00:00:00,True,,,,,,
1814.0,"Release Date: September 20, 2005 

For immediate release


The Federal Open Market Committee decided today to raise its target for the federal funds rate by 25 basis points to 3-3/4 percent.


	Output appeared poised to continue growing at a good pace bef",statement,"Release Date: September 20, 2005 For immediate release The Federal Open Market Committee decided today to raise its target for the federal funds rate by 25 basis points to 3-3/4 percent. Output appeared poised to continue growing at a good pace before the",Higher energy and other costs have the potential to add to inflation pressures.,MH,2005-09-20 00:00:00,True,,,,,,
607.0,Information received since the Federal Open Market Committee met in January indicates that the labor market remains strong but that growth of economic activity has slowed from its solid rate in the fourth quarter. Payroll employment was little changed in ,statement,Information received since the Federal Open Market Committee met in January indicates that the labor market remains strong but that growth of economic activity has slowed from its solid rate in the fourth quarter. Payroll employment was little changed in ,"On balance, market-based measures of inflation compensation have remained low in recent months, and survey-based measures of longer-term inflation expectations are little changed.",N,2019-03-20 00:00:00,True,,,,,,
15.0,"Available indicators suggest that economic activity has been expanding at a solid pace. Job gains have remained low, and the unemployment rate has been little changed in recent months. Inflation remains somewhat elevated.

The Committee seeks to achieve m",statement,"Available indicators suggest that economic activity has been expanding at a solid pace. Job gains have remained low, and the unemployment rate has been little changed in recent months. Inflation remains somewhat elevated. The Committee seeks to achieve ma",The Committee seeks to achieve maximum employment and inflation at the rate of 2 percent over the longer run.,MD,2026-03-18 00:00:00,True,,,,,,
1110.0,"Information received since the Federal Open Market Committee met in September suggests that economic activity is expanding at a moderate pace. Labor market conditions improved somewhat further, with solid job gains and a lower unemployment rate. On balanc",statement,"Information received since the Federal Open Market Committee met in September suggests that economic activity is expanding at a moderate pace. Labor market conditions improved somewhat further, with solid job gains and a lower unemployment rate. On balanc",Information received since the Federal Open Market Committee met in September suggests that economic activity is expanding at a moderate pace.,N,2014-10-29 00:00:00,True,,,,,,
1124.0,"Information received since the Federal Open Market Committee met in September suggests that economic activity is expanding at a moderate pace. Labor market conditions improved somewhat further, with solid job gains and a lower unemployment rate. On balanc",statement,"Information received since the Federal Open Market Committee met in September suggests that economic activity is expanding at a moderate pace. Labor market conditions improved somewhat further, with solid job gains and a lower unemployment rate. On balanc","However, if incoming information indicates faster progress toward the Committee's employment and inflation objectives than the Committee now expects, then increases in the target range for the federal funds rate are likely to occur sooner than currently a",H,2014-10-29 00:00:00,True,,,,,,
1552.0,"Information received since the Federal Open Market Committee met in September confirms that the pace of recovery in output and employment continues to be slow. Household spending is increasing gradually, but remains constrained by high unemployment, modes",statement,"Information received since the Federal Open Market Committee met in September confirms that the pace of recovery in output and employment continues to be slow. Household spending is increasing gradually, but remains constrained by high unemployment, modes","Household spending is increasing gradually, but remains constrained by high unemployment, modest income growth, lower housing wealth, and tight credit.",MD,2010-11-03 00:00:00,True,,,,,,
1775.0,"The Federal Open Market Committee decided today to keep its target for the federal funds rate at 5-1/4 percent. 
Economic growth has moderated from its quite strong pace earlier this year, partly reflecting a gradual cooling of the housing market and the ",statement,"The Federal Open Market Committee decided today to keep its target for the federal funds rate at 5-1/4 percent. Economic growth has moderated from its quite strong pace earlier this year, partly reflecting a gradual cooling of the housing market and the l","Economic growth has moderated from its quite strong pace earlier this year, partly reflecting a gradual cooling of the housing market and the lagged effects of increases in interest rates and energy prices.",N,2006-08-08 00:00:00,True,,,,,,
610.0,Information received since the Federal Open Market Committee met in January indicates that the labor market remains strong but that growth of economic activity has slowed from its solid rate in the fourth quarter. Payroll employment was little changed in ,statement,Information received since the Federal Open Market Committee met in January indicates that the labor market remains strong but that growth of economic activity has slowed from its solid rate in the fourth quarter. Payroll employment was little changed in ,"In light of global economic and financial developments and muted inflation pressures, the Committee will be patient as it determines what future adjustments to the target range for the federal funds rate may be appropriate to support these outcomes.",MH,2019-03-20 00:00:00,True,,,,,,
1449.0,"Information received since the Federal Open Market Committee met in December suggests that the economy has been expanding moderately, notwithstanding some slowing in global growth. While indicators point to some further improvement in overall labor market",statement,"Information received since the Federal Open Market Committee met in December suggests that the economy has been expanding moderately, notwithstanding some slowing in global growth. While indicators point to some further improvement in overall labor market","The Committee also anticipates that over coming quarters, inflation will run at levels at or below those consistent with the Committee's dual mandate.",N,2012-01-25 00:00:00,True,,,,,,
465.0,"The Federal Reserve is committed to using its full range of tools to support the U.S. economy in this challenging time, thereby promoting its maximum employment and price stability goals.

The COVID-19 pandemic is causing tremendous human and economic har",statement,"The Federal Reserve is committed to using its full range of tools to support the U.S. economy in this challenging time, thereby promoting its maximum employment and price stability goals. The COVID-19 pandemic is causing tremendous human and economic hard","The Committee's assessments will take into account a wide range of information, including readings on public health, labor market conditions, inflation pressures and inflation expectations, and financial and international developments.",N,2020-11-05 00:00:00,True,,,,,,
1402.0,"Information received since the Federal Open Market Committee met in August suggests that economic activity has continued to expand at a moderate pace in recent months. Growth in employment has been slow, and the unemployment rate remains elevated. Househo",statement,"Information received since the Federal Open Market Committee met in August suggests that economic activity has continued to expand at a moderate pace in recent months. Growth in employment has been slow, and the unemployment rate remains elevated. Househo","If the outlook for the labor market does not improve substantially, the Committee will continue its purchases of agency mortgage-backed securities, undertake additional asset purchases, and employ its other policy tools as appropriate until such improveme",H,2012-09-13 00:00:00,True,,,,,,
199.0,"Recent indicators suggest that economic activity expanded at a strong pace in the third quarter. Job gains have moderated since earlier in the year but remain strong, and the unemployment rate has remained low. Inflation remains elevated.

The U.S. bankin",statement,"Recent indicators suggest that economic activity expanded at a strong pace in the third quarter. Job gains have moderated since earlier in the year but remain strong, and the unemployment rate has remained low. Inflation remains elevated. The U.S. banking","In determining the extent of additional policy firming that may be appropriate to return inflation to 2 percent over time, the Committee will take into account the cumulative tightening of monetary policy, the lags with which monetary policy affects econo",H,2023-11-01 00:00:00,True,,,,,,
1642.0,The Federal Open Market Committee decided today to keep its target range for the federal funds rate at 0 to 1/4 percent.¬†The Committee continues to anticipate that economic conditions are likely to warrant exceptionally low levels of the federal funds ra,statement,The Federal Open Market Committee decided today to keep its target range for the federal funds rate at 0 to 1/4 percent. The Committee continues to anticipate that economic conditions are likely to warrant exceptionally low levels of the federal funds rat,"The Committee anticipates that a gradual recovery in economic activity will begin later this year, but the downside risks to that outlook are significant.",N,2009-01-28 00:00:00,True,,,,,,
1342.0,Information received since the Federal Open Market Committee met in January suggests a return to moderate economic growth following a pause late last year.¬† Labor market conditions have shown signs of improvement in recent months but the unemployment rat,statement,Information received since the Federal Open Market Committee met in January suggests a return to moderate economic growth following a pause late last year. Labor market conditions have shown signs of improvement in recent months but the unemployment rate ,Labor market conditions have shown signs of improvement in recent months but the unemployment rate remains elevated.,MD,2013-03-20 00:00:00,True,,,,,,
1442.0,Information received since the Federal Open Market Committee met in January suggests that the economy has been expanding moderately. Labor market conditions have improved further; the unemployment rate has declined notably in recent months but remains ele,statement,Information received since the Federal Open Market Committee met in January suggests that the economy has been expanding moderately. Labor market conditions have improved further; the unemployment rate has declined notably in recent months but remains ele,The Committee will regularly review the size and composition of its securities holdings and is prepared to adjust those holdings as appropriate to promote a stronger economic recovery in a context of price stability.,H,2012-03-13 00:00:00,True,,,,,,
1310.0,"Information received since the Federal Open Market Committee met in June suggests that economic activity expanded at a modest pace during the first half of the year. Labor market conditions have shown further improvement in recent months, on balance, but ",statement,"Information received since the Federal Open Market Committee met in June suggests that economic activity expanded at a modest pace during the first half of the year. Labor market conditions have shown further improvement in recent months, on balance, but ","When the Committee decides to begin to remove policy accommodation, it will take a balanced approach consistent with its longer-run goals of maximum employment and inflation of 2 percent.",H,2013-07-31 00:00:00,True,,,,,,
1745.0,"The Federal Open Market Committee decided today to keep its target for the federal funds rate at 5-1/4 percent. 
Economic growth appears to have been moderate during the first half of this year, despite the ongoing adjustment in the housing sector. The ec",statement,"The Federal Open Market Committee decided today to keep its target for the federal funds rate at 5-1/4 percent. Economic growth appears to have been moderate during the first half of this year, despite the ongoing adjustment in the housing sector. The eco","Future policy adjustments will depend on the evolution of the outlook for both inflation and economic growth, as implied by incoming information.",N,2007-06-28 00:00:00,True,,,,,,
1399.0,"Information received since the Federal Open Market Committee met in August suggests that economic activity has continued to expand at a moderate pace in recent months. Growth in employment has been slow, and the unemployment rate remains elevated. Househo",statement,"Information received since the Federal Open Market Committee met in August suggests that economic activity has continued to expand at a moderate pace in recent months. Growth in employment has been slow, and the unemployment rate remains elevated. Househo","The Committee is concerned that, without further policy accommodation, economic growth might not be strong enough to generate sustained improvement in labor market conditions.",D,2012-09-13 00:00:00,True,,,,,,
1931.0,"The Federal Open Market Committee decided today to keep its target for the federal funds rate unchanged at 1 3/4 percent. 

The softening in the growth of aggregate demand that emerged this spring has been prolonged in large measure by weakness in financi",statement,The Federal Open Market Committee decided today to keep its target for the federal funds rate unchanged at 1 3/4 percent. The softening in the growth of aggregate demand that emerged this spring has been prolonged in large measure by weakness in financial,"Nonetheless, the Committee recognizes that, for the foreseeable future, against the background of its long run goals of price stability and sustainable economic growth and of the information currently available, the risks are weighted mainly toward condit",MD,2002-08-13 00:00:00,True,,,,,,
1424.0,Information received since the Federal Open Market Committee met in March suggests that the economy has been expanding moderately. Labor market conditions have improved in recent months; the unemployment rate has declined but remains elevated. Household s,statement,Information received since the Federal Open Market Committee met in March suggests that the economy has been expanding moderately. Labor market conditions have improved in recent months; the unemployment rate has declined but remains elevated. Household s,"Inflation has picked up somewhat, mainly reflecting higher prices of crude oil and gasoline.",MH,2012-04-25 00:00:00,True,,,,,,
976.0,"Information received since the Federal Open Market Committee met in September suggests that economic activity has been expanding at a moderate pace. Household spending and business fixed investment have been increasing at solid rates in recent months, and",statement,"Information received since the Federal Open Market Committee met in September suggests that economic activity has been expanding at a moderate pace. Household spending and business fixed investment have been increasing at solid rates in recent months, and",The Committee continues to monitor inflation developments closely.,N,2015-10-28 00:00:00,True,,,,,,
570.0,"Information received since the Federal Open Market Committee met in June indicates that the labor market remains strong and that economic activity has been rising at a moderate rate. Job gains have been solid, on average, in recent months, and the unemplo",statement,"Information received since the Federal Open Market Committee met in June indicates that the labor market remains strong and that economic activity has been rising at a moderate rate. Job gains have been solid, on average, in recent months, and the unemplo","On a 12-month basis, overall inflation and inflation for items other than food and energy are running below 2 percent.",MD,2019-07-31 00:00:00,True,,,,,,
43.0,"Available indicators suggest that economic activity has been expanding at a moderate pace. Job gains have slowed this year, and the unemployment rate has edged up but remained low through August; more recent indicators are consistent with these developmen",statement,"Available indicators suggest that economic activity has been expanding at a moderate pace. Job gains have slowed this year, and the unemployment rate has edged up but remained low through August; more recent indicators are consistent with these developmen",The Committee would be prepared to adjust the stance of monetary policy as appropriate if risks emerge that could impede the attainment of the Committee's goals.,N,2025-10-29 00:00:00,True,,,,,,
274.0,"Recent indicators point to modest growth in spending and production. Job gains have been robust in recent months, and the unemployment rate has remained low. Inflation remains elevated, reflecting supply and demand imbalances related to the pandemic, high",statement,"Recent indicators point to modest growth in spending and production. Job gains have been robust in recent months, and the unemployment rate has remained low. Inflation remains elevated, reflecting supply and demand imbalances related to the pandemic, high",The war and related events are contributing to upward pressure on inflation and are weighing on global economic activity.,MH,2022-12-14 00:00:00,True,,,,,,
1105.0,"Information received since the Federal Open Market Committee met in October suggests that economic activity is expanding at a moderate pace. Labor market conditions improved further, with solid job gains and a lower unemployment rate. On balance, a range ",statement,"Information received since the Federal Open Market Committee met in October suggests that economic activity is expanding at a moderate pace. Labor market conditions improved further, with solid job gains and a lower unemployment rate. On balance, a range ","Based on its current assessment, the Committee judges that it can be patient in beginning to normalize the stance of monetary policy.",N,2014-12-17 00:00:00,True,,,,,,
101.0,"Recent indicators suggest that economic activity has continued to expand at a solid pace. Since earlier in the year, labor market conditions have generally eased, and the unemployment rate has moved up but remains low. Inflation has made progress toward t",statement,"Recent indicators suggest that economic activity has continued to expand at a solid pace. Since earlier in the year, labor market conditions have generally eased, and the unemployment rate has moved up but remains low. Inflation has made progress toward t","The Committee's assessments will take into account a wide range of information, including readings on labor market conditions, inflation pressures and inflation expectations, and financial and international developments.",N,2024-12-18 00:00:00,True,,,,,,
1428.0,Information received since the Federal Open Market Committee met in March suggests that the economy has been expanding moderately. Labor market conditions have improved in recent months; the unemployment rate has declined but remains elevated. Household s,statement,Information received since the Federal Open Market Committee met in March suggests that the economy has been expanding moderately. Labor market conditions have improved in recent months; the unemployment rate has declined but remains elevated. Household s,"Consequently, the Committee anticipates that the unemployment rate will decline gradually toward levels that it judges to be consistent with its dual mandate.",N,2012-04-25 00:00:00,True,,,,,,
733.0,"Information received since the Federal Open Market Committee met in November indicates that the labor market has continued to strengthen and that economic activity has been rising at a solid rate. Averaging through hurricane-related fluctuations, job gain",statement,"Information received since the Federal Open Market Committee met in November indicates that the labor market has continued to strengthen and that economic activity has been rising at a solid rate. Averaging through hurricane-related fluctuations, job gain",The Committee will carefully monitor actual and expected inflation developments relative to its symmetric inflation goal.,N,2017-12-13 00:00:00,True,,,,,,
1788.0,"The Federal Open Market Committee decided today to raise its target for the federal funds rate by 25 basis points to 5 percent.
Economic growth has been quite strong so far this year. The Committee sees growth as likely to moderate to a more sustainable p",statement,The Federal Open Market Committee decided today to raise its target for the federal funds rate by 25 basis points to 5 percent. Economic growth has been quite strong so far this year. The Committee sees growth as likely to moderate to a more sustainable p,"As yet, the run-up in the prices of energy and other commodities appears to have had only a modest effect on core inflation, ongoing productivity gains have helped to hold the growth of unit labor costs in check, and inflation expectations remain containe",N,2006-05-10 00:00:00,True,,,,,,
107.0,"Recent indicators suggest that economic activity has continued to expand at a solid pace. Since earlier in the year, labor market conditions have generally eased, and the unemployment rate has moved up but remains low. Inflation has made progress toward t",statement,"Recent indicators suggest that economic activity has continued to expand at a solid pace. Since earlier in the year, labor market conditions have generally eased, and the unemployment rate has moved up but remains low. Inflation has made progress toward t",The Committee judges that the risks to achieving its employment and inflation goals are roughly in balance.,N,2024-11-07 00:00:00,True,,,,,,
1041.0,"Information received since the Federal Open Market Committee met in March suggests that economic growth slowed during the winter months, in part reflecting transitory factors. The pace of job gains moderated, and the unemployment rate remained steady. A r",statement,"Information received since the Federal Open Market Committee met in March suggests that economic growth slowed during the winter months, in part reflecting transitory factors. The pace of job gains moderated, and the unemployment rate remained steady. A r","Inflation continued to run below the Committee's longer-run objective, partly reflecting earlier declines in energy prices and decreasing prices of non-energy imports.",MD,2015-04-29 00:00:00,True,,,,,,
497.0,"The Federal Reserve is committed to using its full range of tools to support the U.S. economy in this challenging time, thereby promoting its maximum employment and price stability goals.

The coronavirus outbreak is causing tremendous human and economic ",statement,"The Federal Reserve is committed to using its full range of tools to support the U.S. economy in this challenging time, thereby promoting its maximum employment and price stability goals. The coronavirus outbreak is causing tremendous human and economic h",Weaker demand and significantly lower oil prices are holding down consumer price inflation.,MD,2020-04-29 00:00:00,True,,,,,,
1999.0,"The Federal Open Market Committee at its meeting today decided to maintain the existing stance of monetary policy, keeping its target for the federal funds rate at 6-1/2 percent.


Recent data have indicated that the expansion of aggregate demand has mode",statement,"The Federal Open Market Committee at its meeting today decided to maintain the existing stance of monetary policy, keeping its target for the federal funds rate at 6-1/2 percent. Recent data have indicated that the expansion of aggregate demand has modera","Moreover, the increase in energy prices, though having limited effect on core measures of prices to date, poses a risk of raising inflation expectations.",MH,2000-08-22 00:00:00,False,,,,,,
889.0,"Information received since the Federal Open Market Committee met in June indicates that the labor market strengthened and that economic activity has been expanding at a moderate rate. Job gains were strong in June following weak growth in May. On balance,",statement,"Information received since the Federal Open Market Committee met in June indicates that the labor market strengthened and that economic activity has been expanding at a moderate rate. Job gains were strong in June following weak growth in May. On balance,",to rise to 2 percent over the medium term as the transitory effects of past declines in energy and import prices dissipate and the labor market strengthens further.,N,2016-07-27 00:00:00,True,,,,,,
1778.0,"The Federal Open Market Committee decided today to keep its target for the federal funds rate at 5-1/4 percent. 
Economic growth has moderated from its quite strong pace earlier this year, partly reflecting a gradual cooling of the housing market and the ",statement,"The Federal Open Market Committee decided today to keep its target for the federal funds rate at 5-1/4 percent. Economic growth has moderated from its quite strong pace earlier this year, partly reflecting a gradual cooling of the housing market and the l","Nonetheless, the Committee judges that some inflation risks remain.",N,2006-08-08 00:00:00,True,,,,,,
1612.0,"Information received since the Federal Open Market Committee met in September suggests that economic activity has continued to pick up. Conditions in financial markets were roughly unchanged, on balance, over the intermeeting period. Activity in the housi",statement,"Information received since the Federal Open Market Committee met in September suggests that economic activity has continued to pick up. Conditions in financial markets were roughly unchanged, on balance, over the intermeeting period. Activity in the housi",Information received since the Federal Open Market Committee met in September suggests that economic activity has continued to pick up.,N,2009-11-04 00:00:00,True,,,,,,
1601.0,Information received since the Federal Open Market Committee met in December suggests that economic activity has continued to strengthen and that the deterioration in the labor market is abating. Household spending is expanding at a moderate rate but rema,statement,Information received since the Federal Open Market Committee met in December suggests that economic activity has continued to strengthen and that the deterioration in the labor market is abating. Household spending is expanding at a moderate rate but rema,"Although the pace of economic recovery is likely to be moderate for a time, the Committee anticipates a gradual return to higher levels of resource utilization in a context of price stability.",MH,2010-01-27 00:00:00,True,,,,,,
1307.0,"Information received since the Federal Open Market Committee met in June suggests that economic activity expanded at a modest pace during the first half of the year. Labor market conditions have shown further improvement in recent months, on balance, but ",statement,"Information received since the Federal Open Market Committee met in June suggests that economic activity expanded at a modest pace during the first half of the year. Labor market conditions have shown further improvement in recent months, on balance, but ","To support continued progress toward maximum employment and price stability, the Committee today reaffirmed its view that a highly accommodative stance of monetary policy will remain appropriate for a considerable time after the asset purchase program end",D,2013-07-31 00:00:00,True,,,,,,
619.0,"Information received since the Federal Open Market Committee met in December indicates that the labor market has continued to strengthen and that economic activity has been rising at a solid rate. Job gains have been strong, on average, in recent months, ",statement,"Information received since the Federal Open Market Committee met in December indicates that the labor market has continued to strengthen and that economic activity has been rising at a solid rate. Job gains have been strong, on average, in recent months, ","The Committee continues to view sustained expansion of economic activity, strong labor market conditions, and inflation near the Committee's symmetric 2 percent objective as the most likely outcomes.",N,2019-01-30 00:00:00,True,,,,,,
865.0,Information received since the Federal Open Market Committee met in September indicates that the labor market has continued to strengthen and growth of economic activity has picked up from the modest pace seen in the first half of this year. Although the ,statement,Information received since the Federal Open Market Committee met in September indicates that the labor market has continued to strengthen and growth of economic activity has picked up from the modest pace seen in the first half of this year. Although the ,"This assessment will take into account a wide range of information, including measures of labor market conditions, indicators of inflation pressures and inflation expectations, and readings on financial and international developments.",N,2016-11-02 00:00:00,True,,,,,,
72.0,"Although swings in net exports have affected the data, recent indicators suggest that economic activity has continued to expand at a solid pace. The unemployment rate has stabilized at a low level in recent months, and labor market conditions remain solid",statement,"Although swings in net exports have affected the data, recent indicators suggest that economic activity has continued to expand at a solid pace. The unemployment rate has stabilized at a low level in recent months, and labor market conditions remain solid",The Committee is attentive to the risks to both sides of its dual mandate and judges that the risks of higher unemployment and higher inflation have risen.,H,2025-05-07 00:00:00,True,,,,,,
1744.0,"The Federal Open Market Committee decided today to keep its target for the federal funds rate at 5-1/4 percent. 
Economic growth appears to have been moderate during the first half of this year, despite the ongoing adjustment in the housing sector. The ec",statement,"The Federal Open Market Committee decided today to keep its target for the federal funds rate at 5-1/4 percent. Economic growth appears to have been moderate during the first half of this year, despite the ongoing adjustment in the housing sector. The eco","In these circumstances, the Committee's predominant policy concern remains the risk that inflation will fail to moderate as expected.",H,2007-06-28 00:00:00,True,,,,,,
1223.0,Information received since the Federal Open Market Committee met in December indicates that growth in economic activity picked up in recent quarters. Labor market indicators were mixed but on balance showed further improvement. The unemployment rate decli,statement,Information received since the Federal Open Market Committee met in December indicates that growth in economic activity picked up in recent quarters. Labor market indicators were mixed but on balance showed further improvement. The unemployment rate decli,Information received since the Federal Open Market Committee met in December indicates that growth in economic activity picked up in recent quarters.,MH,2014-01-29 00:00:00,True,,,,,,
1176.0,"Information received since the Federal Open Market Committee met in April indicates that growth in economic activity has rebounded in recent months. Labor market indicators generally showed further improvement. The unemployment rate, though lower, remains",statement,"Information received since the Federal Open Market Committee met in April indicates that growth in economic activity has rebounded in recent months. Labor market indicators generally showed further improvement. The unemployment rate, though lower, remains","If incoming information broadly supports the Committee's expectation of ongoing improvement in labor market conditions and inflation moving back toward its longer-run objective, the Committee will likely reduce the pace of asset purchases in further measu",H,2014-06-18 00:00:00,True,,,,,,
1652.0,"The Federal Open Market Committee decided today to lower its target for the federal funds rate 50 basis points to 1 percent.
The pace of economic activity appears to have slowed markedly, owing importantly to a decline in consumer expenditures. Business e",statement,"The Federal Open Market Committee decided today to lower its target for the federal funds rate 50 basis points to 1 percent. The pace of economic activity appears to have slowed markedly, owing importantly to a decline in consumer expenditures. Business e","Business equipment spending and industrial production have weakened in recent months, and slowing economic activity in many foreign economies is damping the prospects for U.S. exports.",N,2008-10-29 00:00:00,True,,,,,,
481.0,"The Federal Reserve is committed to using its full range of tools to support the U.S. economy in this challenging time, thereby promoting its maximum employment and price stability goals.

The coronavirus outbreak is causing tremendous human and economic ",statement,"The Federal Reserve is committed to using its full range of tools to support the U.S. economy in this challenging time, thereby promoting its maximum employment and price stability goals. The coronavirus outbreak is causing tremendous human and economic h",The Committee expects to maintain this target range until it is confident that the economy has weathered recent events and is on track to achieve its maximum employment and price stability goals.,MD,2020-07-29 00:00:00,True,,,,,,
1075.0,"Information received since the Federal Open Market Committee met in December suggests that economic activity has been expanding at a solid pace.¬† Labor market conditions have improved further, with strong job gains and a lower unemployment rate.¬† On bal",statement,"Information received since the Federal Open Market Committee met in December suggests that economic activity has been expanding at a solid pace. Labor market conditions have improved further, with strong job gains and a lower unemployment rate. On balance","Labor market conditions have improved further, with strong job gains and a lower unemployment rate.",MH,2015-01-28 00:00:00,True,,,,,,
506.0,"The Federal Reserve is committed to use its full range of tools to support the U.S. economy in this challenging time and thereby promote its maximum employment and price stability goals.

The Federal Open Market Committee is taking further actions to supp",statement,The Federal Reserve is committed to use its full range of tools to support the U.S. economy in this challenging time and thereby promote its maximum employment and price stability goals. The Federal Open Market Committee is taking further actions to suppo,The Federal Reserve will continue to purchase Treasury securities and agency mortgage-backed securities in the amounts needed to support smooth market functioning and effective transmission of monetary policy to broader financial conditions.,H,2020-03-23 00:00:00,True,,,,,,
679.0,"Information received since the Federal Open Market Committee met in March indicates that the labor market has continued to strengthen and that economic activity has been rising at a moderate rate. Job gains have been strong, on average, in recent months, ",statement,"Information received since the Federal Open Market Committee met in March indicates that the labor market has continued to strengthen and that economic activity has been rising at a moderate rate. Job gains have been strong, on average, in recent months, ","Consistent with its statutory mandate, the Committee seeks to foster maximum employment and price stability.",MD,2018-05-02 00:00:00,True,,,,,,
1964.0,"The Federal Open Market Committee at its meeting today decided to lower its target for the federal funds rate by 25 basis points to 3-1/2 percent. In a related action, the Board of Governors approved a 25 basis point reduction in the discount rate to 3 pe",statement,"The Federal Open Market Committee at its meeting today decided to lower its target for the federal funds rate by 25 basis points to 3-1/2 percent. In a related action, the Board of Governors approved a 25 basis point reduction in the discount rate to 3 pe",2001 Monetary policy Home | News and events,N,2001-05-15 00:00:00,False,,,,,,
2008.0,"The Federal Open Market Committee at its meeting today decided to maintain the existing stance of monetary policy, keeping its target for the federal funds rate at 6-1/2 percent.  

Recent data suggest that the expansion of aggregate demand may be moderat",statement,"The Federal Open Market Committee at its meeting today decided to maintain the existing stance of monetary policy, keeping its target for the federal funds rate at 6-1/2 percent. Recent data suggest that the expansion of aggregate demand may be moderating",Recent data suggest that the expansion of aggregate demand may be moderating toward a pace closer to the rate of growth of the economy's potential to produce.,N,2000-05-16 00:00:00,False,,,,,,
745.0,Information received since the Federal Open Market Committee met in September indicates that the labor market has continued to strengthen and that economic activity has been rising at a solid rate despite hurricane-related disruptions. Although the hurric,statement,Information received since the Federal Open Market Committee met in September indicates that the labor market has continued to strengthen and that economic activity has been rising at a solid rate despite hurricane-related disruptions. Although the hurric,Inflation on a 12-month basis is expected to remain somewhat below 2 percent in the near term but to stabilize around the Committee's 2 percent objective over the medium term.,MD,2017-11-01 00:00:00,True,,,,,,
1118.0,"Information received since the Federal Open Market Committee met in September suggests that economic activity is expanding at a moderate pace. Labor market conditions improved somewhat further, with solid job gains and a lower unemployment rate. On balanc",statement,"Information received since the Federal Open Market Committee met in September suggests that economic activity is expanding at a moderate pace. Labor market conditions improved somewhat further, with solid job gains and a lower unemployment rate. On balanc","Although inflation in the near term will likely be held down by lower energy prices and other factors, the Committee judges that the likelihood of inflation running persistently below 2 percent has diminished somewhat since early this year.",N,2014-10-29 00:00:00,True,,,,,,
1240.0,Information received since the Federal Open Market Committee met in December indicates that growth in economic activity picked up in recent quarters. Labor market indicators were mixed but on balance showed further improvement. The unemployment rate decli,statement,Information received since the Federal Open Market Committee met in December indicates that growth in economic activity picked up in recent quarters. Labor market indicators were mixed but on balance showed further improvement. The unemployment rate decli,"The Committee continues to anticipate, based on its assessment of these factors, that it likely will be appropriate to maintain the current target range for the federal funds rate well past the time that the unemployment rate declines below 6-1/2 percent,",D,2014-01-29 00:00:00,True,,,,,,
311.0,"Recent indicators of spending and production have softened. Nonetheless, job gains have been robust in recent months, and the unemployment rate has remained low. Inflation remains elevated, reflecting supply and demand imbalances related to the pandemic, ",statement,"Recent indicators of spending and production have softened. Nonetheless, job gains have been robust in recent months, and the unemployment rate has remained low. Inflation remains elevated, reflecting supply and demand imbalances related to the pandemic, ","In assessing the appropriate stance of monetary policy, the Committee will continue to monitor the implications of incoming information for the economic outlook.",N,2022-07-27 00:00:00,True,,,,,,
834.0,Information received since the Federal Open Market Committee met in December indicates that the labor market has continued to strengthen and that economic activity has continued to expand at a moderate pace. Job gains remained solid and the unemployment r,statement,Information received since the Federal Open Market Committee met in December indicates that the labor market has continued to strengthen and that economic activity has continued to expand at a moderate pace. Job gains remained solid and the unemployment r,"The stance of monetary policy remains accommodative, thereby supporting some further strengthening in labor market conditions and a return to 2 percent inflation.",D,2017-02-01 00:00:00,True,,,,,,
405.0,"The Federal Reserve is committed to using its full range of tools to support the U.S. economy in this challenging time, thereby promoting its maximum employment and price stability goals.

Progress on vaccinations has reduced the spread of COVID-19 in the",statement,"The Federal Reserve is committed to using its full range of tools to support the U.S. economy in this challenging time, thereby promoting its maximum employment and price stability goals. Progress on vaccinations has reduced the spread of COVID-19 in the ","In assessing the appropriate stance of monetary policy, the Committee will continue to monitor the implications of incoming information for the economic outlook.",N,2021-06-16 00:00:00,True,,,,,,
1922.0,"The Federal Open Market Committee decided today to lower its target for the federal funds rate by 50 basis points to 1 1/4 percent. In a related action, the Board of Governors approved a 50 basis point reduction in the discount rate to 3/4 percent. 

	The",statement,"The Federal Open Market Committee decided today to lower its target for the federal funds rate by 50 basis points to 1 1/4 percent. In a related action, the Board of Governors approved a 50 basis point reduction in the discount rate to 3/4 percent. The Co","However, incoming economic data have tended to confirm that greater uncertainty, in part attributable to heightened geopolitical risks, is currently inhibiting spending, production, and employment.",N,2002-11-06 00:00:00,True,,,,,,
1883.0,"The Federal Open Market Committee decided today to keep its target for the federal funds rate at 1 percent.

	The Committee continues to believe that an accommodative stance of monetary policy, coupled with robust underlying growth in productivity, is pro",statement,"The Federal Open Market Committee decided today to keep its target for the federal funds rate at 1 percent. The Committee continues to believe that an accommodative stance of monetary policy, coupled with robust underlying growth in productivity, is provi","With inflation quite low and resource use slack, the Committee believes that it can be patient in removing its policy accommodation.",MH,2004-03-16 00:00:00,True,,,,,,
309.0,"Recent indicators of spending and production have softened. Nonetheless, job gains have been robust in recent months, and the unemployment rate has remained low. Inflation remains elevated, reflecting supply and demand imbalances related to the pandemic, ",statement,"Recent indicators of spending and production have softened. Nonetheless, job gains have been robust in recent months, and the unemployment rate has remained low. Inflation remains elevated, reflecting supply and demand imbalances related to the pandemic, ",The Committee seeks to achieve maximum employment and inflation at the rate of 2 percent over the longer run.,MD,2022-07-27 00:00:00,True,,,,,,
226.0,"Recent indicators suggest that economic activity has continued to expand at a modest pace. Job gains have been robust in recent months, and the unemployment rate has remained low. Inflation remains elevated.

The U.S. banking system is sound and resilient",statement,"Recent indicators suggest that economic activity has continued to expand at a modest pace. Job gains have been robust in recent months, and the unemployment rate has remained low. Inflation remains elevated. The U.S. banking system is sound and resilient.",Recent indicators suggest that economic activity has continued to expand at a modest pace.,N,2023-06-14 00:00:00,True,,,,,,
1713.0,"The Federal Open Market Committee decided today to lower its target for the federal funds rate 25 basis points to 4-1/4 percent.
Incoming information suggests that economic growth is slowing, reflecting the intensification of the housing correction and so",statement,"The Federal Open Market Committee decided today to lower its target for the federal funds rate 25 basis points to 4-1/4 percent. Incoming information suggests that economic growth is slowing, reflecting the intensification of the housing correction and so","Incoming information suggests that economic growth is slowing, reflecting the intensification of the housing correction and some softening in business and consumer spending.",MD,2007-12-11 00:00:00,True,,,,,,
1006.0,Information received since the Federal Open Market Committee met in June indicates that economic activity has been expanding moderately in recent months. Growth in household spending has been moderate and the housing sector has shown additional improvemen,statement,Information received since the Federal Open Market Committee met in June indicates that economic activity has been expanding moderately in recent months. Growth in household spending has been moderate and the housing sector has shown additional improvemen,survey‚Äêbased measures of longer-term inflation expectations have remained stable.,N,2015-07-29 00:00:00,True,,,,,,
1541.0,"Information received since the Federal Open Market Committee met in November confirms that the economic recovery is continuing, though at a rate that has been insufficient to bring down unemployment. Household spending is increasing at a moderate pace, bu",statement,"Information received since the Federal Open Market Committee met in November confirms that the economic recovery is continuing, though at a rate that has been insufficient to bring down unemployment. Household spending is increasing at a moderate pace, bu","Household spending is increasing at a moderate pace, but remains constrained by high unemployment, modest income growth, lower housing wealth, and tight credit.",MD,2010-12-14 00:00:00,True,,,,,,
832.0,Information received since the Federal Open Market Committee met in December indicates that the labor market has continued to strengthen and that economic activity has continued to expand at a moderate pace. Job gains remained solid and the unemployment r,statement,Information received since the Federal Open Market Committee met in December indicates that the labor market has continued to strengthen and that economic activity has continued to expand at a moderate pace. Job gains remained solid and the unemployment r,The Committee continues to closely monitor inflation indicators and global economic and financial developments.,N,2017-02-01 00:00:00,True,,,,,,
1993.0,"The Federal Open Market Committee at its meeting today decided to maintain the existing stance of monetary policy, keeping its target for the federal funds rate at 6-1/2 percent. 

The utilization of the pool of available workers remains at an unusually h",statement,"The Federal Open Market Committee at its meeting today decided to maintain the existing stance of monetary policy, keeping its target for the federal funds rate at 6-1/2 percent. The utilization of the pool of available workers remains at an unusually hig","The Committee, accordingly, continues to see a risk of heightened inflation pressures.",MD,2000-10-03 00:00:00,False,,,,,,
148.0,"Recent indicators suggest that economic activity has continued to expand at a solid pace. Job gains have remained strong, and the unemployment rate has remained low. Inflation has eased over the past year but remains elevated. In recent months, there has ",statement,"Recent indicators suggest that economic activity has continued to expand at a solid pace. Job gains have remained strong, and the unemployment rate has remained low. Inflation has eased over the past year but remains elevated. In recent months, there has ","Job gains have remained strong, and the unemployment rate has remained low.",MH,2024-05-01 00:00:00,True,,,,,,
744.0,Information received since the Federal Open Market Committee met in September indicates that the labor market has continued to strengthen and that economic activity has been rising at a solid rate despite hurricane-related disruptions. Although the hurric,statement,Information received since the Federal Open Market Committee met in September indicates that the labor market has continued to strengthen and that economic activity has been rising at a solid rate despite hurricane-related disruptions. Although the hurric,"Consequently, the Committee continues to expect that, with gradual adjustments in the stance of monetary policy, economic activity will expand at a moderate pace, and labor market conditions will strengthen somewhat further.",MH,2017-11-01 00:00:00,True,,,,,,
1084.0,"Information received since the Federal Open Market Committee met in December suggests that economic activity has been expanding at a solid pace.¬† Labor market conditions have improved further, with strong job gains and a lower unemployment rate.¬† On bal",statement,"Information received since the Federal Open Market Committee met in December suggests that economic activity has been expanding at a solid pace. Labor market conditions have improved further, with strong job gains and a lower unemployment rate. On balance",The Committee continues to monitor inflation developments closely.,N,2015-01-28 00:00:00,True,,,,,,
838.0,Information received since the Federal Open Market Committee met in November indicates that the labor market has continued to strengthen and that economic activity has been expanding at a moderate pace since mid-year. Job gains have been solid in recent m,statement,Information received since the Federal Open Market Committee met in November indicates that the labor market has continued to strengthen and that economic activity has been expanding at a moderate pace since mid-year. Job gains have been solid in recent m,Information received since the Federal Open Market Committee met in November indicates that the labor market has continued to strengthen and that economic activity has been expanding at a moderate pace since mid-year.,MH,2016-12-14 00:00:00,True,,,,,,
1221.0,"Information received since the Federal Open Market Committee met in January indicates that growth in economic activity slowed during the winter months, in part reflecting adverse weather conditions. Labor market indicators were mixed but on balance showed",statement,"Information received since the Federal Open Market Committee met in January indicates that growth in economic activity slowed during the winter months, in part reflecting adverse weather conditions. Labor market indicators were mixed but on balance showed","The Committee currently anticipates that, even after employment and inflation are near mandate-consistent levels, economic conditions may, for some time, warrant keeping the target federal funds rate below levels the Committee views as normal in the longe",D,2014-03-19 00:00:00,True,,,,,,
845.0,Information received since the Federal Open Market Committee met in November indicates that the labor market has continued to strengthen and that economic activity has been expanding at a moderate pace since mid-year. Job gains have been solid in recent m,statement,Information received since the Federal Open Market Committee met in November indicates that the labor market has continued to strengthen and that economic activity has been expanding at a moderate pace since mid-year. Job gains have been solid in recent m,"The Committee expects that, with gradual adjustments in the stance of monetary policy, economic activity will expand at a moderate pace and labor market conditions will strengthen somewhat further.",MH,2016-12-14 00:00:00,True,,,,,,
575.0,"Information received since the Federal Open Market Committee met in June indicates that the labor market remains strong and that economic activity has been rising at a moderate rate. Job gains have been solid, on average, in recent months, and the unemplo",statement,"Information received since the Federal Open Market Committee met in June indicates that the labor market remains strong and that economic activity has been rising at a moderate rate. Job gains have been solid, on average, in recent months, and the unemplo","This action supports the Committee's view that sustained expansion of economic activity, strong labor market conditions, and inflation near the Committee's symmetric 2 percent objective are the most likely outcomes, but uncertainties about this outlook re",N,2019-07-31 00:00:00,True,,,,,,
557.0,"Information received since the Federal Open Market Committee met in July indicates that the labor market remains strong and that economic activity has been rising at a moderate rate. Job gains have been solid, on average, in recent months, and the unemplo",statement,"Information received since the Federal Open Market Committee met in July indicates that the labor market remains strong and that economic activity has been rising at a moderate rate. Job gains have been solid, on average, in recent months, and the unemplo","Job gains have been solid, on average, in recent months, and the unemployment rate has remained low.",MH,2019-09-18 00:00:00,True,,,,,,
701.0,"Information received since the Federal Open Market Committee met in January indicates that the labor market has continued to strengthen and that economic activity has been rising at a moderate rate. Job gains have been strong in recent months, and the une",statement,"Information received since the Federal Open Market Committee met in January indicates that the labor market has continued to strengthen and that economic activity has been rising at a moderate rate. Job gains have been strong in recent months, and the une","This assessment will take into account a wide range of information, including measures of labor market conditions, indicators of inflation pressures and inflation expectations, and readings on financial and international developments.",N,2018-03-21 00:00:00,True,,,,,,
1164.0,"Information received since the Federal Open Market Committee met in June indicates that growth in economic activity rebounded in the second quarter. Labor market conditions improved, with the unemployment rate declining further. However, a range of labor ",statement,"Information received since the Federal Open Market Committee met in June indicates that growth in economic activity rebounded in the second quarter. Labor market conditions improved, with the unemployment rate declining further. However, a range of labor ","The Committee currently anticipates that, even after employment and inflation are near mandate-consistent levels, economic conditions may, for some time, warrant keeping the target federal funds rate below levels the Committee views as normal in the longe",D,2014-07-30 00:00:00,True,,,,,,
1357.0,"Information received since the Federal Open Market Committee met in December suggests that growth in economic activity paused in recent months, in large part because of weather-related disruptions and other transitory factors. Employment has continued to ",statement,"Information received since the Federal Open Market Committee met in December suggests that growth in economic activity paused in recent months, in large part because of weather-related disruptions and other transitory factors. Employment has continued to ","Inflation has been running somewhat below the Committee√¢¬Ä¬ôs longer-run objective, apart from temporary variations that largely reflect fluctuations in energy prices.",MD,2013-01-30 00:00:00,True,,,,,,
1170.0,"Information received since the Federal Open Market Committee met in April indicates that growth in economic activity has rebounded in recent months. Labor market indicators generally showed further improvement. The unemployment rate, though lower, remains",statement,"Information received since the Federal Open Market Committee met in April indicates that growth in economic activity has rebounded in recent months. Labor market indicators generally showed further improvement. The unemployment rate, though lower, remains","Consistent with its statutory mandate, the Committee seeks to foster maximum employment and price stability.",MD,2014-06-18 00:00:00,True,,,,,,
1662.0,"Joint Statement by Central Banks 
Throughout the current financial crisis, central banks have engaged in continuous close consultation and have cooperated in unprecedented joint actions such as the provision of liquidity to reduce strains in financial mar",statement,"Joint Statement by Central Banks Throughout the current financial crisis, central banks have engaged in continuous close consultation and have cooperated in unprecedented joint actions such as the provision of liquidity to reduce strains in financial mark",the Committee believes that the decline in energy and other commodity prices and the weaker prospects for economic activity have reduced the upside risks to inflation.,MD,2008-10-07 00:00:00,True,,,,,,
966.0,"Information received since the Federal Open Market Committee met in September suggests that economic activity has been expanding at a moderate pace. Household spending and business fixed investment have been increasing at solid rates in recent months, and",statement,"Information received since the Federal Open Market Committee met in September suggests that economic activity has been expanding at a moderate pace. Household spending and business fixed investment have been increasing at solid rates in recent months, and",Information received since the Federal Open Market Committee met in September suggests that economic activity has been expanding at a moderate pace.,N,2015-10-28 00:00:00,True,,,,,,
286.0,"Recent indicators point to modest growth in spending and production. Job gains have been robust in recent months, and the unemployment rate has remained low. Inflation remains elevated, reflecting supply and demand imbalances related to the pandemic, high",statement,"Recent indicators point to modest growth in spending and production. Job gains have been robust in recent months, and the unemployment rate has remained low. Inflation remains elevated, reflecting supply and demand imbalances related to the pandemic, high",The war and related events are creating additional upward pressure on inflation and are weighing on global economic activity.,MD,2022-11-02 00:00:00,True,,,,,,
1617.0,"Information received since the Federal Open Market Committee met in September suggests that economic activity has continued to pick up. Conditions in financial markets were roughly unchanged, on balance, over the intermeeting period. Activity in the housi",statement,"Information received since the Federal Open Market Committee met in September suggests that economic activity has continued to pick up. Conditions in financial markets were roughly unchanged, on balance, over the intermeeting period. Activity in the housi","The Committee will maintain the target range for the federal funds rate at 0 to 1/4 percent and continues to anticipate that economic conditions, including low rates of resource utilization, subdued inflation trends, and stable inflation expectations, are",D,2009-11-04 00:00:00,True,,,,,,
743.0,Information received since the Federal Open Market Committee met in September indicates that the labor market has continued to strengthen and that economic activity has been rising at a solid rate despite hurricane-related disruptions. Although the hurric,statement,Information received since the Federal Open Market Committee met in September indicates that the labor market has continued to strengthen and that economic activity has been rising at a solid rate despite hurricane-related disruptions. Although the hurric,"Hurricane-related disruptions and rebuilding will continue to affect economic activity, employment, and inflation in the near term, but past experience suggests that the storms are unlikely to materially alter the course of the national economy over the m",N,2017-11-01 00:00:00,True,,,,,,
598.0,"Information received since the Federal Open Market Committee met in March indicates that the labor market remains strong and that economic activity rose at a solid rate. Job gains have been solid, on average, in recent months, and the unemployment rate ha",statement,"Information received since the Federal Open Market Committee met in March indicates that the labor market remains strong and that economic activity rose at a solid rate. Job gains have been solid, on average, in recent months, and the unemployment rate ha","In determining the timing and size of future adjustments to the target range for the federal funds rate, the Committee will assess realized and expected economic conditions relative to its maximum employment objective and its symmetric 2 percent inflation",MD,2019-05-01 00:00:00,True,,,,,,
940.0,Information received since the Federal Open Market Committee met in December suggests that labor market conditions improved further even as economic growth slowed late last year. Household spending and business fixed investment have been increasing at mod,statement,Information received since the Federal Open Market Committee met in December suggests that labor market conditions improved further even as economic growth slowed late last year. Household spending and business fixed investment have been increasing at mod,Market-based measures of inflation compensation declined further,MD,2016-01-27 00:00:00,True,,,,,,
1486.0,Information received since the Federal Open Market Committee met in June indicates that economic growth so far this year has been considerably slower than the Committee had expected.¬† Indicators suggest a deterioration in overall labor market conditions ,statement,Information received since the Federal Open Market Committee met in June indicates that economic growth so far this year has been considerably slower than the Committee had expected. Indicators suggest a deterioration in overall labor market conditions in,"Indicators suggest a deterioration in overall labor market conditions in recent months, and the unemployment rate has moved up.",MD,2011-08-09 00:00:00,True,,,,,,
1650.0,"The Federal Open Market Committee decided today to establish a target range for the federal funds rate of 0 to 1/4 percent.¬† 
Since the Committee's last meeting, labor market conditions have deteriorated, and the available data indicate that consumer spe",statement,"The Federal Open Market Committee decided today to establish a target range for the federal funds rate of 0 to 1/4 percent. Since the Committee's last meeting, labor market conditions have deteriorated, and the available data indicate that consumer spendi",The Federal Reserve will continue to consider ways of using its balance sheet to further support credit markets and economic activity.,D,2008-12-16 00:00:00,True,,,,,,
1600.0,Information received since the Federal Open Market Committee met in December suggests that economic activity has continued to strengthen and that the deterioration in the labor market is abating. Household spending is expanding at a moderate rate but rema,statement,Information received since the Federal Open Market Committee met in December suggests that economic activity has continued to strengthen and that the deterioration in the labor market is abating. Household spending is expanding at a moderate rate but rema,"While bank lending continues to contract, financial market conditions remain supportive of economic growth.",D,2010-01-27 00:00:00,True,,,,,,
1047.0,"Information received since the Federal Open Market Committee met in March suggests that economic growth slowed during the winter months, in part reflecting transitory factors. The pace of job gains moderated, and the unemployment rate remained steady. A r",statement,"Information received since the Federal Open Market Committee met in March suggests that economic growth slowed during the winter months, in part reflecting transitory factors. The pace of job gains moderated, and the unemployment rate remained steady. A r","Inflation is anticipated to remain near its recent low level in the near term,",MD,2015-04-29 00:00:00,True,,,,,,
1239.0,Information received since the Federal Open Market Committee met in December indicates that growth in economic activity picked up in recent quarters. Labor market indicators were mixed but on balance showed further improvement. The unemployment rate decli,statement,Information received since the Federal Open Market Committee met in December indicates that growth in economic activity picked up in recent quarters. Labor market indicators were mixed but on balance showed further improvement. The unemployment rate decli,"In determining how long to maintain a highly accommodative stance of monetary policy, the Committee will also consider other information, including additional measures of labor market conditions, indicators of inflation pressures and inflation expectation",D,2014-01-29 00:00:00,True,,,,,,
813.0,Information received since the Federal Open Market Committee met in February indicates that the labor market has continued to strengthen and that economic activity has continued to expand at a moderate pace. Job gains remained solid and the unemployment r,statement,Information received since the Federal Open Market Committee met in February indicates that the labor market has continued to strengthen and that economic activity has continued to expand at a moderate pace. Job gains remained solid and the unemployment r,"Inflation has increased in recent quarters, moving close to the Committee's 2 percent longer-run objective",MH,2017-03-15 00:00:00,True,,,,,,
1322.0,"Information received since the Federal Open Market Committee met in May suggests that economic activity has been expanding at a moderate pace. Labor market conditions have shown further improvement in recent months, on balance, but the unemployment rate r",statement,"Information received since the Federal Open Market Committee met in May suggests that economic activity has been expanding at a moderate pace. Labor market conditions have shown further improvement in recent months, on balance, but the unemployment rate r","To support continued progress toward maximum employment and price stability, the Committee expects that a highly accommodative stance of monetary policy will remain appropriate for a considerable time after the asset purchase program ends and the economic",D,2013-06-19 00:00:00,True,,,,,,
1000.0,"Information received since the Federal Open Market Committee met in July suggests that economic activity is expanding at a moderate pace. Household spending and business fixed investment have been increasing moderately, and the housing sector has improved",statement,"Information received since the Federal Open Market Committee met in July suggests that economic activity is expanding at a moderate pace. Household spending and business fixed investment have been increasing moderately, and the housing sector has improved","The Committee currently anticipates that, even after employment and inflation are near mandate-consistent levels, economic conditions may, for some time, warrant keeping the target federal funds rate below levels the Committee views as normal in the longe",D,2015-09-17 00:00:00,True,,,,,,
1704.0,"The Federal Open Market Committee decided today to lower its target for the federal funds rate 75 basis points to 2-1/4 percent.
Recent information indicates that the outlook for economic activity has weakened further. Growth in consumer spending has slow",statement,The Federal Open Market Committee decided today to lower its target for the federal funds rate 75 basis points to 2-1/4 percent. Recent information indicates that the outlook for economic activity has weakened further. Growth in consumer spending has slow,The Committee will act in a timely manner as needed to promote sustainable economic growth and price stability.,MH,2008-03-18 00:00:00,True,,,,,,
1960.0,"The Federal Open Market Committee at its meeting today decided to lower its target for the federal funds rate by 25 basis points to 3-1/2 percent. In a related action, the Board of Governors approved a 25 basis point reduction in the discount rate to 3 pe",statement,"The Federal Open Market Committee at its meeting today decided to lower its target for the federal funds rate by 25 basis points to 3-1/2 percent. In a related action, the Board of Governors approved a 25 basis point reduction in the discount rate to 3 pe","Household demand has been sustained,",N,2001-06-27 00:00:00,False,,,,,,
609.0,Information received since the Federal Open Market Committee met in January indicates that the labor market remains strong but that growth of economic activity has slowed from its solid rate in the fourth quarter. Payroll employment was little changed in ,statement,Information received since the Federal Open Market Committee met in January indicates that the labor market remains strong but that growth of economic activity has slowed from its solid rate in the fourth quarter. Payroll employment was little changed in ,"The Committee continues to view sustained expansion of economic activity, strong labor market conditions, and inflation near the Committee's symmetric 2 percent objective as the most likely outcomes.",N,2019-03-20 00:00:00,True,,,,,,
1801.0,"Release Date: December 13, 2005 

For immediate release


The Federal Open Market Committee decided today to raise its target for the federal funds rate by 25 basis points to 4-1/4 percent.
	Despite elevated energy prices and hurricane-related disruptions",statement,"Release Date: December 13, 2005 For immediate release The Federal Open Market Committee decided today to raise its target for the federal funds rate by 25 basis points to 4-1/4 percent. Despite elevated energy prices and hurricane-related disruptions, the",Core inflation has stayed relatively low in recent months and longer-term inflation expectations remain contained.,N,2005-12-13 00:00:00,True,,,,,,
1087.0,"Information received since the Federal Open Market Committee met in December suggests that economic activity has been expanding at a solid pace.¬† Labor market conditions have improved further, with strong job gains and a lower unemployment rate.¬† On bal",statement,"Information received since the Federal Open Market Committee met in December suggests that economic activity has been expanding at a solid pace. Labor market conditions have improved further, with strong job gains and a lower unemployment rate. On balance","This assessment will take into account a wide range of information, including measures of labor market conditions, indicators of inflation pressures and inflation expectations, and readings on financial and international developments.",N,2015-01-28 00:00:00,True,,,,,,
1433.0,Information received since the Federal Open Market Committee met in January suggests that the economy has been expanding moderately. Labor market conditions have improved further; the unemployment rate has declined notably in recent months but remains ele,statement,Information received since the Federal Open Market Committee met in January suggests that the economy has been expanding moderately. Labor market conditions have improved further; the unemployment rate has declined notably in recent months but remains ele,Labor market conditions have improved further; the unemployment rate has declined notably in recent months but remains elevated.,MH,2012-03-13 00:00:00,True,,,,,,
1144.0,"Information received since the Federal Open Market Committee met in July suggests that economic activity is expanding at a moderate pace. On balance, labor market conditions improved somewhat further; however, the unemployment rate is little changed and a",statement,"Information received since the Federal Open Market Committee met in July suggests that economic activity is expanding at a moderate pace. On balance, labor market conditions improved somewhat further; however, the unemployment rate is little changed and a","When the Committee decides to begin to remove policy accommodation, it will take a balanced approach consistent with its longer-run goals of maximum employment and inflation of 2 percent.",MD,2014-09-17 00:00:00,True,,,,,,
493.0,"The Federal Reserve is committed to using its full range of tools to support the U.S. economy in this challenging time, thereby promoting its maximum employment and price stability goals.

The coronavirus outbreak is causing tremendous human and economic ",statement,"The Federal Reserve is committed to using its full range of tools to support the U.S. economy in this challenging time, thereby promoting its maximum employment and price stability goals. The coronavirus outbreak is causing tremendous human and economic h","This assessment will take into account a wide range of information, including measures of labor market conditions, indicators of inflation pressures and inflation expectations, and readings on financial and international developments.",N,2020-06-10 00:00:00,True,,,,,,
1330.0,"Information received since the Federal Open Market Committee met in March suggests that economic activity has been expanding at a moderate pace. Labor market conditions have shown some improvement in recent months, on balance, but the unemployment rate re",statement,"Information received since the Federal Open Market Committee met in March suggests that economic activity has been expanding at a moderate pace. Labor market conditions have shown some improvement in recent months, on balance, but the unemployment rate re",Longer-term inflation expectations have remained stable.,N,2013-05-01 00:00:00,True,,,,,,
277.0,"Recent indicators point to modest growth in spending and production. Job gains have been robust in recent months, and the unemployment rate has remained low. Inflation remains elevated, reflecting supply and demand imbalances related to the pandemic, high",statement,"Recent indicators point to modest growth in spending and production. Job gains have been robust in recent months, and the unemployment rate has remained low. Inflation remains elevated, reflecting supply and demand imbalances related to the pandemic, high",The Committee anticipates that ongoing increases in the target range will be appropriate in order to attain a stance of monetary policy that is sufficiently restrictive to return inflation to 2 percent over time.,H,2022-12-14 00:00:00,True,,,,,,
1864.0,"The Federal Open Market Committee decided today to raise its target for the federal funds rate by 25 basis points to 1-1/2 percent.

The Committee believes that, even after this action, the stance of monetary policy remains accommodative and, coupled with",statement,"The Federal Open Market Committee decided today to raise its target for the federal funds rate by 25 basis points to 1-1/2 percent. The Committee believes that, even after this action, the stance of monetary policy remains accommodative and, coupled with ","The Committee believes that, even after this action, the stance of monetary policy remains accommodative and, coupled with robust underlying growth in productivity, is providing ongoing support to economic activity.",D,2004-08-10 00:00:00,True,,,,,,
358.0,"The Federal Reserve is committed to using its full range of tools to support the U.S. economy in this challenging time, thereby promoting its maximum employment and price stability goals.

With progress on vaccinations and strong policy support, indicator",statement,"The Federal Reserve is committed to using its full range of tools to support the U.S. economy in this challenging time, thereby promoting its maximum employment and price stability goals. With progress on vaccinations and strong policy support, indicators","With inflation having exceeded 2 percent for some time, the Committee expects it will be appropriate to maintain this target range until labor market conditions have reached levels consistent with the Committee's assessments of maximum employment.",MD,2021-12-15 00:00:00,True,,,,,,
1779.0,"The Federal Open Market Committee decided today to keep its target for the federal funds rate at 5-1/4 percent. 
Economic growth has moderated from its quite strong pace earlier this year, partly reflecting a gradual cooling of the housing market and the ",statement,"The Federal Open Market Committee decided today to keep its target for the federal funds rate at 5-1/4 percent. Economic growth has moderated from its quite strong pace earlier this year, partly reflecting a gradual cooling of the housing market and the l","The extent and timing of any additional firming that may be needed to address these risks will depend on the evolution of the outlook for both inflation and economic growth, as implied by incoming information.",N,2006-08-08 00:00:00,True,,,,,,
236.0,"Recent indicators suggest that economic activity has continued to expand at a modest pace. Job gains have been robust in recent months, and the unemployment rate has remained low. Inflation remains elevated.

The U.S. banking system is sound and resilient",statement,"Recent indicators suggest that economic activity has continued to expand at a modest pace. Job gains have been robust in recent months, and the unemployment rate has remained low. Inflation remains elevated. The U.S. banking system is sound and resilient.","The Committee's assessments will take into account a wide range of information, including readings on labor market conditions, inflation pressures and inflation expectations, and financial and international developments.",N,2023-06-14 00:00:00,True,,,,,,
551.0,"Information received since the Federal Open Market Committee met in September indicates that the labor market remains strong and that economic activity has been rising at a moderate rate. Job gains have been solid, on average, in recent months, and the un",statement,"Information received since the Federal Open Market Committee met in September indicates that the labor market remains strong and that economic activity has been rising at a moderate rate. Job gains have been solid, on average, in recent months, and the un","In determining the timing and size of future adjustments to the target range for the federal funds rate, the Committee will assess realized and expected economic conditions relative to its maximum employment objective and its symmetric 2 percent inflation",MD,2019-10-30 00:00:00,True,,,,,,
1885.0,"The Federal Open Market Committee decided today to keep its target for the federal funds rate at 1 percent.

The Committee continues to believe that an accommodative stance of monetary policy, coupled with robust underlying growth in productivity, is prov",statement,"The Federal Open Market Committee decided today to keep its target for the federal funds rate at 1 percent. The Committee continues to believe that an accommodative stance of monetary policy, coupled with robust underlying growth in productivity, is provi",The Committee perceives that the upside and downside risks to the attainment of sustainable growth for the next few quarters are roughly equal.,N,2004-01-28 00:00:00,True,,,,,,
905.0,"Information received since the Federal Open Market Committee met in April indicates that the pace of improvement in the labor market has slowed while growth in economic activity appears to have picked up. Although the unemployment rate has declined, job g",statement,"Information received since the Federal Open Market Committee met in April indicates that the pace of improvement in the labor market has slowed while growth in economic activity appears to have picked up. Although the unemployment rate has declined, job g",The Committee continues to closely monitor inflation indicators and global economic and financial developments.,N,2016-06-15 00:00:00,True,,,,,,
208.0,"Recent indicators suggest that economic activity has been expanding at a solid pace. Job gains have slowed in recent months but remain strong, and the unemployment rate has remained low. Inflation remains elevated.

The U.S. banking system is sound and re",statement,"Recent indicators suggest that economic activity has been expanding at a solid pace. Job gains have slowed in recent months but remain strong, and the unemployment rate has remained low. Inflation remains elevated. The U.S. banking system is sound and res",The Committee seeks to achieve maximum employment and inflation at the rate of 2 percent over the longer run.,MD,2023-09-20 00:00:00,True,,,,,,
1770.0,"The Federal Open Market Committee decided today to keep its target for the federal funds rate at 5-1/4 percent.
The moderation in economic growth appears to be continuing, partly reflecting a cooling of the housing market.
Readings on core inflation have ",statement,"The Federal Open Market Committee decided today to keep its target for the federal funds rate at 5-1/4 percent. The moderation in economic growth appears to be continuing, partly reflecting a cooling of the housing market. Readings on core inflation have ","The moderation in economic growth appears to be continuing, partly reflecting a cooling of the housing market.",N,2006-09-20 00:00:00,True,,,,,,
1573.0,"Information received since the Federal Open Market Committee met in June indicates that the pace of recovery in output and employment has slowed in recent months. Household spending is increasing gradually, but remains constrained by high unemployment, mo",statement,"Information received since the Federal Open Market Committee met in June indicates that the pace of recovery in output and employment has slowed in recent months. Household spending is increasing gradually, but remains constrained by high unemployment, mo","The Committee will maintain the target range for the federal funds rate at 0 to 1/4 percent and continues to anticipate that economic conditions, including low rates of resource utilization, subdued inflation trends, and stable inflation expectations, are",D,2010-08-10 00:00:00,True,,,,,,
58.0,"Although swings in net exports continue to affect the data, recent indicators suggest that growth of economic activity moderated in the first half of the year. The unemployment rate remains low, and labor market conditions remain solid. Inflation remains ",statement,"Although swings in net exports continue to affect the data, recent indicators suggest that growth of economic activity moderated in the first half of the year. The unemployment rate remains low, and labor market conditions remain solid. Inflation remains ",The Committee is strongly committed to supporting maximum employment and returning inflation to its 2 percent objective.,MD,2025-07-30 00:00:00,True,,,,,,
631.0,"Information received since the Federal Open Market Committee met in November indicates that the labor market has continued to strengthen and that economic activity has been rising at a strong rate. Job gains have been strong, on average, in recent months,",statement,"Information received since the Federal Open Market Committee met in November indicates that the labor market has continued to strengthen and that economic activity has been rising at a strong rate. Job gains have been strong, on average, in recent months,","In determining the timing and size of future adjustments to the target range for the federal funds rate, the Committee will assess realized and expected economic conditions relative to its maximum employment objective and its symmetric 2 percent inflation",MD,2018-12-19 00:00:00,True,,,,,,
1805.0,"Release Date: November 1, 2005 
      
For immediate release
      The Federal Open Market Committee decided today to raise its target for 
        the federal funds rate by 25 basis points to 4 percent.
       Elevated energy prices and hurricane-related",statement,"Release Date: November 1, 2005 For immediate release The Federal Open Market Committee decided today to raise its target for the federal funds rate by 25 basis points to 4 percent. Elevated energy prices and hurricane-related disruptions in economic activ","However, monetary policy accommodation, coupled with robust underlying growth in productivity, is providing ongoing support to economic activity that will likely be augmented by planned rebuilding in the hurricane-affected areas.",D,2005-11-01 00:00:00,True,,,,,,
1877.0,"The Federal Open Market Committee decided today to keep its target for 
        the federal funds rate at 1 percent.
       The Committee continues to believe that an accommodative stance of monetary 
        policy, coupled with robust underlying growth ",statement,"The Federal Open Market Committee decided today to keep its target for the federal funds rate at 1 percent. The Committee continues to believe that an accommodative stance of monetary policy, coupled with robust underlying growth in productivity, is provi",The Committee perceives the upside and downside risks to the attainment of sustainable growth for the next few quarters are roughly equal.,N,2004-05-04 00:00:00,True,,,,,,
1965.0,"The Federal Open Market Committee at its meeting today decided to lower its target for the federal funds rate by 25 basis points to 3-3/4 percent.  In a related action, the Board of Governors approved a 25 basis point reduction in the discount rate to 3-1",statement,"The Federal Open Market Committee at its meeting today decided to lower its target for the federal funds rate by 25 basis points to 3-3/4 percent. In a related action, the Board of Governors approved a 25 basis point reduction in the discount rate to 3-1/","The patterns evident in recent months--declining profitability and business capital spending, weak expansion of consumption, and slowing growth abroad--continue to weigh on the economy.",MD,2001-05-15 00:00:00,False,,,,,,
363.0,"The Federal Reserve is committed to using its full range of tools to support the U.S. economy in this challenging time, thereby promoting its maximum employment and price stability goals.

With progress on vaccinations and strong policy support, indicator",statement,"The Federal Reserve is committed to using its full range of tools to support the U.S. economy in this challenging time, thereby promoting its maximum employment and price stability goals. With progress on vaccinations and strong policy support, indicators","The Federal Reserve is committed to using its full range of tools to support the U.S. economy in this challenging time, thereby promoting its maximum employment and price stability goals.",D,2021-11-03 00:00:00,False,,,,,,
505.0,"The Federal Reserve is committed to use its full range of tools to support the U.S. economy in this challenging time and thereby promote its maximum employment and price stability goals.

The Federal Open Market Committee is taking further actions to supp",statement,The Federal Reserve is committed to use its full range of tools to support the U.S. economy in this challenging time and thereby promote its maximum employment and price stability goals. The Federal Open Market Committee is taking further actions to suppo,The Federal Reserve is committed to use its full range of tools to support the U.S. economy in this challenging time and thereby promote its maximum employment and price stability goals.,D,2020-03-23 00:00:00,False,,,,,,
1288.0,"Information received since the Federal Open Market Committee met in July suggests that economic activity has been expanding at a moderate pace. Some indicators of labor market conditions have shown further improvement in recent months, but the unemploymen",statement,"Information received since the Federal Open Market Committee met in July suggests that economic activity has been expanding at a moderate pace. Some indicators of labor market conditions have shown further improvement in recent months, but the unemploymen","Taken together, these actions should maintain downward pressure on longer-term interest rates, support mortgage markets, and help to make broader financial conditions more accommodative, which in turn should promote a stronger economic recovery and help t",D,2013-09-18 00:00:00,True,,,,,,
2014.0,"The Federal Open Market Committee voted today to raise its target for the federal funds rate by 50 basis points to 6-1/2 percent.  In a related action, the Board of Governors approved a 50 basis point increase in the discount rate to 6 percent.

Increases",statement,"The Federal Open Market Committee voted today to raise its target for the federal funds rate by 50 basis points to 6-1/2 percent. In a related action, the Board of Governors approved a 50 basis point increase in the discount rate to 6 percent. Increases i","Against the background of its long-term goals of price stability and sustainable economic growth and of the information already available, the Committee believes the risks are weighted mainly toward conditions that may generate heightened inflation pressu",MH,2026-04-29 00:00:00,False,,,,,,
1616.0,"Information received since the Federal Open Market Committee met in September suggests that economic activity has continued to pick up. Conditions in financial markets were roughly unchanged, on balance, over the intermeeting period. Activity in the housi",statement,"Information received since the Federal Open Market Committee met in September suggests that economic activity has continued to pick up. Conditions in financial markets were roughly unchanged, on balance, over the intermeeting period. Activity in the housi","In these circumstances, the Federal Reserve will continue to employ a wide range of tools to promote economic recovery and to preserve price stability.",MH,2009-11-04 00:00:00,True,,,,,,
1225.0,Information received since the Federal Open Market Committee met in December indicates that growth in economic activity picked up in recent quarters. Labor market indicators were mixed but on balance showed further improvement. The unemployment rate decli,statement,Information received since the Federal Open Market Committee met in December indicates that growth in economic activity picked up in recent quarters. Labor market indicators were mixed but on balance showed further improvement. The unemployment rate decli,"Fiscal policy is restraining economic growth, although the extent of restraint is diminishing.",N,2014-01-29 00:00:00,True,,,,,,
849.0,Information received since the Federal Open Market Committee met in November indicates that the labor market has continued to strengthen and that economic activity has been expanding at a moderate pace since mid-year. Job gains have been solid in recent m,statement,Information received since the Federal Open Market Committee met in November indicates that the labor market has continued to strengthen and that economic activity has been expanding at a moderate pace since mid-year. Job gains have been solid in recent m,"The stance of monetary policy remains accommodative, thereby supporting some further strengthening in labor market conditions and a return to 2 percent inflation.",D,2016-12-14 00:00:00,True,,,,,,
1994.0,"The Federal Open Market Committee at its meeting today decided to maintain the existing stance of monetary policy, keeping its target for the federal funds rate at 6-1/2 percent. 

The utilization of the pool of available workers remains at an unusually h",statement,"The Federal Open Market Committee at its meeting today decided to maintain the existing stance of monetary policy, keeping its target for the federal funds rate at 6-1/2 percent. The utilization of the pool of available workers remains at an unusually hig","However, softening in business and household demand and tightening conditions in financial markets over recent months suggest that the economy could expand for a time at a pace below the productivity-enhanced rate of growth of its potential to produce.",MD,2000-10-03 00:00:00,False,,,,,,
1326.0,"Information received since the Federal Open Market Committee met in March suggests that economic activity has been expanding at a moderate pace. Labor market conditions have shown some improvement in recent months, on balance, but the unemployment rate re",statement,"Information received since the Federal Open Market Committee met in March suggests that economic activity has been expanding at a moderate pace. Labor market conditions have shown some improvement in recent months, on balance, but the unemployment rate re",Information received since the Federal Open Market Committee met in March suggests that economic activity has been expanding at a moderate pace.,N,2013-05-01 00:00:00,True,,,,,,
118.0,"Recent indicators suggest that economic activity has continued to expand at a solid pace. Job gains have slowed, and the unemployment rate has moved up but remains low. Inflation has made further progress toward the Committee's 2 percent objective but rem",statement,"Recent indicators suggest that economic activity has continued to expand at a solid pace. Job gains have slowed, and the unemployment rate has moved up but remains low. Inflation has made further progress toward the Committee's 2 percent objective but rem","In light of the progress on inflation and the balance of risks, the Committee decided to lower the target range for the federal funds rate by 1/2 percentage point to 4-3/4 to 5 percent.",D,2024-09-18 00:00:00,True,,,,,,
1258.0,Information received since the Federal Open Market Committee met in October indicates that economic activity is expanding at a moderate pace. Labor market conditions have shown further improvement; the unemployment rate has declined but remains elevated. ,statement,Information received since the Federal Open Market Committee met in October indicates that economic activity is expanding at a moderate pace. Labor market conditions have shown further improvement; the unemployment rate has declined but remains elevated. ,"In determining how long to maintain a highly accommodative stance of monetary policy, the Committee will also consider other information, including additional measures of labor market conditions, indicators of inflation pressures and inflation expectation",D,2013-12-18 00:00:00,True,,,,,,
772.0,"Information received since the Federal Open Market Committee met in June indicates that the labor market has continued to strengthen and that economic activity has been rising moderately so far this year. Job gains have been solid, on average, since the b",statement,"Information received since the Federal Open Market Committee met in June indicates that the labor market has continued to strengthen and that economic activity has been rising moderately so far this year. Job gains have been solid, on average, since the b","survey-based measures of longer-term inflation expectations are little changed, on balance.",N,2017-07-26 00:00:00,True,,,,,,
522.0,"The fundamentals of the U.S. economy remain strong. However, the coronavirus poses evolving risks to economic activity. In light of these risks and in support of achieving its maximum employment and price stability goals, the Federal Open Market Committee",statement,"The fundamentals of the U.S. economy remain strong. However, the coronavirus poses evolving risks to economic activity. In light of these risks and in support of achieving its maximum employment and price stability goals, the Federal Open Market Committee","In light of these risks and in support of achieving its maximum employment and price stability goals, the Federal Open Market Committee decided today to lower the target range for the federal funds rate by 1/2 percentage point, to 1 to 1√¢¬Ä¬ë1/4 percent.",D,2020-03-03 00:00:00,True,,,,,,
513.0,"The coronavirus outbreak has harmed communities and disrupted economic activity in many countries, including the United States. Global financial conditions have also been significantly affected. Available economic data show that the U.S. economy came into",statement,"The coronavirus outbreak has harmed communities and disrupted economic activity in many countries, including the United States. Global financial conditions have also been significantly affected. Available economic data show that the U.S. economy came into","Consistent with its statutory mandate, the Committee seeks to foster maximum employment and price stability.",MD,2020-03-15 00:00:00,True,,,,,,
81.0,"Recent indicators suggest that economic activity has continued to expand at a solid pace. The unemployment rate has stabilized at a low level in recent months, and labor market conditions remain solid. Inflation remains somewhat elevated.

The Committee s",statement,"Recent indicators suggest that economic activity has continued to expand at a solid pace. The unemployment rate has stabilized at a low level in recent months, and labor market conditions remain solid. Inflation remains somewhat elevated. The Committee se","In assessing the appropriate stance of monetary policy, the Committee will continue to monitor the implications of incoming information for the economic outlook.",N,2025-03-19 00:00:00,True,,,,,,
1368.0,"Information received since the Federal Open Market Committee met in October suggests that economic activity and employment have continued to expand at a moderate pace in recent months, apart from weather-related disruptions. Although the unemployment rate",statement,"Information received since the Federal Open Market Committee met in October suggests that economic activity and employment have continued to expand at a moderate pace in recent months, apart from weather-related disruptions. Although the unemployment rate","Information received since the Federal Open Market Committee met in October suggests that economic activity and employment have continued to expand at a moderate pace in recent months, apart from weather-related disruptions.",N,2012-12-12 00:00:00,True,,,,,,
1103.0,"Information received since the Federal Open Market Committee met in October suggests that economic activity is expanding at a moderate pace. Labor market conditions improved further, with solid job gains and a lower unemployment rate. On balance, a range ",statement,"Information received since the Federal Open Market Committee met in October suggests that economic activity is expanding at a moderate pace. Labor market conditions improved further, with solid job gains and a lower unemployment rate. On balance, a range ","In determining how long to maintain this target range, the Committee will assess progress--both realized and expected--toward its objectives of maximum employment and 2 percent inflation.",MD,2014-12-17 00:00:00,True,,,,,,
380.0,"The Federal Reserve is committed to using its full range of tools to support the U.S. economy in this challenging time, thereby promoting its maximum employment and price stability goals.

With progress on vaccinations and strong policy support, indicator",statement,"The Federal Reserve is committed to using its full range of tools to support the U.S. economy in this challenging time, thereby promoting its maximum employment and price stability goals. With progress on vaccinations and strong policy support, indicators",The Committee expects to maintain an accommodative stance of monetary policy until these outcomes are achieved.,D,2021-09-22 00:00:00,True,,,,,,
1036.0,Information received since the Federal Open Market Committee met in April suggests that economic activity has been expanding moderately after having changed little during the first quarter. The pace of job gains picked up while the unemployment rate remai,statement,Information received since the Federal Open Market Committee met in April suggests that economic activity has been expanding moderately after having changed little during the first quarter. The pace of job gains picked up while the unemployment rate remai,"The Committee currently anticipates that, even after employment and inflation are near mandate-consistent levels, economic conditions may, for some time, warrant keeping the target federal funds rate below levels the Committee views as normal in the longe",D,2015-06-17 00:00:00,True,,,,,,
1703.0,"The Federal Open Market Committee decided today to lower its target for the federal funds rate 75 basis points to 2-1/4 percent.
Recent information indicates that the outlook for economic activity has weakened further. Growth in consumer spending has slow",statement,The Federal Open Market Committee decided today to lower its target for the federal funds rate 75 basis points to 2-1/4 percent. Recent information indicates that the outlook for economic activity has weakened further. Growth in consumer spending has slow,"However, downside risks to growth remain.",N,2008-03-18 00:00:00,True,,,,,,
84.0,"Recent indicators suggest that economic activity has continued to expand at a solid pace. The unemployment rate has stabilized at a low level in recent months, and labor market conditions remain solid. Inflation remains somewhat elevated.

The Committee s",statement,"Recent indicators suggest that economic activity has continued to expand at a solid pace. The unemployment rate has stabilized at a low level in recent months, and labor market conditions remain solid. Inflation remains somewhat elevated. The Committee se",Recent indicators suggest that economic activity has continued to expand at a solid pace.,MH,2025-01-29 00:00:00,True,,,,,,
1692.0,"The Federal Open Market Committee decided today to lower its target for the federal funds rate 25 basis points to 2 percent. 
Recent information indicates that economic activity remains weak. Household and business spending has been subdued and labor mark",statement,The Federal Open Market Committee decided today to lower its target for the federal funds rate 25 basis points to 2 percent. Recent information indicates that economic activity remains weak. Household and business spending has been subdued and labor marke,It will be necessary to continue to monitor inflation developments carefully.,N,2008-04-30 00:00:00,True,,,,,,
329.0,"Although overall economic activity edged down in the first quarter, household spending and business fixed investment remained strong. Job gains have been robust in recent months, and the unemployment rate has declined substantially. Inflation remains elev",statement,"Although overall economic activity edged down in the first quarter, household spending and business fixed investment remained strong. Job gains have been robust in recent months, and the unemployment rate has declined substantially. Inflation remains elev",The Committee seeks to achieve maximum employment and inflation at the rate of 2 percent over the longer run.,MD,2022-05-04 00:00:00,True,,,,,,
6.0,"Recent indicators suggest that economic activity has been expanding at a solid pace. Job gains have remained low, on average, and the unemployment rate has been little changed in recent months. Inflation is elevated, in part reflecting the recent increase",statement,"Recent indicators suggest that economic activity has been expanding at a solid pace. Job gains have remained low, on average, and the unemployment rate has been little changed in recent months. Inflation is elevated, in part reflecting the recent increase","Job gains have remained low, on average, and the unemployment rate has been little changed in recent months.",N,2026-04-29 00:00:00,True,,,,,,
1328.0,"Information received since the Federal Open Market Committee met in March suggests that economic activity has been expanding at a moderate pace. Labor market conditions have shown some improvement in recent months, on balance, but the unemployment rate re",statement,"Information received since the Federal Open Market Committee met in March suggests that economic activity has been expanding at a moderate pace. Labor market conditions have shown some improvement in recent months, on balance, but the unemployment rate re","Household spending and business fixed investment advanced, and the housing sector has strengthened further, but fiscal policy is restraining economic growth.",N,2013-05-01 00:00:00,True,,,,,,
1618.0,"Information received since the Federal Open Market Committee met in August suggests that economic activity has picked up following its severe downturn.¬† Conditions in financial markets have improved further, and activity in the housing sector has increas",statement,"Information received since the Federal Open Market Committee met in August suggests that economic activity has picked up following its severe downturn. Conditions in financial markets have improved further, and activity in the housing sector has increased",Information received since the Federal Open Market Committee met in August suggests that economic activity has picked up following its severe downturn.,N,2009-09-22 00:00:00,True,,,,,,
922.0,"Information received since the Federal Open Market Committee met in March indicates that labor market conditions have improved further even as growth in economic activity appears to have slowed. Growth in household spending has moderated, although househo",statement,"Information received since the Federal Open Market Committee met in March indicates that labor market conditions have improved further even as growth in economic activity appears to have slowed. Growth in household spending has moderated, although househo","In determining the timing and size of future adjustments to the target range for the federal funds rate, the Committee will assess realized and expected economic conditions relative to its objectives of maximum employment and 2 percent inflation.",MD,2016-04-27 00:00:00,True,,,,,,
881.0,"Information received since the Federal Open Market Committee met in June indicates that the labor market strengthened and that economic activity has been expanding at a moderate rate. Job gains were strong in June following weak growth in May. On balance,",statement,"Information received since the Federal Open Market Committee met in June indicates that the labor market strengthened and that economic activity has been expanding at a moderate rate. Job gains were strong in June following weak growth in May. On balance,",Information received since the Federal Open Market Committee met in June indicates that the labor market strengthened and that economic activity has been expanding at a moderate rate.,N,2016-07-27 00:00:00,True,,,,,,
451.0,"The Federal Reserve is committed to using its full range of tools to support the U.S. economy in this challenging time, thereby promoting its maximum employment and price stability goals.

The COVID-19 pandemic is causing tremendous human and economic har",statement,"The Federal Reserve is committed to using its full range of tools to support the U.S. economy in this challenging time, thereby promoting its maximum employment and price stability goals. The COVID-19 pandemic is causing tremendous human and economic hard","In addition, the Federal Reserve will continue to increase its holdings of Treasury securities by at least $80 billion per month and of agency mortgage-backed securities by at least $40 billion per month until substantial further progress has been made to",D,2020-12-16 00:00:00,True,,,,,,
490.0,"The Federal Reserve is committed to using its full range of tools to support the U.S. economy in this challenging time, thereby promoting its maximum employment and price stability goals.

The coronavirus outbreak is causing tremendous human and economic ",statement,"The Federal Reserve is committed to using its full range of tools to support the U.S. economy in this challenging time, thereby promoting its maximum employment and price stability goals. The coronavirus outbreak is causing tremendous human and economic h",The Committee expects to maintain this target range until it is confident that the economy has weathered recent events and is on track to achieve its maximum employment and price stability goals.,MD,2020-06-10 00:00:00,True,,,,,,
1493.0,Information received since the Federal Open Market Committee met in June indicates that economic growth so far this year has been considerably slower than the Committee had expected.¬† Indicators suggest a deterioration in overall labor market conditions ,statement,Information received since the Federal Open Market Committee met in June indicates that economic growth so far this year has been considerably slower than the Committee had expected. Indicators suggest a deterioration in overall labor market conditions in,"The Committee also anticipates that inflation will settle, over coming quarters, at levels at or below those consistent with the Committee's dual mandate as the effects of past energy and other commodity price increases dissipate further.",N,2011-08-09 00:00:00,True,,,,,,
287.0,"Recent indicators point to modest growth in spending and production. Job gains have been robust in recent months, and the unemployment rate has remained low. Inflation remains elevated, reflecting supply and demand imbalances related to the pandemic, high",statement,"Recent indicators point to modest growth in spending and production. Job gains have been robust in recent months, and the unemployment rate has remained low. Inflation remains elevated, reflecting supply and demand imbalances related to the pandemic, high",The Committee is highly attentive to inflation risks.,N,2022-11-02 00:00:00,True,,,,,,
1251.0,Information received since the Federal Open Market Committee met in October indicates that economic activity is expanding at a moderate pace. Labor market conditions have shown further improvement; the unemployment rate has declined but remains elevated. ,statement,Information received since the Federal Open Market Committee met in October indicates that economic activity is expanding at a moderate pace. Labor market conditions have shown further improvement; the unemployment rate has declined but remains elevated. ,"In light of the cumulative progress toward maximum employment and the improvement in the outlook for labor market conditions, the Committee decided to modestly reduce the pace of its asset purchases.",H,2013-12-18 00:00:00,True,,,,,,
2004.0,"The Federal Open Market Committee at its meeting today decided to maintain the existing stance of monetary policy, keeping its target for the federal funds rate at 6-1/2 percent.

	Recent data have indicated that the expansion of aggregate demand is moder",statement,"The Federal Open Market Committee at its meeting today decided to maintain the existing stance of monetary policy, keeping its target for the federal funds rate at 6-1/2 percent. Recent data have indicated that the expansion of aggregate demand is moderat",The data also have indicated that more rapid advances in productivity have been raising that potential growth rate as well as containing costs and holding down underlying price pressures.,N,2000-06-28 00:00:00,False,,,,,,
1379.0,"Information received since the Federal Open Market Committee met in October suggests that economic activity and employment have continued to expand at a moderate pace in recent months, apart from weather-related disruptions. Although the unemployment rate",statement,"Information received since the Federal Open Market Committee met in October suggests that economic activity and employment have continued to expand at a moderate pace in recent months, apart from weather-related disruptions. Although the unemployment rate","In particular, the Committee decided to keep the target range for the federal funds rate at 0 to 1/4 percent and currently anticipates that this exceptionally low range for the federal funds rate will be appropriate at least as long as the unemployment ra",D,2012-12-12 00:00:00,True,,,,,,
1996.0,"The Federal Open Market Committee at its meeting today decided to maintain the existing stance of monetary policy, keeping its target for the federal funds rate at 6-1/2 percent.


Recent data have indicated that the expansion of aggregate demand has mode",statement,"The Federal Open Market Committee at its meeting today decided to maintain the existing stance of monetary policy, keeping its target for the federal funds rate at 6-1/2 percent. Recent data have indicated that the expansion of aggregate demand has modera","The Federal Open Market Committee at its meeting today decided to maintain the existing stance of monetary policy, keeping its target for the federal funds rate at 6-1/2 percent.",H,2000-08-22 00:00:00,True,,,,,,
759.0,"Information received since the Federal Open Market Committee met in July indicates that the labor market has continued to strengthen and that economic activity has been rising moderately so far this year. Job gains have remained solid in recent months, an",statement,"Information received since the Federal Open Market Committee met in July indicates that the labor market has continued to strengthen and that economic activity has been rising moderately so far this year. Job gains have remained solid in recent months, an","Storm-related disruptions and rebuilding will affect economic activity in the near term, but past experience suggests that the storms are unlikely to materially alter the course of the national economy over the medium term.",N,2017-09-20 00:00:00,True,,,,,,
807.0,"Information received since the Federal Open Market Committee met in March indicates that the labor market has continued to strengthen even as growth in economic activity slowed. Job gains were solid, on average, in recent months, and the unemployment rate",statement,"Information received since the Federal Open Market Committee met in March indicates that the labor market has continued to strengthen even as growth in economic activity slowed. Job gains were solid, on average, in recent months, and the unemployment rate","The stance of monetary policy remains accommodative, thereby supporting some further strengthening in labor market conditions and a sustained return to 2 percent inflation.",D,2017-05-03 00:00:00,True,,,,,,
1716.0,"The Federal Open Market Committee decided today to lower its target for the federal funds rate 25 basis points to 4-1/4 percent.
Incoming information suggests that economic growth is slowing, reflecting the intensification of the housing correction and so",statement,"The Federal Open Market Committee decided today to lower its target for the federal funds rate 25 basis points to 4-1/4 percent. Incoming information suggests that economic growth is slowing, reflecting the intensification of the housing correction and so","elevated energy and commodity prices, among other factors, may put upward pressure on inflation.",MH,2007-12-11 00:00:00,True,,,,,,
836.0,Information received since the Federal Open Market Committee met in December indicates that the labor market has continued to strengthen and that economic activity has continued to expand at a moderate pace. Job gains remained solid and the unemployment r,statement,Information received since the Federal Open Market Committee met in December indicates that the labor market has continued to strengthen and that economic activity has continued to expand at a moderate pace. Job gains remained solid and the unemployment r,"This assessment will take into account a wide range of information, including measures of labor market conditions, indicators of inflation pressures and inflation expectations, and readings on financial and international developments.",N,2017-02-01 00:00:00,True,,,,,,
886.0,"Information received since the Federal Open Market Committee met in June indicates that the labor market strengthened and that economic activity has been expanding at a moderate rate. Job gains were strong in June following weak growth in May. On balance,",statement,"Information received since the Federal Open Market Committee met in June indicates that the labor market strengthened and that economic activity has been expanding at a moderate rate. Job gains were strong in June following weak growth in May. On balance,","Consistent with its statutory mandate, the Committee seeks to foster maximum employment and price stability.",MD,2016-07-27 00:00:00,True,,,,,,
1233.0,Information received since the Federal Open Market Committee met in December indicates that growth in economic activity picked up in recent quarters. Labor market indicators were mixed but on balance showed further improvement. The unemployment rate decli,statement,Information received since the Federal Open Market Committee met in December indicates that growth in economic activity picked up in recent quarters. Labor market indicators were mixed but on balance showed further improvement. The unemployment rate decli,"The Committee's sizable and still-increasing holdings of longer-term securities should maintain downward pressure on longer-term interest rates, support mortgage markets, and help to make broader financial conditions more accommodative, which in turn shou",D,2014-01-29 00:00:00,True,,,,,,
1177.0,"Information received since the Federal Open Market Committee met in April indicates that growth in economic activity has rebounded in recent months. Labor market indicators generally showed further improvement. The unemployment rate, though lower, remains",statement,"Information received since the Federal Open Market Committee met in April indicates that growth in economic activity has rebounded in recent months. Labor market indicators generally showed further improvement. The unemployment rate, though lower, remains","However, asset purchases are not on a preset course, and the Committee's decisions about their pace will remain contingent on the Committee's outlook for the labor market and inflation as well as its assessment of the likely efficacy and costs of such pur",MH,2014-06-18 00:00:00,True,,,,,,
1664.0,"The Federal Open Market Committee decided today to keep its target for the federal funds rate at 2 percent.
Strains in financial markets have increased significantly and labor markets have weakened further. Economic growth appears to have slowed recently,",statement,"The Federal Open Market Committee decided today to keep its target for the federal funds rate at 2 percent. Strains in financial markets have increased significantly and labor markets have weakened further. Economic growth appears to have slowed recently,","Economic growth appears to have slowed recently, partly reflecting a softening of household spending.",MD,2008-09-16 00:00:00,True,,,,,,
327.0,"Although overall economic activity edged down in the first quarter, household spending and business fixed investment remained strong. Job gains have been robust in recent months, and the unemployment rate has declined substantially. Inflation remains elev",statement,"Although overall economic activity edged down in the first quarter, household spending and business fixed investment remained strong. Job gains have been robust in recent months, and the unemployment rate has declined substantially. Inflation remains elev",The invasion and related events are creating additional upward pressure on inflation and are likely to weigh on economic activity.,MH,2022-05-04 00:00:00,True,,,,,,
442.0,"The Federal Reserve is committed to using its full range of tools to support the U.S. economy in this challenging time, thereby promoting its maximum employment and price stability goals.

The COVID-19 pandemic is causing tremendous human and economic har",statement,"The Federal Reserve is committed to using its full range of tools to support the U.S. economy in this challenging time, thereby promoting its maximum employment and price stability goals. The COVID-19 pandemic is causing tremendous human and economic hard","The Committee's assessments will take into account a wide range of information, including readings on public health, labor market conditions, inflation pressures and inflation expectations, and financial and international developments.",N,2021-01-27 00:00:00,True,,,,,,
780.0,"Information received since the Federal Open Market Committee met in June indicates that the labor market has continued to strengthen and that economic activity has been rising moderately so far this year. Job gains have been solid, on average, since the b",statement,"Information received since the Federal Open Market Committee met in June indicates that the labor market has continued to strengthen and that economic activity has been rising moderately so far this year. Job gains have been solid, on average, since the b","This assessment will take into account a wide range of information, including measures of labor market conditions, indicators of inflation pressures and inflation expectations, and readings on financial and international developments.",N,2017-07-26 00:00:00,True,,,,,,
1887.0,"The Federal Open Market Committee decided today to keep its target for the federal funds rate at 1 percent.

The Committee continues to believe that an accommodative stance of monetary policy, coupled with robust underlying growth in productivity, is prov",statement,"The Federal Open Market Committee decided today to keep its target for the federal funds rate at 1 percent. The Committee continues to believe that an accommodative stance of monetary policy, coupled with robust underlying growth in productivity, is provi","With inflation quite low and resource use slack, the Committee believes that it can be patient in removing its policy accommodation.",D,2004-01-28 00:00:00,True,,,,,,
932.0,Information received since the Federal Open Market Committee met in January suggests that economic activity has been expanding at a moderate pace despite the global economic and financial developments of recent months. Household spending has been increasi,statement,Information received since the Federal Open Market Committee met in January suggests that economic activity has been expanding at a moderate pace despite the global economic and financial developments of recent months. Household spending has been increasi,to rise to 2 percent over the medium term as the transitory effects of declines in energy and import prices dissipate and the labor market strengthens further.,MH,2016-03-16 00:00:00,True,,,,,,
1268.0,"Information received since the Federal Open Market Committee met in September generally suggests that economic activity has continued to expand at a moderate pace. Indicators of labor market conditions have shown some further improvement, but the unemploy",statement,"Information received since the Federal Open Market Committee met in September generally suggests that economic activity has continued to expand at a moderate pace. Indicators of labor market conditions have shown some further improvement, but the unemploy","The Committee recognizes that inflation persistently below its 2 percent objective could pose risks to economic performance,",MD,2013-10-30 00:00:00,True,,,,,,
177.0,"Recent indicators suggest that economic activity has been expanding at a solid pace. Job gains have moderated since early last year but remain strong, and the unemployment rate has remained low. Inflation has eased over the past year but remains elevated.",statement,"Recent indicators suggest that economic activity has been expanding at a solid pace. Job gains have moderated since early last year but remain strong, and the unemployment rate has remained low. Inflation has eased over the past year but remains elevated.",The Committee is strongly committed to returning inflation to its 2 percent objective.,N,2024-01-31 00:00:00,True,,,,,,
1827.0,"Release Date: June 30, 2005 

For immediate release


The Federal Open Market Committee decided today to raise its target for the federal funds rate by 25 basis points to 3-1/4 percent. 
The Committee believes that, even after this action, the stance of m",statement,"Release Date: June 30, 2005 For immediate release The Federal Open Market Committee decided today to raise its target for the federal funds rate by 25 basis points to 3-1/4 percent. The Committee believes that, even after this action, the stance of moneta",longer-term inflation expectations remain well contained.,N,2005-06-30 00:00:00,True,,,,,,
1319.0,"Information received since the Federal Open Market Committee met in May suggests that economic activity has been expanding at a moderate pace. Labor market conditions have shown further improvement in recent months, on balance, but the unemployment rate r",statement,"Information received since the Federal Open Market Committee met in May suggests that economic activity has been expanding at a moderate pace. Labor market conditions have shown further improvement in recent months, on balance, but the unemployment rate r","To support a stronger economic recovery and to help ensure that inflation, over time, is at the rate most consistent with its dual mandate, the Committee decided to continue purchasing additional agency mortgage-backed securities at a pace of $40 billion ",D,2013-06-19 00:00:00,True,,,,,,
86.0,"Recent indicators suggest that economic activity has continued to expand at a solid pace. The unemployment rate has stabilized at a low level in recent months, and labor market conditions remain solid. Inflation remains somewhat elevated.

The Committee s",statement,"Recent indicators suggest that economic activity has continued to expand at a solid pace. The unemployment rate has stabilized at a low level in recent months, and labor market conditions remain solid. Inflation remains somewhat elevated. The Committee se",The Committee seeks to achieve maximum employment and inflation at the rate of 2 percent over the longer run.,MD,2025-01-29 00:00:00,True,,,,,,
1419.0,"Information received since the Federal Open Market Committee met in April suggests that the economy has been expanding moderately this year. However, growth in employment has slowed in recent months, and the unemployment rate remains elevated. Business fi",statement,"Information received since the Federal Open Market Committee met in April suggests that the economy has been expanding moderately this year. However, growth in employment has slowed in recent months, and the unemployment rate remains elevated. Business fi",The Committee anticipates that inflation over the medium term will run at or below the rate that it judges most consistent with its dual mandate.,MD,2012-06-20 00:00:00,True,,,,,,
1918.0,"The Federal Open Market Committee decided today to keep its target for the federal funds rate unchanged at 1-1/4 percent. 

Oil price premiums and other aspects of geopolitical risks have reportedly fostered continued restraint on spending and hiring by b",statement,The Federal Open Market Committee decided today to keep its target for the federal funds rate unchanged at 1-1/4 percent. Oil price premiums and other aspects of geopolitical risks have reportedly fostered continued restraint on spending and hiring by bus,"In these circumstances, the Committee believes that, against the background of its long-run goals of price stability and sustainable economic growth and of the information currently available, the risks are balanced with respect to the prospects for both ",N,2003-01-29 00:00:00,True,,,,,,
457.0,"The Federal Reserve is committed to using its full range of tools to support the U.S. economy in this challenging time, thereby promoting its maximum employment and price stability goals.

The COVID-19 pandemic is causing tremendous human and economic har",statement,"The Federal Reserve is committed to using its full range of tools to support the U.S. economy in this challenging time, thereby promoting its maximum employment and price stability goals. The COVID-19 pandemic is causing tremendous human and economic hard",Weaker demand and earlier declines in oil prices have been holding down consumer price inflation.,MD,2020-11-05 00:00:00,True,,,,,,
1924.0,"The Federal Open Market Committee decided today to lower its target for the federal funds rate by 50 basis points to 1 1/4 percent. In a related action, the Board of Governors approved a 50 basis point reduction in the discount rate to 3/4 percent. 

	The",statement,"The Federal Open Market Committee decided today to lower its target for the federal funds rate by 50 basis points to 1 1/4 percent. In a related action, the Board of Governors approved a 50 basis point reduction in the discount rate to 3/4 percent. The Co","With this action, the Committee believes that, against the background of its long-run goals of price stability and sustainable economic growth and of the information currently available, the risks are balanced with respect to the prospects for both goals ",N,2002-11-06 00:00:00,True,,,,,,
54.0,"Recent indicators suggest that growth of economic activity moderated in the first half of the year. Job gains have slowed, and the unemployment rate has edged up but remains low. Inflation has moved up and remains somewhat elevated.

The Committee seeks t",statement,"Recent indicators suggest that growth of economic activity moderated in the first half of the year. Job gains have slowed, and the unemployment rate has edged up but remains low. Inflation has moved up and remains somewhat elevated. The Committee seeks to","The Committee's assessments will take into account a wide range of information, including readings on labor market conditions, inflation pressures and inflation expectations, and financial and international developments.",N,2025-09-17 00:00:00,True,,,,,,
1514.0,Information received since the Federal Open Market Committee met in March indicates that the economic recovery is proceeding at a moderate pace and overall conditions in the labor market are improving gradually.¬† Household spending and business investmen,statement,Information received since the Federal Open Market Committee met in March indicates that the economic recovery is proceeding at a moderate pace and overall conditions in the labor market are improving gradually. Household spending and business investment ,"The Committee expects these effects to be transitory, but it will pay close attention to the evolution of inflation and inflation expectations.",N,2011-04-27 00:00:00,True,,,,,,
643.0,"Information received since the Federal Open Market Committee met in August indicates that the labor market has continued to strengthen and that economic activity has been rising at a strong rate. Job gains have been strong, on average, in recent months, a",statement,"Information received since the Federal Open Market Committee met in August indicates that the labor market has continued to strengthen and that economic activity has been rising at a strong rate. Job gains have been strong, on average, in recent months, a",Information received since the Federal Open Market Committee met in August indicates that the labor market has continued to strengthen and that economic activity has been rising at a strong rate.,MH,2018-09-26 00:00:00,True,,,,,,
677.0,"Information received since the Federal Open Market Committee met in March indicates that the labor market has continued to strengthen and that economic activity has been rising at a moderate rate. Job gains have been strong, on average, in recent months, ",statement,"Information received since the Federal Open Market Committee met in March indicates that the labor market has continued to strengthen and that economic activity has been rising at a moderate rate. Job gains have been strong, on average, in recent months, ",Market-based measures of inflation compensation remain low,MD,2018-05-02 00:00:00,True,,,,,,
221.0,"Recent indicators suggest that economic activity has been expanding at a moderate pace. Job gains have been robust in recent months, and the unemployment rate has remained low. Inflation remains elevated.

The U.S. banking system is sound and resilient. T",statement,"Recent indicators suggest that economic activity has been expanding at a moderate pace. Job gains have been robust in recent months, and the unemployment rate has remained low. Inflation remains elevated. The U.S. banking system is sound and resilient. Ti","In determining the extent of additional policy firming that may be appropriate to return inflation to 2 percent over time, the Committee will take into account the cumulative tightening of monetary policy, the lags with which monetary policy affects econo",H,2023-07-26 00:00:00,True,,,,,,
113.0,"Recent indicators suggest that economic activity has continued to expand at a solid pace. Job gains have slowed, and the unemployment rate has moved up but remains low. Inflation has made further progress toward the Committee's 2 percent objective but rem",statement,"Recent indicators suggest that economic activity has continued to expand at a solid pace. Job gains have slowed, and the unemployment rate has moved up but remains low. Inflation has made further progress toward the Committee's 2 percent objective but rem","Job gains have slowed, and the unemployment rate has moved up",MD,2024-09-18 00:00:00,True,,,,,,
1506.0,"Information received since the Federal Open Market Committee met in April indicates that the economic recovery is continuing at a moderate pace, though somewhat more slowly than the Committee had expected.¬† Also, recent labor market indicators have been ",statement,"Information received since the Federal Open Market Committee met in April indicates that the economic recovery is continuing at a moderate pace, though somewhat more slowly than the Committee had expected. Also, recent labor market indicators have been we","To promote the ongoing economic recovery and to help ensure that inflation, over time, is at levels consistent with its mandate, the Committee decided today to keep the target range for the federal funds rate at 0 to 1/4 percent.",D,2011-06-22 00:00:00,True,,,,,,
1237.0,Information received since the Federal Open Market Committee met in December indicates that growth in economic activity picked up in recent quarters. Labor market indicators were mixed but on balance showed further improvement. The unemployment rate decli,statement,Information received since the Federal Open Market Committee met in December indicates that growth in economic activity picked up in recent quarters. Labor market indicators were mixed but on balance showed further improvement. The unemployment rate decli,"To support continued progress toward maximum employment and price stability, the Committee today reaffirmed its view that a highly accommodative stance of monetary policy will remain appropriate for a considerable time after the asset purchase program end",D,2014-01-29 00:00:00,True,,,,,,
1380.0,"Information received since the Federal Open Market Committee met in October suggests that economic activity and employment have continued to expand at a moderate pace in recent months, apart from weather-related disruptions. Although the unemployment rate",statement,"Information received since the Federal Open Market Committee met in October suggests that economic activity and employment have continued to expand at a moderate pace in recent months, apart from weather-related disruptions. Although the unemployment rate","In determining how long to maintain a highly accommodative stance of monetary policy, the Committee will also consider other information, including additional measures of labor market conditions, indicators of inflation pressures and inflation expectation",D,2012-12-12 00:00:00,True,,,,,,
174.0,"Recent indicators suggest that economic activity has been expanding at a solid pace. Job gains have moderated since early last year but remain strong, and the unemployment rate has remained low. Inflation has eased over the past year but remains elevated.",statement,"Recent indicators suggest that economic activity has been expanding at a solid pace. Job gains have moderated since early last year but remain strong, and the unemployment rate has remained low. Inflation has eased over the past year but remains elevated.",The Committee judges that the risks to achieving its employment and inflation goals are moving into better balance.,N,2024-01-31 00:00:00,True,,,,,,
787.0,"Information received since the Federal Open Market Committee met in May indicates that the labor market has continued to strengthen and that economic activity has been rising moderately so far this year. Job gains have moderated but have been solid, on av",statement,"Information received since the Federal Open Market Committee met in May indicates that the labor market has continued to strengthen and that economic activity has been rising moderately so far this year. Job gains have moderated but have been solid, on av","Consistent with its statutory mandate, the Committee seeks to foster maximum employment and price stability.",MD,2017-06-14 00:00:00,True,,,,,,
589.0,"Information received since the Federal Open Market Committee met in May indicates that the labor market remains strong and that economic activity is rising at a moderate rate. Job gains have been solid, on average, in recent months, and the unemployment r",statement,"Information received since the Federal Open Market Committee met in May indicates that the labor market remains strong and that economic activity is rising at a moderate rate. Job gains have been solid, on average, in recent months, and the unemployment r","This assessment will take into account a wide range of information, including measures of labor market conditions, indicators of inflation pressures and inflation expectations, and readings on financial and international developments.",N,2019-06-19 00:00:00,True,,,,,,
1572.0,"Information received since the Federal Open Market Committee met in June indicates that the pace of recovery in output and employment has slowed in recent months. Household spending is increasing gradually, but remains constrained by high unemployment, mo",statement,"Information received since the Federal Open Market Committee met in June indicates that the pace of recovery in output and employment has slowed in recent months. Household spending is increasing gradually, but remains constrained by high unemployment, mo","Measures of underlying inflation have trended lower in recent quarters and, with substantial resource slack continuing to restrain cost pressures and longer-term inflation expectations stable, inflation is likely to be subdued for some time.",MD,2010-08-10 00:00:00,True,,,,,,
18.0,"Available indicators suggest that economic activity has been expanding at a solid pace. Job gains have remained low, and the unemployment rate has been little changed in recent months. Inflation remains somewhat elevated.

The Committee seeks to achieve m",statement,"Available indicators suggest that economic activity has been expanding at a solid pace. Job gains have remained low, and the unemployment rate has been little changed in recent months. Inflation remains somewhat elevated. The Committee seeks to achieve ma",The Committee would be prepared to adjust the stance of monetary policy as appropriate if risks emerge that could impede the attainment of the Committee's goals.,N,2026-03-18 00:00:00,True,,,,,,
423.0,"The Federal Reserve is committed to using its full range of tools to support the U.S. economy in this challenging time, thereby promoting its maximum employment and price stability goals.

The COVID-19 pandemic is causing tremendous human and economic har",statement,"The Federal Reserve is committed to using its full range of tools to support the U.S. economy in this challenging time, thereby promoting its maximum employment and price stability goals. The COVID-19 pandemic is causing tremendous human and economic hard",The Committee seeks to achieve maximum employment and inflation at the rate of 2 percent over the longer run.,MD,2021-03-17 00:00:00,True,,,,,,
1353.0,Information received since the Federal Open Market Committee met in January suggests a return to moderate economic growth following a pause late last year.¬† Labor market conditions have shown signs of improvement in recent months but the unemployment rat,statement,Information received since the Federal Open Market Committee met in January suggests a return to moderate economic growth following a pause late last year. Labor market conditions have shown signs of improvement in recent months but the unemployment rate ,"When the Committee decides to begin to remove policy accommodation, it will take a balanced approach consistent with its longer-run goals of maximum employment and inflation of 2 percent.",H,2013-03-20 00:00:00,True,,,,,,
285.0,"Recent indicators point to modest growth in spending and production. Job gains have been robust in recent months, and the unemployment rate has remained low. Inflation remains elevated, reflecting supply and demand imbalances related to the pandemic, high",statement,"Recent indicators point to modest growth in spending and production. Job gains have been robust in recent months, and the unemployment rate has remained low. Inflation remains elevated, reflecting supply and demand imbalances related to the pandemic, high","Inflation remains elevated, reflecting supply and demand imbalances related to the pandemic, higher food and energy prices, and broader price pressures.",MH,2022-11-02 00:00:00,True,,,,,,
1596.0,Information received since the Federal Open Market Committee met in January suggests that economic activity has continued to strengthen and that the labor market is stabilizing. Household spending is expanding at a moderate rate but remains constrained by,statement,Information received since the Federal Open Market Committee met in January suggests that economic activity has continued to strengthen and that the labor market is stabilizing. Household spending is expanding at a moderate rate but remains constrained by,"The Committee will maintain the target range for the federal funds rate at 0 to 1/4 percent and continues to anticipate that economic conditions, including low rates of resource utilization, subdued inflation trends, and stable inflation expectations, are",D,2010-03-16 00:00:00,True,,,,,,
428.0,"The Federal Reserve is committed to using its full range of tools to support the U.S. economy in this challenging time, thereby promoting its maximum employment and price stability goals.

The COVID-19 pandemic is causing tremendous human and economic har",statement,"The Federal Reserve is committed to using its full range of tools to support the U.S. economy in this challenging time, thereby promoting its maximum employment and price stability goals. The COVID-19 pandemic is causing tremendous human and economic hard","In assessing the appropriate stance of monetary policy, the Committee will continue to monitor the implications of incoming information for the economic outlook.",N,2021-03-17 00:00:00,True,,,,,,
1878.0,"The Federal Open Market Committee decided today to keep its target for 
        the federal funds rate at 1 percent.
       The Committee continues to believe that an accommodative stance of monetary 
        policy, coupled with robust underlying growth ",statement,"The Federal Open Market Committee decided today to keep its target for the federal funds rate at 1 percent. The Committee continues to believe that an accommodative stance of monetary policy, coupled with robust underlying growth in productivity, is provi","Similarly, the risks to the goal of price stability have moved into balance.",N,2004-05-04 00:00:00,True,,,,,,
755.0,"Information received since the Federal Open Market Committee met in July indicates that the labor market has continued to strengthen and that economic activity has been rising moderately so far this year. Job gains have remained solid in recent months, an",statement,"Information received since the Federal Open Market Committee met in July indicates that the labor market has continued to strengthen and that economic activity has been rising moderately so far this year. Job gains have remained solid in recent months, an","On a 12-month basis, overall inflation and the measure excluding food and energy prices have declined this year and are running below 2 percent.",MD,2017-09-20 00:00:00,True,,,,,,
669.0,"Information received since the Federal Open Market Committee met in May indicates that the labor market has continued to strengthen and that economic activity has been rising at a solid rate. Job gains have been strong, on average, in recent months, and t",statement,"Information received since the Federal Open Market Committee met in May indicates that the labor market has continued to strengthen and that economic activity has been rising at a solid rate. Job gains have been strong, on average, in recent months, and t","In view of realized and expected labor market conditions and inflation, the Committee decided to raise the target range for the federal funds rate to 1-3/4 to 2 percent.",H,2018-06-13 00:00:00,True,,,,,,
31.0,"Available indicators suggest that economic activity has been expanding at a moderate pace. Job gains have slowed this year, and the unemployment rate has edged up through September. More recent indicators are consistent with these developments. Inflation ",statement,"Available indicators suggest that economic activity has been expanding at a moderate pace. Job gains have slowed this year, and the unemployment rate has edged up through September. More recent indicators are consistent with these developments. Inflation ",The Committee is attentive to the risks to both sides of its dual mandate and judges that downside risks to employment rose in recent months.,N,2025-12-10 00:00:00,True,,,,,,
949.0,Information received since the Federal Open Market Committee met in December suggests that labor market conditions improved further even as economic growth slowed late last year. Household spending and business fixed investment have been increasing at mod,statement,Information received since the Federal Open Market Committee met in December suggests that labor market conditions improved further even as economic growth slowed late last year. Household spending and business fixed investment have been increasing at mod,"This assessment will take into account a wide range of information, including measures of labor market conditions, indicators of inflation pressures and inflation expectations, and readings on financial and international developments.",N,2016-01-27 00:00:00,True,,,,,,
722.0,"Information received since the Federal Open Market Committee met in November indicates that the labor market has continued to strengthen and that economic activity has been rising at a solid rate. Averaging through hurricane-related fluctuations, job gain",statement,"Information received since the Federal Open Market Committee met in November indicates that the labor market has continued to strengthen and that economic activity has been rising at a solid rate. Averaging through hurricane-related fluctuations, job gain",Market-based measures of inflation compensation remain low,MD,2017-12-13 00:00:00,True,,,,,,
1512.0,Information received since the Federal Open Market Committee met in March indicates that the economic recovery is proceeding at a moderate pace and overall conditions in the labor market are improving gradually.¬† Household spending and business investmen,statement,Information received since the Federal Open Market Committee met in March indicates that the economic recovery is proceeding at a moderate pace and overall conditions in the labor market are improving gradually. Household spending and business investment ,"The unemployment rate remains elevated, and measures of underlying inflation continue to be somewhat low, relative to levels that the Committee judges to be consistent, over the longer run, with its dual mandate.",MD,2011-04-27 00:00:00,True,,,,,,
214.0,"Recent indicators suggest that economic activity has been expanding at a solid pace. Job gains have slowed in recent months but remain strong, and the unemployment rate has remained low. Inflation remains elevated.

The U.S. banking system is sound and re",statement,"Recent indicators suggest that economic activity has been expanding at a solid pace. Job gains have slowed in recent months but remain strong, and the unemployment rate has remained low. Inflation remains elevated. The U.S. banking system is sound and res","The Committee's assessments will take into account a wide range of information, including readings on labor market conditions, inflation pressures and inflation expectations, and financial and international developments.",N,2023-09-20 00:00:00,True,,,,,,
892.0,"Information received since the Federal Open Market Committee met in June indicates that the labor market strengthened and that economic activity has been expanding at a moderate rate. Job gains were strong in June following weak growth in May. On balance,",statement,"Information received since the Federal Open Market Committee met in June indicates that the labor market strengthened and that economic activity has been expanding at a moderate rate. Job gains were strong in June following weak growth in May. On balance,","In determining the timing and size of future adjustments to the target range for the federal funds rate, the Committee will assess realized and expected economic conditions relative to its objectives of maximum employment and 2 percent inflation.",MD,2016-07-27 00:00:00,True,,,,,,
1255.0,Information received since the Federal Open Market Committee met in October indicates that economic activity is expanding at a moderate pace. Labor market conditions have shown further improvement; the unemployment rate has declined but remains elevated. ,statement,Information received since the Federal Open Market Committee met in October indicates that economic activity is expanding at a moderate pace. Labor market conditions have shown further improvement; the unemployment rate has declined but remains elevated. ,"However, asset purchases are not on a preset course, and the Committee's decisions about their pace will remain contingent on the Committee's outlook for the labor market and inflation as well as its assessment of the likely efficacy and costs of such pur",N,2013-12-18 00:00:00,True,,,,,,
326.0,"Although overall economic activity edged down in the first quarter, household spending and business fixed investment remained strong. Job gains have been robust in recent months, and the unemployment rate has declined substantially. Inflation remains elev",statement,"Although overall economic activity edged down in the first quarter, household spending and business fixed investment remained strong. Job gains have been robust in recent months, and the unemployment rate has declined substantially. Inflation remains elev","Inflation remains elevated, reflecting supply and demand imbalances related to the pandemic, higher energy prices, and broader price pressures.",H,2022-05-04 00:00:00,True,,,,,,
560.0,"Information received since the Federal Open Market Committee met in July indicates that the labor market remains strong and that economic activity has been rising at a moderate rate. Job gains have been solid, on average, in recent months, and the unemplo",statement,"Information received since the Federal Open Market Committee met in July indicates that the labor market remains strong and that economic activity has been rising at a moderate rate. Job gains have been solid, on average, in recent months, and the unemplo",survey-based measures of longer-term inflation expectations are little changed.,N,2019-09-18 00:00:00,True,,,,,,
1121.0,"Information received since the Federal Open Market Committee met in September suggests that economic activity is expanding at a moderate pace. Labor market conditions improved somewhat further, with solid job gains and a lower unemployment rate. On balanc",statement,"Information received since the Federal Open Market Committee met in September suggests that economic activity is expanding at a moderate pace. Labor market conditions improved somewhat further, with solid job gains and a lower unemployment rate. On balanc","In determining how long to maintain this target range, the Committee will assess progress--both realized and expected--toward its objectives of maximum employment and 2 percent inflation.",MD,2014-10-29 00:00:00,True,,,,,,
700.0,"Information received since the Federal Open Market Committee met in January indicates that the labor market has continued to strengthen and that economic activity has been rising at a moderate rate. Job gains have been strong in recent months, and the une",statement,"Information received since the Federal Open Market Committee met in January indicates that the labor market has continued to strengthen and that economic activity has been rising at a moderate rate. Job gains have been strong in recent months, and the une","In determining the timing and size of future adjustments to the target range for the federal funds rate, the Committee will assess realized and expected economic conditions relative to its objectives of maximum employment and 2 percent inflation.",MD,2018-03-21 00:00:00,True,,,,,,
1228.0,Information received since the Federal Open Market Committee met in December indicates that growth in economic activity picked up in recent quarters. Labor market indicators were mixed but on balance showed further improvement. The unemployment rate decli,statement,Information received since the Federal Open Market Committee met in December indicates that growth in economic activity picked up in recent quarters. Labor market indicators were mixed but on balance showed further improvement. The unemployment rate decli,"Consistent with its statutory mandate, the Committee seeks to foster maximum employment and price stability.",MD,2014-01-29 00:00:00,True,,,,,,
1198.0,"Information received since the Federal Open Market Committee met in March indicates that growth in economic activity has picked up recently, after having slowed sharply during the winter in part because of adverse weather conditions. Labor market indicato",statement,"Information received since the Federal Open Market Committee met in March indicates that growth in economic activity has picked up recently, after having slowed sharply during the winter in part because of adverse weather conditions. Labor market indicato","In determining how long to maintain the current 0 to 1/4 percent target range for the federal funds rate, the Committee will assess progress--both realized and expected--toward its objectives of maximum employment and 2 percent inflation.",D,2014-04-30 00:00:00,True,,,,,,
341.0,"Indicators of economic activity and employment have continued to strengthen. Job gains have been strong in recent months, and the unemployment rate has declined substantially. Inflation remains elevated, reflecting supply and demand imbalances related to ",statement,"Indicators of economic activity and employment have continued to strengthen. Job gains have been strong in recent months, and the unemployment rate has declined substantially. Inflation remains elevated, reflecting supply and demand imbalances related to ",The Committee would be prepared to adjust the stance of monetary policy as appropriate if risks emerge that could impede the attainment of the Committee's goals.,N,2022-03-16 00:00:00,True,,,,,,
629.0,"Information received since the Federal Open Market Committee met in November indicates that the labor market has continued to strengthen and that economic activity has been rising at a strong rate. Job gains have been strong, on average, in recent months,",statement,"Information received since the Federal Open Market Committee met in November indicates that the labor market has continued to strengthen and that economic activity has been rising at a strong rate. Job gains have been strong, on average, in recent months,","The Committee judges that some further gradual increases in the target range for the federal funds rate will be consistent with sustained expansion of economic activity, strong labor market conditions, and inflation near the Committee's symmetric 2 percen",H,2018-12-19 00:00:00,True,,,,,,
147.0,"Recent indicators suggest that economic activity has continued to expand at a solid pace. Job gains have remained strong, and the unemployment rate has remained low. Inflation has eased over the past year but remains elevated. In recent months, there has ",statement,"Recent indicators suggest that economic activity has continued to expand at a solid pace. Job gains have remained strong, and the unemployment rate has remained low. Inflation has eased over the past year but remains elevated. In recent months, there has ",Recent indicators suggest that economic activity has continued to expand at a solid pace.,MH,2024-05-01 00:00:00,True,,,,,,
1206.0,"Information received since the Federal Open Market Committee met in January indicates that growth in economic activity slowed during the winter months, in part reflecting adverse weather conditions. Labor market indicators were mixed but on balance showed",statement,"Information received since the Federal Open Market Committee met in January indicates that growth in economic activity slowed during the winter months, in part reflecting adverse weather conditions. Labor market indicators were mixed but on balance showed","Inflation has been running below the Committee's longer-run objective,",MD,2014-03-19 00:00:00,True,,,,,,
360.0,"The Federal Reserve is committed to using its full range of tools to support the U.S. economy in this challenging time, thereby promoting its maximum employment and price stability goals.

With progress on vaccinations and strong policy support, indicator",statement,"The Federal Reserve is committed to using its full range of tools to support the U.S. economy in this challenging time, thereby promoting its maximum employment and price stability goals. With progress on vaccinations and strong policy support, indicators","In assessing the appropriate stance of monetary policy, the Committee will continue to monitor the implications of incoming information for the economic outlook.",N,2021-12-15 00:00:00,True,,,,,,
83.0,"Recent indicators suggest that economic activity has continued to expand at a solid pace. The unemployment rate has stabilized at a low level in recent months, and labor market conditions remain solid. Inflation remains somewhat elevated.

The Committee s",statement,"Recent indicators suggest that economic activity has continued to expand at a solid pace. The unemployment rate has stabilized at a low level in recent months, and labor market conditions remain solid. Inflation remains somewhat elevated. The Committee se","The Committee's assessments will take into account a wide range of information, including readings on labor market conditions, inflation pressures and inflation expectations, and financial and international developments.",N,2025-03-19 00:00:00,True,,,,,,
48.0,"Recent indicators suggest that growth of economic activity moderated in the first half of the year. Job gains have slowed, and the unemployment rate has edged up but remains low. Inflation has moved up and remains somewhat elevated.

The Committee seeks t",statement,"Recent indicators suggest that growth of economic activity moderated in the first half of the year. Job gains have slowed, and the unemployment rate has edged up but remains low. Inflation has moved up and remains somewhat elevated. The Committee seeks to",Inflation has moved up and remains somewhat elevated.,MH,2025-09-17 00:00:00,True,,,,,,
468.0,"The Federal Reserve is committed to using its full range of tools to support the U.S. economy in this challenging time, thereby promoting its maximum employment and price stability goals.

The COVID-19 pandemic is causing tremendous human and economic har",statement,"The Federal Reserve is committed to using its full range of tools to support the U.S. economy in this challenging time, thereby promoting its maximum employment and price stability goals. The COVID-19 pandemic is causing tremendous human and economic hard",Weaker demand and significantly lower oil prices are holding down consumer price inflation.,MD,2020-09-16 00:00:00,True,,,,,,
155.0,"Recent indicators suggest that economic activity has continued to expand at a solid pace. Job gains have remained strong, and the unemployment rate has remained low. Inflation has eased over the past year but remains elevated. In recent months, there has ",statement,"Recent indicators suggest that economic activity has continued to expand at a solid pace. Job gains have remained strong, and the unemployment rate has remained low. Inflation has eased over the past year but remains elevated. In recent months, there has ",The Committee is strongly committed to returning inflation to its 2 percent objective.,N,2024-05-01 00:00:00,True,,,,,,
806.0,"Information received since the Federal Open Market Committee met in March indicates that the labor market has continued to strengthen even as growth in economic activity slowed. Job gains were solid, on average, in recent months, and the unemployment rate",statement,"Information received since the Federal Open Market Committee met in March indicates that the labor market has continued to strengthen even as growth in economic activity slowed. Job gains were solid, on average, in recent months, and the unemployment rate","In view of realized and expected labor market conditions and inflation, the Committee decided to maintain the target range for the federal funds rate at 3/4 to 1 percent.",D,2017-05-03 00:00:00,True,,,,,,
1063.0,"Information received since the Federal Open Market Committee met in January suggests that economic growth has moderated somewhat. Labor market conditions have improved further, with strong job gains and a lower unemployment rate. A range of labor market i",statement,"Information received since the Federal Open Market Committee met in January suggests that economic growth has moderated somewhat. Labor market conditions have improved further, with strong job gains and a lower unemployment rate. A range of labor market i","The Committee expects that, with appropriate policy accommodation, economic activity will expand at a moderate pace, with labor market indicators continuing to move toward levels the Committee judges consistent with its dual mandate.",N,2015-03-18 00:00:00,True,,,,,,
1339.0,"Information received since the Federal Open Market Committee met in March suggests that economic activity has been expanding at a moderate pace. Labor market conditions have shown some improvement in recent months, on balance, but the unemployment rate re",statement,"Information received since the Federal Open Market Committee met in March suggests that economic activity has been expanding at a moderate pace. Labor market conditions have shown some improvement in recent months, on balance, but the unemployment rate re","In determining how long to maintain a highly accommodative stance of monetary policy, the Committee will also consider other information, including additional measures of labor market conditions, indicators of inflation pressures and inflation expectation",D,2013-05-01 00:00:00,True,,,,,,
1928.0,"The Federal Open Market Committee decided today to keep its target for the federal funds rate unchanged at 1 3/4 percent. 

The information that has become available since the last meeting of the Committee suggests that aggregate demand is growing at a mo",statement,The Federal Open Market Committee decided today to keep its target for the federal funds rate unchanged at 1 3/4 percent. The information that has become available since the last meeting of the Committee suggests that aggregate demand is growing at a mode,"Consequently, the Committee believes that, for the foreseeable future, against the background of its long-run goals of price stability and sustainable economic growth and of the information currently available, the risks are weighted mainly toward conditi",MH,2002-09-24 00:00:00,True,,,,,,
1211.0,"Information received since the Federal Open Market Committee met in January indicates that growth in economic activity slowed during the winter months, in part reflecting adverse weather conditions. Labor market indicators were mixed but on balance showed",statement,"Information received since the Federal Open Market Committee met in January indicates that growth in economic activity slowed during the winter months, in part reflecting adverse weather conditions. Labor market indicators were mixed but on balance showed","In light of the cumulative progress toward maximum employment and the improvement in the outlook for labor market conditions since the inception of the current asset purchase program, the Committee decided to make a further measured reduction in the pace ",H,2014-03-19 00:00:00,True,,,,,,
1800.0,"Release Date: December 13, 2005 

For immediate release


The Federal Open Market Committee decided today to raise its target for the federal funds rate by 25 basis points to 4-1/4 percent.
	Despite elevated energy prices and hurricane-related disruptions",statement,"Release Date: December 13, 2005 For immediate release The Federal Open Market Committee decided today to raise its target for the federal funds rate by 25 basis points to 4-1/4 percent. Despite elevated energy prices and hurricane-related disruptions, the","Despite elevated energy prices and hurricane-related disruptions, the expansion in economic activity appears solid.",N,2005-12-13 00:00:00,True,,,,,,
500.0,"The Federal Reserve is committed to using its full range of tools to support the U.S. economy in this challenging time, thereby promoting its maximum employment and price stability goals.

The coronavirus outbreak is causing tremendous human and economic ",statement,"The Federal Reserve is committed to using its full range of tools to support the U.S. economy in this challenging time, thereby promoting its maximum employment and price stability goals. The coronavirus outbreak is causing tremendous human and economic h",The Committee expects to maintain this target range until it is confident that the economy has weathered recent events and is on track to achieve its maximum employment and price stability goals.,MD,2020-04-29 00:00:00,True,,,,,,
1780.0,"The Federal Open Market Committee decided today to raise its target for the federal funds rate by 25 basis points to 5-1/4 percent.
Recent indicators suggest that economic growth is moderating from its quite strong pace earlier this year, partly reflectin",statement,"The Federal Open Market Committee decided today to raise its target for the federal funds rate by 25 basis points to 5-1/4 percent. Recent indicators suggest that economic growth is moderating from its quite strong pace earlier this year, partly reflectin","Recent indicators suggest that economic growth is moderating from its quite strong pace earlier this year, partly reflecting a gradual cooling of the housing market and the lagged effects of increases in interest rates and energy prices.",N,2006-06-29 00:00:00,True,,,,,,
179.0,"Recent indicators suggest that economic activity has been expanding at a solid pace. Job gains have moderated since early last year but remain strong, and the unemployment rate has remained low. Inflation has eased over the past year but remains elevated.",statement,"Recent indicators suggest that economic activity has been expanding at a solid pace. Job gains have moderated since early last year but remain strong, and the unemployment rate has remained low. Inflation has eased over the past year but remains elevated.",The Committee would be prepared to adjust the stance of monetary policy as appropriate if risks emerge that could impede the attainment of the Committee's goals.,N,2024-01-31 00:00:00,True,,,,,,
1054.0,"Information received since the Federal Open Market Committee met in March suggests that economic growth slowed during the winter months, in part reflecting transitory factors. The pace of job gains moderated, and the unemployment rate remained steady. A r",statement,"Information received since the Federal Open Market Committee met in March suggests that economic growth slowed during the winter months, in part reflecting transitory factors. The pace of job gains moderated, and the unemployment rate remained steady. A r","When the Committee decides to begin to remove policy accommodation, it will take a balanced approach consistent with its longer-run goals of maximum employment and inflation of 2 percent.",H,2015-04-29 00:00:00,True,,,,,,
1771.0,"The Federal Open Market Committee decided today to keep its target for the federal funds rate at 5-1/4 percent.
The moderation in economic growth appears to be continuing, partly reflecting a cooling of the housing market.
Readings on core inflation have ",statement,"The Federal Open Market Committee decided today to keep its target for the federal funds rate at 5-1/4 percent. The moderation in economic growth appears to be continuing, partly reflecting a cooling of the housing market. Readings on core inflation have ","Readings on core inflation have been elevated, and the high levels of resource utilization and of the prices of energy and other commodities have the potential to sustain inflation pressures.",MH,2006-09-20 00:00:00,True,,,,,,
1487.0,Information received since the Federal Open Market Committee met in June indicates that economic growth so far this year has been considerably slower than the Committee had expected.¬† Indicators suggest a deterioration in overall labor market conditions ,statement,Information received since the Federal Open Market Committee met in June indicates that economic growth so far this year has been considerably slower than the Committee had expected. Indicators suggest a deterioration in overall labor market conditions in,"Temporary factors, including the damping effect of higher food and energy prices on consumer purchasing power and spending as well as supply chain disruptions associated with the tragic events in Japan, appear to account for only some of the recent weakne",MH,2011-08-09 00:00:00,True,,,,,,
1347.0,Information received since the Federal Open Market Committee met in January suggests a return to moderate economic growth following a pause late last year.¬† Labor market conditions have shown signs of improvement in recent months but the unemployment rat,statement,Information received since the Federal Open Market Committee met in January suggests a return to moderate economic growth following a pause late last year. Labor market conditions have shown signs of improvement in recent months but the unemployment rate ,The Committee also anticipates that inflation over the medium term likely will run at or below its 2 percent objective.,MD,2013-03-20 00:00:00,True,,,,,,
1165.0,"Information received since the Federal Open Market Committee met in April indicates that growth in economic activity has rebounded in recent months. Labor market indicators generally showed further improvement. The unemployment rate, though lower, remains",statement,"Information received since the Federal Open Market Committee met in April indicates that growth in economic activity has rebounded in recent months. Labor market indicators generally showed further improvement. The unemployment rate, though lower, remains",Information received since the Federal Open Market Committee met in April indicates that growth in economic activity has rebounded in recent months.,N,2014-06-18 00:00:00,True,,,,,,
1632.0,"Information received since the Federal Open Market Committee met in March indicates that the economy has continued to contract, though the pace of contraction appears to be somewhat slower. Household spending has shown signs of stabilizing but remains con",statement,"Information received since the Federal Open Market Committee met in March indicates that the economy has continued to contract, though the pace of contraction appears to be somewhat slower. Household spending has shown signs of stabilizing but remains con","Nonetheless, the Committee continues to anticipate that policy actions to stabilize financial markets and institutions, fiscal and monetary stimulus, and market forces will contribute to a gradual resumption of sustainable economic growth in a context of ",MH,2009-04-29 00:00:00,True,,,,,,
528.0,"Information received since the Federal Open Market Committee met in December indicates that the labor market remains strong and that economic activity has been rising at a moderate rate. Job gains have been solid, on average, in recent months, and the une",statement,"Information received since the Federal Open Market Committee met in December indicates that the labor market remains strong and that economic activity has been rising at a moderate rate. Job gains have been solid, on average, in recent months, and the une","Consistent with its statutory mandate, the Committee seeks to foster maximum employment and price stability.",MD,2020-01-29 00:00:00,True,,,,,,
346.0,Indicators of economic activity and employment have continued to strengthen. The sectors most adversely affected by the pandemic have improved in recent months but are being affected by the recent sharp rise in COVID-19 cases. Job gains have been solid in,statement,Indicators of economic activity and employment have continued to strengthen. The sectors most adversely affected by the pandemic have improved in recent months but are being affected by the recent sharp rise in COVID-19 cases. Job gains have been solid in,Progress on vaccinations and an easing of supply constraints are expected to support continued gains in economic activity and employment as well as a reduction in inflation.,MH,2022-01-26 00:00:00,True,,,,,,
1626.0,Information received since the Federal Open Market Committee met in June suggests that economic activity is leveling out. Conditions in financial markets have improved further in recent weeks. Household spending has continued to show signs of stabilizing ,statement,Information received since the Federal Open Market Committee met in June suggests that economic activity is leveling out. Conditions in financial markets have improved further in recent weeks. Household spending has continued to show signs of stabilizing ,"However, substantial resource slack is likely to dampen cost pressures, and the Committee expects that inflation will remain subdued for some time.",N,2009-08-11 00:00:00,True,,,,,,
1979.0,"The Federal Open Market Committee at its meeting today decided to lower its target for the federal funds rate by 50 basis points to 5-1/2 percent. In a related action, the Board of Governors approved a 50 basis point reduction in the discount rate to 5 pe",statement,"The Federal Open Market Committee at its meeting today decided to lower its target for the federal funds rate by 50 basis points to 5-1/2 percent. In a related action, the Board of Governors approved a 50 basis point reduction in the discount rate to 5 pe","In response, manufacturing production has been cut back sharply, with new technologies appearing to have accelerated the response of production and demand to potential excesses in the stock of inventories and capital equipment.",MD,2001-01-03 00:00:00,False,,,,,,
818.0,Information received since the Federal Open Market Committee met in February indicates that the labor market has continued to strengthen and that economic activity has continued to expand at a moderate pace. Job gains remained solid and the unemployment r,statement,Information received since the Federal Open Market Committee met in February indicates that the labor market has continued to strengthen and that economic activity has continued to expand at a moderate pace. Job gains remained solid and the unemployment r,"The Committee expects that, with gradual adjustments in the stance of monetary policy, economic activity will expand at a moderate pace, labor market conditions will strengthen somewhat further, and inflation will stabilize around 2 percent over the mediu",MH,2017-03-15 00:00:00,True,,,,,,
1991.0,"The Federal Open Market Committee at its meeting today decided to maintain the existing stance of monetary policy, keeping its target for the federal funds rate at 6-1/2 percent. 

The utilization of the pool of available workers remains at an unusually h",statement,"The Federal Open Market Committee at its meeting today decided to maintain the existing stance of monetary policy, keeping its target for the federal funds rate at 6-1/2 percent. The utilization of the pool of available workers remains at an unusually hig","The Federal Open Market Committee at its meeting today decided to maintain the existing stance of monetary policy, keeping its target for the federal funds rate at 6-1/2 percent.",H,2000-10-03 00:00:00,False,,,,,,
1389.0,"Information received since the Federal Open Market Committee met in September suggests that economic activity has continued to expand at a moderate pace in recent months.¬† Growth in employment has been slow, and the unemployment rate remains elevated.¬† ",statement,"Information received since the Federal Open Market Committee met in September suggests that economic activity has continued to expand at a moderate pace in recent months. Growth in employment has been slow, and the unemployment rate remains elevated. Hous",The Committee also anticipates that inflation over the medium term likely would run at or below its 2 percent objective.,MD,2012-10-24 00:00:00,True,,,,,,
601.0,Information received since the Federal Open Market Committee met in January indicates that the labor market remains strong but that growth of economic activity has slowed from its solid rate in the fourth quarter. Payroll employment was little changed in ,statement,Information received since the Federal Open Market Committee met in January indicates that the labor market remains strong but that growth of economic activity has slowed from its solid rate in the fourth quarter. Payroll employment was little changed in ,that growth of economic activity has slowed from its solid rate in the fourth quarter.,MD,2019-03-20 00:00:00,True,,,,,,
1783.0,"The Federal Open Market Committee decided today to raise its target for the federal funds rate by 25 basis points to 5-1/4 percent.
Recent indicators suggest that economic growth is moderating from its quite strong pace earlier this year, partly reflectin",statement,"The Federal Open Market Committee decided today to raise its target for the federal funds rate by 25 basis points to 5-1/4 percent. Recent indicators suggest that economic growth is moderating from its quite strong pace earlier this year, partly reflectin","However, the high levels of resource utilization and of the prices of energy and other commodities have the potential to sustain inflation pressures.",MH,2006-06-29 00:00:00,True,,,,,,
243.0,"Economic activity expanded at a modest pace in the first quarter. Job gains have been robust in recent months, and the unemployment rate has remained low. Inflation remains elevated.

The U.S. banking system is sound and resilient. Tighter credit conditio",statement,"Economic activity expanded at a modest pace in the first quarter. Job gains have been robust in recent months, and the unemployment rate has remained low. Inflation remains elevated. The U.S. banking system is sound and resilient. Tighter credit condition","In determining the extent to which additional policy firming may be appropriate to return inflation to 2 percent over time, the Committee will take into account the cumulative tightening of monetary policy, the lags with which monetary policy affects econ",H,2023-05-03 00:00:00,True,,,,,,
1456.0,"Information received since the Federal Open Market Committee met in November suggests that the economy has been expanding moderately, notwithstanding some apparent slowing in global growth. While indicators point to some improvement in overall labor marke",statement,"Information received since the Federal Open Market Committee met in November suggests that the economy has been expanding moderately, notwithstanding some apparent slowing in global growth. While indicators point to some improvement in overall labor marke","Consistent with its statutory mandate, the Committee seeks to foster maximum employment and price stability.",MD,2011-12-13 00:00:00,True,,,,,,
1113.0,"Information received since the Federal Open Market Committee met in September suggests that economic activity is expanding at a moderate pace. Labor market conditions improved somewhat further, with solid job gains and a lower unemployment rate. On balanc",statement,"Information received since the Federal Open Market Committee met in September suggests that economic activity is expanding at a moderate pace. Labor market conditions improved somewhat further, with solid job gains and a lower unemployment rate. On balanc",Market-based measures of inflation compensation have declined somewhat,MD,2014-10-29 00:00:00,True,,,,,,
1488.0,Information received since the Federal Open Market Committee met in June indicates that economic growth so far this year has been considerably slower than the Committee had expected.¬† Indicators suggest a deterioration in overall labor market conditions ,statement,Information received since the Federal Open Market Committee met in June indicates that economic growth so far this year has been considerably slower than the Committee had expected. Indicators suggest a deterioration in overall labor market conditions in,"Inflation picked up earlier in the year, mainly reflecting higher prices for some commodities and imported goods, as well as the supply chain disruptions.",MH,2011-08-09 00:00:00,True,,,,,,
312.0,"Recent indicators of spending and production have softened. Nonetheless, job gains have been robust in recent months, and the unemployment rate has remained low. Inflation remains elevated, reflecting supply and demand imbalances related to the pandemic, ",statement,"Recent indicators of spending and production have softened. Nonetheless, job gains have been robust in recent months, and the unemployment rate has remained low. Inflation remains elevated, reflecting supply and demand imbalances related to the pandemic, ",The Committee would be prepared to adjust the stance of monetary policy as appropriate if risks emerge that could impede the attainment of the Committee's goals.,N,2022-07-27 00:00:00,True,,,,,,
435.0,"The Federal Reserve is committed to using its full range of tools to support the U.S. economy in this challenging time, thereby promoting its maximum employment and price stability goals.

The COVID-19 pandemic is causing tremendous human and economic har",statement,"The Federal Reserve is committed to using its full range of tools to support the U.S. economy in this challenging time, thereby promoting its maximum employment and price stability goals. The COVID-19 pandemic is causing tremendous human and economic hard",The Committee seeks to achieve maximum employment and inflation at the rate of 2 percent over the longer run.,MD,2021-01-27 00:00:00,True,,,,,,
1917.0,"The Federal Open Market Committee decided today to keep its target for the federal funds rate unchanged at 1-1/4 percent. 

Oil price premiums and other aspects of geopolitical risks have reportedly fostered continued restraint on spending and hiring by b",statement,The Federal Open Market Committee decided today to keep its target for the federal funds rate unchanged at 1-1/4 percent. Oil price premiums and other aspects of geopolitical risks have reportedly fostered continued restraint on spending and hiring by bus,"However, the Committee believes that as those risks lift, as most analysts expect, the accommodative stance of monetary policy, coupled with ongoing growth in productivity, will provide support to an improving economic climate over time.",D,2003-01-29 00:00:00,True,,,,,,
942.0,Information received since the Federal Open Market Committee met in December suggests that labor market conditions improved further even as economic growth slowed late last year. Household spending and business fixed investment have been increasing at mod,statement,Information received since the Federal Open Market Committee met in December suggests that labor market conditions improved further even as economic growth slowed late last year. Household spending and business fixed investment have been increasing at mod,"Consistent with its statutory mandate, the Committee seeks to foster maximum employment and price stability.",MD,2016-01-27 00:00:00,True,,,,,,
308.0,"Recent indicators of spending and production have softened. Nonetheless, job gains have been robust in recent months, and the unemployment rate has remained low. Inflation remains elevated, reflecting supply and demand imbalances related to the pandemic, ",statement,"Recent indicators of spending and production have softened. Nonetheless, job gains have been robust in recent months, and the unemployment rate has remained low. Inflation remains elevated, reflecting supply and demand imbalances related to the pandemic, ",The Committee is highly attentive to inflation risks.,N,2022-07-27 00:00:00,True,,,,,,
430.0,"The Federal Reserve is committed to using its full range of tools to support the U.S. economy in this challenging time, thereby promoting its maximum employment and price stability goals.

The COVID-19 pandemic is causing tremendous human and economic har",statement,"The Federal Reserve is committed to using its full range of tools to support the U.S. economy in this challenging time, thereby promoting its maximum employment and price stability goals. The COVID-19 pandemic is causing tremendous human and economic hard","The Committee's assessments will take into account a wide range of information, including readings on public health, labor market conditions, inflation pressures and inflation expectations, and financial and international developments.",N,2021-03-17 00:00:00,True,,,,,,
660.0,"Information received since the Federal Open Market Committee met in June indicates that the labor market has continued to strengthen and that economic activity has been rising at a strong rate. Job gains have been strong, on average, in recent months, and",statement,"Information received since the Federal Open Market Committee met in June indicates that the labor market has continued to strengthen and that economic activity has been rising at a strong rate. Job gains have been strong, on average, in recent months, and","In determining the timing and size of future adjustments to the target range for the federal funds rate, the Committee will assess realized and expected economic conditions relative to its maximum employment objective and its symmetric 2 percent inflation",MD,2018-08-01 00:00:00,True,,,,,,
370.0,"The Federal Reserve is committed to using its full range of tools to support the U.S. economy in this challenging time, thereby promoting its maximum employment and price stability goals.

With progress on vaccinations and strong policy support, indicator",statement,"The Federal Reserve is committed to using its full range of tools to support the U.S. economy in this challenging time, thereby promoting its maximum employment and price stability goals. With progress on vaccinations and strong policy support, indicators",The Committee expects to maintain an accommodative stance of monetary policy until these outcomes are achieved.,D,2021-11-03 00:00:00,True,,,,,,
566.0,"Information received since the Federal Open Market Committee met in July indicates that the labor market remains strong and that economic activity has been rising at a moderate rate. Job gains have been solid, on average, in recent months, and the unemplo",statement,"Information received since the Federal Open Market Committee met in July indicates that the labor market remains strong and that economic activity has been rising at a moderate rate. Job gains have been solid, on average, in recent months, and the unemplo","This assessment will take into account a wide range of information, including measures of labor market conditions, indicators of inflation pressures and inflation expectations, and readings on financial and international developments.",N,2019-09-18 00:00:00,True,,,,,,
988.0,"Information received since the Federal Open Market Committee met in July suggests that economic activity is expanding at a moderate pace. Household spending and business fixed investment have been increasing moderately, and the housing sector has improved",statement,"Information received since the Federal Open Market Committee met in July suggests that economic activity is expanding at a moderate pace. Household spending and business fixed investment have been increasing moderately, and the housing sector has improved","Consistent with its statutory mandate, the Committee seeks to foster maximum employment and price stability.",MD,2015-09-17 00:00:00,True,,,,,,
181.0,"Recent indicators suggest that growth of economic activity has slowed from its strong pace in the third quarter. Job gains have moderated since earlier in the year but remain strong, and the unemployment rate has remained low. Inflation has eased over the",statement,"Recent indicators suggest that growth of economic activity has slowed from its strong pace in the third quarter. Job gains have moderated since earlier in the year but remain strong, and the unemployment rate has remained low. Inflation has eased over the",Recent indicators suggest that growth of economic activity has slowed from its strong pace in the third quarter.,N,2023-12-13 00:00:00,True,,,,,,
874.0,Information received since the Federal Open Market Committee met in July indicates that the labor market has continued to strengthen and growth of economic activity has picked up from the modest pace seen in the first half of this year. Although the unemp,statement,Information received since the Federal Open Market Committee met in July indicates that the labor market has continued to strengthen and growth of economic activity has picked up from the modest pace seen in the first half of this year. Although the unemp,"Inflation is expected to remain low in the near term, in part because of earlier declines in energy prices,",MD,2016-09-21 00:00:00,True,,,,,,
621.0,"Information received since the Federal Open Market Committee met in December indicates that the labor market has continued to strengthen and that economic activity has been rising at a solid rate. Job gains have been strong, on average, in recent months, ",statement,"Information received since the Federal Open Market Committee met in December indicates that the labor market has continued to strengthen and that economic activity has been rising at a solid rate. Job gains have been strong, on average, in recent months, ","In determining the timing and size of future adjustments to the target range for the federal funds rate, the Committee will assess realized and expected economic conditions relative to its maximum employment objective and its symmetric 2 percent inflation",MD,2019-01-30 00:00:00,True,,,,,,
1394.0,"Information received since the Federal Open Market Committee met in August suggests that economic activity has continued to expand at a moderate pace in recent months. Growth in employment has been slow, and the unemployment rate remains elevated. Househo",statement,"Information received since the Federal Open Market Committee met in August suggests that economic activity has continued to expand at a moderate pace in recent months. Growth in employment has been slow, and the unemployment rate remains elevated. Househo","Growth in employment has been slow, and the unemployment rate remains elevated.",MD,2012-09-13 00:00:00,True,,,,,,
1292.0,"Information received since the Federal Open Market Committee met in July suggests that economic activity has been expanding at a moderate pace. Some indicators of labor market conditions have shown further improvement in recent months, but the unemploymen",statement,"Information received since the Federal Open Market Committee met in July suggests that economic activity has been expanding at a moderate pace. Some indicators of labor market conditions have shown further improvement in recent months, but the unemploymen","In particular, the Committee decided to keep the target range for the federal funds rate at 0 to 1/4 percent and currently anticipates that this exceptionally low range for the federal funds rate will be appropriate at least as long as the unemployment ra",D,2013-09-18 00:00:00,True,,,,,,
1564.0,"Information received since the Federal Open Market Committee met in August indicates that the pace of recovery in output and employment has slowed in recent months. Household spending is increasing gradually, but remains constrained by high unemployment, ",statement,"Information received since the Federal Open Market Committee met in August indicates that the pace of recovery in output and employment has slowed in recent months. Household spending is increasing gradually, but remains constrained by high unemployment, ","The Committee anticipates a gradual return to higher levels of resource utilization in a context of price stability, although the pace of economic recovery is likely to be modest in the near term.",MH,2010-09-21 00:00:00,True,,,,,,
1432.0,Information received since the Federal Open Market Committee met in March suggests that the economy has been expanding moderately. Labor market conditions have improved in recent months; the unemployment rate has declined but remains elevated. Household s,statement,Information received since the Federal Open Market Committee met in March suggests that the economy has been expanding moderately. Labor market conditions have improved in recent months; the unemployment rate has declined but remains elevated. Household s,The Committee will regularly review the size and composition of its securities holdings and is prepared to adjust those holdings as appropriate to promote a stronger economic recovery in a context of price stability.,MH,2012-04-25 00:00:00,True,,,,,,
1857.0,"The Federal Open Market Committee decided today to raise its target for the federal funds rate by 25 basis points to 2 percent.
The Committee believes that, even after this action, the stance of monetary policy remains accommodative and, coupled with robu",statement,"The Federal Open Market Committee decided today to raise its target for the federal funds rate by 25 basis points to 2 percent. The Committee believes that, even after this action, the stance of monetary policy remains accommodative and, coupled with robu","Nonetheless, the Committee will respond to changes in economic prospects as needed to fulfill its obligation to maintain price stability.",MH,2004-11-10 00:00:00,True,,,,,,
930.0,Information received since the Federal Open Market Committee met in January suggests that economic activity has been expanding at a moderate pace despite the global economic and financial developments of recent months. Household spending has been increasi,statement,Information received since the Federal Open Market Committee met in January suggests that economic activity has been expanding at a moderate pace despite the global economic and financial developments of recent months. Household spending has been increasi,"The Committee currently expects that, with gradual adjustments in the stance of monetary policy, economic activity will expand at a moderate pace and labor market indicators will continue to strengthen.",N,2016-03-16 00:00:00,True,,,,,,
1080.0,"Information received since the Federal Open Market Committee met in December suggests that economic activity has been expanding at a solid pace.¬† Labor market conditions have improved further, with strong job gains and a lower unemployment rate.¬† On bal",statement,"Information received since the Federal Open Market Committee met in December suggests that economic activity has been expanding at a solid pace. Labor market conditions have improved further, with strong job gains and a lower unemployment rate. On balance","The Committee expects that, with appropriate policy accommodation, economic activity will expand at a moderate pace, with labor market indicators continuing to move toward levels the Committee judges consistent with its dual mandate.",D,2015-01-28 00:00:00,True,,,,,,
296.0,"Recent indicators point to modest growth in spending and production. Job gains have been robust in recent months, and the unemployment rate has remained low. Inflation remains elevated, reflecting supply and demand imbalances related to the pandemic, high",statement,"Recent indicators point to modest growth in spending and production. Job gains have been robust in recent months, and the unemployment rate has remained low. Inflation remains elevated, reflecting supply and demand imbalances related to the pandemic, high","Job gains have been robust in recent months, and the unemployment rate has remained low.",MH,2022-09-21 00:00:00,True,,,,,,
909.0,"Information received since the Federal Open Market Committee met in April indicates that the pace of improvement in the labor market has slowed while growth in economic activity appears to have picked up. Although the unemployment rate has declined, job g",statement,"Information received since the Federal Open Market Committee met in April indicates that the pace of improvement in the labor market has slowed while growth in economic activity appears to have picked up. Although the unemployment rate has declined, job g","In light of the current shortfall of inflation from 2 percent, the Committee will carefully monitor actual and expected progress toward its inflation goal.",MD,2016-06-15 00:00:00,True,,,,,,
461.0,"The Federal Reserve is committed to using its full range of tools to support the U.S. economy in this challenging time, thereby promoting its maximum employment and price stability goals.

The COVID-19 pandemic is causing tremendous human and economic har",statement,"The Federal Reserve is committed to using its full range of tools to support the U.S. economy in this challenging time, thereby promoting its maximum employment and price stability goals. The COVID-19 pandemic is causing tremendous human and economic hard",The Committee expects to maintain an accommodative stance of monetary policy until these outcomes are achieved.,D,2020-11-05 00:00:00,True,,,,,,
1659.0,"Joint Statement by Central Banks 
Throughout the current financial crisis, central banks have engaged in continuous close consultation and have cooperated in unprecedented joint actions such as the provision of liquidity to reduce strains in financial mar",statement,"Joint Statement by Central Banks Throughout the current financial crisis, central banks have engaged in continuous close consultation and have cooperated in unprecedented joint actions such as the provision of liquidity to reduce strains in financial mark",The Committee took this action in light of evidence pointing to a weakening of economic activity and a reduction in inflationary pressures.,MD,2008-10-07 00:00:00,True,,,,,,
1185.0,"Information received since the Federal Open Market Committee met in March indicates that growth in economic activity has picked up recently, after having slowed sharply during the winter in part because of adverse weather conditions. Labor market indicato",statement,"Information received since the Federal Open Market Committee met in March indicates that growth in economic activity has picked up recently, after having slowed sharply during the winter in part because of adverse weather conditions. Labor market indicato","The unemployment rate, however, remains elevated.",MD,2014-04-30 00:00:00,True,,,,,,
377.0,"The Federal Reserve is committed to using its full range of tools to support the U.S. economy in this challenging time, thereby promoting its maximum employment and price stability goals.

With progress on vaccinations and strong policy support, indicator",statement,"The Federal Reserve is committed to using its full range of tools to support the U.S. economy in this challenging time, thereby promoting its maximum employment and price stability goals. With progress on vaccinations and strong policy support, indicators","Inflation is elevated, largely reflecting transitory factors.",MH,2021-09-22 00:00:00,True,,,,,,
798.0,"Information received since the Federal Open Market Committee met in March indicates that the labor market has continued to strengthen even as growth in economic activity slowed. Job gains were solid, on average, in recent months, and the unemployment rate",statement,"Information received since the Federal Open Market Committee met in March indicates that the labor market has continued to strengthen even as growth in economic activity slowed. Job gains were solid, on average, in recent months, and the unemployment rate","Household spending rose only modestly, but the fundamentals underpinning the continued growth of consumption remained solid. Business fixed investment firmed.",N,2017-05-03 00:00:00,True,,,,,,
1111.0,"Information received since the Federal Open Market Committee met in September suggests that economic activity is expanding at a moderate pace. Labor market conditions improved somewhat further, with solid job gains and a lower unemployment rate. On balanc",statement,"Information received since the Federal Open Market Committee met in September suggests that economic activity is expanding at a moderate pace. Labor market conditions improved somewhat further, with solid job gains and a lower unemployment rate. On balanc","Labor market conditions improved somewhat further, with solid job gains and a lower unemployment rate.",MH,2014-10-29 00:00:00,True,,,,,,
105.0,"Recent indicators suggest that economic activity has continued to expand at a solid pace. Since earlier in the year, labor market conditions have generally eased, and the unemployment rate has moved up but remains low. Inflation has made progress toward t",statement,"Recent indicators suggest that economic activity has continued to expand at a solid pace. Since earlier in the year, labor market conditions have generally eased, and the unemployment rate has moved up but remains low. Inflation has made progress toward t",Inflation has made progress toward the Committee's 2 percent objective but remains somewhat elevated.,MH,2024-11-07 00:00:00,True,,,,,,
126.0,"Recent indicators suggest that economic activity has continued to expand at a solid pace. Job gains have moderated, and the unemployment rate has moved up but remains low. Inflation has eased over the past year but remains somewhat elevated. In recent mon",statement,"Recent indicators suggest that economic activity has continued to expand at a solid pace. Job gains have moderated, and the unemployment rate has moved up but remains low. Inflation has eased over the past year but remains somewhat elevated. In recent mon",Inflation has eased over the past year but remains somewhat elevated.,MH,2024-07-31 00:00:00,True,,,,,,
1133.0,"Information received since the Federal Open Market Committee met in July suggests that economic activity is expanding at a moderate pace. On balance, labor market conditions improved somewhat further; however, the unemployment rate is little changed and a",statement,"Information received since the Federal Open Market Committee met in July suggests that economic activity is expanding at a moderate pace. On balance, labor market conditions improved somewhat further; however, the unemployment rate is little changed and a","The Committee expects that, with appropriate policy accommodation, economic activity will expand at a moderate pace, with labor market indicators and inflation moving toward levels the Committee judges consistent with its dual mandate.",D,2014-09-17 00:00:00,True,,,,,,
1581.0,"Information received since the Federal Open Market Committee met in April suggests that the economic recovery is proceeding and that the labor market is improving gradually. Household spending is increasing but remains constrained by high unemployment, mo",statement,"Information received since the Federal Open Market Committee met in April suggests that the economic recovery is proceeding and that the labor market is improving gradually. Household spending is increasing but remains constrained by high unemployment, mo","The Committee will maintain the target range for the federal funds rate at 0 to 1/4 percent and continues to anticipate that economic conditions, including low rates of resource utilization, subdued inflation trends, and stable inflation expectations, are",D,2010-06-23 00:00:00,True,,,,,,
1007.0,Information received since the Federal Open Market Committee met in June indicates that economic activity has been expanding moderately in recent months. Growth in household spending has been moderate and the housing sector has shown additional improvemen,statement,Information received since the Federal Open Market Committee met in June indicates that economic activity has been expanding moderately in recent months. Growth in household spending has been moderate and the housing sector has shown additional improvemen,"Consistent with its statutory mandate, the Committee seeks to foster maximum employment and price stability.",MD,2015-07-29 00:00:00,True,,,,,,
355.0,"The Federal Reserve is committed to using its full range of tools to support the U.S. economy in this challenging time, thereby promoting its maximum employment and price stability goals.

With progress on vaccinations and strong policy support, indicator",statement,"The Federal Reserve is committed to using its full range of tools to support the U.S. economy in this challenging time, thereby promoting its maximum employment and price stability goals. With progress on vaccinations and strong policy support, indicators",Supply and demand imbalances related to the pandemic and the reopening of the economy have continued to contribute to elevated levels of inflation.,MH,2021-12-15 00:00:00,True,,,,,,
1629.0,Information received since the Federal Open Market Committee met in April suggests that the pace of economic contraction is slowing. Conditions in financial markets have generally improved in recent months. Household spending has shown further signs of st,statement,Information received since the Federal Open Market Committee met in April suggests that the pace of economic contraction is slowing. Conditions in financial markets have generally improved in recent months. Household spending has shown further signs of st,"However, substantial resource slack is likely to dampen cost pressures, and the Committee expects that inflation will remain subdued for some time.",MD,2009-06-24 00:00:00,True,,,,,,
682.0,"Information received since the Federal Open Market Committee met in March indicates that the labor market has continued to strengthen and that economic activity has been rising at a moderate rate. Job gains have been strong, on average, in recent months, ",statement,"Information received since the Federal Open Market Committee met in March indicates that the labor market has continued to strengthen and that economic activity has been rising at a moderate rate. Job gains have been strong, on average, in recent months, ","In view of realized and expected labor market conditions and inflation, the Committee decided to maintain the target range for the federal funds rate at 1-1/2 to 1-3/4 percent.",N,2018-05-02 00:00:00,True,,,,,,
819.0,Information received since the Federal Open Market Committee met in February indicates that the labor market has continued to strengthen and that economic activity has continued to expand at a moderate pace. Job gains remained solid and the unemployment r,statement,Information received since the Federal Open Market Committee met in February indicates that the labor market has continued to strengthen and that economic activity has continued to expand at a moderate pace. Job gains remained solid and the unemployment r,The Committee continues to closely monitor inflation indicators and global economic and financial developments.,N,2017-03-15 00:00:00,True,,,,,,
879.0,Information received since the Federal Open Market Committee met in July indicates that the labor market has continued to strengthen and growth of economic activity has picked up from the modest pace seen in the first half of this year. Although the unemp,statement,Information received since the Federal Open Market Committee met in July indicates that the labor market has continued to strengthen and growth of economic activity has picked up from the modest pace seen in the first half of this year. Although the unemp,"This assessment will take into account a wide range of information, including measures of labor market conditions, indicators of inflation pressures and inflation expectations, and readings on financial and international developments.",N,2016-09-21 00:00:00,True,,,,,,
209.0,"Recent indicators suggest that economic activity has been expanding at a solid pace. Job gains have slowed in recent months but remain strong, and the unemployment rate has remained low. Inflation remains elevated.

The U.S. banking system is sound and re",statement,"Recent indicators suggest that economic activity has been expanding at a solid pace. Job gains have slowed in recent months but remain strong, and the unemployment rate has remained low. Inflation remains elevated. The U.S. banking system is sound and res",The Committee will continue to assess additional information and its implications for monetary policy.,N,2023-09-20 00:00:00,True,,,,,,
1832.0,"Release Date: May 3, 2005 

For immediate release

The Federal Open Market Committee decided today to raise its target for the federal funds rate by 25 basis points to 3 percent. 
The Committee believes that, even after this action, the stance of monetary",statement,"Release Date: May 3, 2005 For immediate release The Federal Open Market Committee decided today to raise its target for the federal funds rate by 25 basis points to 3 percent. The Committee believes that, even after this action, the stance of monetary pol","Recent data suggest that the solid pace of spending growth has slowed somewhat, partly in response to the earlier increases in energy prices.",MH,2005-05-03 00:00:00,True,,,,,,
140.0,"Recent indicators suggest that economic activity has continued to expand at a solid pace. Job gains have remained strong, and the unemployment rate has remained low. Inflation has eased over the past year but remains elevated. In recent months, there has ",statement,"Recent indicators suggest that economic activity has continued to expand at a solid pace. Job gains have remained strong, and the unemployment rate has remained low. Inflation has eased over the past year but remains elevated. In recent months, there has ",The Committee judges that the risks to achieving its employment and inflation goals have moved toward better balance over the past year.,N,2024-06-12 00:00:00,True,,,,,,
1448.0,"Information received since the Federal Open Market Committee met in December suggests that the economy has been expanding moderately, notwithstanding some slowing in global growth. While indicators point to some further improvement in overall labor market",statement,"Information received since the Federal Open Market Committee met in December suggests that the economy has been expanding moderately, notwithstanding some slowing in global growth. While indicators point to some further improvement in overall labor market",The Committee expects economic growth over coming quarters to be modest and consequently anticipates that the unemployment rate will decline only gradually toward levels that the Committee judges to be consistent with its dual mandate.,N,2012-01-25 00:00:00,True,,,,,,
1712.0,"The Federal Open Market Committee has decided to lower its target for the federal funds rate 75 basis points to 3-1/2 percent.
The Committee took this action in view of a weakening of the economic outlook and increasing downside risks to growth.¬† While s",statement,The Federal Open Market Committee has decided to lower its target for the federal funds rate 75 basis points to 3-1/2 percent. The Committee took this action in view of a weakening of the economic outlook and increasing downside risks to growth. While str,Appreciable downside risks to growth remain.,N,2008-01-21 00:00:00,True,,,,,,
1414.0,"Information received since the Federal Open Market Committee met in April suggests that the economy has been expanding moderately this year. However, growth in employment has slowed in recent months, and the unemployment rate remains elevated. Business fi",statement,"Information received since the Federal Open Market Committee met in April suggests that the economy has been expanding moderately this year. However, growth in employment has slowed in recent months, and the unemployment rate remains elevated. Business fi","However, growth in employment has slowed in recent months, and the unemployment rate remains elevated.",MD,2012-06-20 00:00:00,True,,,,,,
1587.0,Information received since the Federal Open Market Committee met in March suggests that economic activity has continued to strengthen and that the labor market is beginning to improve. Growth in household spending has picked up recently but remains constr,statement,Information received since the Federal Open Market Committee met in March suggests that economic activity has continued to strengthen and that the labor market is beginning to improve. Growth in household spending has picked up recently but remains constr,"Although the pace of economic recovery is likely to be moderate for a time, the Committee anticipates a gradual return to higher levels of resource utilization in a context of price stability.",N,2010-04-28 00:00:00,True,,,,,,
1752.0,"The Federal Open Market Committee decided today to keep its target for the federal funds rate at 5-1/4 percent.
Recent indicators have been mixed and the adjustment in the housing sector is ongoing. Nevertheless, the economy seems likely to continue to ex",statement,"The Federal Open Market Committee decided today to keep its target for the federal funds rate at 5-1/4 percent. Recent indicators have been mixed and the adjustment in the housing sector is ongoing. Nevertheless, the economy seems likely to continue to ex","Although inflation pressures seem likely to moderate over time, the high level of resource utilization has the potential to sustain those pressures.",N,2007-03-21 00:00:00,True,,,,,,
1981.0,"The Federal Open Market Committee at its meeting today decided to lower its target for the federal funds rate by 50 basis points to 5-1/2 percent. In a related action, the Board of Governors approved a 50 basis point reduction in the discount rate to 5 pe",statement,"The Federal Open Market Committee at its meeting today decided to lower its target for the federal funds rate by 50 basis points to 5-1/2 percent. In a related action, the Board of Governors approved a 50 basis point reduction in the discount rate to 5 pe","The longer-term advances in technology and accompanying gains in productivity,",N,2000-12-19 00:00:00,False,,,,,,
1120.0,"Information received since the Federal Open Market Committee met in September suggests that economic activity is expanding at a moderate pace. Labor market conditions improved somewhat further, with solid job gains and a lower unemployment rate. On balanc",statement,"Information received since the Federal Open Market Committee met in September suggests that economic activity is expanding at a moderate pace. Labor market conditions improved somewhat further, with solid job gains and a lower unemployment rate. On balanc","To support continued progress toward maximum employment and price stability, the Committee today reaffirmed its view that the current 0 to 1/4 percent target range for the federal funds rate remains appropriate.",D,2014-10-29 00:00:00,True,,,,,,
711.0,"Information received since the Federal Open Market Committee met in December indicates that the labor market has continued to strengthen and that economic activity has been rising at a solid rate. Gains in employment, household spending, and business fixe",statement,"Information received since the Federal Open Market Committee met in December indicates that the labor market has continued to strengthen and that economic activity has been rising at a solid rate. Gains in employment, household spending, and business fixe",Inflation on a 12√¢¬Ä¬ëmonth basis is expected to move up this year and to stabilize around the Committee's 2 percent objective over the medium term.,N,2018-01-31 00:00:00,True,,,,,,
1690.0,"The Federal Open Market Committee decided today to lower its target for the federal funds rate 25 basis points to 2 percent. 
Recent information indicates that economic activity remains weak. Household and business spending has been subdued and labor mark",statement,The Federal Open Market Committee decided today to lower its target for the federal funds rate 25 basis points to 2 percent. Recent information indicates that economic activity remains weak. Household and business spending has been subdued and labor marke,"The Committee expects inflation to moderate in coming quarters, reflecting a projected leveling-out of energy and other commodity prices and an easing of pressures on resource utilization.",N,2008-04-30 00:00:00,True,,,,,,
941.0,Information received since the Federal Open Market Committee met in December suggests that labor market conditions improved further even as economic growth slowed late last year. Household spending and business fixed investment have been increasing at mod,statement,Information received since the Federal Open Market Committee met in December suggests that labor market conditions improved further even as economic growth slowed late last year. Household spending and business fixed investment have been increasing at mod,"survey-based measures of longer-term inflation expectations are little changed, on balance, in recent months.",N,2016-01-27 00:00:00,True,,,,,,
979.0,"Information received since the Federal Open Market Committee met in September suggests that economic activity has been expanding at a moderate pace. Household spending and business fixed investment have been increasing at solid rates in recent months, and",statement,"Information received since the Federal Open Market Committee met in September suggests that economic activity has been expanding at a moderate pace. Household spending and business fixed investment have been increasing at solid rates in recent months, and","This assessment will take into account a wide range of information, including measures of labor market conditions, indicators of inflation pressures and inflation expectations, and readings on financial and international developments.",N,2015-10-28 00:00:00,True,,,,,,
10.0,"Recent indicators suggest that economic activity has been expanding at a solid pace. Job gains have remained low, on average, and the unemployment rate has been little changed in recent months. Inflation is elevated, in part reflecting the recent increase",statement,"Recent indicators suggest that economic activity has been expanding at a solid pace. Job gains have remained low, on average, and the unemployment rate has been little changed in recent months. Inflation is elevated, in part reflecting the recent increase","In assessing the appropriate stance of monetary policy, the Committee will continue to monitor the implications of incoming information for the economic outlook.",N,2026-04-29 00:00:00,True,,,,,,
1709.0,"The Federal Open Market Committee has decided to lower its target for the federal funds rate 75 basis points to 3-1/2 percent.
The Committee took this action in view of a weakening of the economic outlook and increasing downside risks to growth.¬† While s",statement,The Federal Open Market Committee has decided to lower its target for the federal funds rate 75 basis points to 3-1/2 percent. The Committee took this action in view of a weakening of the economic outlook and increasing downside risks to growth. While str,The Committee took this action in view of a weakening of the economic outlook and increasing downside risks to growth.,MD,2008-01-21 00:00:00,True,,,,,,
1132.0,"Information received since the Federal Open Market Committee met in July suggests that economic activity is expanding at a moderate pace. On balance, labor market conditions improved somewhat further; however, the unemployment rate is little changed and a",statement,"Information received since the Federal Open Market Committee met in July suggests that economic activity is expanding at a moderate pace. On balance, labor market conditions improved somewhat further; however, the unemployment rate is little changed and a","Consistent with its statutory mandate, the Committee seeks to foster maximum employment and price stability.",MD,2014-09-17 00:00:00,True,,,,,,
282.0,"Recent indicators point to modest growth in spending and production. Job gains have been robust in recent months, and the unemployment rate has remained low. Inflation remains elevated, reflecting supply and demand imbalances related to the pandemic, high",statement,"Recent indicators point to modest growth in spending and production. Job gains have been robust in recent months, and the unemployment rate has remained low. Inflation remains elevated, reflecting supply and demand imbalances related to the pandemic, high","The Committee's assessments will take into account a wide range of information, including readings on public health, labor market conditions, inflation pressures and inflation expectations, and financial and international developments.",N,2022-12-14 00:00:00,True,,,,,,
810.0,"Information received since the Federal Open Market Committee met in March indicates that the labor market has continued to strengthen even as growth in economic activity slowed. Job gains were solid, on average, in recent months, and the unemployment rate",statement,"Information received since the Federal Open Market Committee met in March indicates that the labor market has continued to strengthen even as growth in economic activity slowed. Job gains were solid, on average, in recent months, and the unemployment rate",The Committee will carefully monitor actual and expected inflation developments relative to its symmetric inflation goal.,N,2017-05-03 00:00:00,True,,,,,,
1465.0,"Information received since the Federal Open Market Committee met in September indicates that economic growth strengthened somewhat in the third quarter, reflecting in part a reversal of the temporary factors that had weighed on growth earlier in the year.",statement,"Information received since the Federal Open Market Committee met in September indicates that economic growth strengthened somewhat in the third quarter, reflecting in part a reversal of the temporary factors that had weighed on growth earlier in the year.",Inflation appears to have moderated since earlier in the year as prices of energy and some commodities have declined from their peaks.,N,2011-11-02 00:00:00,True,,,,,,
291.0,"Recent indicators point to modest growth in spending and production. Job gains have been robust in recent months, and the unemployment rate has remained low. Inflation remains elevated, reflecting supply and demand imbalances related to the pandemic, high",statement,"Recent indicators point to modest growth in spending and production. Job gains have been robust in recent months, and the unemployment rate has remained low. Inflation remains elevated, reflecting supply and demand imbalances related to the pandemic, high",The Committee is strongly committed to returning inflation to its 2 percent objective.,N,2022-11-02 00:00:00,True,,,,,,
754.0,"Information received since the Federal Open Market Committee met in July indicates that the labor market has continued to strengthen and that economic activity has been rising moderately so far this year. Job gains have remained solid in recent months, an",statement,"Information received since the Federal Open Market Committee met in July indicates that the labor market has continued to strengthen and that economic activity has been rising moderately so far this year. Job gains have remained solid in recent months, an","Household spending has been expanding at a moderate rate, and growth in business fixed investment has picked up in recent quarters.",N,2017-09-20 00:00:00,True,,,,,,
626.0,"Information received since the Federal Open Market Committee met in November indicates that the labor market has continued to strengthen and that economic activity has been rising at a strong rate. Job gains have been strong, on average, in recent months,",statement,"Information received since the Federal Open Market Committee met in November indicates that the labor market has continued to strengthen and that economic activity has been rising at a strong rate. Job gains have been strong, on average, in recent months,","On a 12-month basis, both overall inflation and inflation for items other than food and energy remain near 2 percent.",N,2018-12-19 00:00:00,True,,,,,,
952.0,"Information received since the Federal Open Market Committee met in October suggests that economic activity has been expanding at a moderate pace. Household spending and business fixed investment have been increasing at solid rates in recent months, and t",statement,"Information received since the Federal Open Market Committee met in October suggests that economic activity has been expanding at a moderate pace. Household spending and business fixed investment have been increasing at solid rates in recent months, and t","A range of recent labor market indicators, including ongoing job gains and declining unemployment, shows further improvement and confirms that underutilization of labor resources has diminished appreciably since early this year.",MH,2015-12-16 00:00:00,True,,,,,,
869.0,Information received since the Federal Open Market Committee met in July indicates that the labor market has continued to strengthen and growth of economic activity has picked up from the modest pace seen in the first half of this year. Although the unemp,statement,Information received since the Federal Open Market Committee met in July indicates that the labor market has continued to strengthen and growth of economic activity has picked up from the modest pace seen in the first half of this year. Although the unemp,"Inflation has continued to run below the Committee's 2 percent longer-run objective, partly reflecting earlier declines in energy prices and in prices of non-energy imports.",MD,2016-09-21 00:00:00,True,,,,,,
129.0,"Recent indicators suggest that economic activity has continued to expand at a solid pace. Job gains have moderated, and the unemployment rate has moved up but remains low. Inflation has eased over the past year but remains somewhat elevated. In recent mon",statement,"Recent indicators suggest that economic activity has continued to expand at a solid pace. Job gains have moderated, and the unemployment rate has moved up but remains low. Inflation has eased over the past year but remains somewhat elevated. In recent mon",The Committee judges that the risks to achieving its employment and inflation goals continue to move into better balance.,N,2024-07-31 00:00:00,True,,,,,,
1576.0,"Information received since the Federal Open Market Committee met in April suggests that the economic recovery is proceeding and that the labor market is improving gradually. Household spending is increasing but remains constrained by high unemployment, mo",statement,"Information received since the Federal Open Market Committee met in April suggests that the economic recovery is proceeding and that the labor market is improving gradually. Household spending is increasing but remains constrained by high unemployment, mo","Household spending is increasing but remains constrained by high unemployment, modest income growth, lower housing wealth, and tight credit.",MD,2010-06-23 00:00:00,True,,,,,,
843.0,Information received since the Federal Open Market Committee met in November indicates that the labor market has continued to strengthen and that economic activity has been expanding at a moderate pace since mid-year. Job gains have been solid in recent m,statement,Information received since the Federal Open Market Committee met in November indicates that the labor market has continued to strengthen and that economic activity has been expanding at a moderate pace since mid-year. Job gains have been solid in recent m,"most survey-based measures of longer-term inflation expectations are little changed, on balance, in recent months.",N,2016-12-14 00:00:00,True,,,,,,
323.0,"Overall economic activity appears to have picked up after edging down in the first quarter. Job gains have been robust in recent months, and the unemployment rate has remained low. Inflation remains elevated, reflecting supply and demand imbalances relate",statement,"Overall economic activity appears to have picked up after edging down in the first quarter. Job gains have been robust in recent months, and the unemployment rate has remained low. Inflation remains elevated, reflecting supply and demand imbalances relate","The Committee's assessments will take into account a wide range of information, including readings on public health, labor market conditions, inflation pressures and inflation expectations, and financial and international developments.",N,2022-06-15 00:00:00,True,,,,,,
1822.0,"Release Date: August 9, 2005 

For immediate release


The Federal Open Market Committee decided today to raise its target for the federal funds rate by 25 basis points to 3-1/2 percent.

The Committee believes that, even after this action, the stance of ",statement,"Release Date: August 9, 2005 For immediate release The Federal Open Market Committee decided today to raise its target for the federal funds rate by 25 basis points to 3-1/2 percent. The Committee believes that, even after this action, the stance of monet","The Committee perceives that, with appropriate monetary policy action, the upside and downside risks to the attainment of both sustainable growth and price stability should be kept roughly equal.",N,2005-08-09 00:00:00,True,,,,,,
1421.0,"Information received since the Federal Open Market Committee met in April suggests that the economy has been expanding moderately this year. However, growth in employment has slowed in recent months, and the unemployment rate remains elevated. Business fi",statement,"Information received since the Federal Open Market Committee met in April suggests that the economy has been expanding moderately this year. However, growth in employment has slowed in recent months, and the unemployment rate remains elevated. Business fi","In particular, the Committee decided today to keep the target range for the federal funds rate at 0 to 1/4 percent and currently anticipates that economic conditions--including low rates of resource utilization and a subdued outlook for inflation over the",D,2012-06-20 00:00:00,True,,,,,,
1784.0,"The Federal Open Market Committee decided today to raise its target for the federal funds rate by 25 basis points to 5-1/4 percent.
Recent indicators suggest that economic growth is moderating from its quite strong pace earlier this year, partly reflectin",statement,"The Federal Open Market Committee decided today to raise its target for the federal funds rate by 25 basis points to 5-1/4 percent. Recent indicators suggest that economic growth is moderating from its quite strong pace earlier this year, partly reflectin","Although the moderation in the growth of aggregate demand should help to limit inflation pressures over time, the Committee judges that some inflation risks remain.",MH,2006-06-29 00:00:00,True,,,,,,
1882.0,"The Federal Open Market Committee decided today to keep its target for the federal funds rate at 1 percent.

	The Committee continues to believe that an accommodative stance of monetary policy, coupled with robust underlying growth in productivity, is pro",statement,"The Federal Open Market Committee decided today to keep its target for the federal funds rate at 1 percent. The Committee continues to believe that an accommodative stance of monetary policy, coupled with robust underlying growth in productivity, is provi",The probability of an unwelcome fall in inflation has diminished in recent months and now appears almost equal to that of a rise in inflation.,N,2004-03-16 00:00:00,True,,,,,,
873.0,Information received since the Federal Open Market Committee met in July indicates that the labor market has continued to strengthen and growth of economic activity has picked up from the modest pace seen in the first half of this year. Although the unemp,statement,Information received since the Federal Open Market Committee met in July indicates that the labor market has continued to strengthen and growth of economic activity has picked up from the modest pace seen in the first half of this year. Although the unemp,"The Committee expects that, with gradual adjustments in the stance of monetary policy, economic activity will expand at a moderate pace and labor market conditions will strengthen somewhat further.",MH,2016-09-21 00:00:00,True,,,,,,
1216.0,"Information received since the Federal Open Market Committee met in January indicates that growth in economic activity slowed during the winter months, in part reflecting adverse weather conditions. Labor market indicators were mixed but on balance showed",statement,"Information received since the Federal Open Market Committee met in January indicates that growth in economic activity slowed during the winter months, in part reflecting adverse weather conditions. Labor market indicators were mixed but on balance showed","To support continued progress toward maximum employment and price stability, the Committee today reaffirmed its view that a highly accommodative stance of monetary policy remains appropriate.",D,2014-03-19 00:00:00,True,,,,,,
695.0,"Information received since the Federal Open Market Committee met in January indicates that the labor market has continued to strengthen and that economic activity has been rising at a moderate rate. Job gains have been strong in recent months, and the une",statement,"Information received since the Federal Open Market Committee met in January indicates that the labor market has continued to strengthen and that economic activity has been rising at a moderate rate. Job gains have been strong in recent months, and the une","The Committee expects that, with further gradual adjustments in the stance of monetary policy, economic activity will expand at a moderate pace in the medium term and labor market conditions will remain strong.",MD,2018-03-21 00:00:00,True,,,,,,
215.0,"Recent indicators suggest that economic activity has been expanding at a moderate pace. Job gains have been robust in recent months, and the unemployment rate has remained low. Inflation remains elevated.

The U.S. banking system is sound and resilient. T",statement,"Recent indicators suggest that economic activity has been expanding at a moderate pace. Job gains have been robust in recent months, and the unemployment rate has remained low. Inflation remains elevated. The U.S. banking system is sound and resilient. Ti",Recent indicators suggest that economic activity has been expanding at a moderate pace.,N,2023-07-26 00:00:00,True,,,,,,
1281.0,"Information received since the Federal Open Market Committee met in July suggests that economic activity has been expanding at a moderate pace. Some indicators of labor market conditions have shown further improvement in recent months, but the unemploymen",statement,"Information received since the Federal Open Market Committee met in July suggests that economic activity has been expanding at a moderate pace. Some indicators of labor market conditions have shown further improvement in recent months, but the unemploymen","Apart from fluctuations due to changes in energy prices, inflation has been running below the Committee's longer-run objective,",MD,2013-09-18 00:00:00,True,,,,,,
1271.0,"Information received since the Federal Open Market Committee met in September generally suggests that economic activity has continued to expand at a moderate pace. Indicators of labor market conditions have shown some further improvement, but the unemploy",statement,"Information received since the Federal Open Market Committee met in September generally suggests that economic activity has continued to expand at a moderate pace. Indicators of labor market conditions have shown some further improvement, but the unemploy","Taken together, these actions should maintain downward pressure on longer-term interest rates, support mortgage markets, and help to make broader financial conditions more accommodative, which in turn should promote a stronger economic recovery and help t",D,2013-10-30 00:00:00,True,,,,,,
158.0,"Recent indicators suggest that economic activity has continued to expand at a solid pace. Job gains have remained strong, and the unemployment rate has remained low. Inflation has eased over the past year but remains elevated. In recent months, there has ",statement,"Recent indicators suggest that economic activity has continued to expand at a solid pace. Job gains have remained strong, and the unemployment rate has remained low. Inflation has eased over the past year but remains elevated. In recent months, there has ","The Committee's assessments will take into account a wide range of information, including readings on labor market conditions, inflation pressures and inflation expectations, and financial and international developments.",N,2024-05-01 00:00:00,True,,,,,,
1340.0,"Information received since the Federal Open Market Committee met in March suggests that economic activity has been expanding at a moderate pace. Labor market conditions have shown some improvement in recent months, on balance, but the unemployment rate re",statement,"Information received since the Federal Open Market Committee met in March suggests that economic activity has been expanding at a moderate pace. Labor market conditions have shown some improvement in recent months, on balance, but the unemployment rate re","When the Committee decides to begin to remove policy accommodation, it will take a balanced approach consistent with its longer-run goals of maximum employment and inflation of 2 percent.",H,2013-05-01 00:00:00,True,,,,,,
1831.0,"Release Date: May 3, 2005 

For immediate release

The Federal Open Market Committee decided today to raise its target for the federal funds rate by 25 basis points to 3 percent. 
The Committee believes that, even after this action, the stance of monetary",statement,"Release Date: May 3, 2005 For immediate release The Federal Open Market Committee decided today to raise its target for the federal funds rate by 25 basis points to 3 percent. The Committee believes that, even after this action, the stance of monetary pol","The Committee believes that, even after this action, the stance of monetary policy remains accommodative and, coupled with robust underlying growth in productivity, is providing ongoing support to economic activity.",D,2005-05-03 00:00:00,True,,,,,,
841.0,Information received since the Federal Open Market Committee met in November indicates that the labor market has continued to strengthen and that economic activity has been expanding at a moderate pace since mid-year. Job gains have been solid in recent m,statement,Information received since the Federal Open Market Committee met in November indicates that the labor market has continued to strengthen and that economic activity has been expanding at a moderate pace since mid-year. Job gains have been solid in recent m,Market-based measures of inflation compensation have moved up considerably,MH,2016-12-14 00:00:00,True,,,,,,
634.0,"Information received since the Federal Open Market Committee met in September indicates that the labor market has continued to strengthen and that economic activity has been rising at a strong rate. Job gains have been strong, on average, in recent months",statement,"Information received since the Federal Open Market Committee met in September indicates that the labor market has continued to strengthen and that economic activity has been rising at a strong rate. Job gains have been strong, on average, in recent months","Job gains have been strong, on average, in recent months, and the unemployment rate has declined.",MH,2018-11-08 00:00:00,True,,,,,,
516.0,"The coronavirus outbreak has harmed communities and disrupted economic activity in many countries, including the United States. Global financial conditions have also been significantly affected. Available economic data show that the U.S. economy came into",statement,"The coronavirus outbreak has harmed communities and disrupted economic activity in many countries, including the United States. Global financial conditions have also been significantly affected. Available economic data show that the U.S. economy came into","This action will help support economic activity, strong labor market conditions, and inflation returning to the Committee's symmetric 2 percent objective.",N,2020-03-15 00:00:00,True,,,,,,
1734.0,"Financial market conditions have deteriorated, and tighter credit conditions and increased uncertainty have the potential to restrain economic growth going forward. In these circumstances, although recent data suggest that the economy has continued to exp",statement,"Financial market conditions have deteriorated, and tighter credit conditions and increased uncertainty have the potential to restrain economic growth going forward. In these circumstances, although recent data suggest that the economy has continued to exp","In these circumstances, although recent data suggest that the economy has continued to expand at a moderate pace, the Federal Open Market Committee judges that the downside risks to growth have increased appreciably.",N,2007-08-16 00:00:00,True,,,,,,
1759.0,"The Federal Open Market Committee decided today to keep its target for the federal funds rate at 5-1/4 percent. 
Recent indicators have suggested somewhat firmer economic growth, and some tentative signs of stabilization have appeared in the housing marke",statement,"The Federal Open Market Committee decided today to keep its target for the federal funds rate at 5-1/4 percent. Recent indicators have suggested somewhat firmer economic growth, and some tentative signs of stabilization have appeared in the housing market","The extent and timing of any additional firming that may be needed to address these risks will depend on the evolution of the outlook for both inflation and economic growth, as implied by incoming information.",N,2007-01-31 00:00:00,True,,,,,,
597.0,"Information received since the Federal Open Market Committee met in March indicates that the labor market remains strong and that economic activity rose at a solid rate. Job gains have been solid, on average, in recent months, and the unemployment rate ha",statement,"Information received since the Federal Open Market Committee met in March indicates that the labor market remains strong and that economic activity rose at a solid rate. Job gains have been solid, on average, in recent months, and the unemployment rate ha","In light of global economic and financial developments and muted inflation pressures, the Committee will be patient as it determines what future adjustments to the target range for the federal funds rate may be appropriate to support these outcomes.",N,2019-05-01 00:00:00,True,,,,,,
195.0,"Recent indicators suggest that economic activity expanded at a strong pace in the third quarter. Job gains have moderated since earlier in the year but remain strong, and the unemployment rate has remained low. Inflation remains elevated.

The U.S. bankin",statement,"Recent indicators suggest that economic activity expanded at a strong pace in the third quarter. Job gains have moderated since earlier in the year but remain strong, and the unemployment rate has remained low. Inflation remains elevated. The U.S. banking","Tighter financial and credit conditions for households and businesses are likely to weigh on economic activity, hiring, and inflation.",MD,2023-11-01 00:00:00,True,,,,,,
1656.0,"The Federal Open Market Committee decided today to lower its target for the federal funds rate 50 basis points to 1 percent.
The pace of economic activity appears to have slowed markedly, owing importantly to a decline in consumer expenditures. Business e",statement,"The Federal Open Market Committee decided today to lower its target for the federal funds rate 50 basis points to 1 percent. The pace of economic activity appears to have slowed markedly, owing importantly to a decline in consumer expenditures. Business e",The Committee will monitor economic and financial developments carefully and will act as needed to promote sustainable economic growth and price stability.,MH,2008-10-29 00:00:00,True,,,,,,
1660.0,"Joint Statement by Central Banks 
Throughout the current financial crisis, central banks have engaged in continuous close consultation and have cooperated in unprecedented joint actions such as the provision of liquidity to reduce strains in financial mar",statement,"Joint Statement by Central Banks Throughout the current financial crisis, central banks have engaged in continuous close consultation and have cooperated in unprecedented joint actions such as the provision of liquidity to reduce strains in financial mark",Incoming economic data suggest that the pace of economic activity has slowed markedly in recent months.,MD,2008-10-07 00:00:00,True,,,,,,
410.0,"The Federal Reserve is committed to using its full range of tools to support the U.S. economy in this challenging time, thereby promoting its maximum employment and price stability goals.

The COVID-19 pandemic is causing tremendous human and economic har",statement,"The Federal Reserve is committed to using its full range of tools to support the U.S. economy in this challenging time, thereby promoting its maximum employment and price stability goals. The COVID-19 pandemic is causing tremendous human and economic hard","Inflation has risen, largely reflecting transitory factors.",MH,2021-04-28 00:00:00,True,,,,,,
96.0,"Recent indicators suggest that economic activity has continued to expand at a solid pace. Since earlier in the year, labor market conditions have generally eased, and the unemployment rate has moved up but remains low. Inflation has made progress toward t",statement,"Recent indicators suggest that economic activity has continued to expand at a solid pace. Since earlier in the year, labor market conditions have generally eased, and the unemployment rate has moved up but remains low. Inflation has made progress toward t",The Committee seeks to achieve maximum employment and inflation at the rate of 2 percent over the longer run.,MD,2024-12-18 00:00:00,True,,,,,,
1009.0,Information received since the Federal Open Market Committee met in June indicates that economic activity has been expanding moderately in recent months. Growth in household spending has been moderate and the housing sector has shown additional improvemen,statement,Information received since the Federal Open Market Committee met in June indicates that economic activity has been expanding moderately in recent months. Growth in household spending has been moderate and the housing sector has shown additional improvemen,The Committee continues to see the risks to the outlook for economic activity and the labor market as nearly balanced.,N,2015-07-29 00:00:00,True,,,,,,
1941.0,"The Federal Open Market Committee decided today to keep its target for the federal funds rate unchanged at 1-3/4 percent.

Signs that weakness in demand is abating and economic activity is beginning to firm have become more prevalent.  With the forces res",statement,The Federal Open Market Committee decided today to keep its target for the federal funds rate unchanged at 1-3/4 percent. Signs that weakness in demand is abating and economic activity is beginning to firm have become more prevalent. With the forces restr,Signs that weakness in demand is abating and economic activity is beginning to firm have become more prevalent.,N,2002-01-30 00:00:00,True,,,,,,
156.0,"Recent indicators suggest that economic activity has continued to expand at a solid pace. Job gains have remained strong, and the unemployment rate has remained low. Inflation has eased over the past year but remains elevated. In recent months, there has ",statement,"Recent indicators suggest that economic activity has continued to expand at a solid pace. Job gains have remained strong, and the unemployment rate has remained low. Inflation has eased over the past year but remains elevated. In recent months, there has ","In assessing the appropriate stance of monetary policy, the Committee will continue to monitor the implications of incoming information for the economic outlook.",N,2024-05-01 00:00:00,True,,,,,,
419.0,"The Federal Reserve is committed to using its full range of tools to support the U.S. economy in this challenging time, thereby promoting its maximum employment and price stability goals.

The COVID-19 pandemic is causing tremendous human and economic har",statement,"The Federal Reserve is committed to using its full range of tools to support the U.S. economy in this challenging time, thereby promoting its maximum employment and price stability goals. The COVID-19 pandemic is causing tremendous human and economic hard","The Federal Reserve is committed to using its full range of tools to support the U.S. economy in this challenging time, thereby promoting its maximum employment and price stability goals.",MD,2021-03-17 00:00:00,False,,,,,,
1819.0,"Release Date: August 9, 2005 

For immediate release


The Federal Open Market Committee decided today to raise its target for the federal funds rate by 25 basis points to 3-1/2 percent.

The Committee believes that, even after this action, the stance of ",statement,"Release Date: August 9, 2005 For immediate release The Federal Open Market Committee decided today to raise its target for the federal funds rate by 25 basis points to 3-1/2 percent. The Committee believes that, even after this action, the stance of monet","The Committee believes that, even after this action, the stance of monetary policy remains accommodative and, coupled with robust underlying growth in productivity, is providing ongoing support to economic activity.",D,2005-08-09 00:00:00,True,,,,,,
477.0,"The Federal Reserve is committed to using its full range of tools to support the U.S. economy in this challenging time, thereby promoting its maximum employment and price stability goals.

The coronavirus outbreak is causing tremendous human and economic ",statement,"The Federal Reserve is committed to using its full range of tools to support the U.S. economy in this challenging time, thereby promoting its maximum employment and price stability goals. The coronavirus outbreak is causing tremendous human and economic h","The Federal Reserve is committed to using its full range of tools to support the U.S. economy in this challenging time, thereby promoting its maximum employment and price stability goals.",MD,2020-07-29 00:00:00,False,,,,,,
1873.0,"The Federal Open Market Committee decided today to raise its target for the federal funds rate by 25 basis points to 1-1/4 percent. 

The Committee believes that, even after this action, the stance of monetary policy remains accommodative and, coupled wit",statement,"The Federal Open Market Committee decided today to raise its target for the federal funds rate by 25 basis points to 1-1/4 percent. The Committee believes that, even after this action, the stance of monetary policy remains accommodative and, coupled with ","With underlying inflation still expected to be relatively low, the Committee believes that policy accommodation can be removed at a pace that is likely to be measured.",H,2004-06-30 00:00:00,True,,,,,,
668.0,"Information received since the Federal Open Market Committee met in May indicates that the labor market has continued to strengthen and that economic activity has been rising at a solid rate. Job gains have been strong, on average, in recent months, and t",statement,"Information received since the Federal Open Market Committee met in May indicates that the labor market has continued to strengthen and that economic activity has been rising at a solid rate. Job gains have been strong, on average, in recent months, and t","The Committee expects that further gradual increases in the target range for the federal funds rate will be consistent with sustained expansion of economic activity, strong labor market conditions, and inflation near the Committee's symmetric 2 percent ob",N,2018-06-13 00:00:00,True,,,,,,
1599.0,Information received since the Federal Open Market Committee met in December suggests that economic activity has continued to strengthen and that the deterioration in the labor market is abating. Household spending is expanding at a moderate rate but rema,statement,Information received since the Federal Open Market Committee met in December suggests that economic activity has continued to strengthen and that the deterioration in the labor market is abating. Household spending is expanding at a moderate rate but rema,"Household spending is expanding at a moderate rate but remains constrained by a weak labor market, modest income growth, lower housing wealth, and tight credit.",MD,2010-01-27 00:00:00,True,,,,,,
1890.0,"The Federal Open Market Committee decided today to keep its target for 
        the federal funds rate at 1 percent. 
      The Committee continues to believe that an accommodative stance of monetary 
        policy, coupled with robust underlying growth ",statement,"The Federal Open Market Committee decided today to keep its target for the federal funds rate at 1 percent. The Committee continues to believe that an accommodative stance of monetary policy, coupled with robust underlying growth in productivity, is provi",The probability of an unwelcome fall in inflation has diminished in recent months and now appears almost equal to that of a rise in inflation.,N,2003-12-09 00:00:00,True,,,,,,
1309.0,"Information received since the Federal Open Market Committee met in June suggests that economic activity expanded at a modest pace during the first half of the year. Labor market conditions have shown further improvement in recent months, on balance, but ",statement,"Information received since the Federal Open Market Committee met in June suggests that economic activity expanded at a modest pace during the first half of the year. Labor market conditions have shown further improvement in recent months, on balance, but ","In determining how long to maintain a highly accommodative stance of monetary policy, the Committee will also consider other information, including additional measures of labor market conditions, indicators of inflation pressures and inflation expectation",D,2013-07-31 00:00:00,True,,,,,,
447.0,"The Federal Reserve is committed to using its full range of tools to support the U.S. economy in this challenging time, thereby promoting its maximum employment and price stability goals.

The COVID-19 pandemic is causing tremendous human and economic har",statement,"The Federal Reserve is committed to using its full range of tools to support the U.S. economy in this challenging time, thereby promoting its maximum employment and price stability goals. The COVID-19 pandemic is causing tremendous human and economic hard",The Committee seeks to achieve maximum employment and inflation at the rate of 2 percent over the longer run.,MD,2020-12-16 00:00:00,True,,,,,,
553.0,"Consistent with its January 2019 Statement Regarding Monetary Policy Implementation and Balance Sheet Normalization, the Committee reaffirms its intention to implement monetary policy in a regime in which an ample supply of reserves ensures that control o",statement,"Consistent with its January 2019 Statement Regarding Monetary Policy Implementation and Balance Sheet Normalization, the Committee reaffirms its intention to implement monetary policy in a regime in which an ample supply of reserves ensures that control o","Consistent with its January 2019 Statement Regarding Monetary Policy Implementation and Balance Sheet Normalization, the Committee reaffirms its intention to implement monetary policy in a regime in which an ample supply of reserves ensures that control o",H,2019-10-04 00:00:00,True,,,,,,
178.0,"Recent indicators suggest that economic activity has been expanding at a solid pace. Job gains have moderated since early last year but remain strong, and the unemployment rate has remained low. Inflation has eased over the past year but remains elevated.",statement,"Recent indicators suggest that economic activity has been expanding at a solid pace. Job gains have moderated since early last year but remain strong, and the unemployment rate has remained low. Inflation has eased over the past year but remains elevated.","In assessing the appropriate stance of monetary policy, the Committee will continue to monitor the implications of incoming information for the economic outlook.",N,2024-01-31 00:00:00,True,,,,,,
390.0,"The Federal Reserve is committed to using its full range of tools to support the U.S. economy in this challenging time, thereby promoting its maximum employment and price stability goals.

With progress on vaccinations and strong policy support, indicator",statement,"The Federal Reserve is committed to using its full range of tools to support the U.S. economy in this challenging time, thereby promoting its maximum employment and price stability goals. With progress on vaccinations and strong policy support, indicators","With inflation having run persistently below this longer-run goal, the Committee will aim to achieve inflation moderately above 2 percent for some time so that inflation averages 2 percent over time and longer√¢¬Ä¬ëterm inflation expectations remain well ",MD,2021-07-28 00:00:00,True,,,,,,
578.0,"Information received since the Federal Open Market Committee met in June indicates that the labor market remains strong and that economic activity has been rising at a moderate rate. Job gains have been solid, on average, in recent months, and the unemplo",statement,"Information received since the Federal Open Market Committee met in June indicates that the labor market remains strong and that economic activity has been rising at a moderate rate. Job gains have been solid, on average, in recent months, and the unemplo","This assessment will take into account a wide range of information, including measures of labor market conditions, indicators of inflation pressures and inflation expectations, and readings on financial and international developments.",N,2019-07-31 00:00:00,True,,,,,,
1868.0,"The Federal Open Market Committee decided today to raise its target for the federal funds rate by 25 basis points to 1-1/2 percent.

The Committee believes that, even after this action, the stance of monetary policy remains accommodative and, coupled with",statement,"The Federal Open Market Committee decided today to raise its target for the federal funds rate by 25 basis points to 1-1/2 percent. The Committee believes that, even after this action, the stance of monetary policy remains accommodative and, coupled with ","With underlying inflation still expected to be relatively low, the Committee believes that policy accommodation can be removed at a pace that is likely to be measured.",H,2004-08-10 00:00:00,True,,,,,,
1721.0,"The Federal Open Market Committee decided today to lower its target for the federal funds rate 25 basis points to 4-1/2 percent.
Economic growth was solid in the third quarter, and strains in financial markets have eased somewhat on balance.¬† However, th",statement,"The Federal Open Market Committee decided today to lower its target for the federal funds rate 25 basis points to 4-1/2 percent. Economic growth was solid in the third quarter, and strains in financial markets have eased somewhat on balance. However, the ","Today√¢¬Ä¬ôs action, combined with the policy action taken in September, should help forestall some of the adverse effects on the broader economy that might otherwise arise from the disruptions in financial markets and promote moderate growth over time.",D,2007-10-31 00:00:00,True,,,,,,
1954.0,"The Federal Open Market Committee decided today to lower its target for the federal funds rate by 50 basis points to 2-1/2 percent. In a related action, the Board of Governors approved a 50 basis point reduction in the discount rate to 2 percent.

The ter",statement,"The Federal Open Market Committee decided today to lower its target for the federal funds rate by 50 basis points to 2-1/2 percent. In a related action, the Board of Governors approved a 50 basis point reduction in the discount rate to 2 percent. The terr","The Committee continues to believe that, against the background of its long-run goals of price stability and sustainable economic growth and of the information currently available, the risks are weighted mainly toward conditions that may generate economic",H,2001-09-17 00:00:00,False,,,,,,
1657.0,"Joint Statement by Central Banks 
Throughout the current financial crisis, central banks have engaged in continuous close consultation and have cooperated in unprecedented joint actions such as the provision of liquidity to reduce strains in financial mar",statement,"Joint Statement by Central Banks Throughout the current financial crisis, central banks have engaged in continuous close consultation and have cooperated in unprecedented joint actions such as the provision of liquidity to reduce strains in financial mark",Inflation expectations are diminishing and remain anchored to price stability.,N,2008-10-07 00:00:00,True,,,,,,
906.0,"Information received since the Federal Open Market Committee met in April indicates that the pace of improvement in the labor market has slowed while growth in economic activity appears to have picked up. Although the unemployment rate has declined, job g",statement,"Information received since the Federal Open Market Committee met in April indicates that the pace of improvement in the labor market has slowed while growth in economic activity appears to have picked up. Although the unemployment rate has declined, job g","The stance of monetary policy remains accommodative, thereby supporting further improvement in labor market conditions and a return to 2 percent inflation.",D,2016-06-15 00:00:00,True,,,,,,
820.0,Information received since the Federal Open Market Committee met in February indicates that the labor market has continued to strengthen and that economic activity has continued to expand at a moderate pace. Job gains remained solid and the unemployment r,statement,Information received since the Federal Open Market Committee met in February indicates that the labor market has continued to strengthen and that economic activity has continued to expand at a moderate pace. Job gains remained solid and the unemployment r,"In view of realized and expected labor market conditions and inflation, the Committee decided to raise the target range for the federal funds rate to 3/4 to 1 percent.",H,2017-03-15 00:00:00,True,,,,,,
1841.0,"Release Date: March 22, 2005 

For immediate release

The Federal Open Market Committee decided today to raise its target for the federal funds rate by 25 basis points to 2-3/4 percent. 
The Committee believes that, even after this action, the stance of m",statement,"Release Date: March 22, 2005 For immediate release The Federal Open Market Committee decided today to raise its target for the federal funds rate by 25 basis points to 2-3/4 percent. The Committee believes that, even after this action, the stance of monet","With underlying inflation expected to be contained, the Committee believes that policy accommodation can be removed at a pace that is likely to be measured.",H,2005-03-22 00:00:00,True,,,,,,
993.0,"Information received since the Federal Open Market Committee met in July suggests that economic activity is expanding at a moderate pace. Household spending and business fixed investment have been increasing moderately, and the housing sector has improved",statement,"Information received since the Federal Open Market Committee met in July suggests that economic activity is expanding at a moderate pace. Household spending and business fixed investment have been increasing moderately, and the housing sector has improved",the Committee expects inflation to rise gradually toward 2 percent over the medium term as the labor market improves further and the transitory effects of declines in energy and import prices dissipate.,N,2015-09-17 00:00:00,True,,,,,,
1055.0,"Information received since the Federal Open Market Committee met in March suggests that economic growth slowed during the winter months, in part reflecting transitory factors. The pace of job gains moderated, and the unemployment rate remained steady. A r",statement,"Information received since the Federal Open Market Committee met in March suggests that economic growth slowed during the winter months, in part reflecting transitory factors. The pace of job gains moderated, and the unemployment rate remained steady. A r","The Committee currently anticipates that, even after employment and inflation are near mandate-consistent levels, economic conditions may, for some time, warrant keeping the target federal funds rate below levels the Committee views as normal in the longe",D,2015-04-29 00:00:00,True,,,,,,
664.0,"Information received since the Federal Open Market Committee met in May indicates that the labor market has continued to strengthen and that economic activity has been rising at a solid rate. Job gains have been strong, on average, in recent months, and t",statement,"Information received since the Federal Open Market Committee met in May indicates that the labor market has continued to strengthen and that economic activity has been rising at a solid rate. Job gains have been strong, on average, in recent months, and t","Recent data suggest that growth of household spending has picked up, while business fixed investment has continued to grow strongly.",MH,2018-06-13 00:00:00,True,,,,,,
142.0,"Recent indicators suggest that economic activity has continued to expand at a solid pace. Job gains have remained strong, and the unemployment rate has remained low. Inflation has eased over the past year but remains elevated. In recent months, there has ",statement,"Recent indicators suggest that economic activity has continued to expand at a solid pace. Job gains have remained strong, and the unemployment rate has remained low. Inflation has eased over the past year but remains elevated. In recent months, there has ",The Committee does not expect it will be appropriate to reduce the target range until it has gained greater confidence that inflation is moving sustainably toward 2 percent.,H,2024-06-12 00:00:00,True,,,,,,
1547.0,"Information received since the Federal Open Market Committee met in November confirms that the economic recovery is continuing, though at a rate that has been insufficient to bring down unemployment. Household spending is increasing at a moderate pace, bu",statement,"Information received since the Federal Open Market Committee met in November confirms that the economic recovery is continuing, though at a rate that has been insufficient to bring down unemployment. Household spending is increasing at a moderate pace, bu","To promote a stronger pace of economic recovery and to help ensure that inflation, over time, is at levels consistent with its mandate, the Committee decided today to continue expanding its holdings of securities as announced in November.",H,2010-12-14 00:00:00,True,,,,,,
1440.0,Information received since the Federal Open Market Committee met in January suggests that the economy has been expanding moderately. Labor market conditions have improved further; the unemployment rate has declined notably in recent months but remains ele,statement,Information received since the Federal Open Market Committee met in January suggests that the economy has been expanding moderately. Labor market conditions have improved further; the unemployment rate has declined notably in recent months but remains ele,"To support a stronger economic recovery and to help ensure that inflation, over time, is at the rate most consistent with its dual mandate, the Committee expects to maintain a highly accommodative stance for monetary policy.",D,2012-03-13 00:00:00,True,,,,,,
864.0,Information received since the Federal Open Market Committee met in September indicates that the labor market has continued to strengthen and growth of economic activity has picked up from the modest pace seen in the first half of this year. Although the ,statement,Information received since the Federal Open Market Committee met in September indicates that the labor market has continued to strengthen and growth of economic activity has picked up from the modest pace seen in the first half of this year. Although the ,"In determining the timing and size of future adjustments to the target range for the federal funds rate, the Committee will assess realized and expected economic conditions relative to its objectives of maximum employment and 2 percent inflation.",MD,2016-11-02 00:00:00,True,,,,,,
421.0,"The Federal Reserve is committed to using its full range of tools to support the U.S. economy in this challenging time, thereby promoting its maximum employment and price stability goals.

The COVID-19 pandemic is causing tremendous human and economic har",statement,"The Federal Reserve is committed to using its full range of tools to support the U.S. economy in this challenging time, thereby promoting its maximum employment and price stability goals. The COVID-19 pandemic is causing tremendous human and economic hard",Inflation continues to run below 2 percent.,MD,2021-03-17 00:00:00,True,,,,,,
636.0,"Information received since the Federal Open Market Committee met in September indicates that the labor market has continued to strengthen and that economic activity has been rising at a strong rate. Job gains have been strong, on average, in recent months",statement,"Information received since the Federal Open Market Committee met in September indicates that the labor market has continued to strengthen and that economic activity has been rising at a strong rate. Job gains have been strong, on average, in recent months","On a 12-month basis, both overall inflation and inflation for items other than food and energy remain near 2 percent.",N,2018-11-08 00:00:00,True,,,,,,
1417.0,"Information received since the Federal Open Market Committee met in April suggests that the economy has been expanding moderately this year. However, growth in employment has slowed in recent months, and the unemployment rate remains elevated. Business fi",statement,"Information received since the Federal Open Market Committee met in April suggests that the economy has been expanding moderately this year. However, growth in employment has slowed in recent months, and the unemployment rate remains elevated. Business fi",The Committee expects economic growth to remain moderate over coming quarters and then to pick up very gradually.,N,2012-06-20 00:00:00,True,,,,,,
799.0,"Information received since the Federal Open Market Committee met in March indicates that the labor market has continued to strengthen even as growth in economic activity slowed. Job gains were solid, on average, in recent months, and the unemployment rate",statement,"Information received since the Federal Open Market Committee met in March indicates that the labor market has continued to strengthen even as growth in economic activity slowed. Job gains were solid, on average, in recent months, and the unemployment rate",Inflation measured on a 12-month basis recently has been running close to the Committee's 2 percent longer-run objective.,N,2017-05-03 00:00:00,True,,,,,,
1073.0,"Information received since the Federal Open Market Committee met in January suggests that economic growth has moderated somewhat. Labor market conditions have improved further, with strong job gains and a lower unemployment rate. A range of labor market i",statement,"Information received since the Federal Open Market Committee met in January suggests that economic growth has moderated somewhat. Labor market conditions have improved further, with strong job gains and a lower unemployment rate. A range of labor market i","The Committee currently anticipates that, even after employment and inflation are near mandate-consistent levels, economic conditions may, for some time, warrant keeping the target federal funds rate below levels the Committee views as normal in the longe",D,2015-03-18 00:00:00,True,,,,,,
615.0,"Information received since the Federal Open Market Committee met in December indicates that the labor market has continued to strengthen and that economic activity has been rising at a solid rate. Job gains have been strong, on average, in recent months, ",statement,"Information received since the Federal Open Market Committee met in December indicates that the labor market has continued to strengthen and that economic activity has been rising at a solid rate. Job gains have been strong, on average, in recent months, ","Household spending has continued to grow strongly, while growth of business fixed investment has moderated from its rapid pace earlier last year.",MH,2019-01-30 00:00:00,True,,,,,,
294.0,"Recent indicators point to modest growth in spending and production. Job gains have been robust in recent months, and the unemployment rate has remained low. Inflation remains elevated, reflecting supply and demand imbalances related to the pandemic, high",statement,"Recent indicators point to modest growth in spending and production. Job gains have been robust in recent months, and the unemployment rate has remained low. Inflation remains elevated, reflecting supply and demand imbalances related to the pandemic, high","The Committee's assessments will take into account a wide range of information, including readings on public health, labor market conditions, inflation pressures and inflation expectations, and financial and international developments.",N,2022-11-02 00:00:00,True,,,,,,
931.0,Information received since the Federal Open Market Committee met in January suggests that economic activity has been expanding at a moderate pace despite the global economic and financial developments of recent months. Household spending has been increasi,statement,Information received since the Federal Open Market Committee met in January suggests that economic activity has been expanding at a moderate pace despite the global economic and financial developments of recent months. Household spending has been increasi,"Inflation is expected to remain low in the near term, in part because of earlier declines in energy prices,",MD,2016-03-16 00:00:00,True,,,,,,
937.0,Information received since the Federal Open Market Committee met in January suggests that economic activity has been expanding at a moderate pace despite the global economic and financial developments of recent months. Household spending has been increasi,statement,Information received since the Federal Open Market Committee met in January suggests that economic activity has been expanding at a moderate pace despite the global economic and financial developments of recent months. Household spending has been increasi,"In light of the current shortfall of inflation from 2 percent, the Committee will carefully monitor actual and expected progress toward its inflation goal.",N,2016-03-16 00:00:00,True,,,,,,
1921.0,"The Federal Open Market Committee decided today to lower its target for the federal funds rate by 50 basis points to 1 1/4 percent. In a related action, the Board of Governors approved a 50 basis point reduction in the discount rate to 3/4 percent. 

	The",statement,"The Federal Open Market Committee decided today to lower its target for the federal funds rate by 50 basis points to 1 1/4 percent. In a related action, the Board of Governors approved a 50 basis point reduction in the discount rate to 3/4 percent. The Co","The Committee continues to believe that an accommodative stance of monetary policy, coupled with still-robust underlying growth in productivity, is providing important ongoing support to economic activity.",D,2002-11-06 00:00:00,True,,,,,,
88.0,"Recent indicators suggest that economic activity has continued to expand at a solid pace. The unemployment rate has stabilized at a low level in recent months, and labor market conditions remain solid. Inflation remains somewhat elevated.

The Committee s",statement,"Recent indicators suggest that economic activity has continued to expand at a solid pace. The unemployment rate has stabilized at a low level in recent months, and labor market conditions remain solid. Inflation remains somewhat elevated. The Committee se",The Committee is strongly committed to supporting maximum employment and returning inflation to its 2 percent objective.,MD,2025-01-29 00:00:00,True,,,,,,
41.0,"Available indicators suggest that economic activity has been expanding at a moderate pace. Job gains have slowed this year, and the unemployment rate has edged up but remained low through August; more recent indicators are consistent with these developmen",statement,"Available indicators suggest that economic activity has been expanding at a moderate pace. Job gains have slowed this year, and the unemployment rate has edged up but remained low through August; more recent indicators are consistent with these developmen",The Committee is strongly committed to supporting maximum employment and returning inflation to its 2 percent objective.,MD,2025-10-29 00:00:00,True,,,,,,
1818.0,"Release Date: September 20, 2005 

For immediate release


The Federal Open Market Committee decided today to raise its target for the federal funds rate by 25 basis points to 3-3/4 percent.


	Output appeared poised to continue growing at a good pace bef",statement,"Release Date: September 20, 2005 For immediate release The Federal Open Market Committee decided today to raise its target for the federal funds rate by 25 basis points to 3-3/4 percent. Output appeared poised to continue growing at a good pace before the","Nonetheless, the Committee will respond to changes in economic prospects as needed to fulfill its obligation to maintain price stability.",MH,2005-09-20 00:00:00,True,,,,,,
1952.0,"The Federal Open Market Committee decided today to lower its target for the federal funds rate by 50 basis points to 2 percent. In a related action, the Board of Governors approved a 50 basis point reduction in the discount rate to 1-1/2 percent.

Heighte",statement,"The Federal Open Market Committee decided today to lower its target for the federal funds rate by 50 basis points to 2 percent. In a related action, the Board of Governors approved a 50 basis point reduction in the discount rate to 1-1/2 percent. Heighten",2001 Monetary policy Home | News and events,N,2001-10-02 00:00:00,False,,,,,,
131.0,"Recent indicators suggest that economic activity has continued to expand at a solid pace. Job gains have moderated, and the unemployment rate has moved up but remains low. Inflation has eased over the past year but remains somewhat elevated. In recent mon",statement,"Recent indicators suggest that economic activity has continued to expand at a solid pace. Job gains have moderated, and the unemployment rate has moved up but remains low. Inflation has eased over the past year but remains somewhat elevated. In recent mon",The Committee is strongly committed to returning inflation to its 2 percent objective.,N,2024-07-31 00:00:00,True,,,,,,
1010.0,Information received since the Federal Open Market Committee met in June indicates that economic activity has been expanding moderately in recent months. Growth in household spending has been moderate and the housing sector has shown additional improvemen,statement,Information received since the Federal Open Market Committee met in June indicates that economic activity has been expanding moderately in recent months. Growth in household spending has been moderate and the housing sector has shown additional improvemen,"Inflation is anticipated to remain near its recent low level in the near term,",D,2015-07-29 00:00:00,True,,,,,,
998.0,"Information received since the Federal Open Market Committee met in July suggests that economic activity is expanding at a moderate pace. Household spending and business fixed investment have been increasing moderately, and the housing sector has improved",statement,"Information received since the Federal Open Market Committee met in July suggests that economic activity is expanding at a moderate pace. Household spending and business fixed investment have been increasing moderately, and the housing sector has improved",The Committee anticipates that it will be appropriate to raise the target range for the federal funds rate when it has seen some further improvement in the labor market and is reasonably confident that inflation will move back to its 2 percent objective o,H,2015-09-17 00:00:00,True,,,,,,
1870.0,"The Federal Open Market Committee decided today to raise its target for the federal funds rate by 25 basis points to 1-1/4 percent. 

The Committee believes that, even after this action, the stance of monetary policy remains accommodative and, coupled wit",statement,"The Federal Open Market Committee decided today to raise its target for the federal funds rate by 25 basis points to 1-1/4 percent. The Committee believes that, even after this action, the stance of monetary policy remains accommodative and, coupled with ","The Committee believes that, even after this action, the stance of monetary policy remains accommodative and, coupled with robust underlying growth in productivity, is providing ongoing support to economic activity.",D,2004-06-30 00:00:00,True,,,,,,
1872.0,"The Federal Open Market Committee decided today to raise its target for the federal funds rate by 25 basis points to 1-1/4 percent. 

The Committee believes that, even after this action, the stance of monetary policy remains accommodative and, coupled wit",statement,"The Federal Open Market Committee decided today to raise its target for the federal funds rate by 25 basis points to 1-1/4 percent. The Committee believes that, even after this action, the stance of monetary policy remains accommodative and, coupled with ",The Committee perceives the upside and downside risks to the attainment of both sustainable growth and price stability for the next few quarters are roughly equal.,N,2004-06-30 00:00:00,True,,,,,,
1797.0,"The Federal Open Market Committee decided today to raise its target for the federal funds rate by 25 basis points to 4-1/2 percent. 
Although recent economic data have been uneven, the expansion in economic activity appears solid. Core inflation has staye",statement,"The Federal Open Market Committee decided today to raise its target for the federal funds rate by 25 basis points to 4-1/2 percent. Although recent economic data have been uneven, the expansion in economic activity appears solid. Core inflation has stayed",Core inflation has stayed relatively low in recent months and longer-term inflation expectations remain contained.,N,2006-01-31 00:00:00,True,,,,,,
1511.0,Information received since the Federal Open Market Committee met in March indicates that the economic recovery is proceeding at a moderate pace and overall conditions in the labor market are improving gradually.¬† Household spending and business investmen,statement,Information received since the Federal Open Market Committee met in March indicates that the economic recovery is proceeding at a moderate pace and overall conditions in the labor market are improving gradually. Household spending and business investment ,"Consistent with its statutory mandate, the Committee seeks to foster maximum employment and price stability.",MD,2011-04-27 00:00:00,True,,,,,,
164.0,"Recent indicators suggest that economic activity has been expanding at a solid pace. Job gains have remained strong, and the unemployment rate has remained low. Inflation has eased over the past year but remains elevated.

The Committee seeks to achieve m",statement,"Recent indicators suggest that economic activity has been expanding at a solid pace. Job gains have remained strong, and the unemployment rate has remained low. Inflation has eased over the past year but remains elevated. The Committee seeks to achieve ma","The economic outlook is uncertain, and the Committee remains highly attentive to inflation risks.",N,2024-03-20 00:00:00,True,,,,,,
724.0,"Information received since the Federal Open Market Committee met in November indicates that the labor market has continued to strengthen and that economic activity has been rising at a solid rate. Averaging through hurricane-related fluctuations, job gain",statement,"Information received since the Federal Open Market Committee met in November indicates that the labor market has continued to strengthen and that economic activity has been rising at a solid rate. Averaging through hurricane-related fluctuations, job gain","Consistent with its statutory mandate, the Committee seeks to foster maximum employment and price stability.",MD,2017-12-13 00:00:00,True,,,,,,
290.0,"Recent indicators point to modest growth in spending and production. Job gains have been robust in recent months, and the unemployment rate has remained low. Inflation remains elevated, reflecting supply and demand imbalances related to the pandemic, high",statement,"Recent indicators point to modest growth in spending and production. Job gains have been robust in recent months, and the unemployment rate has remained low. Inflation remains elevated, reflecting supply and demand imbalances related to the pandemic, high","In determining the pace of future increases in the target range, the Committee will take into account the cumulative tightening of monetary policy, the lags with which monetary policy affects economic activity and inflation, and economic and financial dev",H,2022-11-02 00:00:00,True,,,,,,
1151.0,"Information received since the Federal Open Market Committee met in June indicates that growth in economic activity rebounded in the second quarter. Labor market conditions improved, with the unemployment rate declining further. However, a range of labor ",statement,"Information received since the Federal Open Market Committee met in June indicates that growth in economic activity rebounded in the second quarter. Labor market conditions improved, with the unemployment rate declining further. However, a range of labor ","Consistent with its statutory mandate, the Committee seeks to foster maximum employment and price stability.",MD,2014-07-30 00:00:00,True,,,,,,
1548.0,"Information received since the Federal Open Market Committee met in November confirms that the economic recovery is continuing, though at a rate that has been insufficient to bring down unemployment. Household spending is increasing at a moderate pace, bu",statement,"Information received since the Federal Open Market Committee met in November confirms that the economic recovery is continuing, though at a rate that has been insufficient to bring down unemployment. Household spending is increasing at a moderate pace, bu",The Committee will regularly review the pace of its securities purchases and the overall size of the asset-purchase program in light of incoming information and will adjust the program as needed to best foster maximum employment and price stability.,D,2010-12-14 00:00:00,True,,,,,,
1915.0,"The Federal Open Market Committee decided today to keep its target for the federal funds rate unchanged at 1-1/4 percent.

While incoming economic data since the January meeting have been mixed, recent labor market indicators have proven disappointing.  H",statement,"The Federal Open Market Committee decided today to keep its target for the federal funds rate unchanged at 1-1/4 percent. While incoming economic data since the January meeting have been mixed, recent labor market indicators have proven disappointing. How","In light of the unusually large uncertainties clouding the geopolitical situation in the short run and their apparent effects on economic decisionmaking, the Committee does not believe it can usefully characterize the current balance of risks with respect",H,2003-03-18 00:00:00,True,,,,,,
1027.0,Information received since the Federal Open Market Committee met in April suggests that economic activity has been expanding moderately after having changed little during the first quarter. The pace of job gains picked up while the unemployment rate remai,statement,Information received since the Federal Open Market Committee met in April suggests that economic activity has been expanding moderately after having changed little during the first quarter. The pace of job gains picked up while the unemployment rate remai,The Committee continues to see the risks to the outlook for economic activity and the labor market as nearly balanced.,N,2015-06-17 00:00:00,True,,,,,,
1746.0,"The Federal Open Market Committee decided today to keep its target for the federal funds rate at 5-1/4 percent. 
Economic growth slowed in the first part of this year and the adjustment in the housing sector is ongoing. Nevertheless, the economy seems lik",statement,"The Federal Open Market Committee decided today to keep its target for the federal funds rate at 5-1/4 percent. Economic growth slowed in the first part of this year and the adjustment in the housing sector is ongoing. Nevertheless, the economy seems like",Economic growth slowed in the first part of this year and the adjustment in the housing sector is ongoing.,MD,2007-05-09 00:00:00,True,,,,,,
778.0,"Information received since the Federal Open Market Committee met in June indicates that the labor market has continued to strengthen and that economic activity has been rising moderately so far this year. Job gains have been solid, on average, since the b",statement,"Information received since the Federal Open Market Committee met in June indicates that the labor market has continued to strengthen and that economic activity has been rising moderately so far this year. Job gains have been solid, on average, since the b","The stance of monetary policy remains accommodative, thereby supporting some further strengthening in labor market conditions and a sustained return to 2 percent inflation.",D,2017-07-26 00:00:00,True,,,,,,
839.0,Information received since the Federal Open Market Committee met in November indicates that the labor market has continued to strengthen and that economic activity has been expanding at a moderate pace since mid-year. Job gains have been solid in recent m,statement,Information received since the Federal Open Market Committee met in November indicates that the labor market has continued to strengthen and that economic activity has been expanding at a moderate pace since mid-year. Job gains have been solid in recent m,Job gains have been solid in recent months and the unemployment rate has declined.,MH,2016-12-14 00:00:00,True,,,,,,
348.0,Indicators of economic activity and employment have continued to strengthen. The sectors most adversely affected by the pandemic have improved in recent months but are being affected by the recent sharp rise in COVID-19 cases. Job gains have been solid in,statement,Indicators of economic activity and employment have continued to strengthen. The sectors most adversely affected by the pandemic have improved in recent months but are being affected by the recent sharp rise in COVID-19 cases. Job gains have been solid in,"With inflation well above 2 percent and a strong labor market, the Committee expects it will soon be appropriate to raise the target range for the federal funds rate.",H,2022-01-26 00:00:00,True,,,,,,
1963.0,"The Federal Open Market Committee at its meeting today decided to lower its target for the federal funds rate by 25 basis points to 3-1/2 percent. In a related action, the Board of Governors approved a 25 basis point reduction in the discount rate to 3 pe",statement,"The Federal Open Market Committee at its meeting today decided to lower its target for the federal funds rate by 25 basis points to 3-1/2 percent. In a related action, the Board of Governors approved a 25 basis point reduction in the discount rate to 3 pe","Although long-term prospects for productivity growth and the economy remain favorable, the Committee continues to believe that against the background of its long-run goals of price stability and sustainable economic growth and of the information currently",H,2001-05-15 00:00:00,False,,,,,,
571.0,"Information received since the Federal Open Market Committee met in June indicates that the labor market remains strong and that economic activity has been rising at a moderate rate. Job gains have been solid, on average, in recent months, and the unemplo",statement,"Information received since the Federal Open Market Committee met in June indicates that the labor market remains strong and that economic activity has been rising at a moderate rate. Job gains have been solid, on average, in recent months, and the unemplo",Market-based measures of inflation compensation remain low,N,2019-07-31 00:00:00,True,,,,,,
917.0,"Information received since the Federal Open Market Committee met in March indicates that labor market conditions have improved further even as growth in economic activity appears to have slowed. Growth in household spending has moderated, although househo",statement,"Information received since the Federal Open Market Committee met in March indicates that labor market conditions have improved further even as growth in economic activity appears to have slowed. Growth in household spending has moderated, although househo","The Committee currently expects that, with gradual adjustments in the stance of monetary policy, economic activity will expand at a moderate pace and labor market indicators will continue to strengthen.",MH,2016-04-27 00:00:00,True,,,,,,
985.0,"Information received since the Federal Open Market Committee met in July suggests that economic activity is expanding at a moderate pace. Household spending and business fixed investment have been increasing moderately, and the housing sector has improved",statement,"Information received since the Federal Open Market Committee met in July suggests that economic activity is expanding at a moderate pace. Household spending and business fixed investment have been increasing moderately, and the housing sector has improved","Inflation has continued to run below the Committee's longer-run objective, partly reflecting declines in energy prices and in prices of non-energy imports.",MD,2015-09-17 00:00:00,True,,,,,,
1905.0,"The Federal Open Market Committee decided today to lower its target for the federal funds rate by 25 basis points to 1 percent.  In a related action, the Board of Governors approved a 25 basis point reduction in the discount rate to 2 percent.

	The Commi",statement,"The Federal Open Market Committee decided today to lower its target for the federal funds rate by 25 basis points to 1 percent. In a related action, the Board of Governors approved a 25 basis point reduction in the discount rate to 2 percent. The Committe","The economy, nonetheless, has yet to exhibit sustainable growth.",N,2003-06-25 00:00:00,True,,,,,,
1481.0,"Information received since the Federal Open Market Committee met in August indicates that economic growth remains slow. Recent indicators point to continuing weakness in overall labor market conditions, and the unemployment rate remains elevated. Househol",statement,"Information received since the Federal Open Market Committee met in August indicates that economic growth remains slow. Recent indicators point to continuing weakness in overall labor market conditions, and the unemployment rate remains elevated. Househol","However, the Committee will continue to pay close attention to the evolution of inflation and inflation expectations.",N,2011-09-21 00:00:00,True,,,,,,
1604.0,Information received since the Federal Open Market Committee met in December suggests that economic activity has continued to strengthen and that the deterioration in the labor market is abating. Household spending is expanding at a moderate rate but rema,statement,Information received since the Federal Open Market Committee met in December suggests that economic activity has continued to strengthen and that the deterioration in the labor market is abating. Household spending is expanding at a moderate rate but rema,The Federal Reserve is prepared to modify these plans if necessary to support financial stability and economic growth.,H,2010-01-27 00:00:00,True,,,,,,
1679.0,"The Federal Open Market Committee decided today to keep its target for the federal funds rate at 2 percent.
Economic activity expanded in the second quarter, partly reflecting growth in consumer spending and exports. However, labor markets have softened f",statement,"The Federal Open Market Committee decided today to keep its target for the federal funds rate at 2 percent. Economic activity expanded in the second quarter, partly reflecting growth in consumer spending and exports. However, labor markets have softened f",The Committee will continue to monitor economic and financial developments and will act as needed to promote sustainable economic growth and price stability.,MH,2008-08-08 00:00:00,True,,,,,,
1861.0,"The Federal Open Market Committee decided today to raise its target for the federal funds rate by 25 basis points to 1-3/4 percent.

	The Committee believes that, even after this action, the stance of monetary policy remains accommodative and, coupled wit",statement,"The Federal Open Market Committee decided today to raise its target for the federal funds rate by 25 basis points to 1-3/4 percent. The Committee believes that, even after this action, the stance of monetary policy remains accommodative and, coupled with ",The Committee perceives the upside and downside risks to the attainment of both sustainable growth and price stability for the next few quarters to be roughly equal.,N,2004-09-21 00:00:00,True,,,,,,
136.0,"Recent indicators suggest that economic activity has continued to expand at a solid pace. Job gains have remained strong, and the unemployment rate has remained low. Inflation has eased over the past year but remains elevated. In recent months, there has ",statement,"Recent indicators suggest that economic activity has continued to expand at a solid pace. Job gains have remained strong, and the unemployment rate has remained low. Inflation has eased over the past year but remains elevated. In recent months, there has ","Job gains have remained strong, and the unemployment rate has remained low.",MH,2024-06-12 00:00:00,True,,,,,,
458.0,"The Federal Reserve is committed to using its full range of tools to support the U.S. economy in this challenging time, thereby promoting its maximum employment and price stability goals.

The COVID-19 pandemic is causing tremendous human and economic har",statement,"The Federal Reserve is committed to using its full range of tools to support the U.S. economy in this challenging time, thereby promoting its maximum employment and price stability goals. The COVID-19 pandemic is causing tremendous human and economic hard","The ongoing public health crisis will continue to weigh on economic activity, employment, and inflation in the near term, and poses considerable risks to the economic outlook over the medium term.",MD,2020-11-05 00:00:00,True,,,,,,
375.0,"The Federal Reserve is committed to using its full range of tools to support the U.S. economy in this challenging time, thereby promoting its maximum employment and price stability goals.

With progress on vaccinations and strong policy support, indicator",statement,"The Federal Reserve is committed to using its full range of tools to support the U.S. economy in this challenging time, thereby promoting its maximum employment and price stability goals. With progress on vaccinations and strong policy support, indicators","The Federal Reserve is committed to using its full range of tools to support the U.S. economy in this challenging time, thereby promoting its maximum employment and price stability goals.",MD,2021-09-22 00:00:00,False,,,,,,
1352.0,Information received since the Federal Open Market Committee met in January suggests a return to moderate economic growth following a pause late last year.¬† Labor market conditions have shown signs of improvement in recent months but the unemployment rat,statement,Information received since the Federal Open Market Committee met in January suggests a return to moderate economic growth following a pause late last year. Labor market conditions have shown signs of improvement in recent months but the unemployment rate ,"In determining how long to maintain a highly accommodative stance of monetary policy, the Committee will also consider other information, including additional measures of labor market conditions, indicators of inflation pressures and inflation expectation",D,2013-03-20 00:00:00,True,,,,,,
333.0,"Although overall economic activity edged down in the first quarter, household spending and business fixed investment remained strong. Job gains have been robust in recent months, and the unemployment rate has declined substantially. Inflation remains elev",statement,"Although overall economic activity edged down in the first quarter, household spending and business fixed investment remained strong. Job gains have been robust in recent months, and the unemployment rate has declined substantially. Inflation remains elev","The Committee's assessments will take into account a wide range of information, including readings on public health, labor market conditions, inflation pressures and inflation expectations, and financial and international developments.",N,2022-05-04 00:00:00,True,,,,,,
1316.0,"Information received since the Federal Open Market Committee met in May suggests that economic activity has been expanding at a moderate pace. Labor market conditions have shown further improvement in recent months, on balance, but the unemployment rate r",statement,"Information received since the Federal Open Market Committee met in May suggests that economic activity has been expanding at a moderate pace. Labor market conditions have shown further improvement in recent months, on balance, but the unemployment rate r","Consistent with its statutory mandate, the Committee seeks to foster maximum employment and price stability.",MD,2013-06-19 00:00:00,True,,,,,,
1190.0,"Information received since the Federal Open Market Committee met in March indicates that growth in economic activity has picked up recently, after having slowed sharply during the winter in part because of adverse weather conditions. Labor market indicato",statement,"Information received since the Federal Open Market Committee met in March indicates that growth in economic activity has picked up recently, after having slowed sharply during the winter in part because of adverse weather conditions. Labor market indicato","The Committee expects that, with appropriate policy accommodation, economic activity will expand at a moderate pace and labor market conditions will continue to improve gradually, moving toward those the Committee judges consistent with its dual mandate.",D,2014-04-30 00:00:00,True,,,,,,
1776.0,"The Federal Open Market Committee decided today to keep its target for the federal funds rate at 5-1/4 percent. 
Economic growth has moderated from its quite strong pace earlier this year, partly reflecting a gradual cooling of the housing market and the ",statement,"The Federal Open Market Committee decided today to keep its target for the federal funds rate at 5-1/4 percent. Economic growth has moderated from its quite strong pace earlier this year, partly reflecting a gradual cooling of the housing market and the l","Readings on core inflation have been elevated in recent months, and the high levels of resource utilization and of the prices of energy and other commodities have the potential to sustain inflation pressures.",MH,2006-08-08 00:00:00,True,,,,,,
1469.0,"Information received since the Federal Open Market Committee met in September indicates that economic growth strengthened somewhat in the third quarter, reflecting in part a reversal of the temporary factors that had weighed on growth earlier in the year.",statement,"Information received since the Federal Open Market Committee met in September indicates that economic growth strengthened somewhat in the third quarter, reflecting in part a reversal of the temporary factors that had weighed on growth earlier in the year.","The Committee also anticipates that inflation will settle, over coming quarters, at levels at or below those consistent with the Committee's dual mandate as the effects of past energy and other commodity price increases dissipate further.",MH,2011-11-02 00:00:00,True,,,,,,
816.0,Information received since the Federal Open Market Committee met in February indicates that the labor market has continued to strengthen and that economic activity has continued to expand at a moderate pace. Job gains remained solid and the unemployment r,statement,Information received since the Federal Open Market Committee met in February indicates that the labor market has continued to strengthen and that economic activity has continued to expand at a moderate pace. Job gains remained solid and the unemployment r,"survey-based measures of longer-term inflation expectations are little changed, on balance.",N,2017-03-15 00:00:00,True,,,,,,
1691.0,"The Federal Open Market Committee decided today to lower its target for the federal funds rate 25 basis points to 2 percent. 
Recent information indicates that economic activity remains weak. Household and business spending has been subdued and labor mark",statement,The Federal Open Market Committee decided today to lower its target for the federal funds rate 25 basis points to 2 percent. Recent information indicates that economic activity remains weak. Household and business spending has been subdued and labor marke,"Still, uncertainty about the inflation outlook remains high.",N,2008-04-30 00:00:00,True,,,,,,
1673.0,"The Federal Open Market Committee decided today to keep its target for the federal funds rate at 2 percent.
Economic activity expanded in the second quarter, partly reflecting growth in consumer spending and exports. However, labor markets have softened f",statement,"The Federal Open Market Committee decided today to keep its target for the federal funds rate at 2 percent. Economic activity expanded in the second quarter, partly reflecting growth in consumer spending and exports. However, labor markets have softened f","Tight credit conditions, the ongoing housing contraction, and elevated energy prices are likely to weigh on economic growth over the next few quarters.",MH,2008-08-08 00:00:00,True,,,,,,
1874.0,"The Federal Open Market Committee decided today to raise its target for the federal funds rate by 25 basis points to 1-1/4 percent. 

The Committee believes that, even after this action, the stance of monetary policy remains accommodative and, coupled wit",statement,"The Federal Open Market Committee decided today to raise its target for the federal funds rate by 25 basis points to 1-1/4 percent. The Committee believes that, even after this action, the stance of monetary policy remains accommodative and, coupled with ","Nonetheless, the Committee will respond to changes in economic prospects as needed to fulfill its obligation to maintain price stability.",MH,2004-06-30 00:00:00,True,,,,,,
984.0,"Information received since the Federal Open Market Committee met in July suggests that economic activity is expanding at a moderate pace. Household spending and business fixed investment have been increasing moderately, and the housing sector has improved",statement,"Information received since the Federal Open Market Committee met in July suggests that economic activity is expanding at a moderate pace. Household spending and business fixed investment have been increasing moderately, and the housing sector has improved","The labor market continued to improve, with solid job gains and declining unemployment.",MH,2015-09-17 00:00:00,True,,,,,,
1930.0,"The Federal Open Market Committee decided today to keep its target for the federal funds rate unchanged at 1 3/4 percent. 

The softening in the growth of aggregate demand that emerged this spring has been prolonged in large measure by weakness in financi",statement,The Federal Open Market Committee decided today to keep its target for the federal funds rate unchanged at 1 3/4 percent. The softening in the growth of aggregate demand that emerged this spring has been prolonged in large measure by weakness in financial,"The current accommodative stance of monetary policy, coupled with still-robust underlying growth in productivity, should be sufficient to foster an improving business climate over time.",D,2002-08-13 00:00:00,True,,,,,,
910.0,"Information received since the Federal Open Market Committee met in March indicates that labor market conditions have improved further even as growth in economic activity appears to have slowed. Growth in household spending has moderated, although househo",statement,"Information received since the Federal Open Market Committee met in March indicates that labor market conditions have improved further even as growth in economic activity appears to have slowed. Growth in household spending has moderated, although househo",Information received since the Federal Open Market Committee met in March indicates that labor market conditions have improved further even as growth in economic activity appears to have slowed.,MH,2016-04-27 00:00:00,True,,,,,,
1948.0,"The Federal Open Market Committee decided today to lower its target for the federal funds rate by 25 basis points to 1-3/4 percent. In a related action, the Board of Governors approved a 25 basis point reduction in the discount rate to 1-1/4 percent. 

Ec",statement,"The Federal Open Market Committee decided today to lower its target for the federal funds rate by 25 basis points to 1-3/4 percent. In a related action, the Board of Governors approved a 25 basis point reduction in the discount rate to 1-1/4 percent. Econ",2001 Monetary policy Home | News and events,M,2001-11-06 00:00:00,False,,,,,,
1134.0,"Information received since the Federal Open Market Committee met in July suggests that economic activity is expanding at a moderate pace. On balance, labor market conditions improved somewhat further; however, the unemployment rate is little changed and a",statement,"Information received since the Federal Open Market Committee met in July suggests that economic activity is expanding at a moderate pace. On balance, labor market conditions improved somewhat further; however, the unemployment rate is little changed and a",The Committee sees the risks to the outlook for economic activity and the labor market as nearly balanced and judges that the likelihood of inflation running persistently below 2 percent has diminished somewhat since early this year.,N,2014-09-17 00:00:00,True,,,,,,
328.0,"Although overall economic activity edged down in the first quarter, household spending and business fixed investment remained strong. Job gains have been robust in recent months, and the unemployment rate has declined substantially. Inflation remains elev",statement,"Although overall economic activity edged down in the first quarter, household spending and business fixed investment remained strong. Job gains have been robust in recent months, and the unemployment rate has declined substantially. Inflation remains elev",The Committee is highly attentive to inflation risks.,N,2022-05-04 00:00:00,True,,,,,,
1364.0,"Information received since the Federal Open Market Committee met in December suggests that growth in economic activity paused in recent months, in large part because of weather-related disruptions and other transitory factors. Employment has continued to ",statement,"Information received since the Federal Open Market Committee met in December suggests that growth in economic activity paused in recent months, in large part because of weather-related disruptions and other transitory factors. Employment has continued to ","To support continued progress toward maximum employment and price stability, the Committee expects that a highly accommodative stance of monetary policy will remain appropriate for a considerable time after the asset purchase program ends and the economic",D,2013-01-30 00:00:00,True,,,,,,
318.0,"Overall economic activity appears to have picked up after edging down in the first quarter. Job gains have been robust in recent months, and the unemployment rate has remained low. Inflation remains elevated, reflecting supply and demand imbalances relate",statement,"Overall economic activity appears to have picked up after edging down in the first quarter. Job gains have been robust in recent months, and the unemployment rate has remained low. Inflation remains elevated, reflecting supply and demand imbalances relate",The Committee is highly attentive to inflation risks.,N,2022-06-15 00:00:00,True,,,,,,
1542.0,"Information received since the Federal Open Market Committee met in November confirms that the economic recovery is continuing, though at a rate that has been insufficient to bring down unemployment. Household spending is increasing at a moderate pace, bu",statement,"Information received since the Federal Open Market Committee met in November confirms that the economic recovery is continuing, though at a rate that has been insufficient to bring down unemployment. Household spending is increasing at a moderate pace, bu","Longer-term inflation expectations have remained stable,",N,2010-12-14 00:00:00,True,,,,,,
1490.0,Information received since the Federal Open Market Committee met in June indicates that economic growth so far this year has been considerably slower than the Committee had expected.¬† Indicators suggest a deterioration in overall labor market conditions ,statement,Information received since the Federal Open Market Committee met in June indicates that economic growth so far this year has been considerably slower than the Committee had expected. Indicators suggest a deterioration in overall labor market conditions in,Longer-term inflation expectations have remained stable.,N,2011-08-09 00:00:00,True,,,,,,
1904.0,"The Federal Open Market Committee decided today to lower its target for the federal funds rate by 25 basis points to 1 percent.  In a related action, the Board of Governors approved a 25 basis point reduction in the discount rate to 2 percent.

	The Commi",statement,"The Federal Open Market Committee decided today to lower its target for the federal funds rate by 25 basis points to 1 percent. In a related action, the Board of Governors approved a 25 basis point reduction in the discount rate to 2 percent. The Committe","The Committee continues to believe that an accommodative stance of monetary policy, coupled with still robust underlying growth in productivity, is providing important ongoing support to economic activity.",D,2003-06-25 00:00:00,True,,,,,,
167.0,"Recent indicators suggest that economic activity has been expanding at a solid pace. Job gains have remained strong, and the unemployment rate has remained low. Inflation has eased over the past year but remains elevated.

The Committee seeks to achieve m",statement,"Recent indicators suggest that economic activity has been expanding at a solid pace. Job gains have remained strong, and the unemployment rate has remained low. Inflation has eased over the past year but remains elevated. The Committee seeks to achieve ma","In assessing the appropriate stance of monetary policy, the Committee will continue to monitor the implications of incoming information for the economic outlook.",N,2024-03-20 00:00:00,True,,,,,,
12.0,"Recent indicators suggest that economic activity has been expanding at a solid pace. Job gains have remained low, on average, and the unemployment rate has been little changed in recent months. Inflation is elevated, in part reflecting the recent increase",statement,"Recent indicators suggest that economic activity has been expanding at a solid pace. Job gains have remained low, on average, and the unemployment rate has been little changed in recent months. Inflation is elevated, in part reflecting the recent increase","The Committee's assessments will take into account a wide range of information, including readings on labor market conditions, inflation pressures and inflation expectations, and financial and international developments.",N,2026-04-29 00:00:00,True,,,,,,
1945.0,"The Federal Open Market Committee decided today to lower its target for the federal funds rate by 25 basis points to 1-3/4 percent. In a related action, the Board of Governors approved a 25 basis point reduction in the discount rate to 1-1/4 percent. 

Ec",statement,"The Federal Open Market Committee decided today to lower its target for the federal funds rate by 25 basis points to 1-3/4 percent. In a related action, the Board of Governors approved a 25 basis point reduction in the discount rate to 1-1/4 percent. Econ","To be sure, weakness in demand shows signs of abating, but those signs are preliminary and tentative.",MD,2001-12-11 00:00:00,True,,,,,,
171.0,"Recent indicators suggest that economic activity has been expanding at a solid pace. Job gains have moderated since early last year but remain strong, and the unemployment rate has remained low. Inflation has eased over the past year but remains elevated.",statement,"Recent indicators suggest that economic activity has been expanding at a solid pace. Job gains have moderated since early last year but remain strong, and the unemployment rate has remained low. Inflation has eased over the past year but remains elevated.","Job gains have moderated since early last year but remain strong, and the unemployment rate has remained low.",MH,2024-01-31 00:00:00,True,,,,,,
649.0,"Information received since the Federal Open Market Committee met in August indicates that the labor market has continued to strengthen and that economic activity has been rising at a strong rate. Job gains have been strong, on average, in recent months, a",statement,"Information received since the Federal Open Market Committee met in August indicates that the labor market has continued to strengthen and that economic activity has been rising at a strong rate. Job gains have been strong, on average, in recent months, a","In view of realized and expected labor market conditions and inflation, the Committee decided to raise the target range for the federal funds rate to 2 to 2-1/4 percent.",H,2018-09-26 00:00:00,True,,,,,,
1068.0,"Information received since the Federal Open Market Committee met in January suggests that economic growth has moderated somewhat. Labor market conditions have improved further, with strong job gains and a lower unemployment rate. A range of labor market i",statement,"Information received since the Federal Open Market Committee met in January suggests that economic growth has moderated somewhat. Labor market conditions have improved further, with strong job gains and a lower unemployment rate. A range of labor market i","To support continued progress toward maximum employment and price stability, the Committee today reaffirmed its view that the current 0 to 1/4 percent target range for the federal funds rate remains appropriate.",D,2015-03-18 00:00:00,True,,,,,,
260.0,"Recent indicators point to modest growth in spending and production. Job gains have been robust in recent months, and the unemployment rate has remained low. Inflation has eased somewhat but remains elevated.

Russia's war against Ukraine is causing treme",statement,"Recent indicators point to modest growth in spending and production. Job gains have been robust in recent months, and the unemployment rate has remained low. Inflation has eased somewhat but remains elevated. Russia's war against Ukraine is causing tremen",Recent indicators point to modest growth in spending and production.,N,2023-02-01 00:00:00,True,,,,,,
1222.0,"Information received since the Federal Open Market Committee met in January indicates that growth in economic activity slowed during the winter months, in part reflecting adverse weather conditions. Labor market indicators were mixed but on balance showed",statement,"Information received since the Federal Open Market Committee met in January indicates that growth in economic activity slowed during the winter months, in part reflecting adverse weather conditions. Labor market indicators were mixed but on balance showed","With the unemployment rate nearing 6-1/2 percent, the Committee has updated its forward guidance.",D,2014-03-19 00:00:00,True,,,,,,
1420.0,"Information received since the Federal Open Market Committee met in April suggests that the economy has been expanding moderately this year. However, growth in employment has slowed in recent months, and the unemployment rate remains elevated. Business fi",statement,"Information received since the Federal Open Market Committee met in April suggests that the economy has been expanding moderately this year. However, growth in employment has slowed in recent months, and the unemployment rate remains elevated. Business fi","To support a stronger economic recovery and to help ensure that inflation, over time, is at the rate most consistent with its dual mandate, the Committee expects to maintain a highly accommodative stance for monetary policy.",D,2012-06-20 00:00:00,True,,,,,,
901.0,"Information received since the Federal Open Market Committee met in April indicates that the pace of improvement in the labor market has slowed while growth in economic activity appears to have picked up. Although the unemployment rate has declined, job g",statement,"Information received since the Federal Open Market Committee met in April indicates that the pace of improvement in the labor market has slowed while growth in economic activity appears to have picked up. Although the unemployment rate has declined, job g","Consistent with its statutory mandate, the Committee seeks to foster maximum employment and price stability.",MD,2016-06-15 00:00:00,True,,,,,,
672.0,"Information received since the Federal Open Market Committee met in May indicates that the labor market has continued to strengthen and that economic activity has been rising at a solid rate. Job gains have been strong, on average, in recent months, and t",statement,"Information received since the Federal Open Market Committee met in May indicates that the labor market has continued to strengthen and that economic activity has been rising at a solid rate. Job gains have been strong, on average, in recent months, and t","This assessment will take into account a wide range of information, including measures of labor market conditions, indicators of inflation pressures and inflation expectations, and readings on financial and international developments.",N,2018-06-13 00:00:00,True,,,,,,
258.0,"Recent indicators point to modest growth in spending and production. Job gains have picked up in recent months and are running at a robust pace; the unemployment rate has remained low. Inflation remains elevated.

The U.S. banking system is sound and resi",statement,Recent indicators point to modest growth in spending and production. Job gains have picked up in recent months and are running at a robust pace; the unemployment rate has remained low. Inflation remains elevated. The U.S. banking system is sound and resil,The Committee would be prepared to adjust the stance of monetary policy as appropriate if risks emerge that could impede the attainment of the Committee's goals.,N,2023-03-22 00:00:00,True,,,,,,
844.0,Information received since the Federal Open Market Committee met in November indicates that the labor market has continued to strengthen and that economic activity has been expanding at a moderate pace since mid-year. Job gains have been solid in recent m,statement,Information received since the Federal Open Market Committee met in November indicates that the labor market has continued to strengthen and that economic activity has been expanding at a moderate pace since mid-year. Job gains have been solid in recent m,"Consistent with its statutory mandate, the Committee seeks to foster maximum employment and price stability.",MD,2016-12-14 00:00:00,True,,,,,,
867.0,Information received since the Federal Open Market Committee met in July indicates that the labor market has continued to strengthen and growth of economic activity has picked up from the modest pace seen in the first half of this year. Although the unemp,statement,Information received since the Federal Open Market Committee met in July indicates that the labor market has continued to strengthen and growth of economic activity has picked up from the modest pace seen in the first half of this year. Although the unemp,Information received since the Federal Open Market Committee met in July indicates that the labor market has continued to strengthen and growth of economic activity has picked up from the modest pace seen in the first half of this year.,MH,2016-09-21 00:00:00,True,,,,,,
1436.0,Information received since the Federal Open Market Committee met in January suggests that the economy has been expanding moderately. Labor market conditions have improved further; the unemployment rate has declined notably in recent months but remains ele,statement,Information received since the Federal Open Market Committee met in January suggests that the economy has been expanding moderately. Labor market conditions have improved further; the unemployment rate has declined notably in recent months but remains ele,"Consistent with its statutory mandate, the Committee seeks to foster maximum employment and price stability.",MD,2012-03-13 00:00:00,True,,,,,,
138.0,"Recent indicators suggest that economic activity has continued to expand at a solid pace. Job gains have remained strong, and the unemployment rate has remained low. Inflation has eased over the past year but remains elevated. In recent months, there has ",statement,"Recent indicators suggest that economic activity has continued to expand at a solid pace. Job gains have remained strong, and the unemployment rate has remained low. Inflation has eased over the past year but remains elevated. In recent months, there has ","In recent months, there has been modest further progress toward the Committee's 2 percent inflation objective.",N,2024-06-12 00:00:00,True,,,,,,
893.0,"Information received since the Federal Open Market Committee met in June indicates that the labor market strengthened and that economic activity has been expanding at a moderate rate. Job gains were strong in June following weak growth in May. On balance,",statement,"Information received since the Federal Open Market Committee met in June indicates that the labor market strengthened and that economic activity has been expanding at a moderate rate. Job gains were strong in June following weak growth in May. On balance,","This assessment will take into account a wide range of information, including measures of labor market conditions, indicators of inflation pressures and inflation expectations, and readings on financial and international developments.",N,2016-07-27 00:00:00,True,,,,,,
1854.0,"The Federal Open Market Committee decided today to raise its target for the federal funds rate by 25 basis points to 2 percent.
The Committee believes that, even after this action, the stance of monetary policy remains accommodative and, coupled with robu",statement,"The Federal Open Market Committee decided today to raise its target for the federal funds rate by 25 basis points to 2 percent. The Committee believes that, even after this action, the stance of monetary policy remains accommodative and, coupled with robu",Inflation and longer-term inflation expectations remain well contained.,N,2004-11-10 00:00:00,True,,,,,,
549.0,"Information received since the Federal Open Market Committee met in September indicates that the labor market remains strong and that economic activity has been rising at a moderate rate. Job gains have been solid, on average, in recent months, and the un",statement,"Information received since the Federal Open Market Committee met in September indicates that the labor market remains strong and that economic activity has been rising at a moderate rate. Job gains have been solid, on average, in recent months, and the un","In light of the implications of global developments for the economic outlook as well as muted inflation pressures, the Committee decided to lower the target range for the federal funds rate to 1-1/2 to 1-3/4 percent.",D,2019-10-30 00:00:00,True,,,,,,
319.0,"Overall economic activity appears to have picked up after edging down in the first quarter. Job gains have been robust in recent months, and the unemployment rate has remained low. Inflation remains elevated, reflecting supply and demand imbalances relate",statement,"Overall economic activity appears to have picked up after edging down in the first quarter. Job gains have been robust in recent months, and the unemployment rate has remained low. Inflation remains elevated, reflecting supply and demand imbalances relate",The Committee seeks to achieve maximum employment and inflation at the rate of 2 percent over the longer run.,MD,2022-06-15 00:00:00,True,,,,,,
1605.0,Information received since the Federal Open Market Committee met in November suggests that economic activity has continued to pick up and that the deterioration in the labor market is abating. The housing sector has shown some signs of improvement over re,statement,Information received since the Federal Open Market Committee met in November suggests that economic activity has continued to pick up and that the deterioration in the labor market is abating. The housing sector has shown some signs of improvement over re,Information received since the Federal Open Market Committee met in November suggests that economic activity has continued to pick up and that the deterioration in the labor market is abating.,MH,2009-12-15 00:00:00,True,,,,,,
1245.0,Information received since the Federal Open Market Committee met in October indicates that economic activity is expanding at a moderate pace. Labor market conditions have shown further improvement; the unemployment rate has declined but remains elevated. ,statement,Information received since the Federal Open Market Committee met in October indicates that economic activity is expanding at a moderate pace. Labor market conditions have shown further improvement; the unemployment rate has declined but remains elevated. ,"Inflation has been running below the Committee's longer-run objective,",MD,2013-12-18 00:00:00,True,,,,,,
1333.0,"Information received since the Federal Open Market Committee met in March suggests that economic activity has been expanding at a moderate pace. Labor market conditions have shown some improvement in recent months, on balance, but the unemployment rate re",statement,"Information received since the Federal Open Market Committee met in March suggests that economic activity has been expanding at a moderate pace. Labor market conditions have shown some improvement in recent months, on balance, but the unemployment rate re",The Committee also anticipates that inflation over the medium term likely will run at or below its 2 percent objective.,N,2013-05-01 00:00:00,True,,,,,,
558.0,"Information received since the Federal Open Market Committee met in July indicates that the labor market remains strong and that economic activity has been rising at a moderate rate. Job gains have been solid, on average, in recent months, and the unemplo",statement,"Information received since the Federal Open Market Committee met in July indicates that the labor market remains strong and that economic activity has been rising at a moderate rate. Job gains have been solid, on average, in recent months, and the unemplo","On a 12-month basis, overall inflation and inflation for items other than food and energy are running below 2 percent.",MD,2019-09-18 00:00:00,True,,,,,,
139.0,"Recent indicators suggest that economic activity has continued to expand at a solid pace. Job gains have remained strong, and the unemployment rate has remained low. Inflation has eased over the past year but remains elevated. In recent months, there has ",statement,"Recent indicators suggest that economic activity has continued to expand at a solid pace. Job gains have remained strong, and the unemployment rate has remained low. Inflation has eased over the past year but remains elevated. In recent months, there has ",The Committee seeks to achieve maximum employment and inflation at the rate of 2 percent over the longer run.,MD,2024-06-12 00:00:00,True,,,,,,
1909.0,"The Federal Open Market Committee decided to keep its target for the federal funds rate unchanged at 1-1/4 percent. 

	Recent readings on production and employment, though mostly reflecting decisions made before the conclusion of hostilities, have proven ",statement,"The Federal Open Market Committee decided to keep its target for the federal funds rate unchanged at 1-1/4 percent. Recent readings on production and employment, though mostly reflecting decisions made before the conclusion of hostilities, have proven dis","Recent readings on production and employment, though mostly reflecting decisions made before the conclusion of hostilities, have proven disappointing.",MD,2003-05-06 00:00:00,True,,,,,,
531.0,"Information received since the Federal Open Market Committee met in December indicates that the labor market remains strong and that economic activity has been rising at a moderate rate. Job gains have been solid, on average, in recent months, and the une",statement,"Information received since the Federal Open Market Committee met in December indicates that the labor market remains strong and that economic activity has been rising at a moderate rate. Job gains have been solid, on average, in recent months, and the une","In determining the timing and size of future adjustments to the target range for the federal funds rate, the Committee will assess realized and expected economic conditions relative to its maximum employment objective and its symmetric 2 percent inflation",MD,2020-01-29 00:00:00,True,,,,,,
224.0,"Recent indicators suggest that economic activity has been expanding at a moderate pace. Job gains have been robust in recent months, and the unemployment rate has remained low. Inflation remains elevated.

The U.S. banking system is sound and resilient. T",statement,"Recent indicators suggest that economic activity has been expanding at a moderate pace. Job gains have been robust in recent months, and the unemployment rate has remained low. Inflation remains elevated. The U.S. banking system is sound and resilient. Ti",The Committee would be prepared to adjust the stance of monetary policy as appropriate if risks emerge that could impede the attainment of the Committee's goals.,N,2023-07-26 00:00:00,True,,,,,,
723.0,"Information received since the Federal Open Market Committee met in November indicates that the labor market has continued to strengthen and that economic activity has been rising at a solid rate. Averaging through hurricane-related fluctuations, job gain",statement,"Information received since the Federal Open Market Committee met in November indicates that the labor market has continued to strengthen and that economic activity has been rising at a solid rate. Averaging through hurricane-related fluctuations, job gain","survey-based measures of longer-term inflation expectations are little changed, on balance.",N,2017-12-13 00:00:00,True,,,,,,
786.0,"Information received since the Federal Open Market Committee met in May indicates that the labor market has continued to strengthen and that economic activity has been rising moderately so far this year. Job gains have moderated but have been solid, on av",statement,"Information received since the Federal Open Market Committee met in May indicates that the labor market has continued to strengthen and that economic activity has been rising moderately so far this year. Job gains have moderated but have been solid, on av","survey-based measures of longer-term inflation expectations are little changed, on balance.",N,2017-06-14 00:00:00,True,,,,,,
1732.0,"The Federal Open Market Committee decided today to lower its target for the federal funds rate 50 basis points to 4-3/4 percent.
Economic growth was moderate during the first half of the year, but the tightening of credit conditions has the potential to i",statement,"The Federal Open Market Committee decided today to lower its target for the federal funds rate 50 basis points to 4-3/4 percent. Economic growth was moderate during the first half of the year, but the tightening of credit conditions has the potential to i",The Committee will continue to assess the effects of these and other developments on economic prospects and will act as needed to foster price stability and sustainable economic growth.,MH,2007-09-18 00:00:00,True,,,,,,
1684.0,"The Federal Open Market Committee decided today to keep its target for the federal funds rate at 2 percent.
Recent information indicates that overall economic activity continues to expand, partly reflecting some firming in household spending.¬† However, l",statement,"The Federal Open Market Committee decided today to keep its target for the federal funds rate at 2 percent. Recent information indicates that overall economic activity continues to expand, partly reflecting some firming in household spending. However, lab","The substantial easing of monetary policy to date, combined with ongoing measures to foster market liquidity, should help to promote moderate growth over time.",H,2008-06-25 00:00:00,True,,,,,,
409.0,"The Federal Reserve is committed to using its full range of tools to support the U.S. economy in this challenging time, thereby promoting its maximum employment and price stability goals.

The COVID-19 pandemic is causing tremendous human and economic har",statement,"The Federal Reserve is committed to using its full range of tools to support the U.S. economy in this challenging time, thereby promoting its maximum employment and price stability goals. The COVID-19 pandemic is causing tremendous human and economic hard","Amid progress on vaccinations and strong policy support, indicators of economic activity and employment have strengthened.",MH,2021-04-28 00:00:00,True,,,,,,
325.0,"Although overall economic activity edged down in the first quarter, household spending and business fixed investment remained strong. Job gains have been robust in recent months, and the unemployment rate has declined substantially. Inflation remains elev",statement,"Although overall economic activity edged down in the first quarter, household spending and business fixed investment remained strong. Job gains have been robust in recent months, and the unemployment rate has declined substantially. Inflation remains elev","Job gains have been robust in recent months, and the unemployment rate has declined substantially.",MH,2022-05-04 00:00:00,True,,,,,,
,,,,These projections are conditional on each participant’s individual assessment of the appropriate path of monetary policy needed to best promote the Committee’s objectives.,N,2011-04-27,,2011-04-27-presconf.txt,CHAIRMAN BERNANKE,,,N,507.0
,,,,"Perhaps most important, attempting to maintain inflation at zero would increase the risk of experiencing an extended bout of deflation, or falling wages and prices, which in turn could lead employment to fall below its maximum sustainable level for a protracted period.",D,2011-04-27,,2011-04-27-presconf.txt,CHAIRMAN BERNANKE,,,H,248.0
,,,,"Indeed, most central banks around the world aim to set inflation above zero, usually at about 2 percent.",N,2011-04-27,,2011-04-27-presconf.txt,CHAIRMAN BERNANKE,,,D,243.0
,,,,"For example, the unemployment rate moved down a bit further and payroll employment increased in March",H,2011-04-27,,2011-04-27-presconf.txt,CHAIRMAN BERNANKE,,,,
,,,,the markdown of growth in 2011 in particular reflects the somewhat slower-than-anticipated pace of growth in the first quarter.,D,2011-04-27,,2011-04-27-presconf.txt,CHAIRMAN BERNANKE,,,,
,,,,"The outlook for above-trend growth is associated with a projected reduction in the unemployment rate, which is seen as edging down to 8.4 to 8.7 percent in the fourth quarter of this year and then declining gradually to 6.8 to 7.2 percent in the fourth quarter of 2013, still well above the central tendency of participants’ longer-run projections for unemployment of 5.2 to 5.6 percent.",H,2011-04-27,,2011-04-27-presconf.txt,CHAIRMAN BERNANKE,,,,
,,,,"At 8.8 percent, the current unemployment rate is elevated relative to that level, and progress toward more normal levels of unemployment seems likely to be slow.",D,2011-04-27,,2011-04-27-presconf.txt,CHAIRMAN BERNANKE,,,,
,,,,The substantial ongoing slack in the labor market and the relatively slow pace of improvement remain important reasons that the Committee continues to maintain a highly accommodative monetary policy.,D,2011-04-27,,2011-04-27-presconf.txt,CHAIRMAN BERNANKE,,,,
,,,,"Importantly, however, the Committee’s outlook for inflation is predicated on longer-term inflation expectations remaining stable; if households and firms continue to expect inflation to return to a mandate-consistent level in the medium term, then increased commodity prices are unlikely to induce significant second-round effects, in which inflation takes hold in noncommodity prices and in nominal wages.",H,2011-04-27,,2011-04-27-presconf.txt,CHAIRMAN BERNANKE,,,,
,,,,The Committee remains confident that it has the tools that it needs to tighten monetary policy when it is determined that economic conditions warrant such a step.,N,2011-04-27,,2011-04-27-presconf.txt,CHAIRMAN BERNANKE,,,,
,,,,"At the same time, we’re also looking very carefully at inflation, the other part of our mandate.",N,2011-04-27,,2011-04-27-presconf.txt,CHAIRMAN BERNANKE,,,,
,,,,Our expectation is that—that inflation will come down towards a more normal level.,D,2011-04-27,,2011-04-27-presconf.txt,CHAIRMAN BERNANKE,,,,
,,,,"The “extended period” language is conditioned on exactly those same points: “Extended period” is conditioned on resource slack, on subdued inflation, and on stable inflation expectations.",N,2011-04-27,,2011-04-27-presconf.txt,CHAIRMAN BERNANKE,,,,
,,,,"First, we are trying to maintain low and stable inflation by our definition of price stability by maintaining the purchasing value of the dollar, keeping inflation low.",H,2011-04-27,,2011-04-27-presconf.txt,CHAIRMAN BERNANKE,,,,
,,,,They cause growth to decline as well.,N,2011-04-27,,2011-04-27-presconf.txt,CHAIRMAN BERNANKE,,,,
,,,,"Mr. Chairman, you say in your statement that longer-term inflation expectations have remained stable",N,2011-04-27,,2011-04-27-presconf.txt,CHAIRMAN BERNANKE,,,,
,,,,And it’s clear from your forecast that you expect headline inflation to run above core inflation for some period.,H,2011-04-27,,2011-04-27-presconf.txt,CHAIRMAN BERNANKE,,,,
,,,,"So we’ve seen, for example, in the financial markets, in the indexed bond market, for example, or in surveys like the Michigan survey, we’ve seen near-term inflation expectations rise fairly significantly, which is reasonable given higher commodity prices, higher gas prices.",H,2011-04-27,,2011-04-27-presconf.txt,CHAIRMAN BERNANKE,,,,
,,,,"Secondly, we subscribe generally to what we call here the stock view of the effects of securities purchases, which—by which I mean that what matters primarily for interest rates, stock prices, and so on is not the pace of ongoing purchase, but rather the size of the portfolio that the Federal Reserve holds.",N,2011-04-27,,2011-04-27-presconf.txt,CHAIRMAN BERNANKE,,,,
,,,,Inflation has gotten higher.,H,2011-04-27,,2011-04-27-presconf.txt,CHAIRMAN BERNANKE,,,,
,,,,"And, in my view, if we’re going to have success in creating a long-run sustainable recovery with lots of job growth, we’ve got to keep inflation under control.",N,2011-04-27,,2011-04-27-presconf.txt,CHAIRMAN BERNANKE,,,,
,,,,"Again, if we fear that inflation expectations look like they’re becoming less anchored, we would have to respond to that.",H,2011-04-27,,2011-04-27-presconf.txt,CHAIRMAN BERNANKE,,,,
,,,,"And we saw in the European experience, for example, in the ’80s and ’90s, that a period of high unemployment with very long-term unemployment spells can actually lead unemployment to remain very high for a protracted period.",N,2011-04-27,,2011-04-27-presconf.txt,CHAIRMAN BERNANKE,,,,
,,,,"By getting unemployment down, we hope to bring back to work some of the people who’ve been out of work as long as they have and, in that respect, try to avoid the longer-term consequences of people being out of work for months at a time.",H,2011-04-27,,2011-04-27-presconf.txt,CHAIRMAN BERNANKE,,,,
,,,,"As the situation drags on and as the long-term unemployed lose skills and lose contact with the labor market or perhaps just become discouraged and stop looking for work, then it becomes really out of the scope of monetary policy.",N,2011-04-27,,2011-04-27-presconf.txt,CHAIRMAN BERNANKE,,,,
,,,,"And if it’s not the addressed, it will have significant consequences for financial stability, for economic growth, and for our standard of living.",N,2011-04-27,,2011-04-27-presconf.txt,CHAIRMAN BERNANKE,,,,
,,,,"Now, my preference in terms of addressing the—the long-term deficit is to take a long-term perspective.",N,2011-04-27,,2011-04-27-presconf.txt,CHAIRMAN BERNANKE,,,,
,,,,"But those tools are operating through financial conditions, and we have a lot of experience understanding how financial conditions—changes in interest rates, changes in stock prices, and so on—how they affect the economy, including both growth and inflation.",N,2011-04-27,,2011-04-27-presconf.txt,CHAIRMAN BERNANKE,,,,
,,,,These projections are conditional on each participant’s individual assessment of the appropriate path of monetary policy needed to best promote the Committee’s objectives.,N,2011-06-22,,2011-06-22-presconf.txt,CHAIRMAN BERNANKE,,,,
,,,,"The longer-run projections, shown at the right of each figure, represent participants’ assessments of the rate to which each variable will converge over time under appropriate monetary policy and assuming no further shocks to the economy.",N,2011-06-22,,2011-06-22-presconf.txt,CHAIRMAN BERNANKE,,,,
,,,,These projections may be interpreted as indicating participants’ current estimates of the economy’s normal or trend rate of growth and its normal unemployment rate over the longer run respectively.,N,2011-06-22,,2011-06-22-presconf.txt,CHAIRMAN BERNANKE,,,,
,,,,"In effect, the “mandate consistent” inflation rate is judged to be 2 percent or a bit less.",N,2011-06-22,,2011-06-22-presconf.txt,CHAIRMAN BERNANKE,,,,
,,,,"Looking further ahead, the central tendency of the growth projections for 2012—2013, sorry—is 3.5 to 4.2 percent, essentially the same as in the April projections.",N,2011-06-22,,2011-06-22-presconf.txt,CHAIRMAN BERNANKE,,,,
,,,,"In particular, the unemployment rate is projected to edge down over coming months to 8.6 to 8.9 percent in the fourth quarter of this year and then decline gradually over the subsequent two years to a level of 7.0 to 7.5 percent in the fourth quarter of 2013, still well above the central tendency of participants’ longer-run unemployment projections.",H,2011-06-22,,2011-06-22-presconf.txt,CHAIRMAN BERNANKE,,,,
,,,,It just is a negative for growth.,D,2011-06-22,,2011-06-22-presconf.txt,CHAIRMAN BERNANKE,,,,
,,,,"I don’t think that sharp, immediate cuts in the deficit would create more jobs.",N,2011-06-22,,2011-06-22-presconf.txt,CHAIRMAN BERNANKE,,,,
,,,,"Well, Neil, as you know, I’ve been a long-time proponent of an inflation target.",N,2011-06-22,,2011-06-22-presconf.txt,CHAIRMAN BERNANKE,,,,
,,,,"Without sufficient explanation and background, many people might think that we were somehow abandoning our employment target.",N,2011-06-22,,2011-06-22-presconf.txt,CHAIRMAN BERNANKE,,,,
,,,,"Moreover, we have worked with—the Federal Reserve has worked actively with the BIS, the Basel Committee, to do analyses of the effects of capital requirements, on the one hand, on the probability of a crisis, and on the other hand, on the cost of lending and the effect on growth.",N,2011-06-22,,2011-06-22-presconf.txt,CHAIRMAN BERNANKE,,,,
,,,,"Mr. Chairman, you now expect that both headline and core inflation would be close to your long-run objective in 2012 and 2013",N,2011-06-22,,2011-06-22-presconf.txt,ROBIN HARDING,,,,
,,,,unemployment remains high.,D,2011-06-22,,2011-06-22-presconf.txt,ROBIN HARDING,,,,
,,,,"To name two examples, the supply chain disruptions brought about by the Japanese disaster have led to a very significant increase in auto prices, both new and used automobiles, last month.",N,2011-06-22,,2011-06-22-presconf.txt,CHAIRMAN BERNANKE,,,,
,,,,"So given that there’s still a large output gap, given that inflation expectations remain well anchored, given that some of the temporary factors affecting inflation, including core inflation, are likely to recede, I think it’s reasonable to think that core inflation will fall back towards mandate-consistent levels.",D,2011-06-22,,2011-06-22-presconf.txt,CHAIRMAN BERNANKE,,,,
,,,,"I think the—I think the thrust of “extended period” is that we believe we’re at least two or three meetings away from taking any further action, and I emphasize “at least.” But depending on how the economy evolves, and inflation and unemployment, it could be, you know, significantly longer.",N,2011-06-22,,2011-06-22-presconf.txt,CHAIRMAN BERNANKE,,,,
,,,,"So those who can get credit, together with the low prices of houses, are at—able to buy much more house than they could have a few years ago.",D,2011-06-22,,2011-06-22-presconf.txt,CHAIRMAN BERNANKE,,,,
,,,,"Of course, our monetary policy is intended to try to promote employment and income gains, which, of course, will help housing demand.",N,2011-06-22,,2011-06-22-presconf.txt,CHAIRMAN BERNANKE,,,,
,,,,"Output growth strengthened during the third quarter, reflecting in part a reversal of the temporary factors that had weighed on growth earlier in the year.",H,2011-11-02,,2011-11-02-presconf.txt,CHAIRMAN BERNANKE,,,,
,,,,"Looking further ahead, economic growth is expected to pick up somewhat as a result of improving financial conditions, strengthening consumer and business confidence, and the continuation of a highly accommodative stance of monetary policy.",H,2011-11-02,,2011-11-02-presconf.txt,CHAIRMAN BERNANKE,,,,
,,,,Participants’ projections for the unemployment rate in the fourth quarter of 2012 have a central tendency of 8.5 to 8.7 percent—only about ½ percentage point lower than the latest monthly reading of 9.1 percent.,N,2011-11-02,,2011-11-02-presconf.txt,CHAIRMAN BERNANKE,,,,
,,,,The unemployment rate is expected to climb further to 6.8 to 7.7 percent by the fourth quarter of 2014—still well above participants’ estimates of the longer-run normal rate of unemployment.,D,2011-11-02,,2011-11-02-presconf.txt,CHAIRMAN BERNANKE,,,,
,,,,"So I think that criticisms based on the concern about inflation have so far, at least, not proved to be very valid.",N,2011-11-02,,2011-11-02-presconf.txt,CHAIRMAN BERNANKE,,,,
,,,,the economy seems insensitive to interest rates these days.,N,2011-11-02,,2011-11-02-presconf.txt,MICHAEL MCKEE,,,,
,,,,I would first say that monetary policy is having effects on the economy.,N,2011-11-02,,2011-11-02-presconf.txt,CHAIRMAN BERNANKE,,,,
,,,,"nevertheless, it is affecting economic growth and job creation.",N,2011-11-02,,2011-11-02-presconf.txt,CHAIRMAN BERNANKE,,,,
,,,,"With respect to growth, I think that our policies, including the cutting of rates to zero in December 2008 and the first round of asset purchases in the fall of ’08 and in the spring of ’09, were very important for helping to explain why the economy stopped contracting and began to grow again in the middle of 2009.",N,2011-11-02,,2011-11-02-presconf.txt,CHAIRMAN BERNANKE,,,,
,,,,"Yes, I do think that with—you know, that we do need to do whatever we can to move the economy towards price stability and maximum employment.",D,2011-11-02,,2011-11-02-presconf.txt,CHAIRMAN BERNANKE,,,,
,,,,"Those are—with interest rates close to zero, those are basically the two tools that we have, and we need to continue to work on how best to use them and in what combination to use them to achieve our objectives.",N,2011-11-02,,2011-11-02-presconf.txt,CHAIRMAN BERNANKE,,,,
,,,,"Again, while I do not shirk the responsibility of the Fed having to do what it can to meet its mandate, obviously, a broad range of policies can affect growth and employment, and I hope that there will be a range of actions that will complement and supplement the Federal Reserve’s efforts.",N,2011-11-02,,2011-11-02-presconf.txt,CHAIRMAN BERNANKE,,,,
,,,,"That, in turn, should lead to still lower mortgage rates and other interest rates which are relevant to the economy.",D,2011-11-02,,2011-11-02-presconf.txt,CHAIRMAN BERNANKE,,,,
,,,,"We are quite aware that very low interest rates, particularly for a protracted period, do have costs for a lot of people.",N,2011-11-02,,2011-11-02-presconf.txt,CHAIRMAN BERNANKE,,,,
,,,,"Now, it’s also possible that part of the increase in unemployment reflects so-called structural factors—mismatches between worker skills and job opportunities, loss of skills, geographical mismatch, et cetera.",D,2011-11-02,,2011-11-02-presconf.txt,CHAIRMAN BERNANKE,,,,
,,,,"And to the extent that that’s the case, then monetary policy is much less effective because in that case, only other kinds of labor market policies really can make progress against that type of unemployment.",N,2011-11-02,,2011-11-02-presconf.txt,CHAIRMAN BERNANKE,,,,
,,,,"Final comment: Cyclical unemployment, left untreated, so to speak, for a long time can become structural unemployment as people lose skills, as they lose attachment to the labor force, as their work networks dry up and so on.",D,2011-11-02,,2011-11-02-presconf.txt,CHAIRMAN BERNANKE,,,,
,,,,"The statement begins by noting the Committee’s firm commitment to fulfill our statutory mandate of promoting maximum employment, stable prices, and moderate long-term interest rates.",D,2012-01-25,,2012-01-25-presconf.txt,CHAIRMAN BERNANKE,,,,
,,,,"For example, in the latest set of projections that have been distributed to you, Committee participants’ estimates of the longer-run normal rate of unemployment have a central tendency of 5.2 percent to 6.0 percent—roughly unchanged from last January",N,2012-01-25,,2012-01-25-presconf.txt,CHAIRMAN BERNANKE,,,,
,,,,"In such cases, the Committee follows a balanced approach in promoting these two objectives, taking into account the magnitude of the deviations and potentially different time horizons over which inflation and employment are projected to return to levels judged consistent with our mandate.",N,2012-01-25,,2012-01-25-presconf.txt,CHAIRMAN BERNANKE,,,,
,,,,"The Committee expects the pace of economic growth to be, over coming quarters—to be moderate over coming quarters, reflecting ongoing drags from the housing sector and still-tight credit conditions for many households and smaller businesses.",N,2012-01-25,,2012-01-25-presconf.txt,CHAIRMAN BERNANKE,,,,
,,,,A number of recent indicators point to some further improvement in overall labor market conditions,H,2012-01-25,,2012-01-25-presconf.txt,CHAIRMAN BERNANKE,,,,
,,,,the unemployment rate remains elevated.,D,2012-01-25,,2012-01-25-presconf.txt,CHAIRMAN BERNANKE,,,,
,,,,"In particular, the Committee recognizes the hardships imposed by high and persistent unemployment and an underperforming economy, and it is prepared to provide further monetary accommodation if employment is not making sufficient progress toward our assessments of its maximum level or if inflation shows signs of moving further below its mandate-consistent rate.",D,2012-01-25,,2012-01-25-presconf.txt,CHAIRMAN BERNANKE,,,,
,,,,"Well, there are a number of factors that make us expect inflation to be quite low in the next couple of years.",D,2012-01-25,,2012-01-25-presconf.txt,CHAIRMAN BERNANKE,,,,
,,,,"And the futures markets, and our own estimates of supply and demand globally with the slowing global economy, suggest that most likely—",N,2012-01-25,,2012-01-25-presconf.txt,CHAIRMAN BERNANKE,,,,
,,,,"So, as we talk about interest rates in 2014, the fact that there is quite wide-ranging agreement that interest rates will be low for a long time, should give you more confidence that that’s not dependent on a single individual.",D,2012-01-25,,2012-01-25-presconf.txt,CHAIRMAN BERNANKE,,,,
,,,,"Mr. Chairman, the Fed’s statutory goals are price stability and maximum employment",N,2012-01-25,,2012-01-25-presconf.txt,GREG IP,,,,
,,,,"We cannot control, of course, where inflation and unemployment are at each moment in time, and so there will be periods when, for reasons outside of our control, inflation and unemployment will move away from their desired levels.",N,2012-01-25,,2012-01-25-presconf.txt,CHAIRMAN BERNANKE,,,,
,,,,"So I think what we need to do, as is often the case when the economy goes into a very weak situation, then low interest rates are needed to help restore the economy to something closer to full employment and to increase growth and that, in turn, will lead ultimately to higher returns across all assets for savers and investors.",D,2012-01-25,,2012-01-25-presconf.txt,CHAIRMAN BERNANKE,,,,
,,,,"Mr. Chairman, for more than three years now, the Fed has conducted policy through extraordinary means, and yet the new information that we have today pertains mostly to an eventual tightening of policy through raising interest rates.",H,2012-01-25,,2012-01-25-presconf.txt,MARK FELSENTHAL,,,,
,,,,"So I don’t think there’s really any central bank, or very few, at least, that focus only on inflation.",N,2012-01-25,,2012-01-25-presconf.txt,CHAIRMAN BERNANKE,,,,
,,,,And those are exactly the kinds of things that monetary policy normally does in order to try to provide stableness to the economy.,N,2012-01-25,,2012-01-25-presconf.txt,CHAIRMAN BERNANKE,,,,
,,,,You’re linking your inflation target of 2 percent to the PCE.,N,2012-01-25,,2012-01-25-presconf.txt,SCOTT SPOERRY,,,,
,,,,"Before we get to questions, I’ll summarize today’s policy action by the Federal Open Market Committee and then I’ll place the Committee’s policy decision in the context of our economic outlook and our collective judgment regarding the appropriate path of monetary policy.",N,2012-04-25,,2012-04-25-presconf.txt,CHAIRMAN BERNANKE,,,,
,,,,Most Committee participants expect economic growth to remain moderate over coming quarters and then to pick up gradually.,N,2012-04-25,,2012-04-25-presconf.txt,CHAIRMAN BERNANKE,,,,
,,,,"Inflation has picked up somewhat, mainly reflecting higher gasoline prices.",H,2012-04-25,,2012-04-25-presconf.txt,CHAIRMAN BERNANKE,,,,
,,,,"However, as has been the case for other recent swings in oil prices, the Committee expects that effect to be only temporary.",N,2012-04-25,,2012-04-25-presconf.txt,CHAIRMAN BERNANKE,,,,
,,,,"Consequently, we anticipate that inflation will subsequently run at or below the Committee’s longer-run goal of 2 percent.",N,2012-04-25,,2012-04-25-presconf.txt,CHAIRMAN BERNANKE,,,,
,,,,"When deflation became a significant risk in late 2010, or at least a modest risk in late 2010, we used additional balance sheet tools to help return inflation close to the 2 percent target.",N,2012-04-25,,2012-04-25-presconf.txt,CHAIRMAN BERNANKE,,,,
,,,,"So the basic feature that is described in our statement, which is that growth seems likely to pick up over time, is still obviously in our projections.",H,2012-04-25,,2012-04-25-presconf.txt,CHAIRMAN BERNANKE,,,,
,,,,"There’s some disagreement, I think, about exactly how balance sheet actions by the Federal Reserve affect Treasury yields and other asset prices.",N,2012-04-25,,2012-04-25-presconf.txt,CHAIRMAN BERNANKE,,,,
,,,,"Actually, we had a very good discussion of that at the meeting because it is an important issue, trying to assess how much of the change in employment is structural, how much is cyclical, and so on.",N,2012-04-25,,2012-04-25-presconf.txt,CHAIRMAN BERNANKE,,,,
,,,,"So one possibility and one reason why the unemployment rate may not fall as quickly going forward is that as the economy strengthens, as the labor market strengthens, many of these folks are going to come back in the labor force looking for work, which I think would be a good thing.",N,2012-04-25,,2012-04-25-presconf.txt,CHAIRMAN BERNANKE,,,,
,,,,"And as a result, here we are, almost three years from the beginning of the expansion, and the unemployment rate is still over 8 percent.",D,2012-04-25,,2012-04-25-presconf.txt,CHAIRMAN BERNANKE,,,,
,,,,"The continuation of the maturity extension program should put downward pressure on longer-term interest rates and make broader financial conditions more accommodative than they would otherwise be, thereby supporting economic recovery.",D,2012-06-20,,2012-06-20-presconf.txt,CHAIRMAN BERNANKE,,,,
,,,,"Business and household spending are increasing at rates consistent with moderate economic growth, though household spending appears to be rising at a somewhat slower pace than earlier this year.",N,2012-06-20,,2012-06-20-presconf.txt,CHAIRMAN BERNANKE,,,,
,,,,The Committee is prepared to take further action as appropriate to promote a stronger economic recovery and sustained improvement in labor market conditions in a context of price stability.,H,2012-06-20,,2012-06-20-presconf.txt,CHAIRMAN BERNANKE,,,,
,,,,"This criticism—which you hear from Capitol Hill and Wall Street and different places—is that the Fed has already pushed interest rates to an extraordinarily low level, a historically low level, and that there isn’t anything more that the Fed can do to help the recovery.",N,2012-06-20,,2012-06-20-presconf.txt,JON HILSENRATH,,,,
,,,,"So, there has been impact through lower interest rates, but I think more broadly is the indirect effects.",N,2012-06-20,,2012-06-20-presconf.txt,CHAIRMAN BERNANKE,,,,
,,,,"More broadly, the effects of European concerns on financial markets have added to volatility, have brought down stock prices, have increased credit spreads, and generally have been a negative for economic growth.",H,2012-06-20,,2012-06-20-presconf.txt,CHAIRMAN BERNANKE,,,,
,,,,"It’s been one of the themes of my own work for a long time, including some of the work I did on the Bank of Japan, that central banks are not out of tools once the short-term interest rate hits zero.",N,2012-06-20,,2012-06-20-presconf.txt,CHAIRMAN BERNANKE,,,,
,,,,"What we’re lowering is the safe interest rate, the Treasury rate.",D,2012-06-20,,2012-06-20-presconf.txt,CHAIRMAN BERNANKE,,,,
,,,,"As you know, the Federal Reserve conducts monetary policy under a dual mandate from Congress to promote maximum employment and price stability.",D,2012-09-13,,2012-09-13-presconf.txt,CHAIRMAN BERNANKE,,,,
,,,,"However, incoming data confirm that the modest pace of growth continues to be inadequate to generate much progress on unemployment.",D,2012-09-13,,2012-09-13-presconf.txt,CHAIRMAN BERNANKE,,,,
,,,,"Additionally, the Committee emphasized that it expects a highly accommodative stance of monetary policy to remain appropriate for a considerable time after the economic recovery strengthens.",D,2012-09-13,,2012-09-13-presconf.txt,CHAIRMAN BERNANKE,,,,
,,,,"And finally, on inflation: Inflation has varied in recent years with swings in global food and fuel prices caused by a range of factors, such as drought and geopolitical tensions.",N,2012-09-13,,2012-09-13-presconf.txt,CHAIRMAN BERNANKE,,,,
,,,,"I mean, that’s—we’re not going to be able to sustain purchases until we’re all the way back to full employment, that’s not the objective.",N,2012-09-13,,2012-09-13-presconf.txt,CHAIRMAN BERNANKE,,,,
,,,,"Secondly, stock prices are up today, so are oil prices and gold.",H,2012-09-13,,2012-09-13-presconf.txt,STEVE LIESMAN,,,,
,,,,And the projections seem to suggest it’s approximately a 0.4 reduction in unemployment.,H,2012-09-13,,2012-09-13-presconf.txt,ZACHARY GOLDFARB,,,,
,,,,"Well, our assessment—I talked about this at my remarks at Jackson Hole—our assessment, and that of the research literature, is that the policies that we’ve undertaken have had real benefits for the economy—that they have provided some support, that they have eased financial conditions and help reduce unemployment.",H,2012-09-13,,2012-09-13-presconf.txt,CHAIRMAN BERNANKE,,,,
,,,,"a whole range of rates, including mortgage rates and rates for corporate bonds and other types of important interest rates.",N,2012-09-13,,2012-09-13-presconf.txt,CHAIRMAN BERNANKE,,,,
,,,,we’d like to see an economy which is strong enough that it will support improving labor market conditions and unemployment that’s declining gradually over time.,N,2012-09-13,,2012-09-13-presconf.txt,CHAIRMAN BERNANKE,,,,
,,,,"You said that you can’t cure all ills, that you haven’t got strong enough tools to deal with the unemployment problem.",N,2012-09-13,,2012-09-13-presconf.txt,MICHELLE FLEURY,,,,
,,,,"And as long as we pay close attention to inflation expectations as well as the trajectory of the economy, we think inflation will remain close to our 2 percent target.",N,2012-09-13,,2012-09-13-presconf.txt,CHAIRMAN BERNANKE,,,,
,,,,They might even temporarily raise the unemployment rate because they’re now looking again.,D,2012-09-13,,2012-09-13-presconf.txt,CHAIRMAN BERNANKE,,,,
,,,,"Unfortunately, however, unemployment remains high.",D,2012-12-12,,2012-12-12-presconf.txt,CHAIRMAN BERNANKE,,,,
,,,,"However, because changes in monetary policy affect the economy with a lag, the Committee believes that it likely will need to begin moving away from a highly accommodative policy stance before the economy reaches maximum employment.",H,2012-12-12,,2012-12-12-presconf.txt,CHAIRMAN BERNANKE,,,,
,,,,"As the FOMC statement makes clear, the Committee anticipates that policy under the new guidance will be fully consistent with continued progress against unemployment and with inflation remaining close to the Committee’s 2 percent objective over the longer term.",N,2012-12-12,,2012-12-12-presconf.txt,CHAIRMAN BERNANKE,,,,
,,,,"In conclusion, the FOMC’s actions today are part of our ongoing efforts to support economic recovery and job creation while maintaining price stability.",H,2012-12-12,,2012-12-12-presconf.txt,CHAIRMAN BERNANKE,,,,
,,,,"As I have often stressed, however, monetary policy has its limits; only the private and public sectors working together can get the U.S. economy fully back on track.",N,2012-12-12,,2012-12-12-presconf.txt,CHAIRMAN BERNANKE,,,,
,,,,"First of all, with respect to inflation, we remain completely committed to our 2 percent longer-run objective.",N,2012-12-12,,2012-12-12-presconf.txt,CHAIRMAN BERNANKE,,,,
,,,,"Well, for the first part of your question if the economy actually went off the fiscal cliff, our assessment, the CBO’s assessment, outside forecasters, all think that that would have very significant adverse effects on the economy and on the unemployment rate.",D,2012-12-12,,2012-12-12-presconf.txt,CHAIRMAN BERNANKE,,,,
,,,,"Of course, that depends on where inflation is and other conditions.",N,2012-12-12,,2012-12-12-presconf.txt,CHAIRMAN BERNANKE,,,,
,,,,"Inflation will stay around 2 percent, which will be consistent with our longer-term objective.",N,2012-12-12,,2012-12-12-presconf.txt,CHAIRMAN BERNANKE,,,,
,,,,"In the optimal policy path that Vice Chair Yellen laid out in her speech a few weeks ago, it showed the first rise in interest rates occurring in early 2016 and then rates rising very slowly after that.",H,2012-12-12,,2012-12-12-presconf.txt,ROBIN HARDING,,,,
,,,,"you’ve also said that you’re not actually doing anything more to achieve that goal—that you still expect it to be three years away, that you’re disappointed with the pace of progress, and that inflation is not the limiting factor.",N,2012-12-12,,2012-12-12-presconf.txt,BINYAMIN APPLEBAUM,,,,
,,,,Economists have long believed that central banks cannot affect the unemployment rate in the long run.,N,2012-12-12,,2012-12-12-presconf.txt,GREG IP,,,,
,,,,Unless—so long as the inflation condition is met.,N,2012-12-12,,2012-12-12-presconf.txt,CHAIRMAN BERNANKE,,,,
,,,,"So, it may be that the labor market is even a bit weaker than the current unemployment rate suggests",D,2012-12-12,,2012-12-12-presconf.txt,CHAIRMAN BERNANKE,,,,
,,,,The data since our January meeting have been generally consistent with our expectation that the fourth-quarter pause in the recovery would prove temporary and that moderate economic growth would resume.,N,2013-03-20,,2013-03-20-presconf.txt,CHAIRMAN BERNANKE,,,,
,,,,"The jobs market has also shown signs of improvement over the past six months or so: Private payrolls are growing more quickly, total hours of work have increased, the rate of filings of new claims for unemployment insurance has fallen, and the unemployment rate has continued to tick down.",H,2013-03-20,,2013-03-20-presconf.txt,CHAIRMAN BERNANKE,,,,
,,,,"To summarize, the participants’ projections for economic growth have a central tendency of 2.3 to 2.8 percent for 2013, rising to 2.9 to 3.7 percent in 2015.",H,2013-03-20,,2013-03-20-presconf.txt,CHAIRMAN BERNANKE,,,,
,,,,"For example, let’s say, theoretically, we did 236,000 jobs in a month, and the unemployment rate fell by 0.2 percent.",N,2013-03-20,,2013-03-20-presconf.txt,STEVE LIESMAN,,,,
,,,,It reduces productivity.,N,2013-03-20,,2013-03-20-presconf.txt,CHAIRMAN BERNANKE,,,,
,,,,"So, to some extent, not—I don’t want to overstate it—but to some extent, monetary policy—by strengthening the housing market, helping support house prices—is bringing more people into the mortgage market.",H,2013-03-20,,2013-03-20-presconf.txt,CHAIRMAN BERNANKE,,,,
,,,,"We’re measuring success in terms of our mandate, which is employment and price stability, and that’s what we’re trying to achieve.",N,2013-03-20,,2013-03-20-presconf.txt,CHAIRMAN BERNANKE,,,,
,,,,"But it is also true, as you—I think, you noted, that our projections for unemployment in the fourth quarter are noticeably lower than they were in September when we first announced this asset purchase program.",H,2013-03-20,,2013-03-20-presconf.txt,CHAIRMAN BERNANKE,,,,
,,,,"For example, we have used some of our work to look at interest rate risk and interest rate sensitivity and, you know, found generally that banks can also sustain a significant increase in long-term interest rates as well for a number of reasons, one of them being that higher interest rates increase their franchise value because it increases their net interest margin over time.",H,2013-03-20,,2013-03-20-presconf.txt,CHAIRMAN BERNANKE,,,,
,,,,"And so, historical experience has suggested that 2 percent is an appropriate balance between the cost of inflation and the cost that you’re referring to.",N,2013-03-20,,2013-03-20-presconf.txt,CHAIRMAN BERNANKE,,,,
,,,,"There’s a lot more demand for risk sharing, for liquidity services, and so on.",N,2013-03-20,,2013-03-20-presconf.txt,CHAIRMAN BERNANKE,,,,
,,,,Inflation has been running below the Committee’s longer-run objective of 2 percent for some time and has been a bit softer recently.,D,2013-06-19,,2013-06-19-presconf.txt,CHAIRMAN BERNANKE,,,,
,,,,"As always, each participant’s projections are conditioned on his or her own view of appropriate monetary policy.",N,2013-06-19,,2013-06-19-presconf.txt,CHAIRMAN BERNANKE,,,,
,,,,"In brief, participants’ projections for economic growth have a central tendency of 2.3 to 2.6 percent for 2013, rising to 2.9 to 3.6 percent in 2015.",H,2013-06-19,,2013-06-19-presconf.txt,CHAIRMAN BERNANKE,,,,
,,,,Most participants see inflation gradually increasing from its current low level toward the Committee’s longer-run objective,H,2013-06-19,,2013-06-19-presconf.txt,CHAIRMAN BERNANKE,,,,
,,,,"As I have noted frequently, the phrase “at least as long” in the Committee’s interest rate guidance is important.",N,2013-06-19,,2013-06-19-presconf.txt,CHAIRMAN BERNANKE,,,,
,,,,"Indeed, should it be needed, the Committee would be prepared to employ all of its tools, including an increase in the pace of purchases for a time, to promote a return to maximum employment in a context of price stability.",D,2013-06-19,,2013-06-19-presconf.txt,CHAIRMAN BERNANKE,,,,
,,,,"It’s not only creating construction jobs, but as house prices rise, increased household wealth supports consumption spending, consumer sentiment.",H,2013-06-19,,2013-06-19-presconf.txt,CHAIRMAN BERNANKE,,,,
,,,,"In other words, when we get to that point, we will then at that point begin to, you know, look at whether an increase in rates is appropriate, and among the things we would take into account, first of all, is inflation, and inflation obviously is very low and expected to stay low.",D,2013-06-19,,2013-06-19-presconf.txt,CHAIRMAN BERNANKE,,,,
,,,,"And, as you pointed out, we have underemployment, part-time work, people leaving the labor force, reduced participation, long-term unemployment, a number of factors which suggest that maybe the 6.5 percent is a little bit—not exactly representative of the state of the labor market at that point.",D,2013-06-19,,2013-06-19-presconf.txt,CHAIRMAN BERNANKE,,,,
,,,,"For example, the effects of the sequester on medical payments, the fact that nonmarket prices are extraordinarily low right now.",N,2013-06-19,,2013-06-19-presconf.txt,CHAIRMAN BERNANKE,,,,
,,,,So these are some things that we expect to reverse and we expect to see inflation come up a bit.,D,2013-06-19,,2013-06-19-presconf.txt,CHAIRMAN BERNANKE,,,,
,,,,"But, first, on inflation expectations, it is true that the breakevens from the inflation-adjusted—inflationindexed bonds have come down.",D,2013-06-19,,2013-06-19-presconf.txt,CHAIRMAN BERNANKE,,,,
,,,,"And we’ve taken out some of the supply, and so the prices go up, the yields go down.",D,2013-06-19,,2013-06-19-presconf.txt,CHAIRMAN BERNANKE,,,,
,,,,"Inflation looks remarkably low on both core and headline, PCE and CPI.",D,2013-06-19,,2013-06-19-presconf.txt,RYAN AVENT,,,,
,,,,"And wouldn’t you say that, even if you’re happy with the pace of labor market recovery, that, other things equal, this sort of inflation performance suggests that you should be pushing harder on the accelerator.",N,2013-06-19,,2013-06-19-presconf.txt,RYAN AVENT,,,,
,,,,There had been debate a couple of years ago at the beginning of this about whether it was inflating commodity prices.,N,2013-06-19,,2013-06-19-presconf.txt,KEVIN HALL,,,,
,,,,Commodity prices are way off their peaks of early last year.,N,2013-06-19,,2013-06-19-presconf.txt,CHAIRMAN BERNANKE,,,,
,,,,"For example, we’ve seen a lot of changes in growth patterns in the emerging markets recently.",N,2013-06-19,,2013-06-19-presconf.txt,CHAIRMAN BERNANKE,,,,
,,,,"Notably, at 7.3 percent, the unemployment rate remains well above acceptable levels.",D,2013-09-18,,2013-09-18-presconf.txt,CHAIRMAN BERNANKE,,,,
,,,,"The Committee again reaffirmed its expectation that the current exceptionally low range for the funds rate will be appropriate at least as long as the unemployment rate remains above 6½ percent, so long as inflation and inflation expectations remain well behaved as described in our statement.",D,2013-09-18,,2013-09-18-presconf.txt,CHAIRMAN BERNANKE,,,,
,,,,"And notably, although the central tendencies of the projections for both inflation and the unemployment rate in 2016 are close to the longer-run normal values for those variables, the median projection for the federal funds rate at the end of 2016 is 2 percent, well below the longer-run normal value for the federal funds rate of 4 percent or so projected by most participants.",D,2013-09-18,,2013-09-18-presconf.txt,CHAIRMAN BERNANKE,,,,
,,,,"So, in other words, I think it would be fair to say that most of the improvement in the unemployment rate—not all",N,2013-09-18,,2013-09-18-presconf.txt,CHAIRMAN BERNANKE,,,,
,,,,"So what we will be looking at is the overall labor market situation, including the unemployment rate, but including other factors as well.",N,2013-09-18,,2013-09-18-presconf.txt,CHAIRMAN BERNANKE,,,,
,,,,"Let me first restate the—I think the key point here, which is that the large majority of the participants of the FOMC, including voting and nonvoting members who are asked to describe their own assessment of optimal policy—the large majority of them estimate that the appropriate target for the federal funds rate at the end of 2016 will be around 2 percent, even though at that time the economy should be close to full employment, according to our best projections.",D,2013-09-18,,2013-09-18-presconf.txt,CHAIRMAN BERNANKE,,,,
,,,,"So, in other words, in economics terms, the equilibrium rate, the rate that achieves full employment, looks like it will be lower for a time because of these headwinds that will be slowing aggregate demand growth.",D,2013-09-18,,2013-09-18-presconf.txt,CHAIRMAN BERNANKE,,,,
,,,,"Now, we have—you know, we haven’t anticipated that slowdown in productivity, and that’s one of the main reasons why we haven’t anticipated the relatively slow growth.",H,2013-09-18,,2013-09-18-presconf.txt,CHAIRMAN BERNANKE,,,,
,,,,"Our predictions of unemployment, for example, have been better than our predictions of growth.",N,2013-09-18,,2013-09-18-presconf.txt,CHAIRMAN BERNANKE,,,,
,,,,"And our assessment of the data since June is that, taken collectively, that it didn’t quite meet the standard of satisfying our—or of ratifying or confirming our basic outlook for, again, increasing growth, improving labor markets, and inflation moving back towards target.",N,2013-09-18,,2013-09-18-presconf.txt,CHAIRMAN BERNANKE,,,,
,,,,"You know, I think we did what we could, given the powers that we had, and I would agree with Hank that we were motivated entirely by the interest of the broader public, that our goal was to stabilize the financial system so that it would not bring the economy down, so that it would not create massive unemployment and economic hardship that was even more—that would have been even more severe by many times than what we actually saw.",N,2013-09-18,,2013-09-18-presconf.txt,CHAIRMAN BERNANKE,,,,
,,,,And there have been a number of people who have argued that there are regulatory and other impediments to growth beyond the reach of monetary policy.,N,2013-09-18,,2013-09-18-presconf.txt,STEVE BECKNER,,,,
,,,,"And, importantly—as actually is referenced in our FOMC statement—that happened notwithstanding a set of fiscal policies which the CBO said would cost between 1 and 1½ percentage points of real growth and hundreds of thousands of jobs.",N,2013-09-18,,2013-09-18-presconf.txt,CHAIRMAN BERNANKE,,,,
,,,,"Now, just as you say, there are a lot of things in the economy that monetary policy can’t address.",N,2013-09-18,,2013-09-18-presconf.txt,CHAIRMAN BERNANKE,,,,
,,,,"So I, you know, I’m—I feel quite comfortable that we can—in particular, that we can raise interest rates at the appropriate time, even if the balance sheet remains large for an extended period.",H,2013-09-18,,2013-09-18-presconf.txt,CHAIRMAN BERNANKE,,,,
,,,,It is true that changes in longer-term interest rates in the United States—,N,2013-09-18,,2013-09-18-presconf.txt,CHAIRMAN BERNANKE,,,,
,,,,moving gradually back toward 2 percent as the economy expands.,H,2013-12-18,,2013-12-18-presconf.txt,CHAIRMAN BERNANKE,,,,
,,,,"For comparison, when we started the program, many forecasters saw the unemployment rate remaining near 8 percent throughout 2014.",N,2013-12-18,,2013-12-18-presconf.txt,CHAIRMAN BERNANKE,,,,
,,,,Recent economic indicators have increased our confidence that the job market gains will continue.,H,2013-12-18,,2013-12-18-presconf.txt,CHAIRMAN BERNANKE,,,,
,,,,"Based on its assessment of current conditions and the outlook, which is informed by a range of indicators, including measures of labor market conditions, financial conditions, and inflation pressures, the Committee now anticipates it will likely be appropriate to maintain the current federal funds rate target well past the time that the unemployment rate declines to below 6½ percent, especially if projected inflation continues to run below its 2 percent goal.",D,2013-12-18,,2013-12-18-presconf.txt,CHAIRMAN BERNANKE,,,,
,,,,"The FOMC also provided additional guidance on future short-term interest rates, stating that it expects to maintain the federal funds target in its current near-zero range well past the time that the unemployment rate falls below 6½ percent, especially if projected inflation continues to run below 2 percent.",D,2013-12-18,,2013-12-18-presconf.txt,CHAIRMAN BERNANKE,,,,
,,,,"The Federal Reserve’s enhanced guidance about its policy intentions and its substantial and still-increasing holdings of longer-term securities will ensure that monetary policy remains highly accommodative, consistent with the pursuit of its mandated objectives of maximum employment and price stability.",D,2013-12-18,,2013-12-18-presconf.txt,CHAIRMAN BERNANKE,,,,
,,,,"Even though inflation has been quite low in 2013, let me give you the case for why inflation might rise.",H,2013-12-18,,2013-12-18-presconf.txt,CHAIRMAN BERNANKE,,,,
,,,,"And, in particular, it can’t do anything about a slowing in potential growth, which appears to have happened, at least to some extent.",D,2013-12-18,,2013-12-18-presconf.txt,CHAIRMAN BERNANKE,,,,
,,,,"So, our view was—in September 2012—was that we had interest rates already low, and they were expected to stay low for a good long time.",D,2013-12-18,,2013-12-18-presconf.txt,CHAIRMAN BERNANKE,,,,
,,,,"Our sense was once that intermediate objective was attained—that is, when the economy had grown and was moving forward—that, at that point, we could begin to wind down the secondary tool, the supplementary tool, and achieve essentially the same amount of accommodation using interest rates and forward guidance.",H,2013-12-18,,2013-12-18-presconf.txt,CHAIRMAN BERNANKE,,,,
,,,,"We want to see how much accommodation we have and whether it’s sufficient, whether the economy is continuing to grow, and inflation is moving back toward target, as we anticipate.",N,2013-12-18,,2013-12-18-presconf.txt,CHAIRMAN BERNANKE,,,,
,,,,"Of course, we can’t do anything about long-run employment opportunities, but we can help the economy recover more quickly.",H,2013-12-18,,2013-12-18-presconf.txt,CHAIRMAN BERNANKE,,,,
,,,,"You know, by the time I became Chairman, it was already 2006, and house prices were already declining.",N,2013-12-18,,2013-12-18-presconf.txt,CHAIRMAN BERNANKE,,,,
,,,,"But I think that it’s going to take faster overall growth to get firms trying to expand capacity, and I think if we—if consumer spending increases, as we think it will, and if exports increase, as they seem to be doing, then we’ll probably see greater investment as well.",H,2013-12-18,,2013-12-18-presconf.txt,CHAIRMAN BERNANKE,,,,
,,,,"We do think, again, of the asset purchases as a secondary tool behind interest rate policy, and we do think that the cost–benefit ratio, particularly as the assets on the balance sheet get large, that it moves in a way that’s less favorable.",N,2013-12-18,,2013-12-18-presconf.txt,CHAIRMAN BERNANKE,,,,
,,,,"That being said, I don’t think that you can completely ignore financial stability concerns in monetary policy because we can’t control them perfectly, and there may be situations when financial instability has implications for our mandate, which is jobs and inflation, which we saw, of course, in the Great Recession.",N,2013-12-18,,2013-12-18-presconf.txt,CHAIRMAN BERNANKE,,,,
,,,,"The unemployment rate, at 6.7 percent, is three-tenths lower than the data available at the time of the December meeting.",H,2014-03-19,,2014-03-19-presconf.txt,CHAIR YELLEN,,,,
,,,,The FOMC will continue assessing incoming data carefully to ensure that policy is consistent with attaining the FOMC’s longer-run objectives of maximum employment and inflation of 2 percent.,D,2014-03-19,,2014-03-19-presconf.txt,CHAIR YELLEN,,,,
,,,,"The central tendency of the inflation projections is 1.5 to 1.6 percent in 2014, rising to 1.7 to 2.0 percent in 2016.",H,2014-03-19,,2014-03-19-presconf.txt,CHAIR YELLEN,,,,
,,,,"The FOMC will base its ongoing assessment on a wide range of information, including measures of labor market conditions, indicators of inflation pressures and inflation expectations, and readings on financial developments.",N,2014-03-19,,2014-03-19-presconf.txt,CHAIR YELLEN,,,,
,,,,"Although FOMC participants provide a number of explanations for the federal funds rate target remaining below its longer-run normal level, many cite the residual impacts of the financial crisis, and some note that the potential growth rate of the economy may be lower, at least for a time.",N,2014-03-19,,2014-03-19-presconf.txt,CHAIR YELLEN,,,,
,,,,"In summary, the Committee’s actions today reflect its assessment that progress in the labor market is continuing, but that much remains to be done on both the jobs and inflation fronts.",D,2014-03-19,,2014-03-19-presconf.txt,CHAIR YELLEN,,,,
,,,,"Unemployment is still elevated, underemployment and long-term unemployment remain significant concerns, and inflation is running significantly below the FOMC’s objective.",D,2014-03-19,,2014-03-19-presconf.txt,CHAIR YELLEN,,,,
,,,,"But it is becoming—as the unemployment rate gets closer and closer to 6½ percent, to breaching that threshold that seems like the one that is likely to be breached.",N,2014-03-19,,2014-03-19-presconf.txt,CHAIR YELLEN,,,,
,,,,We initially started with an unemployment rate as a threshold.,N,2014-03-19,,2014-03-19-presconf.txt,CHAIR YELLEN,,,,
,,,,"Looking further out, let’s say if you look toward the end of 2016 when most participants are projecting that the employment situation—that the unemployment rate will be close to their notions of mandate-consistent or longer-run normal levels.",N,2014-03-19,,2014-03-19-presconf.txt,CHAIR YELLEN,,,,
,,,,"Monetary policy will be geared to evolving conditions in the economy, and the public does need to understand that as those views evolve, the Committee’s views on policy will likely evolve with them.",N,2014-03-19,,2014-03-19-presconf.txt,CHAIR YELLEN,,,,
,,,,"So, just so I understand correctly, it means that once you hit the longer-run unemployment rate of 5—which is the central tendency average of being 5.4 percent—once you get a 2 percent inflation rate, the market should not, then, anticipate the longer-run 4 percent fed funds rate, and that would be question one.",N,2014-03-19,,2014-03-19-presconf.txt,STEVE LIESMAN,,,,
,,,,"You mentioned in your testimony on Capitol Hill recently that the Fed was trying to assess the balance of weather effects versus more fundamental weakness in the economy as the reason for the slowdown in growth in the first quarter, and you guys mentioned in the statement weather specifically.",N,2014-03-19,,2014-03-19-presconf.txt,YLAN MUI,,,,
,,,,"When we first put our thresholds into effect, we envisioned a possible situation where such a tradeoff could arise, where we might face a situation where unemployment was quite high—namely, over 6½ percent—and inflation might be drifting close to 2 or even a little bit above 2.",N,2014-03-19,,2014-03-19-presconf.txt,CHAIR YELLEN,,,,
,,,,"And, secondly, if I may, there’s a lot of research showing that short-term unemployment seems to be responsible for the level of inflation and that long-term unemployment seems relatively uncorrelated.",N,2014-03-19,,2014-03-19-presconf.txt,BINYAMIN APPELBAUM,,,,
,,,,You’ve spoken about how unemployment is more than just statistics to you.,N,2014-03-19,,2014-03-19-presconf.txt,VICTORIA MCGRANE,,,,
,,,,"Well, I’d be surprised if anyone in this room doesn’t know someone who has been touched by the crisis, by unemployment, by difficulties in getting jobs, and that is true of me and my family and friends, I think, as it is probably for many of you.",N,2014-03-19,,2014-03-19-presconf.txt,CHAIR YELLEN,,,,
,,,,preferring full-time work—has fallen by a similar amount.,N,2014-06-18,,2014-06-18-presconf.txt,CHAIR YELLEN,,,,
,,,,The Committee will continue to assess incoming data carefully to ensure that policy is consistent with attaining the FOMC’s longer-run objectives of maximum employment and inflation of 2 percent.,D,2014-06-18,,2014-06-18-presconf.txt,CHAIR YELLEN,,,,
,,,,"From there, Committee participants generally see the unemployment rate declining to its longer-run normal level by the end of 2016.",H,2014-06-18,,2014-06-18-presconf.txt,CHAIR YELLEN,,,,
,,,,"Finally, FOMC participants continue to see inflation moving only gradually back toward 2 percent over time as the economy expands.",H,2014-06-18,,2014-06-18-presconf.txt,CHAIR YELLEN,,,,
,,,,"These sizable and still-increasing holdings will continue to put downward pressure on longer-term interest rates, support mortgage markets, and make financial conditions more accommodative, helping to support job creation and a return of inflation to the Committee’s objective.",D,2014-06-18,,2014-06-18-presconf.txt,CHAIR YELLEN,,,,
,,,,"In determining how long to maintain the current 0 to ¼ percent target range for the federal funds rate, the Committee will assess progress—both realized and expected—toward its objectives of maximum employment and 2 percent inflation.",D,2014-06-18,,2014-06-18-presconf.txt,CHAIR YELLEN,,,,
,,,,"Based on its current assessment of these factors, the Committee anticipates that it likely will be appropriate to maintain the current target range for the federal funds rate, for a considerable time after the asset purchase program ends, especially if projected inflation continues to run below the Committee’s 2 percent longer-run goal, and longer-term inflation expectations remain well anchored.",D,2014-06-18,,2014-06-18-presconf.txt,CHAIR YELLEN,,,,
,,,,"These include restrained household spending, reduced credit availability, and diminished expectations for future growth in output and incomes, consistent with the view that the potential growth rate of the economy may be lower for some time.",D,2014-06-18,,2014-06-18-presconf.txt,CHAIR YELLEN,,,,
,,,,"If the economy proves to be stronger than anticipated by the Committee, resulting in a more rapid convergence of employment and inflation to the FOMC’s objectives, then increases in the federal funds rate target are likely to occur sooner and to be more rapid than currently envisaged.",H,2014-06-18,,2014-06-18-presconf.txt,CHAIR YELLEN,,,,
,,,,We have seen continued job growth at a pace that is certainly sufficient to be diminishing labor market slack over time.,H,2014-06-18,,2014-06-18-presconf.txt,CHAIR YELLEN,,,,
,,,,"So, a diminished contribution from capital formation to growth does make a negative contribution to growth.",N,2014-06-18,,2014-06-18-presconf.txt,CHAIR YELLEN,,,,
,,,,"You know, nevertheless, the labor market has continued to improve, and over a number of years in which, admittedly, growth has come in at a disappointing level, we’ve still seen the labor market broadly improve, and I expect that to continue.",H,2014-06-18,,2014-06-18-presconf.txt,CHAIR YELLEN,,,,
,,,,"They both call for the same policy—namely, a highly accommodative monetary policy.",D,2014-06-18,,2014-06-18-presconf.txt,CHAIR YELLEN,,,,
,,,,I don’t see them shaping monetary policy in an important way right now.,N,2014-06-18,,2014-06-18-presconf.txt,CHAIR YELLEN,,,,
,,,,"Within limits, it’s not a threat to inflation because consistent with the level of inflation we have for our 2 percent inflation objective, we could see wages growing at a more rapid rate and—a somewhat more rapid rate—and, indeed, that would be part of my forecast of what we would see as the labor market picks up.",H,2014-06-18,,2014-06-18-presconf.txt,CHAIR YELLEN,,,,
,,,,"with longerterm inflation expectations appearing to be well anchored and the economic recovery continuing, the Committee expects inflation to move gradually back toward its objective.",N,2014-09-17,,2014-09-17-presconf.txt,CHAIR YELLEN,,,,
,,,,"As is always the case, the Committee will continue to assess incoming data carefully to ensure that policy is consistent with attaining the FOMC’s longer-run goals of maximum employment and inflation of 2 percent.",D,2014-09-17,,2014-09-17-presconf.txt,CHAIR YELLEN,,,,
,,,,The central tendency of the unemployment rate projections is slightly lower than in the June projections and now stands at 5.9 to 6.0 percent at the end of this year.,H,2014-09-17,,2014-09-17-presconf.txt,CHAIR YELLEN,,,,
,,,,"The central tendency of the projections for real GDP growth is 2.0 to 2.2 percent for 2014, down slightly from the June projections.",D,2014-09-17,,2014-09-17-presconf.txt,CHAIR YELLEN,,,,
,,,,"In light of the cumulative progress toward maximum employment and the improvement in the outlook for labor market conditions since the inception of the program, and with the likelihood of inflation running persistently below 2 percent having diminished somewhat, we have reduced our pace of asset purchases again at this meeting.",H,2014-09-17,,2014-09-17-presconf.txt,CHAIR YELLEN,,,,
,,,,"Further, once we begin to remove policy accommodation, it is the Committee’s current assessment that, even after employment and inflation are near mandateconsistent levels, economic conditions may, for some time, warrant keeping the target federal funds rate below levels the Committee views as normal in the longer run.",H,2014-09-17,,2014-09-17-presconf.txt,CHAIR YELLEN,,,,
,,,,"If the economy proves to be stronger than anticipated by the Committee, resulting in a more rapid convergence of employment and inflation to the FOMC’s objectives, then increases in the federal funds rate are likely to occur sooner and to be more rapid than currently envisaged.",H,2014-09-17,,2014-09-17-presconf.txt,CHAIR YELLEN,,,,
,,,,"It’s the Committee’s intention that the Federal Reserve will, in the longer run, hold no more securities than necessary to implement monetary policy efficiently and effectively, and that these securities will primarily consist of Treasury securities.",N,2014-09-17,,2014-09-17-presconf.txt,CHAIR YELLEN,,,,
,,,,This is part of our assessment of economic conditions and the appropriate stance of monetary policy.,N,2014-09-17,,2014-09-17-presconf.txt,CHAIR YELLEN,,,,
,,,,"And the Committee assesses that the labor market is continuing to improve, and you see a small reduction in the path of the unemployment this year and then over the rest of the projection period.",H,2014-09-17,,2014-09-17-presconf.txt,CHAIR YELLEN,,,,
,,,,"Growth has been positive, and it’s lasted for five years.",H,2014-09-17,,2014-09-17-presconf.txt,CHAIR YELLEN,,,,
,,,,"They are taking into account the possibility that there can be different economic outcomes, including—even if they’re not very likely—ones in which outcomes will be characterized by low inflation or low growth and the appropriate path of rates will be low.",D,2014-09-17,,2014-09-17-presconf.txt,CHAIR YELLEN,,,,
,,,,"Getting back to the one aspect of the forward guidance is the statement, which you’ve reiterated about the funds rate probably needing to stay below normal for some time after achieving mandate-consistent levels on unemployment, inflation, and so forth.",D,2014-09-17,,2014-09-17-presconf.txt,STEVEN BECKNER,,,,
,,,,"If you look at the SEP projections of unemployment, inflation, and so forth, they seem to get back to those mandate-consistent levels by the end of 2016, if not much sooner.",N,2014-09-17,,2014-09-17-presconf.txt,STEVEN BECKNER,,,,
,,,,"Inflation has continued to run below the Committee’s 2 percent objective, and the recent sizable declines in oil prices will likely hold down overall inflation in the near term.",D,2014-12-17,,2014-12-17-presconf.txt,CHAIR YELLEN,,,,
,,,,"In making this forecast, the Committee is mindful of the recent declines in market-based measures of inflation compensation.",D,2014-12-17,,2014-12-17-presconf.txt,CHAIR YELLEN,,,,
,,,,"Finally, although FOMC participants project inflation in the near term to be lower on account of the decline in energy prices, they continue to see inflation moving gradually back toward 2 percent.",D,2014-12-17,,2014-12-17-presconf.txt,CHAIR YELLEN,,,,
,,,,"Once we begin to remove policy accommodation, it continues to be the Committee’s assessment that, “even after employment and inflation are near mandate-consistent levels, economic conditions may, for some time, warrant keeping the target federal funds rate below levels the Committee views as normal in the longer run.” This guidance is consistent with the paths for appropriate policy given by FOMC participants.",H,2014-12-17,,2014-12-17-presconf.txt,CHAIR YELLEN,,,,
,,,,foresee being reasonably confident in their expectation that inflation will move back toward our 2 percent longer-run inflation objective over time.,H,2014-12-17,,2014-12-17-presconf.txt,CHAIR YELLEN,,,,
,,,,And they do largely expect that inflation will be—core inflation will probably be running close to its current level.,N,2014-12-17,,2014-12-17-presconf.txt,CHAIR YELLEN,,,,
,,,,"So, I think you raise a very important point because",N,2014-12-17,,2014-12-17-presconf.txt,CHAIR YELLEN,,,,
,,,,So we’re talking about expectations that inflation many years from now will be below target.,N,2014-12-17,,2014-12-17-presconf.txt,GREG IP,,,,
,,,,And a short period of a very slight undershoot of unemployment below the natural rate will facilitate a slightly faster return of inflation to our objective.,N,2014-12-17,,2014-12-17-presconf.txt,CHAIR YELLEN,,,,
,,,,We also do see the different measures of slack in the labor market point to different assessments of just what maximum employment is.,N,2014-12-17,,2014-12-17-presconf.txt,CHAIR YELLEN,,,,
,,,,But it’s important to point out that the Committee is not anticipating an overshoot of its 2 percent inflation objective.,N,2014-12-17,,2014-12-17-presconf.txt,CHAIR YELLEN,,,,
,,,,So I think the jury is out about exactly how to interpret that downward move in inflation compensation.,D,2014-12-17,,2014-12-17-presconf.txt,CHAIR YELLEN,,,,
,,,,And we indicated that we are monitoring inflation developments carefully.,N,2014-12-17,,2014-12-17-presconf.txt,CHAIR YELLEN,,,,
,,,,"Many members of the Committee, participants, have said that they think policy should be based on the actual evolution of economic activity and inflation, which tends to be variable over time, and that’s why I say I anticipate it will be data dependent.",N,2014-12-17,,2014-12-17-presconf.txt,CHAIR YELLEN,,,,
,,,,"You know, I would say that the ability of a central bank to make the decisions about monetary policy that it regards as in the best longer-run interests of the economy, free of shortrun political interference, is very important to the effective conduct of monetary policy.",N,2014-12-17,,2014-12-17-presconf.txt,CHAIR YELLEN,,,,
,,,,"We—in terms of leverage, and whether or not levered entities could be badly affected by movements in oil prices, leverage in the financial system, in general, is way down from the levels before the crisis.",N,2014-12-17,,2014-12-17-presconf.txt,CHAIR YELLEN,,,,
,,,,"Actually, it’s a question about balance sheet effects on the overall appropriate level of monetary policy.",N,2014-12-17,,2014-12-17-presconf.txt,STEVE BECKNER,,,,
,,,,We have seen continued progress toward our objective of maximum employment.,N,2015-03-18,,2015-03-18-presconf.txt,CHAIR YELLEN,,,,
,,,,We continue to expect sufficient underlying strength in economic growth to support ongoing improvement in the labor market.,N,2015-03-18,,2015-03-18-presconf.txt,CHAIR YELLEN,,,,
,,,,"As the transitory factors holding down inflation abate, the central tendency rebounds to 1.7 to 1.9 percent next year and rises to 1.9 to 2 percent in 2017.",H,2015-03-18,,2015-03-18-presconf.txt,CHAIR YELLEN,,,,
,,,,"We continue to base that assessment on a wide range of information, including measures of labor market conditions, indicators of inflation pressures and inflation expectations, and readings on financial and international developments.",N,2015-03-18,,2015-03-18-presconf.txt,CHAIR YELLEN,,,,
,,,,We anticipate that it will be appropriate to raise the target range for the federal funds rate when the Committee has seen further improvement in the labor market and is reasonably confident that inflation will move back to its 2 percent objective over the medium term.,H,2015-03-18,,2015-03-18-presconf.txt,CHAIR YELLEN,,,,
,,,,"Once we begin to remove policy accommodation, we continue to expect that—in the words of our statement—“even after employment and inflation are near mandate-consistent levels, economic conditions may, for some time, warrant keeping the target federal funds rate below levels the Committee views as normal in the longer run.” This guidance is consistent with the paths for appropriate policy reported by FOMC participants.",H,2015-03-18,,2015-03-18-presconf.txt,CHAIR YELLEN,,,,
,,,,So there’s been this pretty consistent reference to expectations of above-trend growth over the last few months.,N,2015-03-18,,2015-03-18-presconf.txt,HOWARD SCHNEIDER,,,,
,,,,And that’s really why the Committee indicated that growth has moderated somewhat.,N,2015-03-18,,2015-03-18-presconf.txt,CHAIR YELLEN,,,,
,,,,"The central tendency of the participants is, they’re looking for an unemployment rate that will be down to 5.0 to 5.2, which is consistent with their estimates of its longer-run normal value.",H,2015-03-18,,2015-03-18-presconf.txt,CHAIR YELLEN,,,,
,,,,"And a stronger labor market with less labor market slack is one factor that would tend to, certainly for me, increase my confidence that as slack diminishes, that inflation will move up over time.",H,2015-03-18,,2015-03-18-presconf.txt,CHAIR YELLEN,,,,
,,,,"Nevertheless, they do seem to be useful in predicting actual movements in inflation.",N,2015-03-18,,2015-03-18-presconf.txt,CHAIR YELLEN,,,,
,,,,"We provide an immense amount of information, both financial—about our balance sheet—and our monetary policy operations.",N,2015-03-18,,2015-03-18-presconf.txt,CHAIR YELLEN,,,,
,,,,"With respect to congressional changes that are under consideration that would politicize monetary policy by bringing Congress in to make policy judgments about, in real-time, on our monetary policy decisions.",N,2015-03-18,,2015-03-18-presconf.txt,CHAIR YELLEN,,,,
,,,,"With respect to monetary policy rules, they can be useful, and I find them useful—and long have—as a kind of benchmark for thinking about what might be the appropriate stance of policy.",N,2015-03-18,,2015-03-18-presconf.txt,CHAIR YELLEN,,,,
,,,,"But to chain a central bank to follow a simple mathematical rule that fails to take account of many things that are very important in making monetary policy—for example, I was earlier asked about being against the zero lower bound, which is an important special consideration— that would be a very foolish thing to do, and I oppose it.",N,2015-03-18,,2015-03-18-presconf.txt,CHAIR YELLEN,,,,
,,,,it’s been very low in this cycle.,N,2015-03-18,,2015-03-18-presconf.txt,GREG ROBB,,,,
,,,,"So the unemployment rate has come down more rapidly than I would have expected, and the labor market has improved more rapidly than I would have expected.",H,2015-03-18,,2015-03-18-presconf.txt,CHAIR YELLEN,,,,
,,,,"But it means it’s something that would, if it persists, retard living standards and would likely retard real wage growth and improvement in living standards for ordinary households.",N,2015-03-18,,2015-03-18-presconf.txt,CHAIR YELLEN,,,,
,,,,"But it seems likely that some cyclical weakness in the labor market remains: The participation rate remains below most estimates of its underlying trend, involuntary part-time employment remains elevated, and wage growth remains relatively subdued.",N,2015-06-17,,2015-06-17-presconf.txt,CHAIR YELLEN,,,,
,,,,Declines in import prices have also restrained inflation.,D,2015-06-17,,2015-06-17-presconf.txt,CHAIR YELLEN,,,,
,,,,"At the end of this year, the central tendency for the unemployment rate stands at 5.2 to 5.3 percent, a bit above participants’ estimates of the longer-run normal unemployment rate.",D,2015-06-17,,2015-06-17-presconf.txt,CHAIR YELLEN,,,,
,,,,"As we said in our statement, the decision to raise the target range will depend on our assessment of realized and expected progress toward our objectives of maximum employment and 2 percent inflation.",H,2015-06-17,,2015-06-17-presconf.txt,CHAIR YELLEN,,,,
,,,,the central tendency of the unemployment rate by that time is slightly below its estimated longer-run value and the central tendency for inflation is close to our 2 percent objective.,N,2015-06-17,,2015-06-17-presconf.txt,CHAIR YELLEN,,,,
,,,,"I did say when we agreed that labor market slack has diminished to some extent in the intermeeting period, and, clearly, over a longer span of time, over the last several years, obviously we’ve made considerable progress in moving toward our goal of maximum employment.",H,2015-06-17,,2015-06-17-presconf.txt,CHAIR YELLEN,,,,
,,,,But the fact that energy prices have stabilized means that the pressure from that source is diminishing.,N,2015-06-17,,2015-06-17-presconf.txt,CHAIR YELLEN,,,,
,,,,"First, I wanted to ask you about a comment that New York Fed President William Dudley made recently that, in retrospect, the Fed should have raised interest rates more aggressively during the 2004–2006 cycle.",N,2015-06-17,,2015-06-17-presconf.txt,JON HILSENRATH,,,,
,,,,"Obviously, that’s something that’s quite uncertain, and it’s conceivable that if productivity growth disappoints—something I hope that we won’t see, because that has very negative implications for living standards—we could conceivably see faster improvement in the labor market.",N,2015-06-17,,2015-06-17-presconf.txt,CHAIR YELLEN,,,,
,,,,A broader measure of unemployment that includes individuals who want and are available to work but have not actively searched recently and people who are working part time but would rather work full time has continued to improve.,N,2015-09-17,,2015-09-17-presconf.txt,CHAIR YELLEN,,,,
,,,,"Accordingly, the Committee anticipates that inflation will remain quite low in the coming months.",N,2015-09-17,,2015-09-17-presconf.txt,CHAIR YELLEN,,,,
,,,,"The median growth projection is 2.1 percent for this year and rises to 2.3 percent in 2016, somewhat above the median estimate of the longer-run normal growth rate.",N,2015-09-17,,2015-09-17-presconf.txt,CHAIR YELLEN,,,,
,,,,"At the end of this year, the median unemployment rate projection stands at 5 percent, down 0.3 percent from June and close to the median estimate of the longer-run normal unemployment rate.",H,2015-09-17,,2015-09-17-presconf.txt,CHAIR YELLEN,,,,
,,,,"Returning to monetary policy, we recognize that there has been a great deal of focus on today’s policy decision.",N,2015-09-17,,2015-09-17-presconf.txt,CHAIR YELLEN,,,,
,,,,"But there is a little bit of downward pressure on inflation, and we would like to see some further developments.",D,2015-09-17,,2015-09-17-presconf.txt,CHAIR YELLEN,,,,
,,,,"So, your first question was, have we come closer or moved further away from our inflation goal.",N,2015-09-17,,2015-09-17-presconf.txt,CHAIR YELLEN,,,,
,,,,"Now, in the intermeeting period, we have seen some further appreciation of the dollar and some further downward pressure on energy prices, and that creates a bit of further drag on inflation that I would view as transitory—is very likely to be transitory.",D,2015-09-17,,2015-09-17-presconf.txt,CHAIR YELLEN,,,,
,,,,"Well, we have been very focused, Binya, on doing everything we can to revive this economy and to achieve our maximum employment objective.",N,2015-09-17,,2015-09-17-presconf.txt,CHAIR YELLEN,,,,
,,,,"And, I mean, when you look at the projection, you see, as you mentioned, that we see sufficient growth to push the unemployment rate.",N,2015-09-17,,2015-09-17-presconf.txt,CHAIR YELLEN,,,,
,,,,"As that occurs, we would expect labor force participation, the cyclical component of that, to diminish over time, and we would hope to see some decline in the portion of slack that’s reflected in high levels of part-time involuntary employment.",N,2015-09-17,,2015-09-17-presconf.txt,CHAIR YELLEN,,,,
,,,,"Now, inflation is going back in our projection to 2 percent.",N,2015-09-17,,2015-09-17-presconf.txt,CHAIR YELLEN,,,,
,,,,But you just said moments ago that you don’t want to wait until inflation actually hits your target before you are ready to lift off.,N,2015-09-17,,2015-09-17-presconf.txt,YLAN MUI,,,,
,,,,So we’re not trying to push the inflation rate above 2.,N,2015-09-17,,2015-09-17-presconf.txt,CHAIR YELLEN,,,,
,,,,"In addition, we saw a very substantial downward pressure on oil prices and commodity markets, and those developments have had a significant impact on many emerging market economies that are important producers of commodities as well as more advanced countries, including Canada, which is an important trading partner of ours that has been negatively affected by declining commodity prices, declining energy prices.",D,2015-09-17,,2015-09-17-presconf.txt,CHAIR YELLEN,,,,
,,,,it won’t push inflation up any faster.,N,2015-09-17,,2015-09-17-presconf.txt,MICHAEL MCKEE,,,,
,,,,"So I’m wondering what the argument is for raising rates this year as suggested by the dot plot, because even allowing for long and variable lags, you’re not forecasting an inflation problem that would seem to suggest the need for a steeper and faster rate path for at least a couple of years.",N,2015-09-17,,2015-09-17-presconf.txt,MICHAEL MCKEE,,,,
,,,,"And instead of having slow, steady growth, improvement in the labor market, and continued improvement and good performance in the labor market, I don’t think it’s good policy to have to then slam on the brakes and risk a downturn in the economy.",N,2015-09-17,,2015-09-17-presconf.txt,CHAIR YELLEN,,,,
,,,,"But one participant in the Committee would like to see additional accommodation, is concerned by the inflation outlook, and thinks that we need additional stimulus, additional accommodation to provide that, and proposed doing so by moving interest rates negative.",D,2015-09-17,,2015-09-17-presconf.txt,CHAIR YELLEN,,,,
,,,,"It is true that interest rates affect asset prices, but they have a complex effect through balance sheets, through liabilities and assets.",N,2015-09-17,,2015-09-17-presconf.txt,CHAIR YELLEN,,,,
,,,,"There have been a number of studies that have done—been done recently that have tried to take account of many different ways in which monetary policy, acting through different parts of the transmission mechanism, affect inequality.",N,2015-09-17,,2015-09-17-presconf.txt,CHAIR YELLEN,,,,
,,,,"Finally, FOMC participants project inflation to be very low this year, largely reflecting lower prices for energy and non-energy imports.",D,2015-12-16,,2015-12-16-presconf.txt,CHAIR YELLEN,,,,
,,,,"Were the FOMC to delay the start of policy normalization for too long, we would likely end up having to tighten policy relatively abruptly at some point to keep the economy from overheating and inflation from significantly overshooting our objective.",H,2015-12-16,,2015-12-16-presconf.txt,CHAIR YELLEN,,,,
,,,,"First of all, as I’ve indicated, I continue to judge that there remains slack in the economy, margins of slack that are not reflected in the standard unemployment rate, and, in particular, I’ve pointed to the depressed level of labor force participation and also the somewhat abnormally high level of part-time employment.",D,2015-12-16,,2015-12-16-presconf.txt,CHAIR YELLEN,,,,
,,,,"Nevertheless, that is a forecast, and we really need to monitor over time actual inflation performance to make sure that it is conforming, it is evolving, in the manner that we expect.",N,2015-12-16,,2015-12-16-presconf.txt,CHAIR YELLEN,,,,
,,,,"We—you know, the Committee expects inflation—over the next year, the median expectation is for inflation to be running about 1.6 percent, and—both core and headline.",N,2015-12-16,,2015-12-16-presconf.txt,CHAIR YELLEN,,,,
,,,,"I’d like to point out that oil prices today are at 36, and on June 15, they were $60.",D,2015-12-16,,2015-12-16-presconf.txt,CRAIG TORRES,,,,
,,,,"—raised it above 2 percent, and we judged those increases to be transitory as well and looked through them.",N,2015-12-16,,2015-12-16-presconf.txt,CHAIR YELLEN,,,,
,,,,"We are watching that, but I still judge that inflation expectations are reasonably well anchored.",N,2015-12-16,,2015-12-16-presconf.txt,CHAIR YELLEN,,,,
,,,,"And at that point, they have had to tighten policy very abruptly and very substantially, and it’s caused a downturn, and the downturn has served to lower inflation.",H,2015-12-16,,2015-12-16-presconf.txt,CHAIR YELLEN,,,,
,,,,"there is a systematic gap between these two measures, and our objective is 2 percent on the PCE price index, and so there’s no simple translation.",N,2015-12-16,,2015-12-16-presconf.txt,CHAIR YELLEN,,,,
,,,,Monetary policy is based on economic forecasts.,N,2015-12-16,,2015-12-16-presconf.txt,CHAIR YELLEN,,,,
,,,,Wage growth is not quite where you would like it to be.,N,2015-12-16,,2015-12-16-presconf.txt,NANCY MARSHALL-GENZER,,,,
,,,,"So my expectation is that in a strengthening labor market that we would see faster wage growth, and I believe there is, with the 2 percent inflation objective, space for wage growth to be higher than it’s been.",N,2015-12-16,,2015-12-16-presconf.txt,CHAIR YELLEN,,,,
,,,,We may be seeing some incipient signs of faster wage growth.,N,2015-12-16,,2015-12-16-presconf.txt,CHAIR YELLEN,,,,
,,,,it does have a bearing on the inflation outlook.,N,2015-12-16,,2015-12-16-presconf.txt,CHAIR YELLEN,,,,
,,,,The improvement in employment conditions so far this year has occurred as economic growth appears to have picked up from the modest pace seen in the fourth quarter of last year.,H,2016-03-16,,2016-03-16-presconf.txt,CHAIR YELLEN,,,,
,,,,"Nonetheless, our statement continues to emphasize that, in considering future policy decisions, we will carefully monitor actual and expected progress toward our inflation goal.",N,2016-03-16,,2016-03-16-presconf.txt,CHAIR YELLEN,,,,
,,,,"The low level of the neutral federal funds rate may be partially attributable to a range of persistent economic headwinds that weigh on aggregate demand, including developments abroad, a subdued pace of household formation, and meager productivity growth.",D,2016-03-16,,2016-03-16-presconf.txt,CHAIR YELLEN,,,,
,,,,This view is implicitly reflected in participants’ projections of appropriate monetary policy.,N,2016-03-16,,2016-03-16-presconf.txt,CHAIR YELLEN,,,,
,,,,"In other words, most Committee participants now expect that achieving economic outcomes similar to those anticipated in December will likely require a somewhat lower path for policy interest rates than foreseen at that time.",D,2016-03-16,,2016-03-16-presconf.txt,CHAIR YELLEN,,,,
,,,,"But, given that the economy is now close to our maximum employment objective, you know, hopefully inflation is moving up—I mentioned, as you mentioned, recent readings on inflation have moved up.",H,2016-03-16,,2016-03-16-presconf.txt,CHAIR YELLEN,,,,
,,,,"Your statement did note that, as you’re saying, that inflation has picked up in recent months, and you do still see it going back to 2 percent over the medium term.",H,2016-03-16,,2016-03-16-presconf.txt,LINDSAY DUNSMUIR,,,,
,,,,So there has been a slight downgrading of the assessment of economic growth for this year.,N,2016-03-16,,2016-03-16-presconf.txt,CHAIR YELLEN,,,,
,,,,"But, nevertheless, growth is expected to run in—somewhat in excess of potential, so that the labor market is expected to continue to tighten, and by the end of the year, even edge below levels that—of the unemployment rate—that are estimated to be longer in the normal run, and inflation is expected to gradually move back to 2 percent over time.",H,2016-03-16,,2016-03-16-presconf.txt,CHAIR YELLEN,,,,
,,,,But we do see some continued tightening in monetary policy to be appropriate in that event.,H,2016-03-16,,2016-03-16-presconf.txt,CHAIR YELLEN,,,,
,,,,"So there has been, by many forecasters, a slight downgrading of forecasts of global growth in—over the coming several years.",N,2016-03-16,,2016-03-16-presconf.txt,CHAIR YELLEN,,,,
,,,,"So our projection for global growth, for those reasons, is slightly lower—not dramatically lower",N,2016-03-16,,2016-03-16-presconf.txt,CHAIR YELLEN,,,,
,,,,enough lower to make some difference to our forecast.,N,2016-03-16,,2016-03-16-presconf.txt,CHAIR YELLEN,,,,
,,,,"So if oil prices were to increase to 50, I mean, that would probably slightly move up our expected path for core inflation, maybe speed how rapidly we would move back to 2 percent, but I wouldn’t think that that would be something alone that would have great policy significance.",H,2016-03-16,,2016-03-16-presconf.txt,CHAIR YELLEN,,,,
,,,,"First of all, the U.S. economy has been very resilient in recent months in the face of shocks, and we highlighted that right at the beginning of our statement, where we said that “economic activity has been expanding at a moderate pace despite the global economic and financial developments of recent months.” And that—that is important, that the U.S. economy continues to do well.",N,2016-03-16,,2016-03-16-presconf.txt,CHAIR YELLEN,,,,
,,,,"It’s also, as I mentioned, a reflection of shifts in other views about, for example, the likely pace of global growth that affects what we need, as a policy path, to achieve our objectives.",N,2016-03-16,,2016-03-16-presconf.txt,CHAIR YELLEN,,,,
,,,,But the impact of shifts in the unemployment rate on inflation should not be overstated.,N,2016-03-16,,2016-03-16-presconf.txt,CHAIR YELLEN,,,,
,,,,Economic growth was relatively weak late last year and early this year.,D,2016-06-15,,2016-06-15-presconf.txt,CHAIR YELLEN,,,,
,,,,"For example, exports have been soft, reflecting subdued foreign demand and the earlier appreciation of the dollar.",D,2016-06-15,,2016-06-15-presconf.txt,CHAIR YELLEN,,,,
,,,,This recovery is a key factor supporting the Committee’s expectation that overall economic activity will expand at a moderate pace over the next few years.,N,2016-06-15,,2016-06-15-presconf.txt,CHAIR YELLEN,,,,
,,,,"Despite lackluster economic growth, the job market continued to improve early in the year.",N,2016-06-15,,2016-06-15-presconf.txt,CHAIR YELLEN,,,,
,,,,"Overall consumer price inflation—as measured by the price index for personal consumption expenditures—was about 1 percent over the 12 months ending in April, still short of our 2 percent objective.",D,2016-06-15,,2016-06-15-presconf.txt,CHAIR YELLEN,,,,
,,,,"Core inflation, which excludes energy and food prices, has been running close to 1½ percent.",D,2016-06-15,,2016-06-15-presconf.txt,CHAIR YELLEN,,,,
,,,,"The median projection for the unemployment rate edges down from 4.7 percent at the end of this year to 4.6 percent in the next two years, somewhat below the median assessment of the longer-run normal unemployment rate.",H,2016-06-15,,2016-06-15-presconf.txt,CHAIR YELLEN,,,,
,,,,"We expect the rate to remain, for some time, below levels that are anticipated to prevail in the longer run because headwinds weighing on the economy mean that the interest rate needed to keep the economy operating near its potential is low by historical standards.",D,2016-06-15,,2016-06-15-presconf.txt,CHAIR YELLEN,,,,
,,,,"These headwinds—which include developments abroad, subdued household formation, and meager productivity growth—could persist for some time.",H,2016-06-15,,2016-06-15-presconf.txt,CHAIR YELLEN,,,,
,,,,"But there are also more long-lasting or persistent factors that may be at work that are holding down the longer-run level of neutral rates—for example, slow productivity growth, which is not just a U.S. phenomenon but a global phenomenon.",H,2016-06-15,,2016-06-15-presconf.txt,CHAIR YELLEN,,,,
,,,,"You know, obviously, there is a lot of uncertainty about what will happen to productivity growth, but productivity growth could stay long for a prolonged time, and we have an aging—aging societies in many parts of the world that could depress this neutral rate.1 And I think all of us are involved in a process of constantly reevaluating where is that neutral rate going, and I think what you see is a downward shift in that assessment over time, the sense that maybe more of what’s causing this neutral rate to be low are factors that are not going to be rapidly disappearing but will be part of the new normal.",D,2016-06-15,,2016-06-15-presconf.txt,CHAIR YELLEN,,,,
,,,,"So, you know, I should say, over time, we should expect to see, as the economy comes closer to maximum employment, the likely pace of job gains is probably going to slow down somewhat.",D,2016-06-15,,2016-06-15-presconf.txt,CHAIR YELLEN,,,,
,,,,"Now, it’s very hard to know exactly what inflation expectations are relevant to actual price and wage decisions.",N,2016-06-15,,2016-06-15-presconf.txt,CHAIR YELLEN,,,,
,,,,"There’s been a lot of discussion in last couple months about the slow pace of demand in the global economy, and some economists think that central banks should think about using helicopter money, maybe in Japan first or Europe first.",N,2016-06-15,,2016-06-15-presconf.txt,GREG ROBB,,,,
,,,,"Well, it is conceivable in a scenario when—where growth and inflation really surprise us to the upside that we would have to raise short-term interest rates so rapidly that the rates we would be paying on reserves would exceed what we’re earning on our portfolio.",H,2016-06-15,,2016-06-15-presconf.txt,CHAIR YELLEN,,,,
,,,,"At the moment, net exports—well, for quite some time and probably going forward, they will be somewhat of a drag on U.S. growth, so that’s a factor that we take into account.",D,2016-06-15,,2016-06-15-presconf.txt,CHAIR YELLEN,,,,
,,,,"As you said, falling oil prices pull down inflation.",D,2016-06-15,,2016-06-15-presconf.txt,CHAIR YELLEN,,,,
,,,,"The energy industry has been hard hit by the drop in oil prices since mid-2014, and investment in that sector continued to contract through the first half of the year.",D,2016-09-21,,2016-09-21-presconf.txt,CHAIR YELLEN,,,,
,,,,"But with labor market slack being taken up at a somewhat slower pace than in previous years, scope for some further improvement in the labor market remaining, and inflation continuing to run below our 2 percent target, we chose to wait for further evidence of continued progress toward our objectives.",D,2016-09-21,,2016-09-21-presconf.txt,CHAIR YELLEN,,,,
,,,,we’re seeing definite evidence that the economy is now expanding more strongly.,H,2016-09-21,,2016-09-21-presconf.txt,CHAIR YELLEN,,,,
,,,,The employment-to-population ratio has also continued to increase.,H,2016-09-21,,2016-09-21-presconf.txt,CHAIR YELLEN,,,,
,,,,"Now, we have seen people come into the labor force and maybe more than would be expected, which is why the unemployment rate hasn’t fallen.",D,2016-09-21,,2016-09-21-presconf.txt,CHAIR YELLEN,,,,
,,,,"We all agree we are undershooting our inflation goal, and that we want to make sure we stay on a course that raises that to 2 percent.",N,2016-09-21,,2016-09-21-presconf.txt,CHAIR YELLEN,,,,
,,,,"Well, I think if you saw us revising up our growth forecasts, revising down our estimates, well, with an unchanged path for policy, you know, if you saw this, you would see revisions in the funds rate path.",H,2016-09-21,,2016-09-21-presconf.txt,CHAIR YELLEN,,,,
,,,,And that’s characteristic of a—an environment in which the neutral rate—interest rates both here and in advanced countries around the globe appear to be very low.,N,2016-09-21,,2016-09-21-presconf.txt,CHAIR YELLEN,,,,
,,,,"In general, I would not say that asset valuations are out of line with historical norms, but there are areas my colleague President Rosengren has focused on: commercial real estate, where price-to-rent ratios are very high or cap rates are very low.",H,2016-09-21,,2016-09-21-presconf.txt,CHAIR YELLEN,,,,
,,,,"I would say, in the area of commercial real estate, while valuations are high, we are seeing some tightening of lending standards and less debt growth associated with that rise in commercial real estate prices.",H,2016-09-21,,2016-09-21-presconf.txt,CHAIR YELLEN,,,,
,,,,"And it would seem to me, without getting into specifics, that there are ways in which the response of fiscal policy to shifts in the economy could be strengthened, which would help take some burden off monetary policy.",N,2016-09-21,,2016-09-21-presconf.txt,CHAIR YELLEN,,,,
,,,,"On the other hand, inflation is running below our 2 percent objective, and it’s also important that we make sure we get back to 2 percent.",D,2016-09-21,,2016-09-21-presconf.txt,CHAIR YELLEN,,,,
,,,,"And, I should add, the most optimistic projection is for growth of just 2½ percent of all the projections outlined here.",H,2016-09-21,,2016-09-21-presconf.txt,ERIK SCHATZKER,,,,
,,,,we’ve been pleased to see people come back in the labor market.,H,2016-09-21,,2016-09-21-presconf.txt,CHAIR YELLEN,,,,
,,,,It has prompted a downward shift in the projected path for the neutral and actual federal funds rate,D,2016-09-21,,2016-09-21-presconf.txt,CHAIR YELLEN,,,,
,,,,it is a huge concern because slow productivity growth ultimately means slow growth in living standards.,D,2016-09-21,,2016-09-21-presconf.txt,CHAIR YELLEN,,,,
,,,,"As we’ve gotten to this 4.9 percent unemployment rate, as you know, through this year’s long recovery, we have yet to see substantial pickup in wage growth.",N,2016-09-21,,2016-09-21-presconf.txt,MARK HAMRICK,,,,
,,,,"And my hope and expectation is that we will see some further pickup in wage growth, and that it will be broadly beneficial to American households.",N,2016-09-21,,2016-09-21-presconf.txt,CHAIR YELLEN,,,,
,,,,"Over the past year, 2¼ million net new jobs have been created, unemployment has fallen further, and inflation has moved closer to our longer-run goal of 2 percent.",H,2016-12-14,,2016-12-14-presconf.txt,CHAIR YELLEN,,,,
,,,,Economic growth has picked up since the middle of the year.,H,2016-12-14,,2016-12-14-presconf.txt,CHAIR YELLEN,,,,
,,,,"Turning to inflation, the 12-month change in the price index for personal consumption expenditures was nearly 1½ percent in October, still short of our 2 percent objective but up more than a percentage point from a year earlier.",D,2016-12-14,,2016-12-14-presconf.txt,CHAIR YELLEN,,,,
,,,,Core inflation—which excludes energy and food prices that tend to be more volatile than other prices—has risen to 1¾ percent.,H,2016-12-14,,2016-12-14-presconf.txt,CHAIR YELLEN,,,,
,,,,"As the transitory influences of earlier declines in energy prices and prices of imports continue to fade and as the job market strengthens further, we expect overall inflation to rise to 2 percent over the next couple of years.",H,2016-12-14,,2016-12-14-presconf.txt,CHAIR YELLEN,,,,
,,,,Market-based measures of inflation compensation have moved up considerably,H,2016-12-14,,2016-12-14-presconf.txt,CHAIR YELLEN,,,,
,,,,"Moreover, changes in fiscal policy are only one of the many factors that can influence the outlook and the appropriate course of monetary policy.",N,2016-12-14,,2016-12-14-presconf.txt,CHAIR YELLEN,,,,
,,,,"Policies that would improve productivity growth would include policy changes that enhance education, training, workforce development; policies that spur either private or public investment to enhance the quality of capital in the United States that workers have to work with; and policies that spur innovation or competition or the formation of new firms.",N,2016-12-14,,2016-12-14-presconf.txt,CHAIR YELLEN,,,,
,,,,"Well, I believe my predecessor and I called for fiscal stimulus when the unemployment rate was substantially higher than it is now.",N,2016-12-14,,2016-12-14-presconf.txt,CHAIR YELLEN,,,,
,,,,"Chair Yellen, you’ve just spoken about some of the risks—the inflationary risks of running in this expansionary fiscal policy.",N,2016-12-14,,2016-12-14-presconf.txt,CHRISTOPHER CONDON,,,,
,,,,Today’s decision is in line with that view and does not represent a reassessment of the economic outlook or of the appropriate course for monetary policy.,N,2017-03-15,,2017-03-15-presconf.txt,CHAIR YELLEN,,,,
,,,,"The unemployment rate was 4.7 percent in February, near its recent low.",H,2017-03-15,,2017-03-15-presconf.txt,CHAIR YELLEN,,,,
,,,,"Finally, the median inflation projection is 1.9 percent this year and rises to 2 percent in 2018 and 2019.",H,2017-03-15,,2017-03-15-presconf.txt,CHAIR YELLEN,,,,
,,,,"I think what we want to have is confidence in the economy’s trajectory, a sense that the economy will make progress, that we’re not overly worried about downside risks and adverse shocks that could hit the economy that could quickly—after setting it off on the path to shrinking the balance sheet gradually over time— cause us to want to begin to add monetary policy accommodation.",D,2017-03-15,,2017-03-15-presconf.txt,CHAIR YELLEN,,,,
,,,,"So, at present, I see monetary policy as accommodative—namely, the current level of the federal funds rate is below that neutral rate",D,2017-03-15,,2017-03-15-presconf.txt,CHAIR YELLEN,,,,
,,,,not very far below the neutral rate.,N,2017-03-15,,2017-03-15-presconf.txt,CHAIR YELLEN,,,,
,,,,"We’re closing in, I think, on our employment objective.",N,2017-03-15,,2017-03-15-presconf.txt,CHAIR YELLEN,,,,
,,,,"In real terms, with a 2 percent inflation objective—that’s 1 percent in real terms.",N,2017-03-15,,2017-03-15-presconf.txt,CHAIR YELLEN,,,,
,,,,And if policies were put in place to speed growth that I’ve certainly urged Congress and the Administration to consider— policies that would boost productivity growth and raise the economy’s so-called speed limit or potential to grow—I think that those would be—those would be very welcome changes that we would like to see.,N,2017-03-15,,2017-03-15-presconf.txt,CHAIR YELLEN,,,,
,,,,"The unemployment rate has moved way down, and many more people feel optimistic about their prospects in the labor market.",H,2017-03-15,,2017-03-15-presconf.txt,CHAIR YELLEN,,,,
,,,,"As I indicated, a better forward-looking measure of inflation, core inflation—that’s not our target, but I think it’s worth looking at because it’s a better forward-looking predictor of headline inflation—I think that’s still running a little bit under 2 percent, but we expect it’s going to move up to 2.",H,2017-03-15,,2017-03-15-presconf.txt,CHAIR YELLEN,,,,
,,,,It’s where we always want inflation to be heading.,N,2017-03-15,,2017-03-15-presconf.txt,CHAIR YELLEN,,,,
,,,,"I mean, if—if the latter were to occur, there were just a big boost in the dollar, it would tend to put downward pressure on inflation and would have a negative effect on U.S. export growth and tend to boost imports.",D,2017-03-15,,2017-03-15-presconf.txt,CHAIR YELLEN,,,,
,,,,Some Fed critics have said it’s too soon to raise interest rates because wages haven’t risen enough to justify a rate increase.,N,2017-03-15,,2017-03-15-presconf.txt,NANCY MARSHALL-GENZER,,,,
,,,,"And exports have shown greater strength this year, in part reflecting a pickup in global growth.",N,2017-06-14,,2017-06-14-presconf.txt,CHAIR YELLEN,,,,
,,,,"In the labor market, job gains have averaged about 160,000 per month since the start of the year—a solid rate of growth that",H,2017-06-14,,2017-06-14-presconf.txt,CHAIR YELLEN,,,,
,,,,"Looking ahead, we expect that the job market will strengthen somewhat further.",H,2017-06-14,,2017-06-14-presconf.txt,CHAIR YELLEN,,,,
,,,,"The recent lower readings on inflation have been driven significantly by what appear to be oneoff reductions in certain categories of prices, such as wireless telephone services and prescription drugs.",D,2017-06-14,,2017-06-14-presconf.txt,CHAIR YELLEN,,,,
,,,,"These price declines will, as a matter of arithmetic, restrain the 12-month inflation figures until the extraordinarily low March reading drops out of the calculation.",D,2017-06-14,,2017-06-14-presconf.txt,CHAIR YELLEN,,,,
,,,,"Compared with the projections made in March, real GDP growth is little changed, the unemployment rate follows a moderately lower path, and inflation—",N,2017-06-14,,2017-06-14-presconf.txt,CHAIR YELLEN,,,,
,,,,marked down this year for reasons I mentioned earlier—is unchanged over the following two years.,N,2017-06-14,,2017-06-14-presconf.txt,CHAIR YELLEN,,,,
,,,,Marketplace-based inflation expectations are declining.,N,2017-06-14,,2017-06-14-presconf.txt,SAM FLEMING,,,,
,,,,"But, on the other hand, we continue to feel that with a strong labor market and a labor market that’s continuing to strengthen, the conditions are in place for inflation to move up.",H,2017-06-14,,2017-06-14-presconf.txt,CHAIR YELLEN,,,,
,,,,"wage growth has picked up somewhat, it remains low, and inflation is influenced by a number of different factors",N,2017-06-14,,2017-06-14-presconf.txt,CHAIR YELLEN,,,,
,,,,"So, on inflation again, I just wonder, what’s the possibility that something more, sort of—I mean, nefarious is at work here, right, which is that the, sort of, weight of central bank credibility now—for a generation, really— plus globalization has just pushed the world into a low-inflation environment that’s going to be very hard to get wages and prices moving again.",D,2017-06-14,,2017-06-14-presconf.txt,HOWARD SCHNEIDER,,,,
,,,,We look at a whole variety of indicators of inflation expectations.,N,2017-06-14,,2017-06-14-presconf.txt,CHAIR YELLEN,,,,
,,,,And estimates of the normal longer-run unemployment rate—they are quite uncertain.,N,2017-06-14,,2017-06-14-presconf.txt,CHAIR YELLEN,,,,
,,,,"And, you know, I continue to believe, though, that with job growth running well in excess, even with the moderation of the level that’s needed to provide for new entrants in the labor market, we do have a strengthening economy.",H,2017-06-14,,2017-06-14-presconf.txt,CHAIR YELLEN,,,,
,,,,"The Committee believes we have conditions in place for inflation to move up, but that’s also a risk.",H,2017-06-14,,2017-06-14-presconf.txt,CHAIR YELLEN,,,,
,,,,"So, at the time that we adopted the 2 percent target—it was back in 2012—we had a very thorough discussion of the factors that should determine what our inflation objective should be.",N,2017-06-14,,2017-06-14-presconf.txt,CHAIR YELLEN,,,,
,,,,"But a reconsideration of that objective needs to take account not only of benefits of a higher in—potential benefits of a higher inflation target, but also the potential costs that could be associated with it.",N,2017-06-14,,2017-06-14-presconf.txt,CHAIR YELLEN,,,,
,,,,"It’s something that, if we were to encounter an episode in the future of extreme weakness where—I’ve said we want the fed funds rate and movements in short-term interest rates, that’s our go-to number one main policy tool—",N,2017-06-14,,2017-06-14-presconf.txt,CHAIR YELLEN,,,,
,,,,"For quite some time, inflation has been running below the Committee’s 2 percent longer-run objective.",D,2017-09-20,,2017-09-20-presconf.txt,CHAIR YELLEN,,,,
,,,,"More broadly, with employment near assessments of its maximum sustainable level and the labor market continuing to strengthen, the Committee continues to expect inflation to move up and stabilize around 2 percent over the next couple of years, in line with our longer-run objective.",H,2017-09-20,,2017-09-20-presconf.txt,CHAIR YELLEN,,,,
,,,,"The median projection for the unemployment rate stands at 4.3 percent in the fourth quarter of this year and runs a little above 4 percent over the next three years, modestly below the median estimate of its longer-run normal rate.",H,2017-09-20,,2017-09-20-presconf.txt,CHAIR YELLEN,,,,
,,,,"Compared with the projections made in June, real GDP growth is a touch stronger this year, and inflation—particularly core inflation—is slightly softer this year and next.",N,2017-09-20,,2017-09-20-presconf.txt,CHAIR YELLEN,,,,
,,,,This view is consistent with participants’ projections of appropriate monetary policy.,N,2017-09-20,,2017-09-20-presconf.txt,CHAIR YELLEN,,,,
,,,,Our balance sheet is not intended to be an active tool for monetary policy in normal times.,N,2017-09-20,,2017-09-20-presconf.txt,CHAIR YELLEN,,,,
,,,,"And if it proves contrary to our expectations that the shortfall is persistent, it will be necessary to adjust monetary policy to address that.",N,2017-09-20,,2017-09-20-presconf.txt,CHAIR YELLEN,,,,
,,,,"And experience suggests that tightness in the labor market, gradually and with a lag, tends to push up wage and price inflation, and that’s also a risk, that we want to be careful not to allow the economy to overheat in a way that would force us later on, somewhere down the road, to have to tighten monetary policy rapidly, which could cause a recession and threaten the very desirable labor market conditions that we have now.",H,2017-09-20,,2017-09-20-presconf.txt,CHAIR YELLEN,,,,
,,,,The Fed’s staff spoke recently about elevated asset prices in the markets in the most recent—in the meeting before this one held today.,H,2017-09-20,,2017-09-20-presconf.txt,SAM FLEMING,,,,
,,,,"And, of course, we don’t know if that view is correct, but that’s a factor that could be reflected— could be one reason why asset prices have moved as they have.",N,2017-09-20,,2017-09-20-presconf.txt,CHAIR YELLEN,,,,
,,,,"Madam Chair, you just said in your opening remarks that reducing the balance sheet should not be “an active tool for monetary policy in normal times,” you don’t plan to make adjustments to the balance sheet.",N,2017-09-20,,2017-09-20-presconf.txt,STEVE LIESMAN,,,,
,,,,So we have two policy tools that are available to us to use: the balance sheet and adjustments in short-term interest rates—our federal funds rate target.,N,2017-09-20,,2017-09-20-presconf.txt,CHAIR YELLEN,,,,
,,,,"We believe that economic conditions will evolve in a way that will warrant gradual, further increases in our federal funds rate target",H,2017-09-20,,2017-09-20-presconf.txt,CHAIR YELLEN,,,,
,,,,"And then, regarding economic growth, the accommodative process that the Fed has followed for the last 10 years has helped bring us to full employment, but economists point out that there have been people who haven’t benefited.",D,2017-09-20,,2017-09-20-presconf.txt,ADAM SHAPIRO,,,,
,,,,A recent Fed working paper estimated that the full set of balance sheet actions that we took during the crisis may have lowered long-term interest rates by about 100 basis points.,N,2017-09-20,,2017-09-20-presconf.txt,CHAIR YELLEN,,,,
,,,,We expect that the job market will remain strong in the years ahead.,H,2017-12-13,,2017-12-13-presconf.txt,CHAIR YELLEN,,,,
,,,,"Even with a firming of economic growth and a stronger labor market, inflation has continued to run below the FOMC’s 2 percent longer-run objective.",D,2017-12-13,,2017-12-13-presconf.txt,CHAIR YELLEN,,,,
,,,,We continue to believe that this year’s surprising softness in inflation primarily reflects transitory developments that are largely unrelated to broader economic conditions.,N,2017-12-13,,2017-12-13-presconf.txt,CHAIR YELLEN,,,,
,,,,"As a result, we still expect inflation will move up and stabilize around 2 percent over the next couple of years.",H,2017-12-13,,2017-12-13-presconf.txt,CHAIR YELLEN,,,,
,,,,This view is consistent with participants’ projections of appropriate monetary policy.,N,2017-12-13,,2017-12-13-presconf.txt,CHAIR YELLEN,,,,
,,,,"But when you ask me about the outlook for inflation, you know, I’ve talked in detail about this in the past and recognize that there is uncertainty about what’s holding inflation down.",N,2017-12-13,,2017-12-13-presconf.txt,CHAIR YELLEN,,,,
,,,,So there are potentially both demand and supply effects here.,N,2017-12-13,,2017-12-13-presconf.txt,CHAIR YELLEN,,,,
,,,,"if you ask me, is this a significant factor shaping monetary policy now, well, it’s on the list of risks, it’s not a major—it’s not a major factor.",N,2017-12-13,,2017-12-13-presconf.txt,CHAIR YELLEN,,,,
,,,,"So, look, I will just say that it is up to the Administration and Congress to decide on appropriate fiscal policy, and our job is to maintain our focus on employment and inflation.",N,2017-12-13,,2017-12-13-presconf.txt,CHAIR YELLEN,,,,
,,,,"Well, okay, growth is a little stronger, the unemployment rate runs a little bit lower—that would perhaps push in the direction of slightly tighter monetary policy.",H,2017-12-13,,2017-12-13-presconf.txt,CHAIR YELLEN,,,,
,,,,"We’ve got a good, strong labor market and a very low unemployment rate, and I think that’s been tremendously important to the well-being of American households and workers.",H,2017-12-13,,2017-12-13-presconf.txt,CHAIR YELLEN,,,,
,,,,"And I consider it an important priority to make sure that inflation doesn’t chronically undershoot our 2 percent objective, and I want to see it move up to 2 percent.",N,2017-12-13,,2017-12-13-presconf.txt,CHAIR YELLEN,,,,
,,,,Then we had plummeting oil prices.,D,2017-12-13,,2017-12-13-presconf.txt,CHAIR YELLEN,,,,
,,,,rate of unemployment is—it’s been coming down.,H,2017-12-13,,2017-12-13-presconf.txt,CHAIR YELLEN,,,,
,,,,"President Trump, while you were speaking, just said that he thinks his tax plan will produce 4 percent growth.",N,2017-12-13,,2017-12-13-presconf.txt,MICHAEL MCKEE,,,,
,,,,"The job market remains strong, the economy continues to expand, and inflation appears to be moving toward the FOMC’s 2 percent longer-run goal.",H,2018-03-21,,2018-03-21-presconf.txt,CHAIRMAN POWELL,,,,
,,,,"Of course, various forces will continue to affect inflation.",N,2018-03-21,,2018-03-21-presconf.txt,CHAIRMAN POWELL,,,,
,,,,"Based on the projections that Committee participants submitted for this meeting, the median projection for the growth of inflation-adjusted GDP is 2.7 percent this year, 2.4 percent next year, and 2 percent in 2020, a bit above its estimated longer-run rate.",N,2018-03-21,,2018-03-21-presconf.txt,CHAIRMAN POWELL,,,,
,,,,"In making our policy decisions over the next few years, we will continue to aim for inflation of 2 percent",N,2018-03-21,,2018-03-21-presconf.txt,CHAIRMAN POWELL,,,,
,,,,"At the same time, we want to avoid inflation running persistently below our objective, which could leave us with less scope to counter an economic downturn in the future.",D,2018-03-21,,2018-03-21-presconf.txt,CHAIRMAN POWELL,,,,
,,,,"Chair Powell, I want to ask about the symmetric inflation target—what you outlined in your remarks as preventing persistent deviations.",N,2018-03-21,,2018-03-21-presconf.txt,NICK TIMIRAOS,,,,
,,,,"And then, the second question is, you mentioned productivity growth earlier.",N,2018-03-21,,2018-03-21-presconf.txt,JIM TANKERSLEY,,,,
,,,,So I do think it’s very important that we have a focus on productivity in the country.,N,2018-03-21,,2018-03-21-presconf.txt,CHAIRMAN POWELL,,,,
,,,,I have a question about the future of the mechanics of monetary policy.,N,2018-03-21,,2018-03-21-presconf.txt,MICHAEL DERBY,,,,
,,,,Inflation’s been low.,D,2018-03-21,,2018-03-21-presconf.txt,CHAIRMAN POWELL,,,,
,,,,History has shown that moving interest rates either too quickly or too slowly can lead to bad economic outcomes.,N,2018-06-13,,2018-06-13-presconf.txt,CHAIRMAN POWELL,,,,
,,,,"The unemployment rate declined over the past two months and stood at 3.8 percent in May, its lowest level in nearly two decades.",H,2018-06-13,,2018-06-13-presconf.txt,CHAIRMAN POWELL,,,,
,,,,And we expect the job market to remain strong.,H,2018-06-13,,2018-06-13-presconf.txt,CHAIRMAN POWELL,,,,
,,,,"After many years of running below our 2 percent longer-run objective, inflation has recently moved close to that level.",N,2018-06-13,,2018-06-13-presconf.txt,CHAIRMAN POWELL,,,,
,,,,"The core PCE index, which excludes prices of energy and food and tends to be a better indicator of future inflation, rose 1.8 percent over the same period.",N,2018-06-13,,2018-06-13-presconf.txt,CHAIRMAN POWELL,,,,
,,,,"As I mentioned, today we took another step in gradually scaling back monetary policy accommodation by raising the target range for the federal funds rate by ¼ percentage point, bringing it to 1¾ to 2 percent.",H,2018-06-13,,2018-06-13-presconf.txt,CHAIRMAN POWELL,,,,
,,,,"We continue to believe that a gradual approach for increasing the federal funds rate will best promote a sustained expansion of economic activity, strong labor market conditions, and inflation near our symmetric 2 percent goal.",N,2018-06-13,,2018-06-13-presconf.txt,CHAIRMAN POWELL,,,,
,,,,"Conversely, if we raise interest rates too rapidly, the economy could weaken, and inflation could continue to run persistently below our objective.",D,2018-06-13,,2018-06-13-presconf.txt,CHAIRMAN POWELL,,,,
,,,,That should drive productivity.,D,2018-06-13,,2018-06-13-presconf.txt,CHAIRMAN POWELL,,,,
,,,,Neutral meaning that interest rates are neither pushing the economy up nor trying to restrain it.,N,2018-06-13,,2018-06-13-presconf.txt,CHAIRMAN POWELL,,,,
,,,,"2.1 percent above target for two and a half years starts to feel like some of the alternate frameworks that have been discussed here, be it price-level targeting or trying to set expectations higher so that you hit your 2.",H,2018-06-13,,2018-06-13-presconf.txt,HOWARD SCHNEIDER,,,,
,,,,You asked about price-level targeting and that sort of thing.,N,2018-06-13,,2018-06-13-presconf.txt,CHAIRMAN POWELL,,,,
,,,,"You know, there are some ideas that sort of take cognizance of the fact that rates are lower, we’re near the zero lower bound, and that could put downward pressure on inflation expectations if we’re going to be down at the zero lower bound and, therefore, sort of undermine the credibility of the 2 percent inflation objective.",N,2018-06-13,,2018-06-13-presconf.txt,CHAIRMAN POWELL,,,,
,,,,You said earlier that it’s still a little too early to declare victory on inflation.,D,2018-06-13,,2018-06-13-presconf.txt,DONNA BORAK,,,,
,,,,"Part of that can be explained by low productivity, which is something we’ve talked about at the Committee and elsewhere.",H,2018-06-13,,2018-06-13-presconf.txt,CHAIRMAN POWELL,,,,
,,,,"On both inflation and unemployment, the new projections—for unemployment lower than before and inflation higher.",H,2018-06-13,,2018-06-13-presconf.txt,DON LEE,,,,
,,,,"And you asked, you know—I mean, I think we take a longer-run view that we’re shooting for—we’re aiming for— 2 percent inflation—inflation around 2 percent.",N,2018-06-13,,2018-06-13-presconf.txt,CHAIRMAN POWELL,,,,
,,,,"And I think we’ll always be using our tools to move inflation in the direction of the target, if it—if it leaves—if it moves away from the target persistently, as I mentioned.",N,2018-06-13,,2018-06-13-presconf.txt,CHAIRMAN POWELL,,,,
,,,,"But, you know, the thing is, if you look back, there have been a lot of studies done and, you know, realtime estimates of the natural rate of unemployment have uncertainty bands, which are—which are quite wide, so we have to remember that and very much be guided by the—by the incoming data.",N,2018-06-13,,2018-06-13-presconf.txt,CHAIRMAN POWELL,,,,
,,,,You asked about inflation.,N,2018-06-13,,2018-06-13-presconf.txt,CHAIRMAN POWELL,,,,
,,,,"If you—if you look at the forecast, two years from now, end of 2020, you’re still seeing inflation very close to target.",N,2018-06-13,,2018-06-13-presconf.txt,CHAIRMAN POWELL,,,,
,,,,"And so each person who’s submitting them is submitting accommodate—you know, appropriate monetary policy that fits with that person’s assessment.",D,2018-06-13,,2018-06-13-presconf.txt,CHAIRMAN POWELL,,,,
,,,,"I mean, there’s—there should be an effect if you have increased deficits that should put upward pressure on, you know, a few tenths, let’s say.",N,2018-06-13,,2018-06-13-presconf.txt,CHAIRMAN POWELL,,,,
,,,,"So if you look at households, you do not see excess credit growth, you don’t see high levels of credit going out.",D,2018-06-13,,2018-06-13-presconf.txt,CHAIRMAN POWELL,,,,
,,,,"Chair Powell, you referenced a minute ago this idea of cushion, or the fact that the Fed doesn’t have as much of when rates are low and inflation is low.",D,2018-06-13,,2018-06-13-presconf.txt,MYLES UDLAND,,,,
,,,,"We have disparate points of view, which we debate extensively and come to a perspective and try to set monetary policy to achieve maximum employment in a context of price stability.",N,2018-09-26,,2018-09-26-presconf.txt,CHAIRMAN POWELL,,,,
,,,,no reaction of inflation there.,N,2018-09-26,,2018-09-26-presconf.txt,HOWARD SCHNEIDER,,,,
,,,,This is the third time this year that the FOMC has raised its growth forecasts.,H,2018-09-26,,2018-09-26-presconf.txt,HEATHER LONG,,,,
,,,,"But, you know, the growth picture is very much supported by very high readings of household confidence, business confidence, so it’s a—it’s a—it’s a—it’s a pretty particularly bright moment, I think.",H,2018-09-26,,2018-09-26-presconf.txt,CHAIRMAN POWELL,,,,
,,,,"The idea is to encourage more investment, and that is one of the things that drives productivity, which is one of the main things that drives rising incomes.",N,2018-09-26,,2018-09-26-presconf.txt,CHAIRMAN POWELL,,,,
,,,,"We’re seeing a sort of modest increase in wages, inflation right around 2 percent, no sense of it moving up really, so we’re not seeing it yet.",N,2018-09-26,,2018-09-26-presconf.txt,CHAIRMAN POWELL,,,,
,,,,"You know, what we’re going to be doing, assuming we stay on this path, is, we’re going to be carefully monitoring incoming data from the financial markets and from the economy and asking ourselves whether our policy is achieving the goals we want to achieve—you know, sustain the economy, maximum employment, stable prices.",H,2018-09-26,,2018-09-26-presconf.txt,CHAIRMAN POWELL,,,,
,,,,"You know, if you’re—if you’re looking for real wage increases, you’ve got to ask inflation, and there, you have to pick an inflation measure.",N,2018-09-26,,2018-09-26-presconf.txt,CHAIRMAN POWELL,,,,
,,,,"And that—the trend there is running around 2 percent, so if wages are running at rough—wages and benefits running at roughly 3 percent and inflation running at around 2 percent.",N,2018-09-26,,2018-09-26-presconf.txt,CHAIRMAN POWELL,,,,
,,,,PCE headline inflation is at 2.3 percent.,N,2018-09-26,,2018-09-26-presconf.txt,CHAIRMAN POWELL,,,,
,,,,Interest rates are low.,D,2018-09-26,,2018-09-26-presconf.txt,CHAIRMAN POWELL,,,,
,,,,"A simple drop in equity prices is— all by itself, doesn’t really have those features.",N,2018-09-26,,2018-09-26-presconf.txt,CHAIRMAN POWELL,,,,
,,,,"Over the past year the economy has been growing at a strong pace, the unemployment rate has been near record lows, and inflation has been low and stable.",H,2018-12-19,,2018-12-19-presconf.txt,CHAIRMAN POWELL,,,,
,,,,The median of FOMC participants’ projections shows growth of 3 percent this year and 2.3 percent in 2019.,D,2018-12-19,,2018-12-19-presconf.txt,CHAIRMAN POWELL,,,,
,,,,Inflation in the median projection remains near 2 percent.,N,2018-12-19,,2018-12-19-presconf.txt,CHAIRMAN POWELL,,,,
,,,,"Today, the Fed lowered its expectations for interest rate increases.",D,2018-12-19,,2018-12-19-presconf.txt,HEATHER LONG,,,,
,,,,That’s why the forecast for growth and inflation went down a little bit.,D,2018-12-19,,2018-12-19-presconf.txt,CHAIRMAN POWELL,,,,
,,,,You’ve got unemployment dropping.,H,2018-12-19,,2018-12-19-presconf.txt,CHAIRMAN POWELL,,,,
,,,,It involves growth at a strong enough level to continue driving unemployment down and inflation near 2 percent.,H,2018-12-19,,2018-12-19-presconf.txt,CHAIRMAN POWELL,,,,
,,,,"Now they are all at 3, and they’ve just continued to gradually move up—not perfectly in sync, but—and that’s a number that is, you know, right in keeping with 2 percent inflation and 1 percent productivity growth.",N,2018-12-19,,2018-12-19-presconf.txt,CHAIRMAN POWELL,,,,
,,,,"There’s plenty of evidence of situations—for example, in the very tight labor market of the late 1990s of a—I think I mentioned in a speech a month or so ago, we had wage increases above productivity plus inflation, and we didn’t have high inflation.",N,2018-12-19,,2018-12-19-presconf.txt,CHAIRMAN POWELL,,,,
,,,,"So I would expect that wages will keep moving up, and it doesn’t necessarily mean inflation.",N,2018-12-19,,2018-12-19-presconf.txt,CHAIRMAN POWELL,,,,
,,,,"You know, I think if rates were to stay low for a longer period of time, that could be thought of as a signal of expectations of lower growth.",D,2018-12-19,,2018-12-19-presconf.txt,CHAIRMAN POWELL,,,,
,,,,"As I mentioned, our forecast for next year is—I think, in keeping with most other forecasts—is that we’ll still have solid growth next year, declining unemployment, and a healthy economy.",H,2018-12-19,,2018-12-19-presconf.txt,CHAIRMAN POWELL,,,,
,,,,You said in October in an interview with PBS that interest rates were a long way from neutral.,D,2018-12-19,,2018-12-19-presconf.txt,COURTENAY BROWN,,,,
,,,,"So, if you go back a year, 2017 was a year of kind of ongoing upside surprises in global growth.",N,2018-12-19,,2018-12-19-presconf.txt,CHAIRMAN POWELL,,,,
,,,,"close to the potential growth rate of, you know, the global economy.",N,2018-12-19,,2018-12-19-presconf.txt,CHAIRMAN POWELL,,,,
,,,,"I will start with a recap of our discussions, including our assessment of the outlook for the economy and the judgments we made about our interest rate policy and our balance sheet.",N,2019-01-30,,2019-01-30-presconf.txt,CHAIRMAN POWELL,,,,
,,,,"Growth has slowed in some major foreign economies, particularly in China and Europe.",N,2019-01-30,,2019-01-30-presconf.txt,CHAIRMAN POWELL,,,,
,,,,"We’ll be looking at everything, but I do think that, you know, muted inflation pressures—you know, you would want—I would want to see a need for further rate increases, and, for me, a big part of that would be inflation.",H,2019-01-30,,2019-01-30-presconf.txt,CHAIRMAN POWELL,,,,
,,,,"The U.S. economy is in a good place, and we will continue to use our monetary policy tools to help keep it there.",N,2019-03-20,,2019-03-20-presconf.txt,CHAIR POWELL,,,,
,,,,"For example, last September, Committee participants saw growth coming in at about 2.5 percent this year.",N,2019-03-20,,2019-03-20-presconf.txt,CHAIR POWELL,,,,
,,,,"And in Europe, you know, we see some weakening, but, again, we don’t see—we don’t see recession, and we do see positive growth still.",N,2019-03-20,,2019-03-20-presconf.txt,CHAIR POWELL,,,,
,,,,And one is really growth in the workforce—more hours worked.,N,2019-03-20,,2019-03-20-presconf.txt,CHAIR POWELL,,,,
,,,,"Does it concern you, given that the Fed has traditionally been a consensus- 1 Chair Powell intended to say that the unemployment rate is under 4 percent.",H,2019-03-20,,2019-03-20-presconf.txt,VICTORIA GUIDA,,,,
,,,,below 2 percent.,N,2019-03-20,,2019-03-20-presconf.txt,CHAIR POWELL,,,,
,,,,"The level of reserve demand is something that we’ve put a lot of effort and time into creating estimates, based on market intelligence and surveys and that kind of thing.",N,2019-03-20,,2019-03-20-presconf.txt,CHAIR POWELL,,,,
,,,,"Although first-quarter GDP rose more than most forecasters had expected, growth in private consumption and business fixed investment slowed.",D,2019-05-01,,2019-05-01-presconf.txt,CHAIR POWELL,,,,
,,,,I would point out that inflation actually ran—including core inflation—actually ran pretty close to 2 percent for much of 2018.,N,2019-05-01,,2019-05-01-presconf.txt,CHAIR POWELL,,,,
,,,,So we say in our Statement of Longer- Run Goals and Monetary Policy Strategy that the Committee would be concerned if inflation were running persistently above or below 2 percent.,N,2019-05-01,,2019-05-01-presconf.txt,CHAIR POWELL,,,,
,,,,You’ve repeatedly said that the Fed’s going to conduct monetary policy without regard to outside political pressure,N,2019-05-01,,2019-05-01-presconf.txt,MARTIN CRUTSINGER,,,,
,,,,"And we think our monetary policy stance is in a good place, and we’re going to be patient as we consider adjustments.",N,2019-05-01,,2019-05-01-presconf.txt,CHAIR POWELL,,,,
,,,,I’d like to know what you would say to people who worry that it will prove difficult for the Fed to lift inflation without potentially stoking another asset bubble of some sort.,N,2019-05-01,,2019-05-01-presconf.txt,PAUL KIERNAN,,,,
,,,,"Many of you will remember, in March of 2017, there was a very low reading for cell phone services—mobile phone services—and it was kind of a price war, and it dragged down core inflation for a full year",D,2019-05-01,,2019-05-01-presconf.txt,CHAIR POWELL,,,,
,,,,"We’re going to be watching—really, I’d like to say we’re going to be watching inflation carefully to see that these things are transient, and I’ll end by saying we are strongly committed to the 2 percent inflation objective.",N,2019-05-01,,2019-05-01-presconf.txt,CHAIR POWELL,,,,
,,,,And we’re right at that point where we’re starting to learn more and more about what the real demand for reserves is over the next few months.,N,2019-05-01,,2019-05-01-presconf.txt,CHAIR POWELL,,,,
,,,,"My colleagues and I have one overarching goal: to sustain the economic expansion, with a strong job market and stable prices, for the benefit of the American people.",H,2019-06-19,,2019-06-19-presconf.txt,CHAIR POWELL,,,,
,,,,"So far this year, the economy has performed reasonably well, with solid fundamentals supporting continued growth and strong employment.",H,2019-06-19,,2019-06-19-presconf.txt,CHAIR POWELL,,,,
,,,,"While the baseline outlook remains favorable, the question is whether these uncertainties will continue to weigh on the outlook and thus call for additional monetary policy accommodation.",D,2019-06-19,,2019-06-19-presconf.txt,CHAIR POWELL,,,,
,,,,The more reliable drivers of growth in the economy are spending on consumption and business investment.,N,2019-06-19,,2019-06-19-presconf.txt,CHAIR POWELL,,,,
,,,,"We are firmly committed to our symmetric 2 percent inflation objective, and we are well aware that inflation weakness that persists even in a healthy economy could precipitate a difficult-to-arrest downward drift in longer-run inflation expectations.",D,2019-06-19,,2019-06-19-presconf.txt,CHAIR POWELL,,,,
,,,,It’s really trade developments and concerns about global growth that are on our minds.,N,2019-06-19,,2019-06-19-presconf.txt,CHAIR POWELL,,,,
,,,,"In the meantime, we have incoming data in the United States that’s been pretty good, particularly for the consumer: Consumer spending is solid supported by, you know, a healthy job market, high levels of employment, wages going up.",H,2019-06-19,,2019-06-19-presconf.txt,CHAIR POWELL,,,,
,,,,So let me let me answer the inflation question first.,N,2019-06-19,,2019-06-19-presconf.txt,CHAIR POWELL,,,,
,,,,"So—but it’s quite challenging to get inflation— it’s been—even with very high levels of resource utilization, inflation has been lingering and not getting back up to target in a sustained, symmetric kind of a way.",H,2019-06-19,,2019-06-19-presconf.txt,CHAIR POWELL,,,,
,,,,The unemployment rate is lower.,H,2019-06-19,,2019-06-19-presconf.txt,CHAIR POWELL,,,,
,,,,"The unemployment rate was below 4 percent, and inflation had been running near our 2 percent objective for nine months.",H,2019-07-31,,2019-07-31-presconf.txt,CHAIR POWELL,,,,
,,,,These changes in the anticipated path of interest rates have eased financial conditions and have supported the economy.,H,2019-07-31,,2019-07-31-presconf.txt,CHAIR POWELL,,,,
,,,,above what we believe is required to hold the unemployment rate steady.,N,2019-07-31,,2019-07-31-presconf.txt,CHAIR POWELL,,,,
,,,,"But domestic inflation pressures remain muted, and global disinflationary pressures persist.",N,2019-07-31,,2019-07-31-presconf.txt,CHAIR POWELL,,,,
,,,,"I mean, I think we—of course, you know, what we do at every meeting, as I noted, is, we do a deep dive into U.S. economic activity and global activity and, certainly, carefully went through U.S. economic activity, which there has been some positive and some negative, but, overall, the U.S. economy has shown resilience during the intermeeting period.",H,2019-07-31,,2019-07-31-presconf.txt,CHAIR POWELL,,,,
,,,,"You see it now in the second quarter: You see weak investment, you see weak manufacturing—so support demand there and also to support return of inflation to 2 percent.",D,2019-07-31,,2019-07-31-presconf.txt,CHAIR POWELL,,,,
,,,,What you hear is that demand is weak for their products.,N,2019-07-31,,2019-07-31-presconf.txt,CHAIR POWELL,,,,
,,,,"As the Committee contemplates the future path of the target range for the federal funds rate, it will continue to monitor the implications of incoming information for the economic outlook and will act as appropriate to sustain the expansion, with a strong labor market and inflation near its symmetric 2 percent objective.",H,2019-09-18,,2019-09-18-presconf.txt,CHAIR POWELL,,,,
,,,,"The strains in the money markets reflect forces that we saw coming, and they just had a bigger effect than I think most folks anticipated—strong demand for cash to purchase Treasuries and pay corporate taxes.",H,2019-09-18,,2019-09-18-presconf.txt,CHAIR POWELL,,,,
,,,,"But, overall, you see an economy that—I think, generally, forecasts show growth similar to our own, forecasts coming in about 2 percent, which is a good, solid year.",H,2019-09-18,,2019-09-18-presconf.txt,CHAIR POWELL,,,,
,,,,So negative interest rates is something that we looked at during the financial crisis and chose not to do.,N,2019-09-18,,2019-09-18-presconf.txt,CHAIR POWELL,,,,
,,,,"So, in terms of how our rate cuts will affect the real economy, first, we think monetary policy works with, as Friedman said, long and variable lags.",N,2019-09-18,,2019-09-18-presconf.txt,CHAIR POWELL,,,,
,,,,There are a number—there can be a signal about expectations about growth there for sure,N,2019-09-18,,2019-09-18-presconf.txt,CHAIR POWELL,,,,
,,,,"Over the long run, we can’t really affect the growth rate of the United States.",N,2019-09-18,,2019-09-18-presconf.txt,CHAIR POWELL,,,,
,,,,"And, you know, the way I would characterize it is this: that low rates abroad are a symbol—or a sign, rather, of weak global growth, expectations of low inflation, low growth, and, you know, just kind of a lack of policy space to move against or ideas about how to break out of that low equilibrium.",D,2019-09-18,,2019-09-18-presconf.txt,CHAIR POWELL,,,,
,,,,"Household spending continues to be strong, supported by a healthy job market, rising incomes, and solid consumer confidence.",N,2019-10-30,,2019-10-30-presconf.txt,CHAIR POWELL,,,,
,,,,"As I mentioned, weakness in global growth and trade developments have weighed on the economy and pose ongoing risks.",N,2019-10-30,,2019-10-30-presconf.txt,CHAIR POWELL,,,,
,,,,"So, in terms of risks, what I was referring to there—the principal risks that we’ve been monitoring have been, really, slowing global growth and trade policy developments as well as muted inflation pressure.",D,2019-10-30,,2019-10-30-presconf.txt,CHAIR POWELL,,,,
,,,,"So, as I mentioned, we do think that inflation expectations are— they’re quite essential, quite central in our framework of how we think about inflation.",N,2019-10-30,,2019-10-30-presconf.txt,CHAIR POWELL,,,,
,,,,We need them to be anchored in a level—at a level that’s consistent with our symmetric 2 percent inflation goal.,N,2019-10-30,,2019-10-30-presconf.txt,CHAIR POWELL,,,,
,,,,"I wouldn’t expect that the effects on activity or confidence would be immediate, or—would there be immediate effects in economic activity.",N,2019-10-30,,2019-10-30-presconf.txt,CHAIR POWELL,,,,
,,,,"And you know, we haven’t yet—we just touched 2 percent core inflation, to pick one measure—just touched it for a few months, and then we’ve fallen back.",H,2019-10-30,,2019-10-30-presconf.txt,CHAIR POWELL,,,,
,,,,"The sort of rural–urban disparities in—you know, in employment, in growth, in all kinds of things, in health outcomes.",N,2019-10-30,,2019-10-30-presconf.txt,CHAIR POWELL,,,,
,,,,"Once inflation expectations start sliding down, inflation moves down.",D,2019-10-30,,2019-10-30-presconf.txt,CHAIR POWELL,,,,
,,,,"As always, we base our decisions on judgment of how best to achieve the goals Congress has given us: maximum employment and price stability.",N,2019-12-11,,2019-12-11-presconf.txt,CHAIR POWELL,,,,
,,,,"As has been the case for some time, sluggish growth abroad and trade developments have been weighing on those sectors.",D,2019-12-11,,2019-12-11-presconf.txt,CHAIR POWELL,,,,
,,,,"The same thing is true, but much less true, of inflation, the relationship between—in a way, the wage Phillips curve has a higher coefficient than the price Phillips curve does.",N,2019-12-11,,2019-12-11-presconf.txt,CHAIR POWELL,,,,
,,,,A number of your colleagues have said explicitly that they do not think the FOMC should raise interest rates until core inflation is back at 2 percent.,D,2019-12-11,,2019-12-11-presconf.txt,HEATHER LONG,,,,
,,,,"Just following up on Heather’s question—so if you look at the SEP today, it looks like inflation is never overshooting 2 percent and is only getting up to 2 percent by the end of 2021, yet rates are increasing in 2021.",H,2019-12-11,,2019-12-11-presconf.txt,JEANNA SMIALEK,,,,
,,,,"And so the— the changes that we’re looking at to the framework are—I think they take all of that on board, and—but they’re—what they’re—what they are designed to do is to strengthen the credibility of that—of that inflation target, but only if followed by policy.",N,2019-12-11,,2019-12-11-presconf.txt,CHAIR POWELL,,,,
,,,,So I’m wondering if you could talk a little bit about the extent to which the review is looking at the employment side of the mandate as well.,N,2019-12-11,,2019-12-11-presconf.txt,MATTHEW BOESLER,,,,
,,,,"And, as I mentioned, that’s a good thing because that means we—we don’t have to worry so much about inflation.",N,2019-12-11,,2019-12-11-presconf.txt,CHAIR POWELL,,,,
,,,,"And, again, at the end of the day, that probably has most to do with productivity.",N,2019-12-11,,2019-12-11-presconf.txt,CHAIR POWELL,,,,
,,,,"Overall, with monetary and financial conditions supportive, we expect moderate economic growth to continue.",N,2020-01-29,,2020-01-29-presconf.txt,CHAIR POWELL,,,,
,,,,All of these technical measures are designed to support the efficient and effective implementation of monetary policy and are not intended to represent a chance—a change in the stance of monetary policy.,N,2020-01-29,,2020-01-29-presconf.txt,CHAIR POWELL,,,,
,,,,"And when we see that we’ve reached that level, we’ll begin to gradually reduce our asset purchases to the level of the underlying trend growth of demand for our liabilities.",H,2020-01-29,,2020-01-29-presconf.txt,CHAIR POWELL,,,,
,,,,"You know, our intention of these—for these adjustments is just to raise the level of reserves and to allow us to conduct monetary policy in an efficient and effective manner.",N,2020-01-29,,2020-01-29-presconf.txt,CHAIR POWELL,,,,
,,,,"Now, monetary policy is a blunt instrument, but it’s a powerful one.",N,2020-01-29,,2020-01-29-presconf.txt,CHAIR POWELL,,,,
,,,,And part of that just is the effect of lower interest rates.,D,2020-01-29,,2020-01-29-presconf.txt,CHAIR POWELL,,,,
,,,,Monetary policy can be an effective tool to support overall economic activity.,N,2020-03-03,,2020-03-03-presconf.txt,CHAIR POWELL,,,,
,,,,"These measures, which are essential for containing the outbreak, will nonetheless understandably take a toll on economic activity in the near term.",N,2020-03-15,,2020-03-15-presconf.txt,CHAIR POWELL,,,,
,,,,"It says: “[The] ongoing public health crisis will weigh heavily on economic activity, employment, and inflation in the near term and poses considerable risks to the economic outlook over the medium term.” So the “medium”—but what we meant by that, “over the medium term”—so, obviously, what we’re talking about is, you know, not right now, in the very near term.",D,2020-04-29,,2020-04-29-presconf.txt,CHAIR POWELL,,,,
,,,,"So we’ve said that if—if demand for our facilities is greater than we’ve estimated, then we’ll expand them.",N,2020-04-29,,2020-04-29-presconf.txt,CHAIR POWELL,,,,
,,,,"So the— the sooner we get the virus under control, the sooner people can regain that confidence and regain their economic activity.",D,2020-04-29,,2020-04-29-presconf.txt,CHAIR POWELL,,,,
,,,,"So, I would say, as long as inflation expectations remain anchored, then we shouldn’t see deflation.",N,2020-04-29,,2020-04-29-presconf.txt,CHAIR POWELL,,,,
,,,,"I think you asked, really, about headline inflation.",N,2020-04-29,,2020-04-29-presconf.txt,CHAIR POWELL,,,,
,,,,"Chair Powell, I’m wondering what you would say to savers who are hurt by very low interest rates and maybe going into investments maybe in the stock market that aren’t so great for them.",D,2020-04-29,,2020-04-29-presconf.txt,NANCY MARSHALL-GENZER,,,,
,,,,"And I think for the overall good of the economy, low interest rates are a good thing.",D,2020-04-29,,2020-04-29-presconf.txt,CHAIR POWELL,,,,
,,,,We didn’t change our longer-run estimate of—of potential growth or of the unemployment rate.,N,2020-06-10,,2020-06-10-presconf.txt,CHAIR POWELL,,,,
,,,,"But if you were to find yourself in a—in a senator’s office suite, and he held up that May unemployment report, which you’ve described as unexpectedly positive and—and a welcome surprise, and if he or she said to you, “Look, this is an indication that we can put on the breaks,” I wonder what you would say.",N,2020-06-10,,2020-06-10-presconf.txt,DAVID GURA,,,,
,,,,You can look at—at just the regular unemployment rate.,N,2020-06-10,,2020-06-10-presconf.txt,CHAIR POWELL,,,,
,,,,"And if—if you think we—I would just, in terms of the May employment report, it’s—it’s so nice to see.",N,2020-06-10,,2020-06-10-presconf.txt,CHAIR POWELL,,,,
,,,,"So, you know, we—we call it out as a—as an important factor in the economy, and we will use our tools to support maximum employment and take that, you know, definition to heart.",N,2020-06-10,,2020-06-10-presconf.txt,CHAIR POWELL,,,,
,,,,"We’re supposed to be pursuing maximum employment and stable prices, and that’s what we’re pursuing.",N,2020-06-10,,2020-06-10-presconf.txt,CHAIR POWELL,,,,
,,,,"After precipitous drops in March and April, employment rose strongly in May and June as many people returned to work from temporary layoffs.",H,2020-07-29,,2020-07-29-presconf.txt,CHAIR POWELL,,,,
,,,,We have held our policy rate near zero since mid-March and have stated that we will keep it there until we are confident that the economy has weathered recent events and is on track to achieve our maximum-employment and price-stability goals.,D,2020-07-29,,2020-07-29-presconf.txt,CHAIR POWELL,,,,
,,,,Our part of it is to—is to push as hard as we can on our employment mandate,N,2020-07-29,,2020-07-29-presconf.txt,CHAIR POWELL,,,,
,,,,"you know, we’re—we’re seeing disinflationary pressures around the world going into this.",D,2020-07-29,,2020-07-29-presconf.txt,CHAIR POWELL,,,,
,,,,"Now we see a big shock to demand, and we see core inflation dropping to 1 percent.",D,2020-07-29,,2020-07-29-presconf.txt,CHAIR POWELL,,,,
,,,,We think that the economy will need highly accommodative monetary policy and the use of our tools for an extended period.,D,2020-07-29,,2020-07-29-presconf.txt,CHAIR POWELL,,,,
,,,,"So I wanted to ask you, you know, we’ve seen some economists and even the Biden campaign call for the Fed to more specifically target the gap between minority unemployment rates.",N,2020-07-29,,2020-07-29-presconf.txt,CATARINA SARAIVA,,,,
,,,,"In any case, there’s clearly a risk that we’re going to see a slowdown in the rate of growth in economic activity and in hiring.",D,2020-07-29,,2020-07-29-presconf.txt,CHAIR POWELL,,,,
,,,,"For some goods, including food, supply constraints have led to notably higher prices, adding to the burden for those struggling with lost income.",D,2020-09-16,,2020-09-16-presconf.txt,CHAIR POWELL,,,,
,,,,"And, you know, you don’t—you also don’t see people, by and large, lifting off or raising interest rates above zero.",D,2020-09-16,,2020-09-16-presconf.txt,CHAIR POWELL,,,,
,,,,"The economy will be below maximum employment, below full demand.",D,2020-09-16,,2020-09-16-presconf.txt,CHAIR POWELL,,,,
,,,,we said return to 2—to achieve 2 percent inflation.,N,2020-09-16,,2020-09-16-presconf.txt,CHAIR POWELL,,,,
,,,,"And in that—in a broad sense, all of it goes into thinking about monetary policy.",M,2020-09-16,,2020-09-16-presconf.txt,CHAIR POWELL,,,,
,,,,"We, we have interest rates and bank supervision and financial stability policy and things like that, but we can’t—we can’t get at those things through our tools.",N,2020-09-16,,2020-09-16-presconf.txt,CHAIR POWELL,,,,
,,,,"On the other hand, by that metric, the, the unemployment rate would have been in the—in the 20s in, in April.",N,2020-09-16,,2020-09-16-presconf.txt,CHAIR POWELL,,,,
,,,,Economic activity has continued to recover from its depressed second-quarter level.,H,2020-11-05,,2020-11-05-presconf.txt,CHAIR POWELL,,,,
,,,,"Even so, overall economic activity remains well below its level before the pandemic, and the path ahead remains highly uncertain.",N,2020-11-05,,2020-11-05-presconf.txt,CHAIR POWELL,,,,
,,,,"Overall, on a 12-month basis, inflation remains below our 2 percent longer-run objective.",D,2020-11-05,,2020-11-05-presconf.txt,CHAIR POWELL,,,,
,,,,"The Federal Reserve’s response to this crisis has been guided by our mandate to promote maximum employment and stable prices for the American people, along with our responsibilities to promote the stability of the financial system.",D,2020-11-05,,2020-11-05-presconf.txt,CHAIR POWELL,,,,
,,,,"So in terms of what they can do, first I would just say, the purchases that we have in place are providing strong support to economic activity still.",D,2020-11-05,,2020-11-05-presconf.txt,CHAIR POWELL,,,,
,,,,"IMF Chief Economist Gita Gopinath wrote—Gita Gopinath wrote a piece this week in which she said, unequivocally, we’re in a global liquidity trap and talked about the limits of monetary policy right now.",N,2020-11-05,,2020-11-05-presconf.txt,DAVID GURA,,,,
,,,,"We have a specific, you know, job to do with, with a specific set of tools to support maximum employment, stable prices, financial stability, help the payment system, supervise banks—all the things we’re assigned to do.",N,2020-11-05,,2020-11-05-presconf.txt,CHAIR POWELL,,,,
,,,,"At the Federal Reserve, we are strongly committed to achieving the monetary policy goals that Congress has given us—maximum employment and price stability.",N,2020-12-16,,2020-12-16-presconf.txt,CHAIR POWELL,,,,
,,,,"The overall rebound in household spending owes in part to federal stimulus payments and expanded unemployment benefits, which provided essential support to many families and individuals.",D,2020-12-16,,2020-12-16-presconf.txt,CHAIR POWELL,,,,
,,,,"The housing sector has fully recovered from the downturn, supported in part by low mortgage interest rates.",D,2020-12-16,,2020-12-16-presconf.txt,CHAIR POWELL,,,,
,,,,"Looking ahead, FOMC participants project the unemployment rate to continue to decline",H,2020-12-16,,2020-12-16-presconf.txt,CHAIR POWELL,,,,
,,,,Our ability to achieve maximum employment in the years ahead depends importantly on having longer-term inflation expectations well anchored at 2 percent.,N,2020-12-16,,2020-12-16-presconf.txt,CHAIR POWELL,,,,
,,,,"In addition, as we noted in today’s policy statement, we will continue to increase our holdings of Treasury securities by at least $80 billion per month and of agency mortgage-backed securities by at least $40 billion per month until substantial further progress has been made toward our maximum-employment and price-stability goals.",D,2020-12-16,,2020-12-16-presconf.txt,CHAIR POWELL,,,,
,,,,"Overall, our interest rate and balance sheet tools are providing powerful support to the economy and will continue to do so.",D,2020-12-16,,2020-12-16-presconf.txt,CHAIR POWELL,,,,
,,,,"Headline inflation is one time 1.2, the SEP median sees it rising to 1.8.",D,2020-12-16,,2020-12-16-presconf.txt,RICH MILLER,,,,
,,,,"And, you know, so I guess since September we’ve now adopted a flexible average inflation-targeting framework.",N,2020-12-16,,2020-12-16-presconf.txt,CHAIR POWELL,,,,
,,,,That’s just reflective of a lot of demand.,N,2020-12-16,,2020-12-16-presconf.txt,CHAIR POWELL,,,,
,,,,"There are—there are significant disinflationary pressures around the world, and there have been for a while, and they persist today.",D,2020-12-16,,2020-12-16-presconf.txt,CHAIR POWELL,,,,
,,,,It took a long time to get inflation back to 2 percent in the last crisis.,D,2020-12-16,,2020-12-16-presconf.txt,CHAIR POWELL,,,,
,,,,"And, you know, we’re, we’re honest with ourselves and with you in the SEP that even with the very high level of accommodation that we’re providing both through low rates and very high levels of asset purchases, it will take some time, because that’s what we believe the underlying inflation dynamics are in our economy.",D,2020-12-16,,2020-12-16-presconf.txt,CHAIR POWELL,,,,
,,,,So you asked about monetary policy.,N,2020-12-16,,2020-12-16-presconf.txt,CHAIR POWELL,,,,
,,,,"Just as one example, the governor of Illinois announced roughly $700 million in early anticipated budget cuts to close the budget deficit, and the latest bipartisan stimulus proposal that’s being debated this week seems to be leaving out state and local aid at this point.",N,2020-12-16,,2020-12-16-presconf.txt,RACHEL SIEGEL,,,,
,,,,"Some forecasters have suggested that there is a lot of pent-up demand for travel and entertainment and, and services and the like that might stop being pent up in a hurry if we do get to a point where the vaccine is widely distributed, and that the beaten-down service sector might have trouble meeting that demand in, in a hurry.",N,2020-12-16,,2020-12-16-presconf.txt,SCOTT HORSLEY,,,,
,,,,"So that, that has all the markings of a transient increase in the price level.",H,2020-12-16,,2020-12-16-presconf.txt,CHAIR POWELL,,,,
,,,,"And if—given the inflation dynamics that we’ve had over the last several decades, just a single, single sort of price-level increase has not resulted in ongoing price-level increases.",N,2020-12-16,,2020-12-16-presconf.txt,CHAIR POWELL,,,,
,,,,"For my way of thinking and many others’, the time to focus on that is when the economy is strong and when unemployment is low and taxes are—you know, are, are pouring in, and there’s, there’s room to get on—get on a sustainable path, because the economy’s really doing well.",N,2020-12-16,,2020-12-16-presconf.txt,CHAIR POWELL,,,,
,,,,"As the Committee reiterated in today’s policy statement, with inflation running persistently below 2 percent, we will aim to achieve inflation moderately above 2 percent for some time so that inflation averages 2 percent over time and longer-term inflation expectations remain well anchored at 2 percent.",D,2021-01-27,,2021-01-27-presconf.txt,CHAIR POWELL,,,,
,,,,We expect to maintain an accommodative stance of monetary policy until these employment and inflation outcomes are achieved.,D,2021-01-27,,2021-01-27-presconf.txt,CHAIR POWELL,,,,
,,,,The shock that the—from the pandemic was unprecedented both in its nature and in its size and in the amount of unemployment that it created and in the shock to economic activity.,D,2021-01-27,,2021-01-27-presconf.txt,CHAIR POWELL,,,,
,,,,"But—so I would just say that our—that there are many things that go in, as you know, to, to setting asset prices.",N,2021-01-27,,2021-01-27-presconf.txt,CHAIR POWELL,,,,
,,,,"There’s also the possibility—indeed, it’s in some forecasts—that as the economy fully reopens, there’ll be a burst of spending, and—because people will be enthusiastic that the pandemic is over, potentially, and that that could also create some upward pressure on inflation.",H,2021-01-27,,2021-01-27-presconf.txt,CHAIR POWELL,,,,
,,,,"We know what to do with higher inflation, which is, you know, should the need arise, we, we would have those tools.",H,2021-01-27,,2021-01-27-presconf.txt,CHAIR POWELL,,,,
,,,,"And, again, we’ll seek inflation moderately above 2 percent for some time.",H,2021-01-27,,2021-01-27-presconf.txt,CHAIR POWELL,,,,
,,,,"We’re just going to look at bank—we’re going to look at the whole range of, of information, including economic activity, banking activity, the, the success in vaccination.",N,2021-01-27,,2021-01-27-presconf.txt,CHAIR POWELL,,,,
,,,,"You know, even purchasing manager index and sentiment indexes on, on areas of the economy that are not directly—really directly—exposed to the pandemic in their economic activity, they’re doing okay.",N,2021-01-27,,2021-01-27-presconf.txt,CHAIR POWELL,,,,
,,,,We are strongly committed to achieving the monetary policy goals that Congress has given us: maximum employment and price stability.,N,2021-03-17,,2021-03-17-presconf.txt,CHAIR POWELL,,,,
,,,,"We do expect that we’ll begin to make faster progress on both spending—you know, labor markets and inflation as the year goes on because of the progress with the vaccines, because of the fiscal support that we’re getting.",D,2021-03-17,,2021-03-17-presconf.txt,CHAIR POWELL,,,,
,,,,So we’ve said we’d like to see inflation run moderately above 2 percent for some time.,H,2021-03-17,,2021-03-17-presconf.txt,CHAIR POWELL,,,,
,,,,"What I’m telling you is that the stance of monetary policy we have today, we believe, is appropriate.",N,2021-03-17,,2021-03-17-presconf.txt,CHAIR POWELL,,,,
,,,,And they’re—also remember that the SEP doesn’t actually include all the things that go into maximum employment.,N,2021-03-17,,2021-03-17-presconf.txt,CHAIR POWELL,,,,
,,,,We had low unemployment in 2018 and ’19 and the beginning of ’20 without having troubling inflation at all.,N,2021-03-17,,2021-03-17-presconf.txt,CHAIR POWELL,,,,
,,,,We know that inflation dynamics do evolve over time.,N,2021-03-17,,2021-03-17-presconf.txt,CHAIR POWELL,,,,
,,,,"For the economy as a whole, payroll employment is 8.4 million below its pre-pandemic level.",D,2021-04-28,,2021-04-28-presconf.txt,CHAIR POWELL,,,,
,,,,I would note that a transitory rise in inflation above 2 percent this year would not meet this standard.,N,2021-04-28,,2021-04-28-presconf.txt,CHAIR POWELL,,,,
,,,,I wonder if you could talk a little bit about that test for raising interest rates that you just elaborated.,H,2021-04-28,,2021-04-28-presconf.txt,JEANNA SMIALEK,,,,
,,,,"for inflation to move up in a persistent way that, that really starts to move inflation expectations up, that would have to—that would take some time.",H,2021-04-28,,2021-04-28-presconf.txt,CHAIR POWELL,,,,
,,,,"But I do think that—and I do think also that unemployment insurance benefits will run out in September, so to the extent that’s a factor, which is not clear, it will no longer be a factor fairly soon.",N,2021-04-28,,2021-04-28-presconf.txt,CHAIR POWELL,,,,
,,,,"In an episode of one-time price increases as the economy reopens is not the same thing as, and is not likely to lead to, persistently higher year-over-year inflation into the future— inflation at levels that are not consistent with our goal of 2 percent inflation over time.",H,2021-04-28,,2021-04-28-presconf.txt,CHAIR POWELL,,,,
,,,,"You saw it in the March CPI reading, and you’ll see it later this week in the PCE price data.",N,2021-04-28,,2021-04-28-presconf.txt,CHAIR POWELL,,,,
,,,,"It’s much harder to predict with confidence the amount of time it will take to resolve the bottlenecks, or for that matter, the temporary effects that they will have on prices in the meantime.",N,2021-04-28,,2021-04-28-presconf.txt,CHAIR POWELL,,,,
,,,,"It’s not one really good employment reading, which is what we got in March.",D,2021-04-28,,2021-04-28-presconf.txt,CHAIR POWELL,,,,
,,,,"I won’t say it has nothing to do with monetary policy, but it also—it has a tremendous amount to do with vaccination and reopening of the economy.",N,2021-04-28,,2021-04-28-presconf.txt,CHAIR POWELL,,,,
,,,,also for inflation.,N,2021-06-16,,2021-06-16-presconf.txt,CHAIR POWELL,,,,
,,,,"So I, I can’t give you an exact number or an exact time, but I would say that we do expect inflation to move down.",D,2021-06-16,,2021-06-16-presconf.txt,CHAIR POWELL,,,,
,,,,"So it’s, it’s good, actually, to see inflation—longer-term inflation expectations move back up to a range—it’s a range that’s consistent with what our objectives are.",H,2021-06-16,,2021-06-16-presconf.txt,CHAIR POWELL,,,,
,,,,"We look at a range of indicators, and it’s a very broad range, you can count to a high number just quickly—",N,2021-06-16,,2021-06-16-presconf.txt,CHAIR POWELL,,,,
,,,,"I think in terms of the timing and the effects on inflation in the near term, there’s a lot of uncertainty.",N,2021-06-16,,2021-06-16-presconf.txt,CHAIR POWELL,,,,
,,,,But that would suggest that you all could theoretically see inflation sustainably staying above 2 percent.,H,2021-06-16,,2021-06-16-presconf.txt,VICTORIA GUIDA,,,,
,,,,"The underlying forces around the globe that have created those dynamics are intact, and those are aging population, low productivity, globalization, all of those things that, that we think have, have, you know, really held down inflation.",D,2021-06-16,,2021-06-16-presconf.txt,CHAIR POWELL,,,,
,,,,Much of this rapid growth reflects the continued bounceback in activity from depressed levels.,N,2021-07-28,,2021-07-28-presconf.txt,CHAIR POWELL,,,,
,,,,"As the economy continues to reopen and spending rebounds, we are seeing upward pressure on prices, particularly because supply bottlenecks in some sectors have limited how quickly production can respond in the near term.",H,2021-07-28,,2021-07-28-presconf.txt,CHAIR POWELL,,,,
,,,,"Now, as, as vaccinations rise, we can nonetheless get back to our economic activity.",N,2021-07-28,,2021-07-28-presconf.txt,CHAIR POWELL,,,,
,,,,Price stability is half of our mandate.,N,2021-07-28,,2021-07-28-presconf.txt,CHAIR POWELL,,,,
,,,,"Some of it is a fall in real yields, which may have been connected to—some speculate—connected to sentiment around the, the spread of the Delta variant and concern about growth.",D,2021-07-28,,2021-07-28-presconf.txt,CHAIR POWELL,,,,
,,,,"But we have high inflation, so it’s kind of the opposite case.",H,2021-07-28,,2021-07-28-presconf.txt,CHAIR POWELL,,,,
,,,,"Chairman Powell, you, you just alluded to the fact that you’re prepared to use your tools to slow the economy down if need be to—if inflation looks like it’s getting out of control.",D,2021-07-28,,2021-07-28-presconf.txt,RICH MILLER,,,,
,,,,"These measures, along with our strong guidance on interest rates and on our balance sheet, will ensure that monetary policy will continue to support the economy until the recovery is complete.",D,2021-09-22,,2021-09-22-presconf.txt,CHAIR POWELL,,,,
,,,,So the test for beginning our taper is that we’ve achieved substantial further progress toward our goals of [2 percent] inflation and maximum employment.,N,2021-09-22,,2021-09-22-presconf.txt,CHAIR POWELL,,,,
,,,,"Right, so the point of the broad and inclusive goal was not to target a particular unemployment rate for any particular group.",N,2021-09-22,,2021-09-22-presconf.txt,CHAIR POWELL,,,,
,,,,"So there are many, many different inflation measures, of course.",N,2021-09-22,,2021-09-22-presconf.txt,CHAIR POWELL,,,,
,,,,"And, you know, it tells a story of inflation expectations moving up.",H,2021-09-22,,2021-09-22-presconf.txt,CHAIR POWELL,,,,
,,,,"This figure understates the shortfall in employment, particularly as participation in the labor market remains subdued.",D,2021-11-03,,2021-11-03-presconf.txt,CHAIR POWELL,,,,
,,,,I wonder if you see that as a positive thing or as a potential start to a wage–price spiral and sort of how you sort of delineate those two things.,N,2021-11-03,,2021-11-03-presconf.txt,JEANNA SMIALEK,,,,
,,,,And kind of a related question: The statement today says you’ll keep policy accommodative until you hit that 2 percent inflation target.,D,2021-11-03,,2021-11-03-presconf.txt,STEVE LIESMAN,,,,
,,,,The inflation that we’re seeing is really not due to a tight labor market.,N,2021-11-03,,2021-11-03-presconf.txt,CHAIR POWELL,,,,
,,,,"We don’t think it’s a good time to raise interest rates, though, because we want to see the labor market heal further.",D,2021-11-03,,2021-11-03-presconf.txt,CHAIR POWELL,,,,
,,,,"So I think there’s room for a whole lot of humility here, as we try to think about what maximum employment would be.",N,2021-11-03,,2021-11-03-presconf.txt,CHAIR POWELL,,,,
,,,,"This is an economy where demand is very, very strong, very strong, and job openings substantially exceed the number of unemployed people.",D,2021-11-03,,2021-11-03-presconf.txt,CHAIR POWELL,,,,
,,,,"As shown in our Summary of Economic Projections (SEP), the median projection for real GDP growth stands at 5.5 percent this year and 4 percent next year.",D,2021-12-15,,2021-12-15-presconf.txt,CHAIR POWELL,,,,
,,,,"Chair Powell, I’m curious exactly how much distance you think there should be between the end of the taper and the first interest rate increase.",D,2021-12-15,,2021-12-15-presconf.txt,COLBY SMITH,,,,
,,,,"Inflation is running well above target, and growth is well above potential.",H,2021-12-15,,2021-12-15-presconf.txt,CHAIR POWELL,,,,
,,,,"More recently, you have hinted at a possible distinction between the level of maximum employment that’s achievable in the short run versus in the long run.",N,2021-12-15,,2021-12-15-presconf.txt,NICK TIMIRAOS,,,,
,,,,"So I would say: Look, we’re, we’re at 4.2 percent now and it’s been—the unemployment rate has been dropping very quickly.",H,2021-12-15,,2021-12-15-presconf.txt,CHAIR POWELL,,,,
,,,,"And that will depend, you know, on how much it suppresses demand as opposed to suppressing supply.",N,2021-12-15,,2021-12-15-presconf.txt,CHAIR POWELL,,,,
,,,,"So coming to your real question, we got the ECI reading on the eve of the November meeting—it was the Friday before the November meeting—and it was very high, 5.7 percent reading for the employment compensation index for the third quarter, not annualized, for the third quarter, just before the meeting.",N,2021-12-15,,2021-12-15-presconf.txt,CHAIR POWELL,,,,
,,,,"So, you know, the new framework was basically designed, as I understand it, so that there was a de-emphasis on guessing where inflation would pick up because of employment.",H,2021-12-15,,2021-12-15-presconf.txt,VICTORIA GUIDA,,,,
,,,,"You know, that’s a situation where you had a very, very high level of employment and low inflation.",D,2021-12-15,,2021-12-15-presconf.txt,CHAIR POWELL,,,,
,,,,"It does have to do with, with strong demand, and strong demand was supported by the Fed, it was supported by Congress.",D,2021-12-15,,2021-12-15-presconf.txt,CHAIR POWELL,,,,
,,,,The Fed’s monetary policy actions have been guided by our mandate to promote maximum employment and stable prices for the American people.,N,2022-01-26,,2022-01-26-presconf.txt,CHAIR POWELL,,,,
,,,,Our decisions to reduce our balance sheet will be guided by our maximum-employment and price-stability goals.,H,2022-01-26,,2022-01-26-presconf.txt,CHAIR POWELL,,,,
,,,,"There’s a case that, for whatever reason, the economy slows more and inflation slows more than expected; we’ll react to that.",D,2022-01-26,,2022-01-26-presconf.txt,CHAIR POWELL,,,,
,,,,And that’s—we have to be in a position with our monetary policy to address all of the plausible outcomes.,N,2022-01-26,,2022-01-26-presconf.txt,CHAIR POWELL,,,,
,,,,The [increase in] input costs for producer price index for all of 2021 was the highest on record.,H,2022-01-26,,2022-01-26-presconf.txt,EDWARD LAWRENCE,,,,
,,,,"In addition to the direct effects from higher global oil and commodity prices, the invasion and related events may restrain economic activity abroad and further disrupt supply chains—which would create spillovers to the U.S. economy through trade and other channels.",H,2022-03-16,,2022-03-16-presconf.txt,CHAIR POWELL,,,,
,,,,Highly uncertain,N,2022-03-16,,2022-03-16-presconf.txt,CHAIR POWELL,,,,
,,,,"You’re lapping—as you know, when you look at a 12-month trailing window, you’re lapping very high inflation in March, April, May, June of last year.",H,2022-03-16,,2022-03-16-presconf.txt,CHAIR POWELL,,,,
,,,,"You know, I think monetary policy starts to bite on inflation, and on growth, with a lag, of course.",N,2022-03-16,,2022-03-16-presconf.txt,CHAIR POWELL,,,,
,,,,also sustaining a strong labor market.,N,2022-03-16,,2022-03-16-presconf.txt,CHAIR POWELL,,,,
,,,,"financial conditions generally should move to a more normal level so that—because we know the economy no longer needs, or wants, these very highly accommodative, this stance, which, you know, so it’s time to move to a more normal setting of financial conditions, and we do that by moving monetary policy itself to more normal levels.",H,2022-03-16,,2022-03-16-presconf.txt,CHAIR POWELL,,,,
,,,,"we don’t see inflation, then we’re not going to raise rates ’til we actually see inflation.",D,2022-03-16,,2022-03-16-presconf.txt,CHAIR POWELL,,,,
,,,,"So we need to focus on price stability particularly, because the labor market is so strong and the economy is so strong.",N,2022-03-16,,2022-03-16-presconf.txt,CHAIR POWELL,,,,
,,,,"And, you know, we’ve had price stability for a very long time and maybe come to take it for granted.",N,2022-03-16,,2022-03-16-presconf.txt,CHAIR POWELL,,,,
,,,,So it is certainly possible that the unemployment would go down further.,H,2022-05-04,,2022-05-04-presconf.txt,CHAIR POWELL,,,,
,,,,there have been price shocks.,N,2022-05-04,,2022-05-04-presconf.txt,CHAIR POWELL,,,,
,,,,"Now, of course, given events around the world and fading fiscal policy effects and higher rates, you could see some slower economic activity.",H,2022-05-04,,2022-05-04-presconf.txt,CHAIR POWELL,,,,
,,,,"And we look at it as our job, given all the factors that are happening, to try to sustain maximum employment and price stability.",N,2022-05-04,,2022-05-04-presconf.txt,CHAIR POWELL,,,,
,,,,"Well, so, as I mentioned, you can see places where the demand is substantially in excess of supply.",N,2022-05-04,,2022-05-04-presconf.txt,CHAIR POWELL,,,,
,,,,"We’ve had—several of the longest expansions in U.S. history have been in the last 40 years, and that’s because it’s been a time of low inflation.",N,2022-05-04,,2022-05-04-presconf.txt,CHAIR POWELL,,,,
,,,,The Fed’s monetary policy actions are guided by our mandate to promote maximum employment and stable prices for the American people.,N,2022-06-15,,2022-06-15-presconf.txt,CHAIR POWELL,,,,
,,,,"And we have to go back and establish price stability so we can have that kind of labor market, and that’s a labor market where workers are getting wage increases—maybe the workers at the lower end of the spectrum are getting the biggest wage increases, as they were before the pandemic—where participation is high, where there’s lots of job opportunities, where it’s just a really—I mean, the labor market we had before the pandemic was—that’s what we want to get back to.",H,2022-06-15,,2022-06-15-presconf.txt,CHAIR POWELL,,,,
,,,,it tightens policy.,H,2022-06-15,,2022-06-15-presconf.txt,MATTHEW BOESLER,,,,
,,,,We’re trying to achieve 2 percent inflation consistent with a strong labor market.,H,2022-06-15,,2022-06-15-presconf.txt,CHAIR POWELL,,,,
,,,,"So the sentence that we deleted said that we believe that appropriate monetary policy, effectively alone, can bring about the result of 2 percent inflation with a strong labor market.",H,2022-06-15,,2022-06-15-presconf.txt,CHAIR POWELL,,,,
,,,,This inflation happened relatively recently.,N,2022-06-15,,2022-06-15-presconf.txt,CHAIR POWELL,,,,
,,,,"So we have now experienced an extraordinary series of shocks, if you think about it: the pandemic, the response, the reopening, inflation, followed by the war in Ukraine, followed by shutdowns in China—the war in Ukraine potentially having effects for years here.",N,2022-06-15,,2022-06-15-presconf.txt,CHAIR POWELL,,,,
,,,,"Again, if you look around the world at where inflation levels are, it’s absolutely extraordinary.",N,2022-06-15,,2022-06-15-presconf.txt,CHAIR POWELL,,,,
,,,,It is essential that we bring inflation down to our 2 percent goal if we are to have a sustained period of strong labor market conditions that benefit all.,H,2022-07-27,,2022-07-27-presconf.txt,CHAIR POWELL,,,,
,,,,"Over the past three months, employment rose by an average of 375,000 jobs per month—down from the average pace seen earlier in the year, but still robust.",H,2022-07-27,,2022-07-27-presconf.txt,CHAIR POWELL,,,,
,,,,Labor demand is very strong,H,2022-07-27,,2022-07-27-presconf.txt,CHAIR POWELL,,,,
,,,,You’re also seeing tighter monetary policy.,H,2022-07-27,,2022-07-27-presconf.txt,CHAIR POWELL,,,,
,,,,"But if you look at the labor market, you’ve got growth—I think, payroll jobs averaging 450,000 per month.",N,2022-07-27,,2022-07-27-presconf.txt,CHAIR POWELL,,,,
,,,,The unemployment rate at near a 50-year low at 3.6 percent.,N,2022-07-27,,2022-07-27-presconf.txt,CHAIR POWELL,,,,
,,,,"So we like to see market-based, you know, readings of inflation expectations come down.",D,2022-07-27,,2022-07-27-presconf.txt,CHAIR POWELL,,,,
,,,,"You’ll never get inflation to 2 percent.” Some of our critics now who say inflation’s too tight—too high were the same ones who were saying, “You’ll never get to 2 percent.” Well, but anyway, that’s what happened.",N,2022-07-27,,2022-07-27-presconf.txt,CHAIR POWELL,,,,
,,,,"If you talk to people—again, people who are making, you know, wages, relatively low wages— they’re the ones who are suffering the most from inflation.",H,2022-07-27,,2022-07-27-presconf.txt,CHAIR POWELL,,,,
,,,,"The U.S. economy has slowed from the historically high growth rates of 2021, which reflected the reopening of the economy following the pandemic recession.",D,2022-09-21,,2022-09-21-presconf.txt,CHAIR POWELL,,,,
,,,,Recent indicators point to modest growth of spending and production.,D,2022-09-21,,2022-09-21-presconf.txt,CHAIR POWELL,,,,
,,,,"excluding the volatile food and energy categories, core PCE prices rose 4.6 percent.",H,2022-09-21,,2022-09-21-presconf.txt,CHAIR POWELL,,,,
,,,,we assess how our cumulative policy adjustments are affecting the economy and inflation.,N,2022-09-21,,2022-09-21-presconf.txt,CHAIR POWELL,,,,
,,,,"So, of course, monetary policy does, famously, work with long and variable lags.",N,2022-09-21,,2022-09-21-presconf.txt,CHAIR POWELL,,,,
,,,,"Nonetheless, we’re committed to getting inflation back down to 2 percent—because we think that a failure to restore price stability would mean far greater pain later on.",H,2022-09-21,,2022-09-21-presconf.txt,CHAIR POWELL,,,,
,,,,"If that’s the one thing you know, you know that this Committee is committed to getting to a meaningfully restrictive stance of policy and staying there until we feel confident that inflation is coming down.",H,2022-09-21,,2022-09-21-presconf.txt,CHAIR POWELL,,,,
,,,,"But there are—the sectors of the economy that are most interest rate sensitive are certainly showing the effects of our tightening, and, of course, the obvious example is housing, where you see declining activity of all different kinds and house price increases moving down.",H,2022-09-21,,2022-09-21-presconf.txt,CHAIR POWELL,,,,
,,,,"Existing home sales have fallen for seven months straight, mortgage rates are at their highest level since 2008, yet mortgage demand increased this week, and housing prices are still elevated.",H,2022-09-21,,2022-09-21-presconf.txt,NICOLE GOODKIND,,,,
,,,,"Growth in consumer spending has slowed from last year’s rapid pace, in part reflecting lower real disposable income and tighter financial conditions.",D,2022-11-02,,2022-11-02-presconf.txt,CHAIR POWELL,,,,
,,,,Reducing inflation is likely to require a sustained period of below-trend growth and some softening of labor market conditions.,D,2022-11-02,,2022-11-02-presconf.txt,CHAIR POWELL,,,,
,,,,"Shorter-term inflation expectations moved up between the last meeting and this meeting, and we don’t think those are as indicative, but they may be important in the wage-setting process.",H,2022-11-02,,2022-11-02-presconf.txt,CHAIR POWELL,,,,
,,,,"So we go into this with a strong labor market and excess demand in the labor market, as you can see through many different things, and also with households who have strong spending power built up.",N,2022-11-02,,2022-11-02-presconf.txt,CHAIR POWELL,,,,
,,,,"You know, I would say housing was—the housing market was very overheated for the couple of years after the pandemic as demand increased and rates were low.",D,2022-11-02,,2022-11-02-presconf.txt,CHAIR POWELL,,,,
,,,,"We all know the stories of how overheated the housing market was, prices going up.",H,2022-11-02,,2022-11-02-presconf.txt,CHAIR POWELL,,,,
,,,,"On the other hand, if you make the mistake in the other direction and you let this drag on, then it’s a year or two down the road, and you’re realizing, inflation behaving the way it can, you’re realizing you didn’t actually get it, you have to go back in.",N,2022-11-02,,2022-11-02-presconf.txt,CHAIR POWELL,,,,
,,,,"What we would expect by now to have seen is that as the—really, as the supply-side problems have resolved themselves, we would have expected goods inflation to come down by now, long since by now.",H,2022-11-02,,2022-11-02-presconf.txt,CHAIR POWELL,,,,
,,,,I will have more to say about today’s monetary policy actions after briefly reviewing economic developments.,N,2022-12-14,,2022-12-14-presconf.txt,CHAIR POWELL,,,,
,,,,Recent indicators point to modest growth of spending and production this quarter.,N,2022-12-14,,2022-12-14-presconf.txt,CHAIR POWELL,,,,
,,,,"Obviously, if data—if the inflation data come in worse, that could move up.",N,2022-12-14,,2022-12-14-presconf.txt,CHAIR POWELL,,,,
,,,,And we start to see goods inflation coming down.,D,2022-12-14,,2022-12-14-presconf.txt,CHAIR POWELL,,,,
,,,,"Vacancies are quite elevated, and, really, there’s an imbalance in the labor market between supply and demand.",N,2022-12-14,,2022-12-14-presconf.txt,CHAIR POWELL,,,,
,,,,I would say that many analysts believe that the natural rate of unemployment is actually elevated at this moment.,D,2022-12-14,,2022-12-14-presconf.txt,CHAIR POWELL,,,,
,,,,"I’m wondering if you see that as disinflationary because you’re seeing supply chains improve or inflationary because it obviously brings a lot more demand globally, improves the global outlook for growth and for commodities prices.",D,2022-12-14,,2022-12-14-presconf.txt,STEVE MATTHEWS,,,,
,,,,"What we’re doing now is, you know, it’s raising interest rates for people.",H,2022-12-14,,2022-12-14-presconf.txt,CHAIR POWELL,,,,
,,,,"So price stability is something that really pays dividends for the benefit of the economy and the people in it over a very, very long period of time.",N,2022-12-14,,2022-12-14-presconf.txt,CHAIR POWELL,,,,
,,,,"excluding the volatile food and energy categories, core PCE prices rose 4.4 percent.",H,2023-02-01,,2023-02-01-presconf.txt,CHAIR POWELL,,,,
,,,,"And so far, we’ve got—as I mentioned, in goods, we have inflation moving down without the softening in the labor market.",D,2023-02-01,,2023-02-01-presconf.txt,CHAIR POWELL,,,,
,,,,My base case is that the economy can return to 2 percent inflation without a really significant downturn or a really big increase in unemployment.,N,2023-02-01,,2023-02-01-presconf.txt,CHAIR POWELL,,,,
,,,,"And, you know, our job is to deliver inflation back to target, and we will do that.",N,2023-02-01,,2023-02-01-presconf.txt,CHAIR POWELL,,,,
,,,,It’s just—it’s the early stages of disinflation.,D,2023-02-01,,2023-02-01-presconf.txt,CHAIR POWELL,,,,
,,,,"I mean, with our monetary policy, we’re, we’re really focused on macroeconomic outcomes.",N,2023-03-22,,2023-03-22-presconf.txt,CHAIR POWELL,,,,
,,,,"I will say that the inflation data that we got, to your point, really pointed to stronger inflation.",H,2023-03-22,,2023-03-22-presconf.txt,CHAIR POWELL,,,,
,,,,"There’s a great deal of literature on the connection between tighter credit conditions, economic activity, hiring, and inflation.",N,2023-03-22,,2023-03-22-presconf.txt,CHAIR POWELL,,,,
,,,,"So, at a basic level, Silicon Valley Bank management failed badly—they grew the bank very quickly, they exposed the bank to significant liquidity risk and interest rate risk, didn’t hedge that risk.",N,2023-03-22,,2023-03-22-presconf.txt,CHAIR POWELL,,,,
,,,,"Four of the five longest, or three of the four longest expansions in U.S. history have been really since the high-inflation period.",H,2023-03-22,,2023-03-22-presconf.txt,CHAIR POWELL,,,,
,,,,"From the perspective of monetary policy, our focus remains squarely on our dual mandate to promote maximum employment and stable prices for the American people.",N,2023-05-03,,2023-05-03-presconf.txt,CHAIR POWELL,,,,
,,,,"Since early last year, we have raised interest rates by a total of 5 percentage points in order to attain a stance of monetary policy that is sufficiently restrictive to return inflation to 2 percent over time.",H,2023-05-03,,2023-05-03-presconf.txt,CHAIR POWELL,,,,
,,,,"The unemployment rate remained very low in March, at 3.5 percent.",H,2023-05-03,,2023-05-03-presconf.txt,CHAIR POWELL,,,,
,,,,"The Fed’s monetary policy actions are guided by, by our mandate to promote maximum employment and stable prices for the American people.",N,2023-05-03,,2023-05-03-presconf.txt,CHAIR POWELL,,,,
,,,,"With today’s action, we have raised interest rates by 5 percentage points in a little more than a year.",H,2023-05-03,,2023-05-03-presconf.txt,CHAIR POWELL,,,,
,,,,We remain committed to bringing inflation back down to our 2 percent goal and to keep longer-term inflation expectations well anchored.,H,2023-05-03,,2023-05-03-presconf.txt,CHAIR POWELL,,,,
,,,,We’ve seen inflation come down—move back up two or three times since March of 2021.,D,2023-05-03,,2023-05-03-presconf.txt,CHAIR POWELL,,,,
,,,,"But the labor market is very, very strong, whereas inflation is, you know, running high—well above our—well above our goal.",H,2023-05-03,,2023-05-03-presconf.txt,CHAIR POWELL,,,,
,,,,"But it just seems that, to me, that it’s possible that we can continue to have a cooling in the labor market without having the big increases in unemployment that have gone with many, you know, prior episodes.",N,2023-05-03,,2023-05-03-presconf.txt,CHAIR POWELL,,,,
,,,,"So to get, I, I think—as goods pipelines have, have gotten, you know, back to normal so that we don’t have the long waits and the shortages and that kind of thing—I think you will see inflation come down.",D,2023-05-03,,2023-05-03-presconf.txt,CHAIR POWELL,,,,
,,,,Markets have priced in rate cuts by the end of the year.,D,2023-05-03,,2023-05-03-presconf.txt,MICHAEL MCKEE,,,,
,,,,Price stability is the responsibility of the Federal Reserve.,N,2023-06-14,,2023-06-14-presconf.txt,CHAIR POWELL,,,,
,,,,Higher interest rates and slower output growth also appear to be weighing on business fixed investment.,D,2023-06-14,,2023-06-14-presconf.txt,CHAIR POWELL,,,,
,,,,"Nonetheless, inflation pressures continue to run high, and the process of getting inflation back down to 2 percent has a long way to go.",H,2023-06-14,,2023-06-14-presconf.txt,CHAIR POWELL,,,,
,,,,"If the economy does not evolve as projected, the path for policy will adjust as appropriate to foster our maximumemployment and price-stability goals.",D,2023-06-14,,2023-06-14-presconf.txt,CHAIR POWELL,,,,
,,,,"they’ve felt the drag of the past Fed actions, have started to recover in some regions, and financial conditions, you know, most recently were easing.",N,2023-06-14,,2023-06-14-presconf.txt,COLBY SMITH,,,,
,,,,"I would almost say that the, the conditions that we need to see in place to get inflation down are, are coming into place.",D,2023-06-14,,2023-06-14-presconf.txt,CHAIR POWELL,,,,
,,,,"I continue to think—and this really hasn’t changed—that there is a path to getting inflation back down to 2 percent without having to see the kind of sharp downturn and, and large losses of employment that we’ve seen in so many past instances.",D,2023-06-14,,2023-06-14-presconf.txt,CHAIR POWELL,,,,
,,,,"People on a fixed income are hurt the worst, and the fastest, by high inflation.",H,2023-06-14,,2023-06-14-presconf.txt,CHAIR POWELL,,,,
,,,,"Nonetheless, the process of getting inflation back down to 2 percent has a long way to go.",N,2023-07-26,,2023-07-26-presconf.txt,CHAIR POWELL,,,,
,,,,"It will take time, however, for the full effects of our ongoing monetary restraint to be realized, especially on inflation.",H,2023-07-26,,2023-07-26-presconf.txt,CHAIR POWELL,,,,
,,,,"I mentioned that the inflation report was actually a little better than expected, but, you know, we’re, we’re going to be careful about taking too much signal from, from a single reading.",N,2023-07-26,,2023-07-26-presconf.txt,CHAIR POWELL,,,,
,,,,We’ll be looking at the growth data.,N,2023-07-26,,2023-07-26-presconf.txt,CHAIR POWELL,,,,
,,,,"But, you know, we, we need to see that inflation is durably down that far, you know.",D,2023-07-26,,2023-07-26-presconf.txt,CHAIR POWELL,,,,
,,,,"So it is—it is a very positive thing that, actually, the unemployment rate is the same as it was when we lifted off in March of ’22, at 3.6 percent.",N,2023-07-26,,2023-07-26-presconf.txt,CHAIR POWELL,,,,
,,,,"It’s not that we’re aiming to, to raise unemployment",D,2023-07-26,,2023-07-26-presconf.txt,CHAIR POWELL,,,,
,,,,They’re still at levels what would—that would be consistent over a long period of time with 2 percent inflation.,N,2023-07-26,,2023-07-26-presconf.txt,CHAIR POWELL,,,,
,,,,"So it’s, it has been my view consistently that we do have a shot, and my base case is that we will be able to achieve inflation moving back down to our target without the kind of really significant downturn that results in high levels of job losses that we’ve seen in some past—in some past instances, many past instances of tightening that look like ours.",D,2023-07-26,,2023-07-26-presconf.txt,CHAIR POWELL,,,,
,,,,So the idea that we would keep hiking until inflation gets to 2 percent—it would be a prescription [for a policy] of going way past the target.,N,2023-07-26,,2023-07-26-presconf.txt,CHAIR POWELL,,,,
,,,,"Well, you know, we have a job assigned to us by Congress to get inflation under control.",N,2023-07-26,,2023-07-26-presconf.txt,CHAIR POWELL,,,,
,,,,Even middle-class people have some resources and can absorb inflation.,N,2023-07-26,,2023-07-26-presconf.txt,CHAIR POWELL,,,,
,,,,"And, you know, really, the active tool of monetary policy is rates.",N,2023-07-26,,2023-07-26-presconf.txt,CHAIR POWELL,,,,
,,,,"Inflation has moderated somewhat since the middle of last year, and longer-term inflation expectations appear to remain well anchored, as reflected in a broad range of surveys of households, businesses, and forecasters, as well as measures from financial markets.",N,2023-09-20,,2023-09-20-presconf.txt,CHAIR POWELL,,,,
,,,,"These projections, of course, are not a Committee decision or plan; if the economy does not evolve as projected, the path of policy will adjust as appropriate to foster our maximum-employment and price-stability goals.",D,2023-09-20,,2023-09-20-presconf.txt,CHAIR POWELL,,,,
,,,,We at the Fed will do everything we can to achieve our maximum-employment and price-stability goals.,N,2023-09-20,,2023-09-20-presconf.txt,CHAIR POWELL,,,,
,,,,"Headline inflation, of course, has come way down, largely due to lower energy prices, some of which is now reversing.",D,2023-09-20,,2023-09-20-presconf.txt,CHAIR POWELL,,,,
,,,,"So on the supply point—of course, supply is very important over time in, in setting house prices and, and, for that matter, rents.",N,2023-09-20,,2023-09-20-presconf.txt,CHAIR POWELL,,,,
,,,,"Today, we decided to leave our policy interest rate unchanged and to continue to reduce our securities holdings.",D,2023-11-01,,2023-11-01-presconf.txt,CHAIR POWELL,,,,
,,,,I’ll have more to say about monetary policy after briefly reviewing economic developments.,N,2023-11-01,,2023-11-01-presconf.txt,CHAIR POWELL,,,,
,,,,Recent indicators suggest that economic activity has been expanding at a strong pace and well above earlier expectations.,H,2023-11-01,,2023-11-01-presconf.txt,CHAIR POWELL,,,,
,,,,The process of getting inflation sustainably down to 2 percent has a long way to go.,H,2023-11-01,,2023-11-01-presconf.txt,CHAIR POWELL,,,,
,,,,"Because persistent changes in financial conditions can have implications for the path of monetary policy, we monitor financial developments closely.",N,2023-11-01,,2023-11-01-presconf.txt,CHAIR POWELL,,,,
,,,,"As for the Committee, we are committed to achieving a stance of monetary policy that’s sufficiently restrictive to bring inflation down to 2 percent over time, and we’re not confident yet that we have achieved such a stance.",H,2023-11-01,,2023-11-01-presconf.txt,CHAIR POWELL,,,,
,,,,"also from other sources, like the stronger dollar and lower equity prices—could matter for future rate decisions, as long as two conditions are satisfied.",D,2023-11-01,,2023-11-01-presconf.txt,CHAIR POWELL,,,,
,,,,"You know, what you hear—and it’s consistent there—which is people are really suffering under high inflation.",H,2023-11-01,,2023-11-01-presconf.txt,CHAIR POWELL,,,,
,,,,And the same is true of growth.,N,2023-11-01,,2023-11-01-presconf.txt,CHAIR POWELL,,,,
,,,,"It is still likely to be true—not a certainty—but likely that we will need to see some slower growth and some softening in the labor market—in labor market conditions to get, you know, to fully restore price stability.",H,2023-11-01,,2023-11-01-presconf.txt,CHAIR POWELL,,,,
,,,,"People think trend growth over a long period of time is a little bit less than 2 percent, or I would say just around 2 percent.",N,2023-11-01,,2023-11-01-presconf.txt,CHAIR POWELL,,,,
,,,,There’s catch-up growth that can happen in potential.,N,2023-11-01,,2023-11-01-presconf.txt,CHAIR POWELL,,,,
,,,,Monetary policy is restrictive.,H,2023-11-01,,2023-11-01-presconf.txt,CHAIR POWELL,,,,
,,,,The price of oil has really not reacted very much so far to this.,N,2023-11-01,,2023-11-01-presconf.txt,CHAIR POWELL,,,,
,,,,"Fed Governor Chris Waller said that if inflation continues to fall, then the Fed in the next several months could be cutting interest rates.",D,2023-12-13,,2023-12-13-presconf.txt,STEVE LIESMAN,,,,
,,,,"For 2023 as a whole, GDP expanded at 3.1 percent, bolstered by strong consumer demand as well as improving supply conditions.",H,2024-01-31,,2024-01-31-presconf.txt,CHAIR POWELL,,,,
,,,,"The labor market remains tight, but supply and demand conditions continue to come into better balance.",N,2024-01-31,,2024-01-31-presconf.txt,CHAIR POWELL,,,,
,,,,"I think, at this point, we want to see strong growth.",D,2024-01-31,,2024-01-31-presconf.txt,CHAIR POWELL,,,,
,,,,One was the risk of a wage– price spiral.,N,2024-01-31,,2024-01-31-presconf.txt,NICK TIMIRAOS,,,,
,,,,This morning’s ECI report for the fourth quarter shows private-sector payroll growth running at a sub–4 percent pace.,N,2024-01-31,,2024-01-31-presconf.txt,NICK TIMIRAOS,,,,
,,,,Inflation expectations are very close to where they were before the inflation emergency of the last three years.,N,2024-01-31,,2024-01-31-presconf.txt,NICK TIMIRAOS,,,,
,,,,"So, if I—if I could follow up on that, the statement allows that you want greater confidence on inflation falling before you cut",D,2024-01-31,,2024-01-31-presconf.txt,HOWARD SCHNEIDER,,,,
,,,,"Inflation is still—you know, core inflation is still well above target on a 12-month basis.",H,2024-01-31,,2024-01-31-presconf.txt,CHAIR POWELL,,,,
,,,,"And you mentioned below–2 percent inflation for—on a three-month basis, core PCE has been running at 1½ percent.",D,2024-01-31,,2024-01-31-presconf.txt,MICHAEL MCKEE,,,,
,,,,"You know, you’ve mentioned multiple times about, you know, the level of wage growth that’s consistent with 2 percent inflation.",N,2024-01-31,,2024-01-31-presconf.txt,VICTORIA GUIDA,,,,
,,,,"But, you know, where it comes into play very specifically in our work is inflation, which is a combination.",N,2024-01-31,,2024-01-31-presconf.txt,CHAIR POWELL,,,,
,,,,"Price stability is absolutely essential for people’s lives, most importantly for—well, not most importantly—most, mostly for people at the lower end of the income spectrum who are living at the edges—at the margins.",N,2024-01-31,,2024-01-31-presconf.txt,CHAIR POWELL,,,,
,,,,"As you mentioned, core PCE [inflation] has been running at 1.9 percent over the past six months.",D,2024-01-31,,2024-01-31-presconf.txt,JENNIFER SCHONBERGER,,,,
,,,,"the labor market has remained strong, and that is very good news.",H,2024-03-20,,2024-03-20-presconf.txt,CHAIR POWELL,,,,
,,,,Restoring price stability is essential to achieve a sustainably strong labor market that benefits all.,H,2024-03-20,,2024-03-20-presconf.txt,CHAIR POWELL,,,,
,,,,"At the same time, reducing policy restraint too late or too little could unduly weaken economic activity and employment.",D,2024-03-20,,2024-03-20-presconf.txt,CHAIR POWELL,,,,
,,,,"We, at the Fed, will do everything we can to achieve our maximum-employment and price-stability goals.",N,2024-03-20,,2024-03-20-presconf.txt,CHAIR POWELL,,,,
,,,,"Obviously, inflation is some ways away from target.",N,2024-03-20,,2024-03-20-presconf.txt,SIMON RABINOVITCH,,,,
,,,,Inflation has eased substantially over the past year,D,2024-05-01,,2024-05-01-presconf.txt,CHAIR POWELL,,,,
,,,,Restoring price stability is essential to achieve a sustainably strong labor market that benefits all.,H,2024-05-01,,2024-05-01-presconf.txt,CHAIR POWELL,,,,
,,,,"The economic outlook is uncertain, however, and we remain highly attentive to inflation risks.",N,2024-05-01,,2024-05-01-presconf.txt,CHAIR POWELL,,,,
,,,,"That’s, that’s demand cooling.",N,2024-05-01,,2024-05-01-presconf.txt,CHAIR POWELL,,,,
,,,,"And those would be—two of those paths would be that we do gain greater confidence, as we’ve said, that inflation is moving sustainably down to 2 percent, and another path could be, you know, an unexpected weakening in the labor market, for example.",D,2024-05-01,,2024-05-01-presconf.txt,CHAIR POWELL,,,,
,,,,"And, you know, that’s appropriate, given what inflation has done in the first quarter.",N,2024-05-01,,2024-05-01-presconf.txt,CHAIR POWELL,,,,
,,,,So I just want to be careful that we don’t target wage growth or the labor market.,N,2024-05-01,,2024-05-01-presconf.txt,CHAIR POWELL,,,,
,,,,"I mean, the question is, will productivity run—there are two questions.",N,2024-05-01,,2024-05-01-presconf.txt,CHAIR POWELL,,,,
,,,,"If you’re a person who’s living paycheck to paycheck, and suddenly all the things you buy—the fundamentals of life—go up in price, you, you are in trouble right away.",N,2024-05-01,,2024-05-01-presconf.txt,CHAIR POWELL,,,,
,,,,I’ll have more to say about monetary policy after briefly reviewing economic developments.,N,2024-06-12,,2024-06-12-presconf.txt,CHAIR POWELL,,,,
,,,,"Longer-term inflation expectations appear to remain well anchored, as reflected in a broad range of surveys of households and businesses and forecasters, as well as measures from financial markets.",N,2024-06-12,,2024-06-12-presconf.txt,CHAIR POWELL,,,,
,,,,And we’ve seen it gradually move back into much better balance between supply and demand.,N,2024-06-12,,2024-06-12-presconf.txt,CHAIR POWELL,,,,
,,,,it doesn’t seem like there’s a lot of inflationary pressure left in this economy—and wonder if you could tell us more about that.,H,2024-06-12,,2024-06-12-presconf.txt,CHRISTOPHER RUGABER,,,,
,,,,"We, we haven’t thought of wages as being the principal, you know, cause of inflation.",H,2024-06-12,,2024-06-12-presconf.txt,CHAIR POWELL,,,,
,,,,"But at the same time, getting back to 2 percent inflation is likely to require a return to a more sustainable level, which is somewhat below the current level of increases in the aggregate.",H,2024-06-12,,2024-06-12-presconf.txt,CHAIR POWELL,,,,
,,,,"We—inflation has come down really significantly, and we’re doing everything we can to—you know, to bring that inflationary episode fully to a halt and fully restore price stability.",D,2024-06-12,,2024-06-12-presconf.txt,CHAIR POWELL,,,,
,,,,"And in the meantime, you know, it’s going to be painful for, for people, but the ultimate pain would be a, a period of long, high—a long period of high inflation.",H,2024-06-12,,2024-06-12-presconf.txt,CHAIR POWELL,,,,
,,,,Inflation has eased substantially from a peak of 7 percent to 2.5 percent.,D,2024-07-31,,2024-07-31-presconf.txt,CHAIR POWELL,,,,
,,,,"As the labor market has cooled and inflation has declined, the risks to achieving our employment and inflation goals continue to move into better balance.",D,2024-07-31,,2024-07-31-presconf.txt,CHAIR POWELL,,,,
,,,,"As the economy evolves, monetary policy will adjust in order to best promote our maximum-employment and price-stability goals.",D,2024-07-31,,2024-07-31-presconf.txt,CHAIR POWELL,,,,
,,,,Restoring price stability is essential to achieving maximum employment and stable prices over the longer run.,H,2024-07-31,,2024-07-31-presconf.txt,CHAIR POWELL,,,,
,,,,"Chair Powell, you’ve said before that you wouldn’t wait until inflation got to 2 percent to cut rates because of how inflation has lagged.",D,2024-07-31,,2024-07-31-presconf.txt,NICK TIMIRAOS,,,,
,,,,"The labor market, maximum employment is one, and stable prices is another.",N,2024-07-31,,2024-07-31-presconf.txt,CHAIR POWELL,,,,
,,,,"If that’s what it is, then that actually implies that, that other months were underreporting too low inflation.",D,2024-07-31,,2024-07-31-presconf.txt,CHAIR POWELL,,,,
,,,,"We’ve been—you know, we, we had seven months of good inflation data at the end of last year.",N,2024-07-31,,2024-07-31-presconf.txt,CHAIR POWELL,,,,
,,,,"So if you take a step back, the current situation, again, is inflation has come down much closer to our goal, and that’s happened",N,2024-07-31,,2024-07-31-presconf.txt,CHAIR POWELL,,,,
,,,,"I think people have understood for a long time, actually, that we were very focused on bringing down inflation.",D,2024-07-31,,2024-07-31-presconf.txt,CHAIR POWELL,,,,
,,,,"GDP rose at an annual rate of 2.2 percent in the first half of the year, and available data point to a roughly similar pace of growth this quarter.",N,2024-09-18,,2024-09-18-presconf.txt,CHAIR POWELL,,,,
,,,,"You’re pricing in, basically by the end of next year, 200 basis points of cuts just to maintain a higher unemployment rate.",D,2024-09-18,,2024-09-18-presconf.txt,MICHAEL MCKEE,,,,
,,,,"inflation has come down, I think we’re now in a very good position to manage the risks to both of our goals.",D,2024-09-18,,2024-09-18-presconf.txt,CHAIR POWELL,,,,
,,,,"So housing inflation is the—is the one piece that is kind of dragging a bit, if I can say.",H,2024-09-18,,2024-09-18-presconf.txt,CHAIR POWELL,,,,
,,,,"Longer-term inflation expectations appear to remain well anchored, as reflected in a broad range of surveys of households, businesses, and forecasters, as well as measures from financial markets.",N,2024-11-07,,2024-11-07-presconf.txt,CHAIR POWELL,,,,
,,,,"We therefore don’t know what the effects on the economy would be—specifically, whether and to what extent those policies would matter for the achievement of our goal variables: maximum employment and price stability.",N,2024-11-07,,2024-11-07-presconf.txt,CHAIR POWELL,,,,
,,,,"And then, as of the Fed’s economic projections in September, you, you had written down four quarter-point interest rate cuts in 2025.",D,2024-11-07,,2024-11-07-presconf.txt,JEANNA SMIALEK,,,,
,,,,It’s not really reflecting current inflationary pressures,H,2024-11-07,,2024-11-07-presconf.txt,CHAIR POWELL,,,,
,,,,"It’s actually remarkable how well the U.S. economy has been performing with, you know, strong growth, a strong labor market, inflation coming down.",H,2024-11-07,,2024-11-07-presconf.txt,CHAIR POWELL,,,,
,,,,"But you’re right to say we watch that very carefully, and we will not allow inflation expectations to drift upward.",H,2024-11-07,,2024-11-07-presconf.txt,CHAIR POWELL,,,,
,,,,"We remain committed to supporting maximum employment, bringing inflation sustainably to our 2 percent goal, and keeping longer-term inflation expectations well anchored.",H,2024-12-18,,2024-12-18-presconf.txt,CHAIR POWELL,,,,
,,,,"Inflation, we see that story as still broadly on track, and, and I’ll tell you why.",N,2024-12-18,,2024-12-18-presconf.txt,CHAIR POWELL,,,,
,,,,"it has now come down substantially and it is making progress, slower than hoped.",D,2024-12-18,,2024-12-18-presconf.txt,CHAIR POWELL,,,,
,,,,"Again, not something we need to see to get 2 percent inflation.",N,2024-12-18,,2024-12-18-presconf.txt,CHAIR POWELL,,,,
,,,,"You know, job creations are, are meaningfully positive; wages are, you know, if anything, a little, still a bit above what would be sustainable if productivity were to revert to its longer-run trend.",N,2024-12-18,,2024-12-18-presconf.txt,CHAIR POWELL,,,,
,,,,"We, we’ve managed to, to have the unemployment rate remain essentially at its longer-run natural rate",N,2024-12-18,,2024-12-18-presconf.txt,CHAIR POWELL,,,,
,,,,"they experience inflation, and that includes food and energy costs.",H,2024-12-18,,2024-12-18-presconf.txt,CHAIR POWELL,,,,
,,,,"The single thing that you would look to is the price of oil, given that we’re talking about the Middle East and Ukraine, and, you know, and—but that, that is a good summary statistic for the kind of thing that could go wrong in, in, with global turmoil.",N,2024-12-18,,2024-12-18-presconf.txt,CHAIR POWELL,,,,
,,,,"In support of our goals, today the Federal Open Market Committee decided to leave our policy interest rate unchanged and to continue to reduce our securities holdings.",D,2025-01-29,,2025-01-29-presconf.txt,CHAIR POWELL,,,,
,,,,"Again, we’re not going to overinterpret two good or two bad readings, but this was not meant to send a signal other than this: You know, you, you can take away from all of this that we remain committed to achieving our 2 percent inflation goal sustainably.",N,2025-01-29,,2025-01-29-presconf.txt,CHAIR POWELL,,,,
,,,,"Generally, it, it propagates through the whole family of asset prices, including interest rates.",N,2025-01-29,,2025-01-29-presconf.txt,CHAIR POWELL,,,,
,,,,"it’s the price level, because inflation has raised prices.",H,2025-01-29,,2025-01-29-presconf.txt,CHAIR POWELL,,,,
,,,,"Inflation is now closer—much closer to target, but people are really feeling that.",N,2025-01-29,,2025-01-29-presconf.txt,CHAIR POWELL,,,,
,,,,"Inflation’s come down to, to now the, you know—the headline inflation number was 2.6 [percent], and that’s what the public experiences.",D,2025-01-29,,2025-01-29-presconf.txt,CHAIR POWELL,,,,
,,,,"In your five-year review, you said the, the 2 percent inflation target won’t be on the table.",H,2025-01-29,,2025-01-29-presconf.txt,SCOTT HORSLEY,,,,
,,,,Inflation has eased significantly over the past two years but remains somewhat elevated relative to our 2 percent longer-run goal.,D,2025-03-19,,2025-03-19-presconf.txt,CHAIR POWELL,,,,
,,,,"So two things on sort of the real side here, one inflation and then—and then GDP.",N,2025-03-19,,2025-03-19-presconf.txt,HOWARD SCHNEIDER,,,,
,,,,"We’ve got unemployment, you know, pretty close to its natural level.",N,2025-03-19,,2025-03-19-presconf.txt,CHAIR POWELL,,,,
,,,,You said transitory price increases from tariffs are the base case—transitory is the base case.,H,2025-03-19,,2025-03-19-presconf.txt,CRAIG TORRES,,,,
,,,,"What it can and must do is ensure that higher prices do not lead to ongoing inflation.” I wonder if that kind of reflects your own sense of prioritization, faced with higher prices and weaker growth—that the idea is, you have to take care of inflation.",H,2025-03-19,,2025-03-19-presconf.txt,STEVE LIESMAN,,,,
,,,,"But it’s a—that’s another case where I think it’s going to be very, very challenging to unpack the inflation that we see over the course of this year and be able to say with confidence how much of that came from inflation and how much of it—sorry, from tariffs—and how much of it didn’t.",H,2025-03-19,,2025-03-19-presconf.txt,CHAIR POWELL,,,,
,,,,It’s not that inflation’s really high.,N,2025-03-19,,2025-03-19-presconf.txt,CHAIR POWELL,,,,
,,,,"There were also times when private-sector job growth has been moving, moving in a healthy frame—and they’re all—they’re all jobs",N,2025-03-19,,2025-03-19-presconf.txt,CHAIR POWELL,,,,
,,,,"Well, fortunately, we’re in a situation where we have seen inflation move down from, you know, higher levels to pretty close to 2 percent",D,2025-03-19,,2025-03-19-presconf.txt,CHAIR POWELL,,,,
,,,,"You know, inflation—underlying inflation is, is, you know, still running in the 2s, with probably a little bit of a pickup associated with tariffs.",D,2025-03-19,,2025-03-19-presconf.txt,CHAIR POWELL,,,,
,,,,"Overall, a wide set of indicators suggests that conditions in the labor market are broadly in balance and consistent with maximum employment.",N,2025-05-07,,2025-05-07-presconf.txt,CHAIR POWELL,,,,
,,,,Our monetary policy actions are guided by our dual mandate to promote maximum employment and stable prices for the American people.,D,2025-05-07,,2025-05-07-presconf.txt,CHAIR POWELL,,,,
,,,,"If the large increases in tariffs that have been announced are sustained, they are likely to generate a rise in inflation, a slowdown in economic growth, and an increase in unemployment.",D,2025-05-07,,2025-05-07-presconf.txt,CHAIR POWELL,,,,
,,,,"At this meeting, the Committee continued its discussions as part of our five-year review of our monetary policy framework.",N,2025-05-07,,2025-05-07-presconf.txt,CHAIR POWELL,,,,
,,,,"Until we know more about how this is going to settle out and what the economic implications are for employment, for—and for, for inflation, I couldn’t confidently say that I know what the appropriate path will be.",N,2025-05-07,,2025-05-07-presconf.txt,CHAIR POWELL,,,,
,,,,Many of your colleagues have said they feel growth is slowing.,D,2025-05-07,,2025-05-07-presconf.txt,HOWARD SCHNEIDER,,,,
,,,,"The unemployment rate then was 4.2 percent, which is what it is now.",N,2025-05-07,,2025-05-07-presconf.txt,ANDREW ACKERMAN,,,,
,,,,"I’ll just say, we’ve got—we have to now be looking at both variables and which of them is, is, you know, demanding—if one of them is demanding our focus more than the other, that would tell us what to do with policy.",N,2025-05-07,,2025-05-07-presconf.txt,CHAIR POWELL,,,,
,,,,So the impact of the imported inflation may delay.,N,2025-05-07,,2025-05-07-presconf.txt,KOSUKE TAKAMI,,,,
,,,,Inflation is low.,D,2025-05-07,,2025-05-07-presconf.txt,CHAIR POWELL,,,,
,,,,Inflation has come down a great deal but has been running somewhat above our 2 percent longerrun objective.,D,2025-06-18,,2025-06-18-presconf.txt,CHAIR POWELL,,,,
,,,,We believe that the current stance of monetary policy leaves us well positioned to respond in a timely way to potential economic developments.,N,2025-06-18,,2025-06-18-presconf.txt,CHAIR POWELL,,,,
,,,,Inflation has come down.,D,2025-06-18,,2025-06-18-presconf.txt,CHAIR POWELL,,,,
,,,,Recent indicators suggest that growth of economic activity has moderated.,N,2025-07-30,,2025-07-30-presconf.txt,CHAIR POWELL,,,,
,,,,Our obligation is to keep longer-term inflation expectations well anchored and to prevent a one-time increase in the price level from becoming an ongoing inflation problem.,N,2025-07-30,,2025-07-30-presconf.txt,CHAIR POWELL,,,,
,,,,We focused on potential revisions to our Statement on Longer-Run Goals and Monetary Policy Strategy and are on track to wrap up any modifications by late summer.,N,2025-07-30,,2025-07-30-presconf.txt,CHAIR POWELL,,,,
,,,,"As I mentioned, you know, the, the—sort of the majority of the Committee was of the view that inflation’s a bit above target, maximum employment is at target.",N,2025-07-30,,2025-07-30-presconf.txt,CHAIR POWELL,,,,
,,,,"We will, through our tools, make sure that this does not move from being a one-time price increase to serious inflation.",H,2025-07-30,,2025-07-30-presconf.txt,CHAIR POWELL,,,,
,,,,"But in the end, there should be no doubt that we will do what we need to do to keep inflation under control.",N,2025-07-30,,2025-07-30-presconf.txt,CHAIR POWELL,,,,
,,,,"I mean, what we see now is basically the very beginnings of whatever the effects turn out to be on goods inflation.",H,2025-07-30,,2025-07-30-presconf.txt,CHAIR POWELL,,,,
,,,,"Beyond the next year or so, however, most measures of longer-term expectations remain consistent with our 2 percent inflation goal.",N,2025-09-17,,2025-09-17-presconf.txt,CHAIR POWELL,,,,
,,,,"So what that means is that the risks, which—the risks were clearly tilted toward inflation.",H,2025-09-17,,2025-09-17-presconf.txt,CHAIR POWELL,,,,
,,,,"And that’s partly because the labor market has softened, GDP growth has slowed.",D,2025-09-17,,2025-09-17-presconf.txt,CHAIR POWELL,,,,
,,,,"Ordinarily, when the labor market is weak, inflation is low",D,2025-09-17,,2025-09-17-presconf.txt,CHAIR POWELL,,,,
,,,,"But let’s remember, though, the unemployment rate’s 4.3 percent.",N,2025-09-17,,2025-09-17-presconf.txt,CHAIR POWELL,,,,
,,,,So we have to keep our eye on inflation.,N,2025-09-17,,2025-09-17-presconf.txt,CHAIR POWELL,,,,
,,,,"you know, I think this level of—this speedy decline in both supply and demand has certainly gotten everyone’s attention.",D,2025-09-17,,2025-09-17-presconf.txt,CHAIR POWELL,,,,
,,,,You mention the downside risk to employment a fair amount,N,2025-09-17,,2025-09-17-presconf.txt,ARCHIE HALL,,,,
,,,,And our goals are maximum employment and price stability.,N,2025-09-17,,2025-09-17-presconf.txt,CHAIR POWELL,,,,
,,,,"Conditions in the labor market appear to be gradually cooling, and inflation remains somewhat elevated.",H,2025-10-29,,2025-10-29-presconf.txt,CHAIR POWELL,,,,
,,,,"The shutdown of the federal government will weigh on economic activity while it persists, but these effects should reverse after the shutdown ends.",D,2025-10-29,,2025-10-29-presconf.txt,CHAIR POWELL,,,,
,,,,"So the way we have been thinking—the way I’ve been thinking about it is the risks to the two goals—for a very long time, the risk was clearly of higher inflation, and then that has changed now.",N,2025-10-29,,2025-10-29-presconf.txt,CHAIR POWELL,,,,
,,,,One is that inflation away from tariffs is actually not so far from our 2 percent goal.,N,2025-10-29,,2025-10-29-presconf.txt,CHAIR POWELL,,,,
,,,,"So that—we look at that, and the thing about tariff inflation is the base case is that it will come, and it probably will increase further.",H,2025-10-29,,2025-10-29-presconf.txt,CHAIR POWELL,,,,
,,,,You’ve had a one-time price increase.,H,2025-10-29,,2025-10-29-presconf.txt,CHAIR POWELL,,,,
,,,,"it stops going up, if you will, prices stop going up, they’ll just be at that level.",N,2025-10-29,,2025-10-29-presconf.txt,CHAIR POWELL,,,,
,,,,"But, ultimately, lower rates will support more demand, and that’ll support hiring over time.",D,2025-10-29,,2025-10-29-presconf.txt,CHAIR POWELL,,,,
,,,,"You could point to growth—I mean, actually, maybe—growth as opposed to level, but consumer spending is a much bigger part of the economy.",N,2025-10-29,,2025-10-29-presconf.txt,CHAIR POWELL,,,,
,,,,"The median projection in the SEP for total PCE inflation is 2.9 percent this year and 2.4 percent next year, a bit lower than the median projection in September.",D,2025-12-10,,2025-12-10-presconf.txt,CHAIR POWELL,,,,
,,,,"And so we decided, as our framework tells us to do, that when the risks to the two goals become more equal, you should move from a stance that favors really dealing with one of them—in that case, inflation—to a more balanced, more neutral setting.",N,2025-12-10,,2025-12-10-presconf.txt,CHAIR POWELL,,,,
,,,,So there’s nothing happening with rates going up out there that suggests concern about inflation in the long term or anything like that.,H,2025-12-10,,2025-12-10-presconf.txt,CHAIR POWELL,,,,
,,,,A lot of that is just embedded higher cost due to higher inflation in 2022 and ’23.,H,2025-12-10,,2025-12-10-presconf.txt,CHAIR POWELL,,,,
,,,,And so the best thing we can do is restore inflation to its 2 percent goal—and our policy is intended to do that—,N,2025-12-10,,2025-12-10-presconf.txt,CHAIR POWELL,,,,
,,,,"There was a labor shortage, so we could focus entirely on inflation.",N,2025-12-10,,2025-12-10-presconf.txt,CHAIR POWELL,,,,
,,,,"I think the other possibility is less likely, and that is just that, you know, the labor market gets tight or the economy gets tight and you see, you know, just traditional inflation.",H,2025-12-10,,2025-12-10-presconf.txt,CHAIR POWELL,,,,
,,,,My colleagues and I remain squarely focused on achieving our dual-mandate goals of maximum employment and stable prices for the benefit of the American people.,N,2026-01-28,,2026-01-28-presconf.txt,CHAIR POWELL,,,,
,,,,"A good part of the slowing in the pace of job growth over the past year reflects a decline in the growth of the labor force due to lower immigration and labor force participation, though labor demand has clearly softened as well.",D,2026-01-28,,2026-01-28-presconf.txt,CHAIR POWELL,,,,
,,,,"Estimates based on the consumer price index indicate that total PCE prices rose 2.9 percent over the 12 months ending in December and that, excluding the volatile food and energy categories, core PCE prices rose 3.0 percent.",H,2026-01-28,,2026-01-28-presconf.txt,CHAIR POWELL,,,,
,,,,Our monetary policy actions are guided by our dual mandate to promote maximum employment and stable prices for the American people.,D,2026-01-28,,2026-01-28-presconf.txt,CHAIR POWELL,,,,
,,,,"Monetary policy is not on a preset course, and we will make our decisions on a meeting-bymeeting basis.",N,2026-01-28,,2026-01-28-presconf.txt,CHAIR POWELL,,,,
,,,,"I mean, I recently looked at all of the—both survey- and marketbased short-term inflation expectations have come way down.",D,2026-01-28,,2026-01-28-presconf.txt,CHAIR POWELL,,,,
,,,,"Risks to both of the variables are a little less—I think that the upside risks to inflation, again, a little bit less, and the downside risks to employment a little less.",N,2026-01-28,,2026-01-28-presconf.txt,CHAIR POWELL,,,,
,,,,"If inflation were at the same time getting worse, you just have a very difficult situation there.",H,2026-01-28,,2026-01-28-presconf.txt,CHAIR POWELL,,,,
,,,,"It turns out that demand for labor also came down a very similar amount, maybe just a little bit more, which is why the unemployment rate has gone up.",D,2026-01-28,,2026-01-28-presconf.txt,CHAIR POWELL,,,,
,,,,"And we take it to heart because our job is—one of our jobs is price stability, and so the best thing we can do for people who are feeling that squeeze is to keep inflation under control and, frankly, to finish the job of getting inflation back down to 2 percent.",H,2026-01-28,,2026-01-28-presconf.txt,CHAIR POWELL,,,,
,,,,"You mentioned earlier that on inflation, the broad expectation was for a one-time price increase and then for inflation to come down.",D,2026-01-28,,2026-01-28-presconf.txt,BEIYI SEOW,,,,
,,,,We’re not—no one’s sitting here unaware of the possibility of higher productivity.,D,2026-01-28,,2026-01-28-presconf.txt,CHAIR POWELL,,,,
,,,,And I’ll have more to say about monetary policy after briefly reviewing economic developments.,N,2026-03-18,,2026-03-18-presconf.txt,CHAIR POWELL,,,,
,,,,"A good part of the slowing in the pace of job growth over the past year reflects a decline in the growth of the labor force due to lower immigration and labor force participation, though labor demand has clearly softened as well.",D,2026-03-18,,2026-03-18-presconf.txt,CHAIR POWELL,,,,
,,,,It should come as we start to see in the middle of the year progress on tariffs going through once and then tariff inflation coming down.,D,2026-03-18,,2026-03-18-presconf.txt,CHAIR POWELL,,,,
,,,,"So the first thing is, there is the original thinking—the long-standing thinking, put it that way, is that you do “look through” energy shocks, but, as I mentioned, that’s conditioned on inflation expectations and that kind of thing.",N,2026-03-18,,2026-03-18-presconf.txt,CHAIR POWELL,,,,
,,,,"So any, any effects on employment and economic activity in spending would be offset to some extent by the fact that our, our oil companies will be more profitable, and they may even do more drilling.",H,2026-03-18,,2026-03-18-presconf.txt,CHAIR POWELL,,,,
,,,,"And we’re waiting for the tariffs, which were put in place over the course of the middle part and later last year, we’re waiting for that to go through the system so that goods inflation will return closer to what it’s always been.",N,2026-03-18,,2026-03-18-presconf.txt,CHAIR POWELL,,,,
,,,,"We are balancing these two goals in a situation where the risks to the labor market are to the downside—which would call for lower rates—and the risks to inflation are to the upside—which would call for higher rates, or not cutting, anyway.",N,2026-03-18,,2026-03-18-presconf.txt,CHAIR POWELL,,,,
,,,,"So we do— what we expect for next year is continued—what we want to see for this year, rather, is continued progress on housing services, finally seeing the goods inflation come back down, because the one-time effects of tariffs are through, and then also get some help from nonhousing services.",D,2026-03-18,,2026-03-18-presconf.txt,CHAIR POWELL,,,,
,,,,"Inflation, you know, you can—you can—we’re at 3.0 percent core inflation, 2.8 percent headline, so we’ve been well above 2 percent, that amount, whatever it is, 0.7, 0.8, we’re a full percentage point above 2 percent for some time.",H,2026-03-18,,2026-03-18-presconf.txt,CHAIR POWELL,,,,
,,,,So you’ve got a sort of a zero employment growth equilibrium.,N,2026-03-18,,2026-03-18-presconf.txt,CHAIR POWELL,,,,
,,,,"But long-term expectations, you know, you can always find one that’s troubling or some aspect of one that’s troubling, but ultimately right through this whole period, the overwhelming majority of the things we look to, including markets, including surveys of, you know, the public and also of forecasters, they’ve all been pretty solid on longer-term inflation expectations being right where they need to be, consistent with 2 percent.",N,2026-03-18,,2026-03-18-presconf.txt,CHAIR POWELL,,,,
,,,,It really doesn’t seem that most members are penciling in a slowdown in growth.,H,2026-03-18,,2026-03-18-presconf.txt,MARIA ELOISA CAPURRO,,,,
,,,,"So people actually wrote up their growth forecast by a tenth, and I think that’s probably to do with just growing confidence in productivity.",H,2026-03-18,,2026-03-18-presconf.txt,CHAIR POWELL,,,,
,,,,"We actually have unemployment really close to longer-run normal, and we have inflation that’s, you know, 1 percentage point above that.",H,2026-03-18,,2026-03-18-presconf.txt,CHAIR POWELL,,,,
,,,,"As you know, they’ve been facing these higher prices for years, they’ve seen an almost $1 increase in gas.",H,2026-03-18,,2026-03-18-presconf.txt,ELIZABETH SCHULZE,,,,
,,,,"And then they built, based on the history that they’re seeing of tariffs coming through into prices, they’ve now—they can now have an arc and for all the tariffs they can say, well—so we have, I think, slightly more confidence that we will see tariff inflation coming down.",N,2026-03-18,,2026-03-18-presconf.txt,CHAIR POWELL,,,,
,,,,We see the current stance of monetary policy as appropriate to promote progress toward our maximum-employment and 2 percent inflation goals.,D,2026-04-29,,2026-04-29-presconf.txt,CHAIR POWELL,,,,
,,,,I’ll have more to say about monetary policy after briefly reviewing economic developments.,N,2026-04-29,,2026-04-29-presconf.txt,CHAIR POWELL,,,,
,,,,"A good part of the slowing in the pace of the job growth over the past year reflects a decline in the growth of the labor force due to lower immigration and labor force participation, though labor demand has clearly softened as well.",N,2026-04-29,,2026-04-29-presconf.txt,CHAIR POWELL,,,,
,,,,"Other indicators, including job openings, layoffs, hiring, and nominal wage growth, generally show little change in recent months.",N,2026-04-29,,2026-04-29-presconf.txt,CHAIR POWELL,,,,
,,,,"Every decision we make—whether about interest rates, or regulatory and supervisory matters, or other issues—is made in service of that purpose.",N,2026-04-29,,2026-04-29-presconf.txt,CHAIR POWELL,,,,
,,,,I worry that these attacks are battering the institution and putting at risk the thing that really matters to the public—which is the ability to conduct monetary policy without taking into consideration political factors.,N,2026-04-29,,2026-04-29-presconf.txt,CHAIR POWELL,,,,
,,,,"It is extremely important—not for the people who work at the Fed at any given time, but for the people that we serve—that the Fed remain able to conduct monetary policy in a way that doesn’t get pulled into politics, trying to help or hurt any particular politician or political party.",N,2026-04-29,,2026-04-29-presconf.txt,CHAIR POWELL,,,,
,,,,"In March, you described the standard practice of “looking through” energy shocks as conditional on inflation expectations staying anchored.",N,2026-04-29,,2026-04-29-presconf.txt,NICK TIMIRAOS,,,,
,,,,"During your tenure as Chair, you often spoke about how disadvantaged Americans benefited from extended periods of low unemployment.",H,2026-04-29,,2026-04-29-presconf.txt,CHRIS RUGABER,,,,
,,,,So I don’t think that that insight was in any way responsible for the high inflation that we experienced.,H,2026-04-29,,2026-04-29-presconf.txt,CHAIR POWELL,,,,
,,,,And you’ve got a lot of critics who have faulted the Fed for being too slow—2021— with inflation.,N,2026-04-29,,2026-04-29-presconf.txt,MICHAEL MCKEE,,,,
,,,,"I mean, monetary policy is going to get made by, you know, 19 people.",D,2026-04-29,,2026-04-29-presconf.txt,CHAIR POWELL,,,,
,,,,"So it’s a, you know, it’s a question whether spending, you know, goes down to offset the inflationary effects.",N,2026-04-29,,2026-04-29-presconf.txt,CHAIR POWELL,,,,
,,,,"But, you know, the law does create a setting in which the Fed can and is directed to make monetary policy without consideration of political factors.",N,2026-04-29,,2026-04-29-presconf.txt,CHAIR POWELL,,,,
,,,,But there—it’s more than just monetary policy.,N,2026-04-29,,2026-04-29-presconf.txt,CHAIR POWELL,,,,
,,,,"The other thing he touched on was the idea of removing Reserve Bank presidents from office over different, different views on monetary policy.",N,2026-04-29,,2026-04-29-presconf.txt,CHAIR POWELL,,,,
,,,,And some of it is just the apparently insatiable demand for data centers all over the United States.,H,2026-04-29,,2026-04-29-presconf.txt,CHAIR POWELL,,,,
,,,,"You know, inflation is the thing we need to work on.",N,2026-04-29,,2026-04-29-presconf.txt,CHAIR POWELL,,,,
,,,,"And now we have inflation that had gone pretty much all the way back to target—really close to all the way back to target and now is being buffeted by the energy shock in the U.S., buffeted by the—by the tariff shock as well.",H,2026-04-29,,2026-04-29-presconf.txt,CHAIR POWELL,,,,
,,,,"Think about it this way—that you want people to make monetary policy and set interest rates to benefit the general public and to try to achieve economic goals, which are maximum employment and price stability, and focus only on that and ignore political considerations, completely ignore them.",H,2026-04-29,,2026-04-29-presconf.txt,CHAIR POWELL,,,,
,,,,"We’ve talked a lot about gasoline prices, and even you mentioned airline ticket prices, both of which are up dramatically because of the war in Iran.",H,2026-04-29,,2026-04-29-presconf.txt,RICHARD ESCOBEDO,,,,
,,,,Persistently high prices are a burden for the American people.,H,2026-06-17,,2026-06-17-presconf.txt,CHAIRMAN WARSH,,,,
,,,,"In the median projections, real GDP rises at 2.2 percent this year, 2.3 percent next year, and total PCE inflation runs at 3.6 percent this year, 2.3 percent next year.",H,2026-06-17,,2026-06-17-presconf.txt,CHAIRMAN WARSH,,,,
,,,,The unemployment rate stands at about 4.3 percent.,N,2026-06-17,,2026-06-17-presconf.txt,CHAIRMAN WARSH,,,,
,,,,"It’ll survey the pace, the reach, the economic impact of new general-purpose technologies, including AI, and explore the implications for the Fed in pursuit of our employment and inflation mandates.",N,2026-06-17,,2026-06-17-presconf.txt,CHAIRMAN WARSH,,,,
,,,,"The last task force, the one on inflation frameworks, that’ll examine the drivers of inflation, first principles, and weigh the full range of ideas for delivering price stability in a changing economy.",H,2026-06-17,,2026-06-17-presconf.txt,CHAIRMAN WARSH,,,,
,,,,"In the Fed’s review of its strategy over the last any number of years—in January, the Fed—including the strategy that we’re still bound by—the Fed statement says that inflation is primarily determined by monetary policy.",N,2026-06-17,,2026-06-17-presconf.txt,CHAIRMAN WARSH,,,,
,,,,But our number one goal is to get monetary policy right.,N,2026-06-17,,2026-06-17-presconf.txt,CHARIMAN WARSH,,,,
,,,,"The price of oil in the markets today or even the price of a dozen eggs, that does not have first-order consequences to what we’re doing.",N,2026-06-17,,2026-06-17-presconf.txt,CHAIRMAN WARSH,,,,
,,,,"And so what you heard from the Committee today is, we’ve got some work to do on this price-stability front.",H,2026-06-17,,2026-06-17-presconf.txt,CHAIRMAN WARSH,,,,
,,,,"At the central bank and in the economics profession, what we spend most of our time doing is counting demand.",N,2026-06-17,,2026-06-17-presconf.txt,CHAIRMAN WARSH,,,,
,,,,We can be less certain when we infer the timing and extent of the growth on the supply side.,N,2026-06-17,,2026-06-17-presconf.txt,CHAIRMAN WARSH,,,,
,,,,"The Federal Reserve has a lot of responsibilities, not just in monetary policy, but in supervision and regulation, consumer affairs, and payments.",N,2026-06-17,,2026-06-17-presconf.txt,CHAIRMAN WARSH,,,,
,,,,I’ve devoted more time in my first three weeks to monetary policy than all those things.,N,2026-06-17,,2026-06-17-presconf.txt,CHAIRMAN WARSH,,,,
,,,,"But the more we deliver on our promises as good supervisors and good regulators, the more benefit we get, the more credibility enhancement we have in monetary policy.",N,2026-06-17,,2026-06-17-presconf.txt,CHAIRMAN WARSH,,,,
,,,,,N,,,,,,,,
