date,url,clean_path,status
2006-01-18-biesa,https://www.federalreserve.gov/newsevents/speech/bies20060118a.htm,clean/speeches/2006/2006-01-18-biesa-speech.txt,ok
2006-02-02-biesa,https://www.federalreserve.gov/newsevents/speech/bies20060202a.htm,clean/speeches/2006/2006-02-02-biesa-speech.txt,ok
2006-02-06-bernankea,https://www.federalreserve.gov/newsevents/speech/bernanke20060206a.htm,clean/speeches/2006/2006-02-06-bernankea-speech.txt,ok
2006-02-23-fergusona,https://www.federalreserve.gov/newsevents/speech/ferguson20060223a.htm,clean/speeches/2006/2006-02-23-fergusona-speech.txt,ok
2006-02-24-bernankea,https://www.federalreserve.gov/newsevents/speech/bernanke20060224a.htm,clean/speeches/2006/2006-02-24-bernankea-speech.txt,ok
2006-02-24-fergusona,https://www.federalreserve.gov/newsevents/speech/ferguson20060224a.htm,clean/speeches/2006/2006-02-24-fergusona-speech.txt,ok
2006-03-03-fergusona,https://www.federalreserve.gov/newsevents/speech/ferguson20060303a.htm,clean/speeches/2006/2006-03-03-fergusona-speech.txt,ok
2006-03-08-bernankea,https://www.federalreserve.gov/newsevents/speech/bernanke20060308a.htm,clean/speeches/2006/2006-03-08-bernankea-speech.txt,ok
2006-03-10-fergusona,https://www.federalreserve.gov/newsevents/speech/ferguson20060310a.htm,clean/speeches/2006/2006-03-10-fergusona-speech.txt,ok
2006-03-13-olsona,https://www.federalreserve.gov/newsevents/speech/olson20060313a.htm,clean/speeches/2006/2006-03-13-olsona-speech.txt,ok
2006-03-16-kohna,https://www.federalreserve.gov/newsevents/speech/kohn20060316a.htm,clean/speeches/2006/2006-03-16-kohna-speech.txt,ok
2006-03-20-bernankea,https://www.federalreserve.gov/newsevents/speech/bernanke20060320a.htm,clean/speeches/2006/2006-03-20-bernankea-speech.txt,ok
2006-03-29-biesa,https://www.federalreserve.gov/newsevents/speech/bies20060329a.htm,clean/speeches/2006/2006-03-29-biesa-speech.txt,ok
2006-03-31-biesa,https://www.federalreserve.gov/newsevents/speech/bies20060331a.htm,clean/speeches/2006/2006-03-31-biesa-speech.txt,ok
2006-03-31-fergusona,https://www.federalreserve.gov/newsevents/speech/ferguson20060331a.htm,clean/speeches/2006/2006-03-31-fergusona-speech.txt,ok
2006-04-03-krosznera,https://www.federalreserve.gov/newsevents/speech/kroszner20060403a.htm,clean/speeches/2006/2006-04-03-krosznera-speech.txt,ok
2006-04-05-bernankea,https://www.federalreserve.gov/newsevents/speech/bernanke20060405a.htm,clean/speeches/2006/2006-04-05-bernankea-speech.txt,ok
2006-04-06-krosznera,https://www.federalreserve.gov/newsevents/speech/kroszner20060406a.htm,clean/speeches/2006/2006-04-06-krosznera-speech.txt,ok
2006-04-10-biesa,https://www.federalreserve.gov/newsevents/speech/bies20060410a.htm,clean/speeches/2006/2006-04-10-biesa-speech.txt,ok
2006-04-10-olsona,https://www.federalreserve.gov/newsevents/speech/olson20060410a.htm,clean/speeches/2006/2006-04-10-olsona-speech.txt,ok
2006-04-13-kohna,https://www.federalreserve.gov/newsevents/speech/kohn20060413a.htm,clean/speeches/2006/2006-04-13-kohna-speech.txt,ok
2006-04-13-olsona,https://www.federalreserve.gov/newsevents/speech/olson20060413a.htm,clean/speeches/2006/2006-04-13-olsona-speech.txt,ok
2006-04-17-fergusona,https://www.federalreserve.gov/newsevents/speech/ferguson20060417a.htm,clean/speeches/2006/2006-04-17-fergusona-speech.txt,ok
2006-04-20-bernankea,https://www.federalreserve.gov/newsevents/speech/bernanke20060420a.htm,clean/speeches/2006/2006-04-20-bernankea-speech.txt,ok
2006-04-27-kohna,https://www.federalreserve.gov/newsevents/speech/kohn20060427a.htm,clean/speeches/2006/2006-04-27-kohna-speech.txt,ok
2006-04-28-biesa,https://www.federalreserve.gov/newsevents/speech/bies20060428a.htm,clean/speeches/2006/2006-04-28-biesa-speech.txt,ok
2006-05-03-bernankea,https://www.federalreserve.gov/newsevents/speech/bernanke20060503a.htm,clean/speeches/2006/2006-05-03-bernankea-speech.txt,ok
2006-05-04-biesa,https://www.federalreserve.gov/newsevents/speech/bies20060504a.htm,clean/speeches/2006/2006-05-04-biesa-speech.txt,ok
2006-05-11-kohna,https://www.federalreserve.gov/newsevents/speech/kohn20060511a.htm,clean/speeches/2006/2006-05-11-kohna-speech.txt,ok
2006-05-16-bernankea,https://www.federalreserve.gov/newsevents/speech/bernanke20060516a.htm,clean/speeches/2006/2006-05-16-bernankea-speech.txt,ok
2006-05-16-biesa,https://www.federalreserve.gov/newsevents/speech/bies20060516a.htm,clean/speeches/2006/2006-05-16-biesa-speech.txt,ok
2006-05-16-olsona,https://www.federalreserve.gov/newsevents/speech/olson20060516a.htm,clean/speeches/2006/2006-05-16-olsona-speech.txt,ok
2006-05-18-bernankea,https://www.federalreserve.gov/newsevents/speech/bernanke20060518a.htm,clean/speeches/2006/2006-05-18-bernankea-speech.txt,ok
2006-05-18-kohna,https://www.federalreserve.gov/newsevents/speech/kohn20060518a.htm,clean/speeches/2006/2006-05-18-kohna-speech.txt,ok
2006-05-24-krosznera,https://www.federalreserve.gov/newsevents/speech/kroszner20060524a.htm,clean/speeches/2006/2006-05-24-krosznera-speech.txt,ok
2006-05-25-olsona,https://www.federalreserve.gov/newsevents/speech/olson20060525a.htm,clean/speeches/2006/2006-05-25-olsona-speech.txt,ok
2006-06-05-bernankea,https://www.federalreserve.gov/newsevents/speech/bernanke20060605a.htm,clean/speeches/2006/2006-06-05-bernankea-speech.txt,ok
2006-06-06-biesa,https://www.federalreserve.gov/newsevents/speech/bies20060606a.htm,clean/speeches/2006/2006-06-06-biesa-speech.txt,ok
2006-06-09-bernankea,https://www.federalreserve.gov/newsevents/speech/bernanke20060609a.htm,clean/speeches/2006/2006-06-09-bernankea-speech.txt,ok
2006-06-12-bernankea,https://www.federalreserve.gov/newsevents/speech/bernanke20060612a.htm,clean/speeches/2006/2006-06-12-bernankea-speech.txt,ok
2006-06-12-biesa,https://www.federalreserve.gov/newsevents/speech/bies20060612a.htm,clean/speeches/2006/2006-06-12-biesa-speech.txt,ok
2006-06-12-olsona,https://www.federalreserve.gov/newsevents/speech/olson20060612a.htm,clean/speeches/2006/2006-06-12-olsona-speech.txt,ok
2006-06-13-bernankea,https://www.federalreserve.gov/newsevents/speech/bernanke20060613a.htm,clean/speeches/2006/2006-06-13-bernankea-speech.txt,ok
2006-06-14-biesa,https://www.federalreserve.gov/newsevents/speech/bies20060614a.htm,clean/speeches/2006/2006-06-14-biesa-speech.txt,ok
2006-06-15-bernankea,https://www.federalreserve.gov/newsevents/speech/bernanke20060615a.htm,clean/speeches/2006/2006-06-15-bernankea-speech.txt,ok
2006-06-15-krosznera,https://www.federalreserve.gov/newsevents/speech/kroszner20060615a.htm,clean/speeches/2006/2006-06-15-krosznera-speech.txt,ok
2006-06-16-kohna,https://www.federalreserve.gov/newsevents/speech/kohn20060616a.htm,clean/speeches/2006/2006-06-16-kohna-speech.txt,ok
2006-06-16-krosznera,https://www.federalreserve.gov/newsevents/speech/kroszner20060616a.htm,clean/speeches/2006/2006-06-16-krosznera-speech.txt,ok
2006-07-04-biesa,https://www.federalreserve.gov/newsevents/speech/bies20060704a.htm,clean/speeches/2006/2006-07-04-biesa-speech.txt,ok
2006-07-06-kohna,https://www.federalreserve.gov/newsevents/speech/kohn20060706a.htm,clean/speeches/2006/2006-07-06-kohna-speech.txt,ok
2006-07-18-warsha,https://www.federalreserve.gov/newsevents/speech/warsh20060718a.htm,clean/speeches/2006/2006-07-18-warsha-speech.txt,ok
2006-08-25-bernankea,https://www.federalreserve.gov/newsevents/speech/bernanke20060825a.htm,clean/speeches/2006/2006-08-25-bernankea-speech.txt,ok
2006-08-31-bernankea,https://www.federalreserve.gov/newsevents/speech/bernanke20060831a.htm,clean/speeches/2006/2006-08-31-bernankea-speech.txt,ok
2006-09-01-bernankea,https://www.federalreserve.gov/newsevents/speech/bernanke20060901a.htm,clean/speeches/2006/2006-09-01-bernankea-speech.txt,ok
2006-09-11-kohna,https://www.federalreserve.gov/newsevents/speech/kohn20060911a.htm,clean/speeches/2006/2006-09-11-kohna-speech.txt,ok
2006-09-27-krosznera,https://www.federalreserve.gov/newsevents/speech/kroszner20060927a.htm,clean/speeches/2006/2006-09-27-krosznera-speech.txt,ok
2006-10-04-bernankea,https://www.federalreserve.gov/newsevents/speech/bernanke20061004a.htm,clean/speeches/2006/2006-10-04-bernankea-speech.txt,ok
2006-10-04-kohna,https://www.federalreserve.gov/newsevents/speech/kohn20061004a.htm,clean/speeches/2006/2006-10-04-kohna-speech.txt,ok
2006-10-11-biesa,https://www.federalreserve.gov/newsevents/speech/bies20061011a.htm,clean/speeches/2006/2006-10-11-biesa-speech.txt,ok
2006-10-12-mishkina,https://www.federalreserve.gov/newsevents/speech/mishkin20061012a.htm,clean/speeches/2006/2006-10-12-mishkina-speech.txt,ok
2006-10-16-bernankea,https://www.federalreserve.gov/newsevents/speech/bernanke20061016a.htm,clean/speeches/2006/2006-10-16-bernankea-speech.txt,ok
2006-10-17-biesa,https://www.federalreserve.gov/newsevents/speech/bies20061017a.htm,clean/speeches/2006/2006-10-17-biesa-speech.txt,ok
2006-11-01-bernankea,https://www.federalreserve.gov/newsevents/speech/bernanke20061101a.htm,clean/speeches/2006/2006-11-01-bernankea-speech.txt,ok
2006-11-02-biesa,https://www.federalreserve.gov/newsevents/speech/bies20061102a.htm,clean/speeches/2006/2006-11-02-biesa-speech.txt,ok
2006-11-03-kohna,https://www.federalreserve.gov/newsevents/speech/kohn20061103a.htm,clean/speeches/2006/2006-11-03-kohna-speech.txt,ok
2006-11-10-bernankea,https://www.federalreserve.gov/newsevents/speech/bernanke20061110a.htm,clean/speeches/2006/2006-11-10-bernankea-speech.txt,ok
2006-11-16-krosznera,https://www.federalreserve.gov/newsevents/speech/kroszner20061116a.htm,clean/speeches/2006/2006-11-16-krosznera-speech.txt,ok
2006-11-21-warsha,https://www.federalreserve.gov/newsevents/speech/warsh20061121a.htm,clean/speeches/2006/2006-11-21-warsha-speech.txt,ok
2006-11-28-bernankea,https://www.federalreserve.gov/newsevents/speech/bernanke20061128a.htm,clean/speeches/2006/2006-11-28-bernankea-speech.txt,ok
2006-11-30-biesa,https://www.federalreserve.gov/newsevents/speech/bies20061130a.htm,clean/speeches/2006/2006-11-30-biesa-speech.txt,ok
2006-12-01-bernankea,https://www.federalreserve.gov/newsevents/speech/bernanke20061201a.htm,clean/speeches/2006/2006-12-01-bernankea-speech.txt,ok
2006-12-01-kohna,https://www.federalreserve.gov/newsevents/speech/kohn20061201a.htm,clean/speeches/2006/2006-12-01-kohna-speech.txt,ok
2006-12-15-bernankea,https://www.federalreserve.gov/newsevents/speech/bernanke20061215a.htm,clean/speeches/2006/2006-12-15-bernankea-speech.txt,ok
2007-01-05-bernankea,https://www.federalreserve.gov/newsevents/speech/bernanke20070105a.htm,clean/speeches/2007/2007-01-05-bernankea-speech.txt,ok
2007-01-08-kohna,https://www.federalreserve.gov/newsevents/speech/kohn20070108a.htm,clean/speeches/2007/2007-01-08-kohna-speech.txt,ok
2007-01-11-biesa,https://www.federalreserve.gov/newsevents/speech/bies20070111a.htm,clean/speeches/2007/2007-01-11-biesa-speech.txt,ok
2007-01-17-mishkina,https://www.federalreserve.gov/newsevents/speech/mishkin20070117a.htm,clean/speeches/2007/2007-01-17-mishkina-speech.txt,ok
2007-01-18-biesa,https://www.federalreserve.gov/newsevents/speech/bies20070118a.htm,clean/speeches/2007/2007-01-18-biesa-speech.txt,ok
2007-02-06-bernankea,https://www.federalreserve.gov/newsevents/speech/bernanke20070206a.htm,clean/speeches/2007/2007-02-06-bernankea-speech.txt,ok
2007-02-21-kohna,https://www.federalreserve.gov/newsevents/speech/kohn20070221a.htm,clean/speeches/2007/2007-02-21-kohna-speech.txt,ok
2007-02-26-biesa,https://www.federalreserve.gov/newsevents/speech/bies20070226a.htm,clean/speeches/2007/2007-02-26-biesa-speech.txt,ok
2007-03-02-bernankea,https://www.federalreserve.gov/newsevents/speech/bernanke20070302a.htm,clean/speeches/2007/2007-03-02-bernankea-speech.txt,ok
2007-03-05-krosznera,https://www.federalreserve.gov/newsevents/speech/kroszner20070305a.htm,clean/speeches/2007/2007-03-05-krosznera-speech.txt,ok
2007-03-05-warsha,https://www.federalreserve.gov/newsevents/speech/warsh20070305a.htm,clean/speeches/2007/2007-03-05-warsha-speech.txt,ok
2007-03-06-bernankea,https://www.federalreserve.gov/newsevents/speech/bernanke20070306a.htm,clean/speeches/2007/2007-03-06-bernankea-speech.txt,ok
2007-03-09-kohna,https://www.federalreserve.gov/newsevents/speech/kohn20070309a.htm,clean/speeches/2007/2007-03-09-kohna-speech.txt,ok
2007-03-09-krosznera,https://www.federalreserve.gov/newsevents/speech/kroszner20070309a.htm,clean/speeches/2007/2007-03-09-krosznera-speech.txt,ok
2007-03-12-krosznera,https://www.federalreserve.gov/newsevents/speech/kroszner20070312a.htm,clean/speeches/2007/2007-03-12-krosznera-speech.txt,ok
2007-03-22-kohna,https://www.federalreserve.gov/newsevents/speech/kohn20070322a.htm,clean/speeches/2007/2007-03-22-kohna-speech.txt,ok
2007-03-22-krosznera,https://www.federalreserve.gov/newsevents/speech/kroszner20070322a.htm,clean/speeches/2007/2007-03-22-krosznera-speech.txt,ok
2007-03-23-mishkina,https://www.federalreserve.gov/newsevents/speech/mishkin20070323a.htm,clean/speeches/2007/2007-03-23-mishkina-speech.txt,ok
2007-03-30-bernankea,https://www.federalreserve.gov/newsevents/speech/bernanke20070330a.htm,clean/speeches/2007/2007-03-30-bernankea-speech.txt,ok
2007-04-10-mishkina,https://www.federalreserve.gov/newsevents/speech/mishkin20070410a.htm,clean/speeches/2007/2007-04-10-mishkina-speech.txt,ok
2007-04-11-bernankea,https://www.federalreserve.gov/newsevents/speech/bernanke20070411a.htm,clean/speeches/2007/2007-04-11-bernankea-speech.txt,ok
2007-04-20-mishkina,https://www.federalreserve.gov/newsevents/speech/mishkin20070420a.htm,clean/speeches/2007/2007-04-20-mishkina-speech.txt,ok
2007-04-25-bernankea,https://www.federalreserve.gov/newsevents/speech/bernanke20070425a.htm,clean/speeches/2007/2007-04-25-bernankea-speech.txt,ok
2007-04-26-mishkina,https://www.federalreserve.gov/newsevents/speech/mishkin20070426a.htm,clean/speeches/2007/2007-04-26-mishkina-speech.txt,ok
2007-05-01-bernankea,https://www.federalreserve.gov/newsevents/speech/bernanke20070501a.htm,clean/speeches/2007/2007-05-01-bernankea-speech.txt,ok
2007-05-10-krosznera,https://www.federalreserve.gov/newsevents/speech/kroszner20070510a.htm,clean/speeches/2007/2007-05-10-krosznera-speech.txt,ok
2007-05-15-bernankea,https://www.federalreserve.gov/newsevents/speech/bernanke20070515a.htm,clean/speeches/2007/2007-05-15-bernankea-speech.txt,ok
2007-05-15-krosznera,https://www.federalreserve.gov/newsevents/speech/kroszner20070515a.htm,clean/speeches/2007/2007-05-15-krosznera-speech.txt,ok
2007-05-16-kohna,https://www.federalreserve.gov/newsevents/speech/kohn20070516a.htm,clean/speeches/2007/2007-05-16-kohna-speech.txt,ok
2007-05-16-krosznera,https://www.federalreserve.gov/newsevents/speech/kroszner20070516a.htm,clean/speeches/2007/2007-05-16-krosznera-speech.txt,ok
2007-05-17-bernankea,https://www.federalreserve.gov/newsevents/speech/bernanke20070517a.htm,clean/speeches/2007/2007-05-17-bernankea-speech.txt,ok
2007-05-22-bernankea,https://www.federalreserve.gov/newsevents/speech/bernanke20070522a.htm,clean/speeches/2007/2007-05-22-bernankea-speech.txt,ok
2007-05-23-krosznera,https://www.federalreserve.gov/newsevents/speech/kroszner20070523a.htm,clean/speeches/2007/2007-05-23-krosznera-speech.txt,ok
2007-05-24-mishkina,https://www.federalreserve.gov/newsevents/speech/mishkin20070524a.htm,clean/speeches/2007/2007-05-24-mishkina-speech.txt,ok
2007-06-01-krosznera,https://www.federalreserve.gov/newsevents/speech/kroszner20070601a.htm,clean/speeches/2007/2007-06-01-krosznera-speech.txt,ok
2007-06-05-bernankea,https://www.federalreserve.gov/newsevents/speech/bernanke20070605a.htm,clean/speeches/2007/2007-06-05-bernankea-speech.txt,ok
2007-06-05-warsha,https://www.federalreserve.gov/newsevents/speech/warsh20070605a.htm,clean/speeches/2007/2007-06-05-warsha-speech.txt,ok
2007-06-14-krosznera,https://www.federalreserve.gov/newsevents/speech/kroszner20070614a.htm,clean/speeches/2007/2007-06-14-krosznera-speech.txt,ok
2007-06-15-bernankea,https://www.federalreserve.gov/newsevents/speech/bernanke20070615a.htm,clean/speeches/2007/2007-06-15-bernankea-speech.txt,ok
2007-06-23-mishkina,https://www.federalreserve.gov/newsevents/speech/mishkin20070623a.htm,clean/speeches/2007/2007-06-23-mishkina-speech.txt,ok
2007-07-10-bernankea,https://www.federalreserve.gov/newsevents/speech/bernanke20070710a.htm,clean/speeches/2007/2007-07-10-bernankea-speech.txt,ok
2007-07-12-krosznera,https://www.federalreserve.gov/newsevents/speech/kroszner20070712a.htm,clean/speeches/2007/2007-07-12-krosznera-speech.txt,ok
2007-08-01-krosznera,https://www.federalreserve.gov/newsevents/speech/kroszner20070801a.htm,clean/speeches/2007/2007-08-01-krosznera-speech.txt,ok
2007-08-31-bernankea,https://www.federalreserve.gov/newsevents/speech/bernanke20070831a.htm,clean/speeches/2007/2007-08-31-bernankea-speech.txt,ok
2007-09-06-krosznera,https://www.federalreserve.gov/newsevents/speech/kroszner20070906a.htm,clean/speeches/2007/2007-09-06-krosznera-speech.txt,ok
2007-09-10-mishkina,https://www.federalreserve.gov/newsevents/speech/mishkin20070910a.htm,clean/speeches/2007/2007-09-10-mishkina-speech.txt,ok
2007-09-11-bernankea,https://www.federalreserve.gov/newsevents/speech/bernanke20070911a.htm,clean/speeches/2007/2007-09-11-bernankea-speech.txt,ok
2007-09-21-kohna,https://www.federalreserve.gov/newsevents/speech/kohn20070921a.htm,clean/speeches/2007/2007-09-21-kohna-speech.txt,ok
2007-09-21-warsha,https://www.federalreserve.gov/newsevents/speech/warsh20070921a.htm,clean/speeches/2007/2007-09-21-warsha-speech.txt,ok
2007-09-24-bernankea,https://www.federalreserve.gov/newsevents/speech/bernanke20070924a.htm,clean/speeches/2007/2007-09-24-bernankea-speech.txt,ok
2007-09-27-mishkina,https://www.federalreserve.gov/newsevents/speech/mishkin20070927a.htm,clean/speeches/2007/2007-09-27-mishkina-speech.txt,ok
2007-09-28-mishkina,https://www.federalreserve.gov/newsevents/speech/mishkin20070928a.htm,clean/speeches/2007/2007-09-28-mishkina-speech.txt,ok
2007-10-04-kohna,https://www.federalreserve.gov/newsevents/speech/kohn20071004a.htm,clean/speeches/2007/2007-10-04-kohna-speech.txt,ok
2007-10-05-warsha,https://www.federalreserve.gov/newsevents/speech/warsh20071005a.htm,clean/speeches/2007/2007-10-05-warsha-speech.txt,ok
2007-10-11-krosznera,https://www.federalreserve.gov/newsevents/speech/kroszner20071011a.htm,clean/speeches/2007/2007-10-11-krosznera-speech.txt,ok
2007-10-12-bernankea,https://www.federalreserve.gov/newsevents/speech/bernanke20071012a.htm,clean/speeches/2007/2007-10-12-bernankea-speech.txt,ok
2007-10-12-kohna,https://www.federalreserve.gov/newsevents/speech/kohn20071012a.htm,clean/speeches/2007/2007-10-12-kohna-speech.txt,ok
2007-10-15-bernankea,https://www.federalreserve.gov/newsevents/speech/bernanke20071015a.htm,clean/speeches/2007/2007-10-15-bernankea-speech.txt,ok
2007-10-19-bernankea,https://www.federalreserve.gov/newsevents/speech/bernanke20071019a.htm,clean/speeches/2007/2007-10-19-bernankea-speech.txt,ok
2007-10-20-mishkina,https://www.federalreserve.gov/newsevents/speech/mishkin20071020a.htm,clean/speeches/2007/2007-10-20-mishkina-speech.txt,ok
2007-10-22-krosznera,https://www.federalreserve.gov/newsevents/speech/kroszner20071022a.htm,clean/speeches/2007/2007-10-22-krosznera-speech.txt,ok
2007-10-26-mishkina,https://www.federalreserve.gov/newsevents/speech/mishkin20071026a.htm,clean/speeches/2007/2007-10-26-mishkina-speech.txt,ok
2007-11-05-krosznera,https://www.federalreserve.gov/newsevents/speech/kroszner20071105a.htm,clean/speeches/2007/2007-11-05-krosznera-speech.txt,ok
2007-11-05-mishkina,https://www.federalreserve.gov/newsevents/speech/mishkin20071105a.htm,clean/speeches/2007/2007-11-05-mishkina-speech.txt,ok
2007-11-06-bernankea,https://www.federalreserve.gov/newsevents/speech/bernanke20071106a.htm,clean/speeches/2007/2007-11-06-bernankea-speech.txt,ok
2007-11-07-warsha,https://www.federalreserve.gov/newsevents/speech/warsh20071107a.htm,clean/speeches/2007/2007-11-07-warsha-speech.txt,ok
2007-11-13-krosznera,https://www.federalreserve.gov/newsevents/speech/kroszner20071113a.htm,clean/speeches/2007/2007-11-13-krosznera-speech.txt,ok
2007-11-14-bernankea,https://www.federalreserve.gov/newsevents/speech/bernanke20071114a.htm,clean/speeches/2007/2007-11-14-bernankea-speech.txt,ok
2007-11-28-kohna,https://www.federalreserve.gov/newsevents/speech/kohn20071128a.htm,clean/speeches/2007/2007-11-28-kohna-speech.txt,ok
2007-11-29-bernankea,https://www.federalreserve.gov/newsevents/speech/bernanke20071129a.htm,clean/speeches/2007/2007-11-29-bernankea-speech.txt,ok
2007-11-29-mishkina,https://www.federalreserve.gov/newsevents/speech/mishkin20071129a.htm,clean/speeches/2007/2007-11-29-mishkina-speech.txt,ok
2007-11-30-krosznera,https://www.federalreserve.gov/newsevents/speech/kroszner20071130a.htm,clean/speeches/2007/2007-11-30-krosznera-speech.txt,ok
2008-01-04-kohna,https://www.federalreserve.gov/newsevents/speech/kohn20080104a.htm,clean/speeches/2008/2008-01-04-kohna-speech.txt,ok
2008-01-05-kohna,https://www.federalreserve.gov/newsevents/speech/kohn20080105a.htm,clean/speeches/2008/2008-01-05-kohna-speech.txt,ok
2008-01-10-bernankea,https://www.federalreserve.gov/newsevents/speech/bernanke20080110a.htm,clean/speeches/2008/2008-01-10-bernankea-speech.txt,ok
2008-01-11-mishkina,https://www.federalreserve.gov/newsevents/speech/mishkin20080111a.htm,clean/speeches/2008/2008-01-11-mishkina-speech.txt,ok
2008-02-04-krosznera,https://www.federalreserve.gov/newsevents/speech/kroszner20080204a.htm,clean/speeches/2008/2008-02-04-krosznera-speech.txt,ok
2008-02-15-mishkina,https://www.federalreserve.gov/newsevents/speech/mishkin20080215a.htm,clean/speeches/2008/2008-02-15-mishkina-speech.txt,ok
2008-02-25-krosznera,https://www.federalreserve.gov/newsevents/speech/kroszner20080225a.htm,clean/speeches/2008/2008-02-25-krosznera-speech.txt,ok
2008-02-25-mishkina,https://www.federalreserve.gov/newsevents/speech/mishkin20080225a.htm,clean/speeches/2008/2008-02-25-mishkina-speech.txt,ok
2008-02-26-kohna,https://www.federalreserve.gov/newsevents/speech/kohn20080226a.htm,clean/speeches/2008/2008-02-26-kohna-speech.txt,ok
2008-02-27-mishkina,https://www.federalreserve.gov/newsevents/speech/mishkin20080227a.htm,clean/speeches/2008/2008-02-27-mishkina-speech.txt,ok
2008-02-29-mishkina,https://www.federalreserve.gov/newsevents/speech/mishkin20080229a.htm,clean/speeches/2008/2008-02-29-mishkina-speech.txt,ok
2008-03-03-krosznera,https://www.federalreserve.gov/newsevents/speech/kroszner20080303a.htm,clean/speeches/2008/2008-03-03-krosznera-speech.txt,ok
2008-03-04-bernankea,https://www.federalreserve.gov/newsevents/speech/bernanke20080304a.htm,clean/speeches/2008/2008-03-04-bernankea-speech.txt,ok
2008-03-04-mishkina,https://www.federalreserve.gov/newsevents/speech/mishkin20080304a.htm,clean/speeches/2008/2008-03-04-mishkina-speech.txt,ok
2008-03-07-kohna,https://www.federalreserve.gov/newsevents/speech/kohn20080307a.htm,clean/speeches/2008/2008-03-07-kohna-speech.txt,ok
2008-03-07-mishkina,https://www.federalreserve.gov/newsevents/speech/mishkin20080307a.htm,clean/speeches/2008/2008-03-07-mishkina-speech.txt,ok
2008-03-11-krosznera,https://www.federalreserve.gov/newsevents/speech/kroszner20080311a.htm,clean/speeches/2008/2008-03-11-krosznera-speech.txt,ok
2008-03-14-bernankea,https://www.federalreserve.gov/newsevents/speech/bernanke20080314a.htm,clean/speeches/2008/2008-03-14-bernankea-speech.txt,ok
2008-03-27-krosznera,https://www.federalreserve.gov/newsevents/speech/kroszner20080327a.htm,clean/speeches/2008/2008-03-27-krosznera-speech.txt,ok
2008-03-27-mishkina,https://www.federalreserve.gov/newsevents/speech/mishkin20080327a.htm,clean/speeches/2008/2008-03-27-mishkina-speech.txt,ok
2008-04-03-mishkina,https://www.federalreserve.gov/newsevents/speech/mishkin20080403a.htm,clean/speeches/2008/2008-04-03-mishkina-speech.txt,ok
2008-04-04-krosznera,https://www.federalreserve.gov/newsevents/speech/kroszner20080404a.htm,clean/speeches/2008/2008-04-04-krosznera-speech.txt,ok
2008-04-07-kohna,https://www.federalreserve.gov/newsevents/speech/kohn20080407a.htm,clean/speeches/2008/2008-04-07-kohna-speech.txt,ok
2008-04-09-bernankea,https://www.federalreserve.gov/newsevents/speech/bernanke20080409a.htm,clean/speeches/2008/2008-04-09-bernankea-speech.txt,ok
2008-04-10-bernankea,https://www.federalreserve.gov/newsevents/speech/bernanke20080410a.htm,clean/speeches/2008/2008-04-10-bernankea-speech.txt,ok
2008-04-14-warsha,https://www.federalreserve.gov/newsevents/speech/warsh20080414a.htm,clean/speeches/2008/2008-04-14-warsha-speech.txt,ok
2008-04-17-kohna,https://www.federalreserve.gov/newsevents/speech/kohn20080417a.htm,clean/speeches/2008/2008-04-17-kohna-speech.txt,ok
2008-04-21-krosznera,https://www.federalreserve.gov/newsevents/speech/kroszner20080421a.htm,clean/speeches/2008/2008-04-21-krosznera-speech.txt,ok
2008-05-05-bernankea,https://www.federalreserve.gov/newsevents/speech/Bernanke20080505a.htm,clean/speeches/2008/2008-05-05-bernankea-speech.txt,ok
2008-05-07-krosznera,https://www.federalreserve.gov/newsevents/speech/kroszner20080507a.htm,clean/speeches/2008/2008-05-07-krosznera-speech.txt,ok
2008-05-14-krosznera,https://www.federalreserve.gov/newsevents/speech/kroszner20080514a.htm,clean/speeches/2008/2008-05-14-krosznera-speech.txt,ok
2008-05-15-bernankea,https://www.federalreserve.gov/newsevents/speech/bernanke20080515a.htm,clean/speeches/2008/2008-05-15-bernankea-speech.txt,ok
2008-05-15-mishkina,https://www.federalreserve.gov/newsevents/speech/mishkin20080515a.htm,clean/speeches/2008/2008-05-15-mishkina-speech.txt,ok
2008-05-20-kohna,https://www.federalreserve.gov/newsevents/speech/kohn20080520a.htm,clean/speeches/2008/2008-05-20-kohna-speech.txt,ok
2008-05-21-warsha,https://www.federalreserve.gov/newsevents/speech/warsh20080521a.htm,clean/speeches/2008/2008-05-21-warsha-speech.txt,ok
2008-05-22-krosznera,https://www.federalreserve.gov/newsevents/speech/kroszner20080522a.htm,clean/speeches/2008/2008-05-22-krosznera-speech.txt,ok
2008-05-29-kohna,https://www.federalreserve.gov/newsevents/speech/kohn20080529a.htm,clean/speeches/2008/2008-05-29-kohna-speech.txt,ok
2008-06-03-bernankea,https://www.federalreserve.gov/newsevents/speech/bernanke20080603a.htm,clean/speeches/2008/2008-06-03-bernankea-speech.txt,ok
2008-06-04-bernankea,https://www.federalreserve.gov/newsevents/speech/bernanke20080604a.htm,clean/speeches/2008/2008-06-04-bernankea-speech.txt,ok
2008-06-06-krosznera,https://www.federalreserve.gov/newsevents/speech/kroszner20080606a.htm,clean/speeches/2008/2008-06-06-krosznera-speech.txt,ok
2008-06-09-bernankea,https://www.federalreserve.gov/newsevents/speech/bernanke20080609a.htm,clean/speeches/2008/2008-06-09-bernankea-speech.txt,ok
2008-06-11-kohna,https://www.federalreserve.gov/newsevents/speech/Kohn20080611a.htm,clean/speeches/2008/2008-06-11-kohna-speech.txt,ok
2008-06-11-krosznera,https://www.federalreserve.gov/newsevents/speech/kroszner20080611a.htm,clean/speeches/2008/2008-06-11-krosznera-speech.txt,ok
2008-06-12-bernankea,https://www.federalreserve.gov/newsevents/speech/bernanke20080612a.htm,clean/speeches/2008/2008-06-12-bernankea-speech.txt,ok
2008-06-16-bernankea,https://www.federalreserve.gov/newsevents/speech/bernanke20080616a.htm,clean/speeches/2008/2008-06-16-bernankea-speech.txt,ok
2008-06-26-kohna,https://www.federalreserve.gov/newsevents/speech/kohn20080626a.htm,clean/speeches/2008/2008-06-26-kohna-speech.txt,ok
2008-07-02-mishkina,https://www.federalreserve.gov/newsevents/speech/mishkin20080702a.htm,clean/speeches/2008/2008-07-02-mishkina-speech.txt,ok
2008-07-08-bernankea,https://www.federalreserve.gov/newsevents/speech/bernanke20080708a.htm,clean/speeches/2008/2008-07-08-bernankea-speech.txt,ok
2008-07-17-krosznera,https://www.federalreserve.gov/newsevents/speech/kroszner20080717a.htm,clean/speeches/2008/2008-07-17-krosznera-speech.txt,ok
2008-07-28-mishkina,https://www.federalreserve.gov/newsevents/speech/mishkin20080728a.htm,clean/speeches/2008/2008-07-28-mishkina-speech.txt,ok
2008-07-28-warsha,https://www.federalreserve.gov/newsevents/speech/warsh20080728a.htm,clean/speeches/2008/2008-07-28-warsha-speech.txt,ok
2008-08-22-bernankea,https://www.federalreserve.gov/newsevents/speech/bernanke20080822a.htm,clean/speeches/2008/2008-08-22-bernankea-speech.txt,ok
2008-09-01-krosznera,https://www.federalreserve.gov/newsevents/speech/kroszner20080901a.htm,clean/speeches/2008/2008-09-01-krosznera-speech.txt,ok
2008-09-09-bernankea,https://www.federalreserve.gov/newsevents/speech/bernanke20080909a.htm,clean/speeches/2008/2008-09-09-bernankea-speech.txt,ok
2008-09-11-kohna,https://www.federalreserve.gov/newsevents/speech/kohn20080911a.htm,clean/speeches/2008/2008-09-11-kohna-speech.txt,ok
2008-10-07-bernankea,https://www.federalreserve.gov/newsevents/speech/bernanke20081007a.htm,clean/speeches/2008/2008-10-07-bernankea-speech.txt,ok
2008-10-14-bernankea,https://www.federalreserve.gov/newsevents/speech/bernanke20081014a.htm,clean/speeches/2008/2008-10-14-bernankea-speech.txt,ok
2008-10-15-bernankea,https://www.federalreserve.gov/newsevents/speech/bernanke20081015a.htm,clean/speeches/2008/2008-10-15-bernankea-speech.txt,ok
2008-10-15-kohna,https://www.federalreserve.gov/newsevents/speech/kohn20081015a.htm,clean/speeches/2008/2008-10-15-kohna-speech.txt,ok
2008-10-20-krosznera,https://www.federalreserve.gov/newsevents/speech/kroszner20081020a.htm,clean/speeches/2008/2008-10-20-krosznera-speech.txt,ok
2008-10-31-bernankea,https://www.federalreserve.gov/newsevents/speech/bernanke20081031a.htm,clean/speeches/2008/2008-10-31-bernankea-speech.txt,ok
2008-11-06-warsha,https://www.federalreserve.gov/newsevents/speech/warsh20081106a.htm,clean/speeches/2008/2008-11-06-warsha-speech.txt,ok
2008-11-12-kohna,https://www.federalreserve.gov/newsevents/speech/kohn20081112a.htm,clean/speeches/2008/2008-11-12-kohna-speech.txt,ok
2008-11-19-kohna,https://www.federalreserve.gov/newsevents/speech/kohn20081119a.htm,clean/speeches/2008/2008-11-19-kohna-speech.txt,ok
2008-12-01-bernankea,https://www.federalreserve.gov/newsevents/speech/bernanke20081201a.htm,clean/speeches/2008/2008-12-01-bernankea-speech.txt,ok
2008-12-03-krosznera,https://www.federalreserve.gov/newsevents/speech/kroszner20081203a.htm,clean/speeches/2008/2008-12-03-krosznera-speech.txt,ok
2008-12-04-bernankea,https://www.federalreserve.gov/newsevents/speech/bernanke20081204a.htm,clean/speeches/2008/2008-12-04-bernankea-speech.txt,ok
2008-12-04-krosznera,https://www.federalreserve.gov/newsevents/speech/kroszner20081204a.htm,clean/speeches/2008/2008-12-04-krosznera-speech.txt,ok
2008-12-08-kohna,https://www.federalreserve.gov/newsevents/speech/kohn20081208a.htm,clean/speeches/2008/2008-12-08-kohna-speech.txt,ok
2008-12-08-krosznera,https://www.federalreserve.gov/newsevents/speech/kroszner20081208a.htm,clean/speeches/2008/2008-12-08-krosznera-speech.txt,ok
2008-12-14-bernankea,https://www.federalreserve.gov/newsevents/speech/bernanke20081214a.htm,clean/speeches/2008/2008-12-14-bernankea-speech.txt,ok
2009-01-13-bernankea,https://www.federalreserve.gov/newsevents/speech/bernanke20090113a.htm,clean/speeches/2009/2009-01-13-bernankea-speech.txt,ok
2009-02-11-dukea,https://www.federalreserve.gov/newsevents/speech/duke20090211a.htm,clean/speeches/2009/2009-02-11-dukea-speech.txt,ok
2009-02-16-dukea,https://www.federalreserve.gov/newsevents/speech/duke20090216a.htm,clean/speeches/2009/2009-02-16-dukea-speech.txt,ok
2009-02-18-bernankea,https://www.federalreserve.gov/newsevents/speech/bernanke20090218a.htm,clean/speeches/2009/2009-02-18-bernankea-speech.txt,ok
2009-02-24-dukea,https://www.federalreserve.gov/newsevents/speech/duke20090224a.htm,clean/speeches/2009/2009-02-24-dukea-speech.txt,ok
2009-03-07-bernankea,https://www.federalreserve.gov/newsevents/speech/bernanke20090307a.htm,clean/speeches/2009/2009-03-07-bernankea-speech.txt,ok
2009-03-10-bernankea,https://www.federalreserve.gov/newsevents/speech/bernanke20090310a.htm,clean/speeches/2009/2009-03-10-bernankea-speech.txt,ok
2009-03-20-bernankea,https://www.federalreserve.gov/newsevents/speech/bernanke20090320a.htm,clean/speeches/2009/2009-03-20-bernankea-speech.txt,ok
2009-03-30-dukea,https://www.federalreserve.gov/newsevents/speech/duke20090330a.htm,clean/speeches/2009/2009-03-30-dukea-speech.txt,ok
2009-04-03-bernankea,https://www.federalreserve.gov/newsevents/speech/bernanke20090403a.htm,clean/speeches/2009/2009-04-03-bernankea-speech.txt,ok
2009-04-03-kohna,https://www.federalreserve.gov/newsevents/speech/kohn20090403a.htm,clean/speeches/2009/2009-04-03-kohna-speech.txt,ok
2009-04-06-warsha,https://www.federalreserve.gov/newsevents/speech/warsh20090406a.htm,clean/speeches/2009/2009-04-06-warsha-speech.txt,ok
2009-04-14-bernankea,https://www.federalreserve.gov/newsevents/speech/bernanke20090414a.htm,clean/speeches/2009/2009-04-14-bernankea-speech.txt,ok
2009-04-17-bernankea,https://www.federalreserve.gov/newsevents/speech/bernanke20090417a.htm,clean/speeches/2009/2009-04-17-bernankea-speech.txt,ok
2009-04-18-kohna,https://www.federalreserve.gov/newsevents/speech/kohn20090418a.htm,clean/speeches/2009/2009-04-18-kohna-speech.txt,ok
2009-04-20-kohna,https://www.federalreserve.gov/newsevents/speech/kohn20090420a.htm,clean/speeches/2009/2009-04-20-kohna-speech.txt,ok
2009-05-07-bernankea,https://www.federalreserve.gov/newsevents/speech/bernanke20090507a.htm,clean/speeches/2009/2009-05-07-bernankea-speech.txt,ok
2009-05-11-bernankea,https://www.federalreserve.gov/newsevents/speech/bernanke20090511a.htm,clean/speeches/2009/2009-05-11-bernankea-speech.txt,ok
2009-05-22-bernankea,https://www.federalreserve.gov/newsevents/speech/bernanke20090522a.htm,clean/speeches/2009/2009-05-22-bernankea-speech.txt,ok
2009-05-23-kohna,https://www.federalreserve.gov/newsevents/speech/kohn20090523a.htm,clean/speeches/2009/2009-05-23-kohna-speech.txt,ok
2009-06-04-bernankea,https://www.federalreserve.gov/newsevents/speech/bernanke20090604a.htm,clean/speeches/2009/2009-06-04-bernankea-speech.txt,ok
2009-06-08-tarulloa,https://www.federalreserve.gov/newsevents/speech/tarullo20090608a.htm,clean/speeches/2009/2009-06-08-tarulloa-speech.txt,ok
2009-06-10-dukea,https://www.federalreserve.gov/newsevents/speech/duke20090610a.htm,clean/speeches/2009/2009-06-10-dukea-speech.txt,ok
2009-06-15-tarulloa,https://www.federalreserve.gov/newsevents/speech/tarullo20090615a.htm,clean/speeches/2009/2009-06-15-tarulloa-speech.txt,ok
2009-06-16-dukea,https://www.federalreserve.gov/newsevents/speech/duke20090616a.htm,clean/speeches/2009/2009-06-16-dukea-speech.txt,ok
2009-06-16-warsha,https://www.federalreserve.gov/newsevents/speech/warsh20090616a.htm,clean/speeches/2009/2009-06-16-warsha-speech.txt,ok
2009-06-17-bernankea,https://www.federalreserve.gov/newsevents/speech/bernanke20090617a.htm,clean/speeches/2009/2009-06-17-bernankea-speech.txt,ok
2009-06-26-bernankea,https://www.federalreserve.gov/newsevents/speech/bernanke20090626a.htm,clean/speeches/2009/2009-06-26-bernankea-speech.txt,ok
2009-07-09-dukea,https://www.federalreserve.gov/newsevents/speech/duke20090709a.htm,clean/speeches/2009/2009-07-09-dukea-speech.txt,ok
2009-07-10-kohna,https://www.federalreserve.gov/newsevents/speech/kohn20090710a.htm,clean/speeches/2009/2009-07-10-kohna-speech.txt,ok
2009-08-21-bernankea,https://www.federalreserve.gov/newsevents/speech/bernanke20090821a.htm,clean/speeches/2009/2009-08-21-bernankea-speech.txt,ok
2009-08-21-madigana,https://www.federalreserve.gov/newsevents/speech/madigan20090821a.htm,clean/speeches/2009/2009-08-21-madigana-speech.txt,ok
2009-08-25-tarulloa,https://www.federalreserve.gov/newsevents/speech/tarullo20090825a.htm,clean/speeches/2009/2009-08-25-tarulloa-speech.txt,ok
2009-09-10-kohna,https://www.federalreserve.gov/newsevents/speech/kohn20090910a.htm,clean/speeches/2009/2009-09-10-kohna-speech.txt,ok
2009-09-14-dukea,https://www.federalreserve.gov/newsevents/speech/duke20090914a.htm,clean/speeches/2009/2009-09-14-dukea-speech.txt,ok
2009-09-25-bernankea,https://www.federalreserve.gov/newsevents/speech/bernanke20090925a.htm,clean/speeches/2009/2009-09-25-bernankea-speech.txt,ok
2009-09-25-warsha,https://www.federalreserve.gov/newsevents/speech/warsh20090925a.htm,clean/speeches/2009/2009-09-25-warsha-speech.txt,ok
2009-09-30-kohna,https://www.federalreserve.gov/newsevents/speech/kohn20090930a.htm,clean/speeches/2009/2009-09-30-kohna-speech.txt,ok
2009-10-08-bernankea,https://www.federalreserve.gov/newsevents/speech/bernanke20091008a.htm,clean/speeches/2009/2009-10-08-bernankea-speech.txt,ok
2009-10-08-tarulloa,https://www.federalreserve.gov/newsevents/speech/tarullo20091008a.htm,clean/speeches/2009/2009-10-08-tarulloa-speech.txt,ok
2009-10-09-kohna,https://www.federalreserve.gov/newsevents/speech/kohn20091009a.htm,clean/speeches/2009/2009-10-09-kohna-speech.txt,ok
2009-10-13-kohna,https://www.federalreserve.gov/newsevents/speech/kohn20091013a.htm,clean/speeches/2009/2009-10-13-kohna-speech.txt,ok
2009-10-19-bernankea,https://www.federalreserve.gov/newsevents/speech/bernanke20091019a.htm,clean/speeches/2009/2009-10-19-bernankea-speech.txt,ok
2009-10-21-tarulloa,https://www.federalreserve.gov/newsevents/speech/tarullo20091021a.htm,clean/speeches/2009/2009-10-21-tarulloa-speech.txt,ok
2009-10-23-bernankea,https://www.federalreserve.gov/newsevents/speech/bernanke20091023a.htm,clean/speeches/2009/2009-10-23-bernankea-speech.txt,ok
2009-10-23-kohna,https://www.federalreserve.gov/newsevents/speech/kohn20091023a.htm,clean/speeches/2009/2009-10-23-kohna-speech.txt,ok
2009-11-02-tarulloa,https://www.federalreserve.gov/newsevents/speech/tarullo20091102a.htm,clean/speeches/2009/2009-11-02-tarulloa-speech.txt,ok
2009-11-09-tarulloa,https://www.federalreserve.gov/newsevents/speech/tarullo20091109a.htm,clean/speeches/2009/2009-11-09-tarulloa-speech.txt,ok
2009-11-10-tarulloa,https://www.federalreserve.gov/newsevents/speech/tarullo20091110a.htm,clean/speeches/2009/2009-11-10-tarulloa-speech.txt,ok
2009-11-16-bernankea,https://www.federalreserve.gov/newsevents/speech/bernanke20091116a.htm,clean/speeches/2009/2009-11-16-bernankea-speech.txt,ok
2009-11-16-kohna,https://www.federalreserve.gov/newsevents/speech/kohn20091116a.htm,clean/speeches/2009/2009-11-16-kohna-speech.txt,ok
2009-12-07-bernankea,https://www.federalreserve.gov/newsevents/speech/bernanke20091207a.htm,clean/speeches/2009/2009-12-07-bernankea-speech.txt,ok
2009-12-09-dukea,https://www.federalreserve.gov/newsevents/speech/duke20091209a.htm,clean/speeches/2009/2009-12-09-dukea-speech.txt,ok
2009-12-10-dukea,https://www.federalreserve.gov/newsevents/speech/duke20091210a.htm,clean/speeches/2009/2009-12-10-dukea-speech.txt,ok
2010-01-03-bernankea,https://www.federalreserve.gov/newsevents/speech/bernanke20100103a.htm,clean/speeches/2010/2010-01-03-bernankea-speech.txt,ok
2010-01-03-kohna,https://www.federalreserve.gov/newsevents/speech/kohn20100103a.htm,clean/speeches/2010/2010-01-03-kohna-speech.txt,ok
2010-01-04-dukea,https://www.federalreserve.gov/newsevents/speech/duke20100104a.htm,clean/speeches/2010/2010-01-04-dukea-speech.txt,ok
2010-01-29-kohna,https://www.federalreserve.gov/newsevents/speech/kohn20100129a.htm,clean/speeches/2010/2010-01-29-kohna-speech.txt,ok
2010-02-03-bernankea,https://www.federalreserve.gov/newsevents/speech/bernanke20100203a.htm,clean/speeches/2010/2010-02-03-bernankea-speech.txt,ok
2010-02-03-warsha,https://www.federalreserve.gov/newsevents/speech/warsh20100203a.htm,clean/speeches/2010/2010-02-03-warsha-speech.txt,ok
2010-02-18-dukea,https://www.federalreserve.gov/newsevents/speech/duke20100218a.htm,clean/speeches/2010/2010-02-18-dukea-speech.txt,ok
2010-02-26-tarulloa,https://www.federalreserve.gov/newsevents/speech/tarullo20100226a.htm,clean/speeches/2010/2010-02-26-tarulloa-speech.txt,ok
2010-03-18-tarulloa,https://www.federalreserve.gov/newsevents/speech/tarullo20100318a.htm,clean/speeches/2010/2010-03-18-tarulloa-speech.txt,ok
2010-03-20-bernankea,https://www.federalreserve.gov/newsevents/speech/bernanke20100320a.htm,clean/speeches/2010/2010-03-20-bernankea-speech.txt,ok
2010-03-24-kohna,https://www.federalreserve.gov/newsevents/speech/kohn20100324a.htm,clean/speeches/2010/2010-03-24-kohna-speech.txt,ok
2010-03-26-tarulloa,https://www.federalreserve.gov/newsevents/speech/tarullo20100326a.htm,clean/speeches/2010/2010-03-26-tarulloa-speech.txt,ok
2010-03-26-warsha,https://www.federalreserve.gov/newsevents/speech/warsh20100326a.htm,clean/speeches/2010/2010-03-26-warsha-speech.txt,ok
2010-03-31-dukea,https://www.federalreserve.gov/newsevents/speech/duke20100331a.htm,clean/speeches/2010/2010-03-31-dukea-speech.txt,ok
2010-04-08-bernankea,https://www.federalreserve.gov/newsevents/speech/bernanke20100408a.htm,clean/speeches/2010/2010-04-08-bernankea-speech.txt,ok
2010-04-08-dukea,https://www.federalreserve.gov/newsevents/speech/duke20100408a.htm,clean/speeches/2010/2010-04-08-dukea-speech.txt,ok
2010-04-08-kohna,https://www.federalreserve.gov/newsevents/speech/kohn20100408a.htm,clean/speeches/2010/2010-04-08-kohna-speech.txt,ok
2010-04-08-tarulloa,https://www.federalreserve.gov/newsevents/speech/tarullo20100408a.htm,clean/speeches/2010/2010-04-08-tarulloa-speech.txt,ok
2010-04-13-bernankea,https://www.federalreserve.gov/newsevents/speech/bernanke20100413a.htm,clean/speeches/2010/2010-04-13-bernankea-speech.txt,ok
2010-04-13-tarulloa,https://www.federalreserve.gov/newsevents/speech/tarullo20100413a.htm,clean/speeches/2010/2010-04-13-tarulloa-speech.txt,ok
2010-04-19-dukea,https://www.federalreserve.gov/newsevents/speech/duke20100419a.htm,clean/speeches/2010/2010-04-19-dukea-speech.txt,ok
2010-04-21-bernankea,https://www.federalreserve.gov/newsevents/speech/bernanke20100421a.htm,clean/speeches/2010/2010-04-21-bernankea-speech.txt,ok
2010-04-27-bernankea,https://www.federalreserve.gov/newsevents/speech/bernanke20100427a.htm,clean/speeches/2010/2010-04-27-bernankea-speech.txt,ok
2010-05-01-dukea,https://www.federalreserve.gov/newsevents/speech/duke20100501a.htm,clean/speeches/2010/2010-05-01-dukea-speech.txt,ok
2010-05-06-bernankea,https://www.federalreserve.gov/newsevents/speech/bernanke20100506a.htm,clean/speeches/2010/2010-05-06-bernankea-speech.txt,ok
2010-05-08-bernankea,https://www.federalreserve.gov/newsevents/speech/bernanke20100508a.htm,clean/speeches/2010/2010-05-08-bernankea-speech.txt,ok
2010-05-11-kohna,https://www.federalreserve.gov/newsevents/speech/kohn20100511a.htm,clean/speeches/2010/2010-05-11-kohna-speech.txt,ok
2010-05-13-kohna,https://www.federalreserve.gov/newsevents/speech/kohn20100513a.htm,clean/speeches/2010/2010-05-13-kohna-speech.txt,ok
2010-05-25-bernankea,https://www.federalreserve.gov/newsevents/speech/bernanke20100525a.htm,clean/speeches/2010/2010-05-25-bernankea-speech.txt,ok
2010-05-30-bernankea,https://www.federalreserve.gov/newsevents/speech/bernanke20100530a.htm,clean/speeches/2010/2010-05-30-bernankea-speech.txt,ok
2010-06-03-bernankea,https://www.federalreserve.gov/newsevents/speech/bernanke20100603a.htm,clean/speeches/2010/2010-06-03-bernankea-speech.txt,ok
2010-06-08-dukea,https://www.federalreserve.gov/newsevents/speech/duke20100608a.htm,clean/speeches/2010/2010-06-08-dukea-speech.txt,ok
2010-06-09-bernankea,https://www.federalreserve.gov/newsevents/speech/bernanke20100609a.htm,clean/speeches/2010/2010-06-09-bernankea-speech.txt,ok
2010-06-16-bernankea,https://www.federalreserve.gov/newsevents/speech/bernanke20100616a.htm,clean/speeches/2010/2010-06-16-bernankea-speech.txt,ok
2010-06-28-warsha,https://www.federalreserve.gov/newsevents/speech/warsh20100628a.htm,clean/speeches/2010/2010-06-28-warsha-speech.txt,ok
2010-06-30-dukea,https://www.federalreserve.gov/newsevents/speech/duke20100630a.htm,clean/speeches/2010/2010-06-30-dukea-speech.txt,ok
2010-07-12-bernankea,https://www.federalreserve.gov/newsevents/speech/bernanke20100712a.htm,clean/speeches/2010/2010-07-12-bernankea-speech.txt,ok
2010-07-12-dukea,https://www.federalreserve.gov/newsevents/speech/duke20100712a.htm,clean/speeches/2010/2010-07-12-dukea-speech.txt,ok
2010-07-15-dukea,https://www.federalreserve.gov/newsevents/speech/duke20100715a.htm,clean/speeches/2010/2010-07-15-dukea-speech.txt,ok
2010-08-02-bernankea,https://www.federalreserve.gov/newsevents/speech/bernanke20100802a.htm,clean/speeches/2010/2010-08-02-bernankea-speech.txt,ok
2010-08-27-bernankea,https://www.federalreserve.gov/newsevents/speech/bernanke20100827a.htm,clean/speeches/2010/2010-08-27-bernankea-speech.txt,ok
2010-09-01-dukea,https://www.federalreserve.gov/newsevents/speech/duke20100901a.htm,clean/speeches/2010/2010-09-01-dukea-speech.txt,ok
2010-09-17-tarulloa,https://www.federalreserve.gov/newsevents/speech/tarullo20100917a.htm,clean/speeches/2010/2010-09-17-tarulloa-speech.txt,ok
2010-09-24-bernankea,https://www.federalreserve.gov/newsevents/speech/bernanke20100924a.htm,clean/speeches/2010/2010-09-24-bernankea-speech.txt,ok
2010-09-24-dukea,https://www.federalreserve.gov/newsevents/speech/duke20100924a.htm,clean/speeches/2010/2010-09-24-dukea-speech.txt,ok
2010-09-30-bernankea,https://www.federalreserve.gov/newsevents/speech/bernanke20100930a.htm,clean/speeches/2010/2010-09-30-bernankea-speech.txt,ok
2010-10-04-bernankea,https://www.federalreserve.gov/newsevents/speech/bernanke20101004a.htm,clean/speeches/2010/2010-10-04-bernankea-speech.txt,ok
2010-10-11-yellena,https://www.federalreserve.gov/newsevents/speech/yellen20101011a.htm,clean/speeches/2010/2010-10-11-yellena-speech.txt,ok
2010-10-15-bernankea,https://www.federalreserve.gov/newsevents/speech/bernanke20101015a.htm,clean/speeches/2010/2010-10-15-bernankea-speech.txt,ok
2010-10-19-bernankea,https://www.federalreserve.gov/newsevents/speech/bernanke20101019a.htm,clean/speeches/2010/2010-10-19-bernankea-speech.txt,ok
2010-10-19-dukea,https://www.federalreserve.gov/newsevents/speech/duke20101019a.htm,clean/speeches/2010/2010-10-19-dukea-speech.txt,ok
2010-10-25-bernankea,https://www.federalreserve.gov/newsevents/speech/bernanke20101025a.htm,clean/speeches/2010/2010-10-25-bernankea-speech.txt,ok
2010-11-08-warsha,https://www.federalreserve.gov/newsevents/speech/warsh20101108a.htm,clean/speeches/2010/2010-11-08-warsha-speech.txt,ok
2010-11-12-raskina,https://www.federalreserve.gov/newsevents/speech/raskin20101112a.htm,clean/speeches/2010/2010-11-12-raskina-speech.txt,ok
2010-11-12-tarulloa,https://www.federalreserve.gov/newsevents/speech/tarullo20101112a.htm,clean/speeches/2010/2010-11-12-tarulloa-speech.txt,ok
2010-11-19-bernankea,https://www.federalreserve.gov/newsevents/speech/bernanke20101119a.htm,clean/speeches/2010/2010-11-19-bernankea-speech.txt,ok
2010-11-19-bernankeb,https://www.federalreserve.gov/newsevents/speech/bernanke20101119b.htm,clean/speeches/2010/2010-11-19-bernankeb-speech.txt,ok
2010-12-01-yellena,https://www.federalreserve.gov/newsevents/speech/yellen20101201a.htm,clean/speeches/2010/2010-12-01-yellena-speech.txt,ok
2010-12-02-dukea,https://www.federalreserve.gov/newsevents/speech/duke20101202a.htm,clean/speeches/2010/2010-12-02-dukea-speech.txt,ok
2011-01-07-dukea,https://www.federalreserve.gov/newsevents/speech/duke20110107a.htm,clean/speeches/2011/2011-01-07-dukea-speech.txt,ok
2011-01-08-yellena,https://www.federalreserve.gov/newsevents/speech/yellen20110108a.htm,clean/speeches/2011/2011-01-08-yellena-speech.txt,ok
2011-02-02-dukea,https://www.federalreserve.gov/newsevents/speech/duke20110202a.htm,clean/speeches/2011/2011-02-02-dukea-speech.txt,ok
2011-02-03-bernankea,https://www.federalreserve.gov/newsevents/speech/bernanke20110203a.htm,clean/speeches/2011/2011-02-03-bernankea-speech.txt,ok
2011-02-10-bernankea,https://www.federalreserve.gov/newsevents/speech/bernanke20110210a.htm,clean/speeches/2011/2011-02-10-bernankea-speech.txt,ok
2011-02-11-raskina,https://www.federalreserve.gov/newsevents/speech/raskin20110211a.htm,clean/speeches/2011/2011-02-11-raskina-speech.txt,ok
2011-02-18-bernankea,https://www.federalreserve.gov/newsevents/speech/bernanke20110218a.htm,clean/speeches/2011/2011-02-18-bernankea-speech.txt,ok
2011-02-25-yellena,https://www.federalreserve.gov/newsevents/speech/yellen20110225a.htm,clean/speeches/2011/2011-02-25-yellena-speech.txt,ok
2011-03-02-bernankea,https://www.federalreserve.gov/newsevents/speech/bernanke20110302a.htm,clean/speeches/2011/2011-03-02-bernankea-speech.txt,ok
2011-03-04-yellena,https://www.federalreserve.gov/newsevents/speech/yellen20110304a.htm,clean/speeches/2011/2011-03-04-yellena-speech.txt,ok
2011-03-23-bernankea,https://www.federalreserve.gov/newsevents/speech/bernanke20110323a.htm,clean/speeches/2011/2011-03-23-bernankea-speech.txt,ok
2011-03-24-dukea,https://www.federalreserve.gov/newsevents/speech/duke20110324a.htm,clean/speeches/2011/2011-03-24-dukea-speech.txt,ok
2011-03-31-tarulloa,https://www.federalreserve.gov/newsevents/speech/tarullo20110331a.htm,clean/speeches/2011/2011-03-31-tarulloa-speech.txt,ok
2011-04-04-bernankea,https://www.federalreserve.gov/newsevents/speech/bernanke20110404a.htm,clean/speeches/2011/2011-04-04-bernankea-speech.txt,ok
2011-04-07-raskina,https://www.federalreserve.gov/newsevents/speech/raskin20110407a.htm,clean/speeches/2011/2011-04-07-raskina-speech.txt,ok
2011-04-11-yellena,https://www.federalreserve.gov/newsevents/speech/yellen20110411a.htm,clean/speeches/2011/2011-04-11-yellena-speech.txt,ok
2011-04-14-dukea,https://www.federalreserve.gov/newsevents/speech/duke20110414a.htm,clean/speeches/2011/2011-04-14-dukea-speech.txt,ok
2011-04-28-dukea,https://www.federalreserve.gov/newsevents/speech/duke20110428a.htm,clean/speeches/2011/2011-04-28-dukea-speech.txt,ok
2011-04-29-bernankea,https://www.federalreserve.gov/newsevents/speech/bernanke20110429a.htm,clean/speeches/2011/2011-04-29-bernankea-speech.txt,ok
2011-05-05-bernankea,https://www.federalreserve.gov/newsevents/speech/bernanke20110505a.htm,clean/speeches/2011/2011-05-05-bernankea-speech.txt,ok
2011-05-06-yellena,https://www.federalreserve.gov/newsevents/speech/yellen20110506a.htm,clean/speeches/2011/2011-05-06-yellena-speech.txt,ok
2011-05-10-dukea,https://www.federalreserve.gov/newsevents/speech/duke20110510a.htm,clean/speeches/2011/2011-05-10-dukea-speech.txt,ok
2011-05-12-bernankea,https://www.federalreserve.gov/newsevents/speech/bernanke20110512a.htm,clean/speeches/2011/2011-05-12-bernankea-speech.txt,ok
2011-05-16-bernankea,https://www.federalreserve.gov/newsevents/speech/bernanke20110516a.htm,clean/speeches/2011/2011-05-16-bernankea-speech.txt,ok
2011-05-24-dukea,https://www.federalreserve.gov/newsevents/speech/duke20110524a.htm,clean/speeches/2011/2011-05-24-dukea-speech.txt,ok
2011-06-01-yellena,https://www.federalreserve.gov/newsevents/speech/yellen20110601a.htm,clean/speeches/2011/2011-06-01-yellena-speech.txt,ok
2011-06-03-tarulloa,https://www.federalreserve.gov/newsevents/speech/tarullo20110603a.htm,clean/speeches/2011/2011-06-03-tarulloa-speech.txt,ok
2011-06-07-bernankea,https://www.federalreserve.gov/newsevents/speech/bernanke20110607a.htm,clean/speeches/2011/2011-06-07-bernankea-speech.txt,ok
2011-06-09-yellena,https://www.federalreserve.gov/newsevents/speech/yellen20110609a.htm,clean/speeches/2011/2011-06-09-yellena-speech.txt,ok
2011-06-14-bernankea,https://www.federalreserve.gov/newsevents/speech/bernanke20110614a.htm,clean/speeches/2011/2011-06-14-bernankea-speech.txt,ok
2011-06-29-raskina,https://www.federalreserve.gov/newsevents/speech/raskin20110629a.htm,clean/speeches/2011/2011-06-29-raskina-speech.txt,ok
2011-08-26-bernankea,https://www.federalreserve.gov/newsevents/speech/bernanke20110826a.htm,clean/speeches/2011/2011-08-26-bernankea-speech.txt,ok
2011-09-01-dukea,https://www.federalreserve.gov/newsevents/speech/duke20110901a.htm,clean/speeches/2011/2011-09-01-dukea-speech.txt,ok
2011-09-08-bernankea,https://www.federalreserve.gov/newsevents/speech/bernanke20110908a.htm,clean/speeches/2011/2011-09-08-bernankea-speech.txt,ok
2011-09-15-bernankea,https://www.federalreserve.gov/newsevents/speech/bernanke20110915a.htm,clean/speeches/2011/2011-09-15-bernankea-speech.txt,ok
2011-09-15-tarulloa,https://www.federalreserve.gov/newsevents/speech/tarullo20110915a.htm,clean/speeches/2011/2011-09-15-tarulloa-speech.txt,ok
2011-09-26-raskina,https://www.federalreserve.gov/newsevents/speech/raskin20110926a.htm,clean/speeches/2011/2011-09-26-raskina-speech.txt,ok
2011-09-28-bernankea,https://www.federalreserve.gov/newsevents/speech/bernanke20110928a.htm,clean/speeches/2011/2011-09-28-bernankea-speech.txt,ok
2011-10-04-raskina,https://www.federalreserve.gov/newsevents/speech/raskin20111004a.htm,clean/speeches/2011/2011-10-04-raskina-speech.txt,ok
2011-10-18-bernankea,https://www.federalreserve.gov/newsevents/speech/bernanke20111018a.htm,clean/speeches/2011/2011-10-18-bernankea-speech.txt,ok
2011-10-20-tarulloa,https://www.federalreserve.gov/newsevents/speech/tarullo20111020a.htm,clean/speeches/2011/2011-10-20-tarulloa-speech.txt,ok
2011-10-21-yellena,https://www.federalreserve.gov/newsevents/speech/yellen20111021a.htm,clean/speeches/2011/2011-10-21-yellena-speech.txt,ok
2011-10-22-dukea,https://www.federalreserve.gov/newsevents/speech/duke20111022a.htm,clean/speeches/2011/2011-10-22-dukea-speech.txt,ok
2011-11-04-tarulloa,https://www.federalreserve.gov/newsevents/speech/tarullo20111104a.htm,clean/speeches/2011/2011-11-04-tarulloa-speech.txt,ok
2011-11-09-bernankea,https://www.federalreserve.gov/newsevents/speech/bernanke20111109a.htm,clean/speeches/2011/2011-11-09-bernankea-speech.txt,ok
2011-11-09-tarulloa,https://www.federalreserve.gov/newsevents/speech/tarullo20111109a.htm,clean/speeches/2011/2011-11-09-tarulloa-speech.txt,ok
2011-11-10-bernankea,https://www.federalreserve.gov/newsevents/speech/bernanke20111110a.htm,clean/speeches/2011/2011-11-10-bernankea-speech.txt,ok
2011-11-11-yellena,https://www.federalreserve.gov/newsevents/speech/yellen20111111a.htm,clean/speeches/2011/2011-11-11-yellena-speech.txt,ok
2011-11-29-yellena,https://www.federalreserve.gov/newsevents/speech/yellen20111129a.htm,clean/speeches/2011/2011-11-29-yellena-speech.txt,ok
2012-01-06-dukea,https://www.federalreserve.gov/newsevents/speech/duke20120106a.htm,clean/speeches/2012/2012-01-06-dukea-speech.txt,ok
2012-01-06-raskina,https://www.federalreserve.gov/newsevents/speech/raskin20120106a.htm,clean/speeches/2012/2012-01-06-raskina-speech.txt,ok
2012-01-07-raskina,https://www.federalreserve.gov/newsevents/speech/raskin20120107a.htm,clean/speeches/2012/2012-01-07-raskina-speech.txt,ok
2012-01-13-dukea,https://www.federalreserve.gov/newsevents/speech/duke20120113a.htm,clean/speeches/2012/2012-01-13-dukea-speech.txt,ok
2012-01-16-dukea,https://www.federalreserve.gov/newsevents/speech/duke20120116a.htm,clean/speeches/2012/2012-01-16-dukea-speech.txt,ok
2012-02-16-bernankea,https://www.federalreserve.gov/newsevents/speech/bernanke20120216a.htm,clean/speeches/2012/2012-02-16-bernankea-speech.txt,ok
2012-03-01-raskina,https://www.federalreserve.gov/newsevents/speech/raskin20120301a.htm,clean/speeches/2012/2012-03-01-raskina-speech.txt,ok
2012-03-14-bernankea,https://www.federalreserve.gov/newsevents/speech/bernanke20120314a.htm,clean/speeches/2012/2012-03-14-bernankea-speech.txt,ok
2012-03-23-bernankea,https://www.federalreserve.gov/newsevents/speech/bernanke20120323a.htm,clean/speeches/2012/2012-03-23-bernankea-speech.txt,ok
2012-03-26-bernankea,https://www.federalreserve.gov/newsevents/speech/bernanke20120326a.htm,clean/speeches/2012/2012-03-26-bernankea-speech.txt,ok
2012-03-27-dukea,https://www.federalreserve.gov/newsevents/speech/duke20120327a.htm,clean/speeches/2012/2012-03-27-dukea-speech.txt,ok
2012-04-09-bernankea,https://www.federalreserve.gov/newsevents/speech/bernanke20120409a.htm,clean/speeches/2012/2012-04-09-bernankea-speech.txt,ok
2012-04-10-tarulloa,https://www.federalreserve.gov/newsevents/speech/tarullo20120410a.htm,clean/speeches/2012/2012-04-10-tarulloa-speech.txt,ok
2012-04-11-raskina,https://www.federalreserve.gov/newsevents/speech/raskin20120411a.htm,clean/speeches/2012/2012-04-11-raskina-speech.txt,ok
2012-04-11-yellena,https://www.federalreserve.gov/newsevents/speech/yellen20120411a.htm,clean/speeches/2012/2012-04-11-yellena-speech.txt,ok
2012-04-13-bernankea,https://www.federalreserve.gov/newsevents/speech/bernanke20120413a.htm,clean/speeches/2012/2012-04-13-bernankea-speech.txt,ok
2012-05-02-tarulloa,https://www.federalreserve.gov/newsevents/speech/tarullo20120502a.htm,clean/speeches/2012/2012-05-02-tarulloa-speech.txt,ok
2012-05-10-bernankea,https://www.federalreserve.gov/newsevents/speech/bernanke20120510a.htm,clean/speeches/2012/2012-05-10-bernankea-speech.txt,ok
2012-05-15-dukea,https://www.federalreserve.gov/newsevents/speech/duke20120515a.htm,clean/speeches/2012/2012-05-15-dukea-speech.txt,ok
2012-06-06-yellena,https://www.federalreserve.gov/newsevents/speech/yellen20120606a.htm,clean/speeches/2012/2012-06-06-yellena-speech.txt,ok
2012-06-12-tarulloa,https://www.federalreserve.gov/newsevents/speech/tarullo20120612a.htm,clean/speeches/2012/2012-06-12-tarulloa-speech.txt,ok
2012-07-20-dukea,https://www.federalreserve.gov/newsevents/speech/duke20120720a.htm,clean/speeches/2012/2012-07-20-dukea-speech.txt,ok
2012-07-23-raskina,https://www.federalreserve.gov/newsevents/speech/raskin20120723a.htm,clean/speeches/2012/2012-07-23-raskina-speech.txt,ok
2012-07-24-bernankea,https://www.federalreserve.gov/newsevents/speech/bernanke20120724a.htm,clean/speeches/2012/2012-07-24-bernankea-speech.txt,ok
2012-08-06-bernankea,https://www.federalreserve.gov/newsevents/speech/bernanke20120806a.htm,clean/speeches/2012/2012-08-06-bernankea-speech.txt,ok
2012-08-07-bernankea,https://www.federalreserve.gov/newsevents/speech/bernanke20120807a.htm,clean/speeches/2012/2012-08-07-bernankea-speech.txt,ok
2012-08-31-bernankea,https://www.federalreserve.gov/newsevents/speech/bernanke20120831a.htm,clean/speeches/2012/2012-08-31-bernankea-speech.txt,ok
2012-10-01-bernankea,https://www.federalreserve.gov/newsevents/speech/bernanke20121001a.htm,clean/speeches/2012/2012-10-01-bernankea-speech.txt,ok
2012-10-05-dukea,https://www.federalreserve.gov/newsevents/speech/duke20121005a.htm,clean/speeches/2012/2012-10-05-dukea-speech.txt,ok
2012-10-10-tarulloa,https://www.federalreserve.gov/newsevents/speech/tarullo20121010a.htm,clean/speeches/2012/2012-10-10-tarulloa-speech.txt,ok
2012-10-11-steina,https://www.federalreserve.gov/newsevents/speech/stein20121011a.htm,clean/speeches/2012/2012-10-11-steina-speech.txt,ok
2012-10-11-yellena,https://www.federalreserve.gov/newsevents/speech/yellen20121011a.htm,clean/speeches/2012/2012-10-11-yellena-speech.txt,ok
2012-10-14-bernankea,https://www.federalreserve.gov/newsevents/speech/bernanke20121014a.htm,clean/speeches/2012/2012-10-14-bernankea-speech.txt,ok
2012-11-09-dukea,https://www.federalreserve.gov/newsevents/speech/duke20121109a.htm,clean/speeches/2012/2012-11-09-dukea-speech.txt,ok
2012-11-13-yellena,https://www.federalreserve.gov/newsevents/speech/yellen20121113a.htm,clean/speeches/2012/2012-11-13-yellena-speech.txt,ok
2012-11-15-bernankea,https://www.federalreserve.gov/newsevents/speech/bernanke20121115a.htm,clean/speeches/2012/2012-11-15-bernankea-speech.txt,ok
2012-11-20-bernankea,https://www.federalreserve.gov/newsevents/speech/bernanke20121120a.htm,clean/speeches/2012/2012-11-20-bernankea-speech.txt,ok
2012-11-28-tarulloa,https://www.federalreserve.gov/newsevents/speech/tarullo20121128a.htm,clean/speeches/2012/2012-11-28-tarulloa-speech.txt,ok
2012-11-30-steina,https://www.federalreserve.gov/newsevents/speech/stein20121130a.htm,clean/speeches/2012/2012-11-30-steina-speech.txt,ok
2012-12-04-tarulloa,https://www.federalreserve.gov/newsevents/speech/tarullo20121204a.htm,clean/speeches/2012/2012-12-04-tarulloa-speech.txt,ok
2012-12-17-steina,https://www.federalreserve.gov/newsevents/speech/stein20121217a.htm,clean/speeches/2012/2012-12-17-steina-speech.txt,ok
2013-01-04-yellena,https://www.federalreserve.gov/newsevents/speech/yellen20130104a.htm,clean/speeches/2013/2013-01-04-yellena-speech.txt,ok
2013-02-05-dukea,https://www.federalreserve.gov/newsevents/speech/duke20130205a.htm,clean/speeches/2013/2013-02-05-dukea-speech.txt,ok
2013-02-07-steina,https://www.federalreserve.gov/newsevents/speech/stein20130207a.htm,clean/speeches/2013/2013-02-07-steina-speech.txt,ok
2013-02-11-yellena,https://www.federalreserve.gov/newsevents/speech/yellen20130211a.htm,clean/speeches/2013/2013-02-11-yellena-speech.txt,ok
2013-02-21-powella,https://www.federalreserve.gov/newsevents/speech/powell20130221a.htm,clean/speeches/2013/2013-02-21-powella-speech.txt,ok
2013-02-22-tarulloa,https://www.federalreserve.gov/newsevents/speech/tarullo20130222a.htm,clean/speeches/2013/2013-02-22-tarulloa-speech.txt,ok
2013-02-28-raskina,https://www.federalreserve.gov/newsevents/speech/raskin20130228a.htm,clean/speeches/2013/2013-02-28-raskina-speech.txt,ok
2013-03-01-bernankea,https://www.federalreserve.gov/newsevents/speech/bernanke20130301a.htm,clean/speeches/2013/2013-03-01-bernankea-speech.txt,ok
2013-03-02-yellena,https://www.federalreserve.gov/newsevents/speech/yellen20130302a.htm,clean/speeches/2013/2013-03-02-yellena-speech.txt,ok
2013-03-04-powella,https://www.federalreserve.gov/newsevents/speech/powell20130304a.htm,clean/speeches/2013/2013-03-04-powella-speech.txt,ok
2013-03-08-dukea,https://www.federalreserve.gov/newsevents/speech/duke20130308a.htm,clean/speeches/2013/2013-03-08-dukea-speech.txt,ok
2013-03-25-bernankea,https://www.federalreserve.gov/newsevents/speech/bernanke20130325a.htm,clean/speeches/2013/2013-03-25-bernankea-speech.txt,ok
2013-04-04-yellena,https://www.federalreserve.gov/newsevents/speech/yellen20130404a.htm,clean/speeches/2013/2013-04-04-yellena-speech.txt,ok
2013-04-08-bernankea,https://www.federalreserve.gov/newsevents/speech/bernanke20130408a.htm,clean/speeches/2013/2013-04-08-bernankea-speech.txt,ok
2013-04-12-bernankea,https://www.federalreserve.gov/newsevents/speech/bernanke20130412a.htm,clean/speeches/2013/2013-04-12-bernankea-speech.txt,ok
2013-04-16-yellena,https://www.federalreserve.gov/newsevents/speech/yellen20130416a.htm,clean/speeches/2013/2013-04-16-yellena-speech.txt,ok
2013-04-17-steina,https://www.federalreserve.gov/newsevents/speech/stein20130417a.htm,clean/speeches/2013/2013-04-17-steina-speech.txt,ok
2013-04-18-raskina,https://www.federalreserve.gov/newsevents/speech/raskin20130418a.htm,clean/speeches/2013/2013-04-18-raskina-speech.txt,ok
2013-04-19-steina,https://www.federalreserve.gov/newsevents/speech/stein20130419a.htm,clean/speeches/2013/2013-04-19-steina-speech.txt,ok
2013-05-03-tarulloa,https://www.federalreserve.gov/newsevents/speech/tarullo20130503a.htm,clean/speeches/2013/2013-05-03-tarulloa-speech.txt,ok
2013-05-09-dukea,https://www.federalreserve.gov/newsevents/speech/duke20130509a.htm,clean/speeches/2013/2013-05-09-dukea-speech.txt,ok
2013-05-10-bernankea,https://www.federalreserve.gov/newsevents/speech/bernanke20130510a.htm,clean/speeches/2013/2013-05-10-bernankea-speech.txt,ok
2013-05-16-raskina,https://www.federalreserve.gov/newsevents/speech/raskin20130516a.htm,clean/speeches/2013/2013-05-16-raskina-speech.txt,ok
2013-05-18-bernankea,https://www.federalreserve.gov/newsevents/speech/bernanke20130518a.htm,clean/speeches/2013/2013-05-18-bernankea-speech.txt,ok
2013-06-02-bernankea,https://www.federalreserve.gov/newsevents/speech/bernanke20130602a.htm,clean/speeches/2013/2013-06-02-bernankea-speech.txt,ok
2013-06-02-yellena,https://www.federalreserve.gov/newsevents/speech/yellen20130602a.htm,clean/speeches/2013/2013-06-02-yellena-speech.txt,ok
2013-06-06-raskina,https://www.federalreserve.gov/newsevents/speech/raskin20130606a.htm,clean/speeches/2013/2013-06-06-raskina-speech.txt,ok
2013-06-27-powella,https://www.federalreserve.gov/newsevents/speech/powell20130627a.htm,clean/speeches/2013/2013-06-27-powella-speech.txt,ok
2013-06-28-steina,https://www.federalreserve.gov/newsevents/speech/stein20130628a.htm,clean/speeches/2013/2013-06-28-steina-speech.txt,ok
2013-07-02-powella,https://www.federalreserve.gov/newsevents/speech/powell20130702a.htm,clean/speeches/2013/2013-07-02-powella-speech.txt,ok
2013-07-10-bernankea,https://www.federalreserve.gov/newsevents/speech/bernanke20130710a.htm,clean/speeches/2013/2013-07-10-bernankea-speech.txt,ok
2013-07-17-raskina,https://www.federalreserve.gov/newsevents/speech/raskin20130717a.htm,clean/speeches/2013/2013-07-17-raskina-speech.txt,ok
2013-09-20-tarulloa,https://www.federalreserve.gov/newsevents/speech/tarullo20130920a.htm,clean/speeches/2013/2013-09-20-tarulloa-speech.txt,ok
2013-09-26-steina,https://www.federalreserve.gov/newsevents/speech/stein20130926a.htm,clean/speeches/2013/2013-09-26-steina-speech.txt,ok
2013-10-02-bernankea,https://www.federalreserve.gov/newsevents/speech/bernanke20131002a.htm,clean/speeches/2013/2013-10-02-bernankea-speech.txt,ok
2013-10-03-powella,https://www.federalreserve.gov/newsevents/speech/powell20131003a.htm,clean/speeches/2013/2013-10-03-powella-speech.txt,ok
2013-10-04-steina,https://www.federalreserve.gov/newsevents/speech/stein20131004a.htm,clean/speeches/2013/2013-10-04-steina-speech.txt,ok
2013-10-11-powella,https://www.federalreserve.gov/newsevents/speech/powell20131011a.htm,clean/speeches/2013/2013-10-11-powella-speech.txt,ok
2013-10-14-bernankea,https://www.federalreserve.gov/newsevents/speech/bernanke20131014a.htm,clean/speeches/2013/2013-10-14-bernankea-speech.txt,ok
2013-10-18-steina,https://www.federalreserve.gov/newsevents/speech/stein20131018a.htm,clean/speeches/2013/2013-10-18-steina-speech.txt,ok
2013-10-18-tarulloa,https://www.federalreserve.gov/newsevents/speech/tarullo20131018a.htm,clean/speeches/2013/2013-10-18-tarulloa-speech.txt,ok
2013-11-04-powella,https://www.federalreserve.gov/newsevents/speech/powell20131104a.htm,clean/speeches/2013/2013-11-04-powella-speech.txt,ok
2013-11-07-steina,https://www.federalreserve.gov/newsevents/speech/stein20131107a.htm,clean/speeches/2013/2013-11-07-steina-speech.txt,ok
2013-11-08-bernankea,https://www.federalreserve.gov/newsevents/speech/bernanke20131108a.htm,clean/speeches/2013/2013-11-08-bernankea-speech.txt,ok
2013-11-13-bernankea,https://www.federalreserve.gov/newsevents/speech/bernanke20131113a.htm,clean/speeches/2013/2013-11-13-bernankea-speech.txt,ok
2013-11-14-bernankea,https://www.federalreserve.gov/newsevents/speech/bernanke20131114a.htm,clean/speeches/2013/2013-11-14-bernankea-speech.txt,ok
2013-11-19-bernankea,https://www.federalreserve.gov/newsevents/speech/bernanke20131119a.htm,clean/speeches/2013/2013-11-19-bernankea-speech.txt,ok
2013-11-21-powella,https://www.federalreserve.gov/newsevents/speech/powell20131121a.htm,clean/speeches/2013/2013-11-21-powella-speech.txt,ok
2013-11-22-tarulloa,https://www.federalreserve.gov/newsevents/speech/tarullo20131122a.htm,clean/speeches/2013/2013-11-22-tarulloa-speech.txt,ok
2013-12-16-bernankea,https://www.federalreserve.gov/newsevents/speech/bernanke20131216a.htm,clean/speeches/2013/2013-12-16-bernankea-speech.txt,ok
2013-12-16-bernankeb,https://www.federalreserve.gov/newsevents/speech/bernanke20131216b.htm,clean/speeches/2013/2013-12-16-bernankeb-speech.txt,ok
2014-01-03-bernankea,https://www.federalreserve.gov/newsevents/speech/bernanke20140103a.htm,clean/speeches/2014/2014-01-03-bernankea-speech.txt,ok
2014-01-03-steina,https://www.federalreserve.gov/newsevents/speech/stein20140103a.htm,clean/speeches/2014/2014-01-03-steina-speech.txt,ok
2014-02-25-tarulloa,https://www.federalreserve.gov/newsevents/speech/tarullo20140225a.htm,clean/speeches/2014/2014-02-25-tarulloa-speech.txt,ok
2014-02-28-steina,https://www.federalreserve.gov/newsevents/speech/stein20140228a.htm,clean/speeches/2014/2014-02-28-steina-speech.txt,ok
2014-03-05-yellena,https://www.federalreserve.gov/newsevents/speech/yellen20140305a.htm,clean/speeches/2014/2014-03-05-yellena-speech.txt,ok
2014-03-21-steina,https://www.federalreserve.gov/newsevents/speech/stein20140321a.htm,clean/speeches/2014/2014-03-21-steina-speech.txt,ok
2014-03-24-steina,https://www.federalreserve.gov/newsevents/speech/stein20140324a.htm,clean/speeches/2014/2014-03-24-steina-speech.txt,ok
2014-03-25-yellena,https://www.federalreserve.gov/newsevents/speech/yellen20140325a.htm,clean/speeches/2014/2014-03-25-yellena-speech.txt,ok
2014-03-27-tarulloa,https://www.federalreserve.gov/newsevents/speech/tarullo20140327a.htm,clean/speeches/2014/2014-03-27-tarulloa-speech.txt,ok
2014-03-31-yellena,https://www.federalreserve.gov/newsevents/speech/yellen20140331a.htm,clean/speeches/2014/2014-03-31-yellena-speech.txt,ok
2014-04-09-tarulloa,https://www.federalreserve.gov/newsevents/speech/tarullo20140409a.htm,clean/speeches/2014/2014-04-09-tarulloa-speech.txt,ok
2014-04-15-yellena,https://www.federalreserve.gov/newsevents/speech/yellen20140415a.htm,clean/speeches/2014/2014-04-15-yellena-speech.txt,ok
2014-04-16-yellena,https://www.federalreserve.gov/newsevents/speech/yellen20140416a.htm,clean/speeches/2014/2014-04-16-yellena-speech.txt,ok
2014-05-01-yellena,https://www.federalreserve.gov/newsevents/speech/yellen20140501a.htm,clean/speeches/2014/2014-05-01-yellena-speech.txt,ok
2014-05-06-steina,https://www.federalreserve.gov/newsevents/speech/stein20140506a.htm,clean/speeches/2014/2014-05-06-steina-speech.txt,ok
2014-05-08-tarulloa,https://www.federalreserve.gov/newsevents/speech/tarullo20140508a.htm,clean/speeches/2014/2014-05-08-tarulloa-speech.txt,ok
2014-05-15-yellena,https://www.federalreserve.gov/newsevents/speech/yellen20140515a.htm,clean/speeches/2014/2014-05-15-yellena-speech.txt,ok
2014-05-21-yellena,https://www.federalreserve.gov/newsevents/speech/yellen20140521a.htm,clean/speeches/2014/2014-05-21-yellena-speech.txt,ok
2014-06-06-powella,https://www.federalreserve.gov/newsevents/speech/powell20140606a.htm,clean/speeches/2014/2014-06-06-powella-speech.txt,ok
2014-06-09-tarulloa,https://www.federalreserve.gov/newsevents/speech/tarullo20140609a.htm,clean/speeches/2014/2014-06-09-tarulloa-speech.txt,ok
2014-06-25-tarulloa,https://www.federalreserve.gov/newsevents/speech/tarullo20140625a.htm,clean/speeches/2014/2014-06-25-tarulloa-speech.txt,ok
2014-07-02-yellena,https://www.federalreserve.gov/newsevents/speech/yellen20140702a.htm,clean/speeches/2014/2014-07-02-yellena-speech.txt,ok
2014-07-10-fischera,https://www.federalreserve.gov/newsevents/speech/fischer20140710a.htm,clean/speeches/2014/2014-07-10-fischera-speech.txt,ok
2014-08-11-fischera,https://www.federalreserve.gov/newsevents/speech/fischer20140811a.htm,clean/speeches/2014/2014-08-11-fischera-speech.txt,ok
2014-08-22-yellena,https://www.federalreserve.gov/newsevents/speech/yellen20140822a.htm,clean/speeches/2014/2014-08-22-yellena-speech.txt,ok
2014-09-04-powella,https://www.federalreserve.gov/newsevents/speech/powell20140904a.htm,clean/speeches/2014/2014-09-04-powella-speech.txt,ok
2014-09-18-yellena,https://www.federalreserve.gov/newsevents/speech/yellen20140918a.htm,clean/speeches/2014/2014-09-18-yellena-speech.txt,ok
2014-09-23-powella,https://www.federalreserve.gov/newsevents/speech/powell20140923a.htm,clean/speeches/2014/2014-09-23-powella-speech.txt,ok
2014-09-30-powella,https://www.federalreserve.gov/newsevents/speech/powell20140930a.htm,clean/speeches/2014/2014-09-30-powella-speech.txt,ok
2014-10-11-fischera,https://www.federalreserve.gov/newsevents/speech/fischer20141011a.htm,clean/speeches/2014/2014-10-11-fischera-speech.txt,ok
2014-10-17-yellena,https://www.federalreserve.gov/newsevents/speech/yellen20141017a.htm,clean/speeches/2014/2014-10-17-yellena-speech.txt,ok
2014-10-20-powella,https://www.federalreserve.gov/newsevents/speech/powell20141020a.htm,clean/speeches/2014/2014-10-20-powella-speech.txt,ok
2014-10-20-tarulloa,https://www.federalreserve.gov/newsevents/speech/tarullo20141020a.htm,clean/speeches/2014/2014-10-20-tarulloa-speech.txt,ok
2014-10-30-yellena,https://www.federalreserve.gov/newsevents/speech/yellen20141030a.htm,clean/speeches/2014/2014-10-30-yellena-speech.txt,ok
2014-11-06-powella,https://www.federalreserve.gov/newsevents/speech/powell20141106a.htm,clean/speeches/2014/2014-11-06-powella-speech.txt,ok
2014-11-07-tarulloa,https://www.federalreserve.gov/newsevents/speech/tarullo20141107a.htm,clean/speeches/2014/2014-11-07-tarulloa-speech.txt,ok
2014-11-07-yellena,https://www.federalreserve.gov/newsevents/speech/yellen20141107a.htm,clean/speeches/2014/2014-11-07-yellena-speech.txt,ok
2014-11-14-powella,https://www.federalreserve.gov/newsevents/speech/powell20141114a.htm,clean/speeches/2014/2014-11-14-powella-speech.txt,ok
2014-11-20-tarulloa,https://www.federalreserve.gov/newsevents/speech/tarullo20141120a.htm,clean/speeches/2014/2014-11-20-tarulloa-speech.txt,ok
2014-12-02-brainarda,https://www.federalreserve.gov/newsevents/speech/brainard20141202a.htm,clean/speeches/2014/2014-12-02-brainarda-speech.txt,ok
2014-12-03-brainarda,https://www.federalreserve.gov/newsevents/speech/brainard20141203a.htm,clean/speeches/2014/2014-12-03-brainarda-speech.txt,ok
2015-01-20-powella,https://www.federalreserve.gov/newsevents/speech/powell20150120a.htm,clean/speeches/2015/2015-01-20-powella-speech.txt,ok
2015-01-30-tarulloa,https://www.federalreserve.gov/newsevents/speech/tarullo20150130a.htm,clean/speeches/2015/2015-01-30-tarulloa-speech.txt,ok
2015-02-04-powella,https://www.federalreserve.gov/newsevents/speech/powell20150204a.htm,clean/speeches/2015/2015-02-04-powella-speech.txt,ok
2015-02-09-powella,https://www.federalreserve.gov/newsevents/speech/powell20150209a.htm,clean/speeches/2015/2015-02-09-powella-speech.txt,ok
2015-02-18-powella,https://www.federalreserve.gov/newsevents/speech/powell20150218a.htm,clean/speeches/2015/2015-02-18-powella-speech.txt,ok
2015-02-27-fischera,https://www.federalreserve.gov/newsevents/speech/fischer20150227a.htm,clean/speeches/2015/2015-02-27-fischera-speech.txt,ok
2015-03-03-yellena,https://www.federalreserve.gov/newsevents/speech/yellen20150303a.htm,clean/speeches/2015/2015-03-03-yellena-speech.txt,ok
2015-03-23-fischera,https://www.federalreserve.gov/newsevents/speech/fischer20150323a.htm,clean/speeches/2015/2015-03-23-fischera-speech.txt,ok
2015-03-27-fischera,https://www.federalreserve.gov/newsevents/speech/fischer20150327a.htm,clean/speeches/2015/2015-03-27-fischera-speech.txt,ok
2015-03-27-yellena,https://www.federalreserve.gov/newsevents/speech/yellen20150327a.htm,clean/speeches/2015/2015-03-27-yellena-speech.txt,ok
2015-03-30-fischera,https://www.federalreserve.gov/newsevents/speech/fischer20150330a.htm,clean/speeches/2015/2015-03-30-fischera-speech.txt,ok
2015-04-02-brainarda,https://www.federalreserve.gov/newsevents/speech/brainard20150402a.htm,clean/speeches/2015/2015-04-02-brainarda-speech.txt,ok
2015-04-02-yellena,https://www.federalreserve.gov/newsevents/speech/yellen20150402a.htm,clean/speeches/2015/2015-04-02-yellena-speech.txt,ok
2015-04-08-powella,https://www.federalreserve.gov/newsevents/speech/powell20150408a.htm,clean/speeches/2015/2015-04-08-powella-speech.txt,ok
2015-04-30-tarulloa,https://www.federalreserve.gov/newsevents/speech/tarullo20150430a.htm,clean/speeches/2015/2015-04-30-tarulloa-speech.txt,ok
2015-05-06-yellena,https://www.federalreserve.gov/newsevents/speech/yellen20150506a.htm,clean/speeches/2015/2015-05-06-yellena-speech.txt,ok
2015-05-14-powella,https://www.federalreserve.gov/newsevents/speech/powell20150514a.htm,clean/speeches/2015/2015-05-14-powella-speech.txt,ok
2015-05-22-yellena,https://www.federalreserve.gov/newsevents/speech/yellen20150522a.htm,clean/speeches/2015/2015-05-22-yellena-speech.txt,ok
2015-05-26-fischera,https://www.federalreserve.gov/newsevents/speech/fischer20150526a.htm,clean/speeches/2015/2015-05-26-fischera-speech.txt,ok
2015-06-01-fischera,https://www.federalreserve.gov/newsevents/speech/fischer20150601a.htm,clean/speeches/2015/2015-06-01-fischera-speech.txt,ok
2015-06-02-brainarda,https://www.federalreserve.gov/newsevents/speech/brainard20150602a.htm,clean/speeches/2015/2015-06-02-brainarda-speech.txt,ok
2015-06-24-fischera,https://www.federalreserve.gov/newsevents/speech/fischer20150624a.htm,clean/speeches/2015/2015-06-24-fischera-speech.txt,ok
2015-06-25-powella,https://www.federalreserve.gov/newsevents/speech/powell20150625a.htm,clean/speeches/2015/2015-06-25-powella-speech.txt,ok
2015-06-30-fischera,https://www.federalreserve.gov/newsevents/speech/fischer20150630a.htm,clean/speeches/2015/2015-06-30-fischera-speech.txt,ok
2015-07-01-brainarda,https://www.federalreserve.gov/newsevents/speech/brainard20150701a.htm,clean/speeches/2015/2015-07-01-brainarda-speech.txt,ok
2015-07-09-brainarda,https://www.federalreserve.gov/newsevents/speech/brainard20150709a.htm,clean/speeches/2015/2015-07-09-brainarda-speech.txt,ok
2015-07-10-yellena,https://www.federalreserve.gov/newsevents/speech/yellen20150710a.htm,clean/speeches/2015/2015-07-10-yellena-speech.txt,ok
2015-08-03-powella,https://www.federalreserve.gov/newsevents/speech/powell20150803a.htm,clean/speeches/2015/2015-08-03-powella-speech.txt,ok
2015-08-29-fischera,https://www.federalreserve.gov/newsevents/speech/fischer20150829a.htm,clean/speeches/2015/2015-08-29-fischera-speech.txt,ok
2015-09-24-yellena,https://www.federalreserve.gov/newsevents/speech/yellen20150924a.htm,clean/speeches/2015/2015-09-24-yellena-speech.txt,ok
2015-09-28-tarulloa,https://www.federalreserve.gov/newsevents/speech/tarullo20150928a.htm,clean/speeches/2015/2015-09-28-tarulloa-speech.txt,ok
2015-09-30-brainarda,https://www.federalreserve.gov/newsevents/speech/brainard20150930a.htm,clean/speeches/2015/2015-09-30-brainarda-speech.txt,ok
2015-09-30-yellena,https://www.federalreserve.gov/newsevents/speech/yellen20150930a.htm,clean/speeches/2015/2015-09-30-yellena-speech.txt,ok
2015-10-02-fischera,https://www.federalreserve.gov/newsevents/speech/fischer20151002a.htm,clean/speeches/2015/2015-10-02-fischera-speech.txt,ok
2015-10-11-fischera,https://www.federalreserve.gov/newsevents/speech/fischer20151011a.htm,clean/speeches/2015/2015-10-11-fischera-speech.txt,ok
2015-10-12-brainarda,https://www.federalreserve.gov/newsevents/speech/brainard20151012a.htm,clean/speeches/2015/2015-10-12-brainarda-speech.txt,ok
2015-10-19-brainarda,https://www.federalreserve.gov/newsevents/speech/brainard20151019a.htm,clean/speeches/2015/2015-10-19-brainarda-speech.txt,ok
2015-10-20-powella,https://www.federalreserve.gov/newsevents/speech/powell20151020a.htm,clean/speeches/2015/2015-10-20-powella-speech.txt,ok
2015-10-20-yellena,https://www.federalreserve.gov/newsevents/speech/yellen20151020a.htm,clean/speeches/2015/2015-10-20-yellena-speech.txt,ok
2015-11-04-fischera,https://www.federalreserve.gov/newsevents/speech/fischer20151104a.htm,clean/speeches/2015/2015-11-04-fischera-speech.txt,ok
2015-11-05-tarulloa,https://www.federalreserve.gov/newsevents/speech/tarullo20151105a.htm,clean/speeches/2015/2015-11-05-tarulloa-speech.txt,ok
2015-11-06-brainarda,https://www.federalreserve.gov/newsevents/speech/brainard20151106a.htm,clean/speeches/2015/2015-11-06-brainarda-speech.txt,ok
2015-11-12-fischera,https://www.federalreserve.gov/newsevents/speech/fischer20151112a.htm,clean/speeches/2015/2015-11-12-fischera-speech.txt,ok
2015-11-12-yellena,https://www.federalreserve.gov/newsevents/speech/yellen20151112a.htm,clean/speeches/2015/2015-11-12-yellena-speech.txt,ok
2015-11-17-powella,https://www.federalreserve.gov/newsevents/speech/powell20151117a.htm,clean/speeches/2015/2015-11-17-powella-speech.txt,ok
2015-11-17-tarulloa,https://www.federalreserve.gov/newsevents/speech/tarullo20151117a.htm,clean/speeches/2015/2015-11-17-tarulloa-speech.txt,ok
2015-11-19-fischera,https://www.federalreserve.gov/newsevents/speech/fischer20151119a.htm,clean/speeches/2015/2015-11-19-fischera-speech.txt,ok
2015-11-20-powella,https://www.federalreserve.gov/newsevents/speech/powell20151120a.htm,clean/speeches/2015/2015-11-20-powella-speech.txt,ok
2015-12-01-brainarda,https://www.federalreserve.gov/newsevents/speech/brainard20151201a.htm,clean/speeches/2015/2015-12-01-brainarda-speech.txt,ok
2015-12-02-tarulloa,https://www.federalreserve.gov/newsevents/speech/tarullo20151202a.htm,clean/speeches/2015/2015-12-02-tarulloa-speech.txt,ok
2015-12-02-yellena,https://www.federalreserve.gov/newsevents/speech/yellen20151202a.htm,clean/speeches/2015/2015-12-02-yellena-speech.txt,ok
2015-12-03-fischera,https://www.federalreserve.gov/newsevents/speech/fischer20151203a.htm,clean/speeches/2015/2015-12-03-fischera-speech.txt,ok
2016-01-03-fischera,https://www.federalreserve.gov/newsevents/speech/fischer20160103a.htm,clean/speeches/2016/2016-01-03-fischera-speech.txt,ok
2016-02-01-fischera,https://www.federalreserve.gov/newsevents/speech/fischer20160201a.htm,clean/speeches/2016/2016-02-01-fischera-speech.txt,ok
2016-02-10-fischera,https://www.federalreserve.gov/newsevents/speech/fischer20160210a.htm,clean/speeches/2016/2016-02-10-fischera-speech.txt,ok
2016-02-23-fischera,https://www.federalreserve.gov/newsevents/speech/fischer20160223a.htm,clean/speeches/2016/2016-02-23-fischera-speech.txt,ok
2016-02-26-brainarda,https://www.federalreserve.gov/newsevents/speech/brainard20160226a.htm,clean/speeches/2016/2016-02-26-brainarda-speech.txt,ok
2016-02-26-powella,https://www.federalreserve.gov/newsevents/speech/powell20160226a.htm,clean/speeches/2016/2016-02-26-powella-speech.txt,ok
2016-03-07-brainarda,https://www.federalreserve.gov/newsevents/speech/brainard20160307a.htm,clean/speeches/2016/2016-03-07-brainarda-speech.txt,ok
2016-03-07-fischera,https://www.federalreserve.gov/newsevents/speech/fischer20160307a.htm,clean/speeches/2016/2016-03-07-fischera-speech.txt,ok
2016-03-29-yellena,https://www.federalreserve.gov/newsevents/speech/yellen20160329a.htm,clean/speeches/2016/2016-03-29-yellena-speech.txt,ok
2016-04-14-brainarda,https://www.federalreserve.gov/newsevents/speech/brainard20160414a.htm,clean/speeches/2016/2016-04-14-brainarda-speech.txt,ok
2016-05-20-tarulloa,https://www.federalreserve.gov/newsevents/speech/tarullo20160520a.htm,clean/speeches/2016/2016-05-20-tarulloa-speech.txt,ok
2016-05-26-powella,https://www.federalreserve.gov/newsevents/speech/powell20160526a.htm,clean/speeches/2016/2016-05-26-powella-speech.txt,ok
2016-06-03-brainarda,https://www.federalreserve.gov/newsevents/speech/brainard20160603a.htm,clean/speeches/2016/2016-06-03-brainarda-speech.txt,ok
2016-06-06-yellena,https://www.federalreserve.gov/newsevents/speech/yellen20160606a.htm,clean/speeches/2016/2016-06-06-yellena-speech.txt,ok
2016-06-21-powella,https://www.federalreserve.gov/newsevents/speech/powell20160621a.htm,clean/speeches/2016/2016-06-21-powella-speech.txt,ok
2016-06-22-fischera,https://www.federalreserve.gov/newsevents/speech/fischer20160622a.htm,clean/speeches/2016/2016-06-22-fischera-speech.txt,ok
2016-06-28-powella,https://www.federalreserve.gov/newsevents/speech/powell20160628a.htm,clean/speeches/2016/2016-06-28-powella-speech.txt,ok
2016-07-12-tarulloa,https://www.federalreserve.gov/newsevents/speech/tarullo20160712a.htm,clean/speeches/2016/2016-07-12-tarulloa-speech.txt,ok
2016-08-21-fischera,https://www.federalreserve.gov/newsevents/speech/fischer20160821a.htm,clean/speeches/2016/2016-08-21-fischera-speech.txt,ok
2016-08-26-yellena,https://www.federalreserve.gov/newsevents/speech/yellen20160826a.htm,clean/speeches/2016/2016-08-26-yellena-speech.txt,ok
2016-09-12-brainarda,https://www.federalreserve.gov/newsevents/speech/brainard20160912a.htm,clean/speeches/2016/2016-09-12-brainarda-speech.txt,ok
2016-09-26-tarulloa,https://www.federalreserve.gov/newsevents/speech/tarullo20160926a.htm,clean/speeches/2016/2016-09-26-tarulloa-speech.txt,ok
2016-09-27-fischera,https://www.federalreserve.gov/newsevents/speech/fischer20160927a.htm,clean/speeches/2016/2016-09-27-fischera-speech.txt,ok
2016-09-29-powella,https://www.federalreserve.gov/newsevents/speech/powell20160929a.htm,clean/speeches/2016/2016-09-29-powella-speech.txt,ok
2016-09-29-yellena,https://www.federalreserve.gov/newsevents/speech/yellen20160929a.htm,clean/speeches/2016/2016-09-29-yellena-speech.txt,ok
2016-10-05-fischera,https://www.federalreserve.gov/newsevents/speech/fischer20161005a.htm,clean/speeches/2016/2016-10-05-fischera-speech.txt,ok
2016-10-07-brainarda,https://www.federalreserve.gov/newsevents/speech/brainard20161007a.htm,clean/speeches/2016/2016-10-07-brainarda-speech.txt,ok
2016-10-09-fischera,https://www.federalreserve.gov/newsevents/speech/fischer20161009a.htm,clean/speeches/2016/2016-10-09-fischera-speech.txt,ok
2016-10-14-yellena,https://www.federalreserve.gov/newsevents/speech/yellen20161014a.htm,clean/speeches/2016/2016-10-14-yellena-speech.txt,ok
2016-10-17-fischera,https://www.federalreserve.gov/newsevents/speech/fischer20161017a.htm,clean/speeches/2016/2016-10-17-fischera-speech.txt,ok
2016-10-21-tarulloa,https://www.federalreserve.gov/newsevents/speech/tarullo20161021a.htm,clean/speeches/2016/2016-10-21-tarulloa-speech.txt,ok
2016-11-04-fischera,https://www.federalreserve.gov/newsevents/speech/fischer20161104a.htm,clean/speeches/2016/2016-11-04-fischera-speech.txt,ok
2016-11-11-fischera,https://www.federalreserve.gov/newsevents/speech/fischer20161111a.htm,clean/speeches/2016/2016-11-11-fischera-speech.txt,ok
2016-11-15-fischera,https://www.federalreserve.gov/newsevents/speech/fischer20161115a.htm,clean/speeches/2016/2016-11-15-fischera-speech.txt,ok
2016-11-17-brainarda,https://www.federalreserve.gov/newsevents/speech/brainard20161117a.htm,clean/speeches/2016/2016-11-17-brainarda-speech.txt,ok
2016-11-18-powella,https://www.federalreserve.gov/newsevents/speech/powell20161118a.htm,clean/speeches/2016/2016-11-18-powella-speech.txt,ok
2016-11-21-fischera,https://www.federalreserve.gov/newsevents/speech/fischer20161121a.htm,clean/speeches/2016/2016-11-21-fischera-speech.txt,ok
2016-11-29-powella,https://www.federalreserve.gov/newsevents/speech/powell20161129a.htm,clean/speeches/2016/2016-11-29-powella-speech.txt,ok
2016-11-30-powella,https://www.federalreserve.gov/newsevents/speech/powell20161130a.htm,clean/speeches/2016/2016-11-30-powella-speech.txt,ok
2016-12-02-brainarda,https://www.federalreserve.gov/newsevents/speech/brainard20161202a.htm,clean/speeches/2016/2016-12-02-brainarda-speech.txt,ok
2016-12-02-tarulloa,https://www.federalreserve.gov/newsevents/speech/tarullo20161202a.htm,clean/speeches/2016/2016-12-02-tarulloa-speech.txt,ok
2016-12-19-yellena,https://www.federalreserve.gov/newsevents/speech/yellen20161219a.htm,clean/speeches/2016/2016-12-19-yellena-speech.txt,ok
2017-01-07-powella,https://www.federalreserve.gov/newsevents/speech/powell20170107a.htm,clean/speeches/2017/2017-01-07-powella-speech.txt,ok
2017-01-12-yellena,https://www.federalreserve.gov/newsevents/speech/yellen20170112a.htm,clean/speeches/2017/2017-01-12-yellena-speech.txt,ok
2017-01-17-brainarda,https://www.federalreserve.gov/newsevents/speech/brainard20170117a.htm,clean/speeches/2017/2017-01-17-brainarda-speech.txt,ok
2017-01-18-yellena,https://www.federalreserve.gov/newsevents/speech/yellen20170118a.htm,clean/speeches/2017/2017-01-18-yellena-speech.txt,ok
2017-01-19-yellena,https://www.federalreserve.gov/newsevents/speech/yellen20170119a.htm,clean/speeches/2017/2017-01-19-yellena-speech.txt,ok
2017-02-11-fischera,https://www.federalreserve.gov/newsevents/speech/fischer20170211a.htm,clean/speeches/2017/2017-02-11-fischera-speech.txt,ok
2017-02-22-powella,https://www.federalreserve.gov/newsevents/speech/powell20170222a.htm,clean/speeches/2017/2017-02-22-powella-speech.txt,ok
2017-03-01-brainarda,https://www.federalreserve.gov/newsevents/speech/brainard20170301a.htm,clean/speeches/2017/2017-03-01-brainarda-speech.txt,ok
2017-03-03-fischera,https://www.federalreserve.gov/newsevents/speech/fischer20170303a.htm,clean/speeches/2017/2017-03-03-fischera-speech.txt,ok
2017-03-03-powella,https://www.federalreserve.gov/newsevents/speech/powell20170303a.htm,clean/speeches/2017/2017-03-03-powella-speech.txt,ok
2017-03-03-yellena,https://www.federalreserve.gov/newsevents/speech/yellen20170303a.htm,clean/speeches/2017/2017-03-03-yellena-speech.txt,ok
2017-03-23-yellena,https://www.federalreserve.gov/newsevents/speech/yellen20170323a.htm,clean/speeches/2017/2017-03-23-yellena-speech.txt,ok
2017-03-28-powella,https://www.federalreserve.gov/newsevents/speech/powell20170328a.htm,clean/speeches/2017/2017-03-28-powella-speech.txt,ok
2017-03-28-yellena,https://www.federalreserve.gov/newsevents/speech/yellen20170328a.htm,clean/speeches/2017/2017-03-28-yellena-speech.txt,ok
2017-04-04-tarulloa,https://www.federalreserve.gov/newsevents/speech/tarullo20170404a.htm,clean/speeches/2017/2017-04-04-tarulloa-speech.txt,ok
2017-04-05-powella,https://www.federalreserve.gov/newsevents/speech/powell20170405a.htm,clean/speeches/2017/2017-04-05-powella-speech.txt,ok
2017-04-17-fischera,https://www.federalreserve.gov/newsevents/speech/fischer20170417a.htm,clean/speeches/2017/2017-04-17-fischera-speech.txt,ok
2017-04-19-fischera,https://www.federalreserve.gov/newsevents/speech/fischer20170419a.htm,clean/speeches/2017/2017-04-19-fischera-speech.txt,ok
2017-04-20-powella,https://www.federalreserve.gov/newsevents/speech/powell20170420a.htm,clean/speeches/2017/2017-04-20-powella-speech.txt,ok
2017-04-28-brainarda,https://www.federalreserve.gov/newsevents/speech/brainard20170428a.htm,clean/speeches/2017/2017-04-28-brainarda-speech.txt,ok
2017-05-05-fischera,https://www.federalreserve.gov/newsevents/speech/fischer20170505a.htm,clean/speeches/2017/2017-05-05-fischera-speech.txt,ok
2017-05-05-yellena,https://www.federalreserve.gov/newsevents/speech/yellen20170505a.htm,clean/speeches/2017/2017-05-05-yellena-speech.txt,ok
2017-05-22-brainarda,https://www.federalreserve.gov/newsevents/speech/brainard20170522a.htm,clean/speeches/2017/2017-05-22-brainarda-speech.txt,ok
2017-05-30-brainarda,https://www.federalreserve.gov/newsevents/speech/brainard20170530a.htm,clean/speeches/2017/2017-05-30-brainarda-speech.txt,ok
2017-06-01-powella,https://www.federalreserve.gov/newsevents/speech/powell20170601a.htm,clean/speeches/2017/2017-06-01-powella-speech.txt,ok
2017-06-20-fischera,https://www.federalreserve.gov/newsevents/speech/fischer20170620a.htm,clean/speeches/2017/2017-06-20-fischera-speech.txt,ok
2017-06-23-powella,https://www.federalreserve.gov/newsevents/speech/powell20170623a.htm,clean/speeches/2017/2017-06-23-powella-speech.txt,ok
2017-06-26-powella,https://www.federalreserve.gov/newsevents/speech/powell20170626a.htm,clean/speeches/2017/2017-06-26-powella-speech.txt,ok
2017-06-27-fischera,https://www.federalreserve.gov/newsevents/speech/fischer20170627a.htm,clean/speeches/2017/2017-06-27-fischera-speech.txt,ok
2017-07-06-fischera,https://www.federalreserve.gov/newsevents/speech/fischer20170706a.htm,clean/speeches/2017/2017-07-06-fischera-speech.txt,ok
2017-07-06-powella,https://www.federalreserve.gov/newsevents/speech/powell20170706a.htm,clean/speeches/2017/2017-07-06-powella-speech.txt,ok
2017-07-11-brainarda,https://www.federalreserve.gov/newsevents/speech/brainard20170711a.htm,clean/speeches/2017/2017-07-11-brainarda-speech.txt,ok
2017-07-13-brainarda,https://www.federalreserve.gov/newsevents/speech/brainard20170713a.htm,clean/speeches/2017/2017-07-13-brainarda-speech.txt,ok
2017-07-28-brainarda,https://www.federalreserve.gov/newsevents/speech/brainard20170728a.htm,clean/speeches/2017/2017-07-28-brainarda-speech.txt,ok
2017-07-31-fischera,https://www.federalreserve.gov/newsevents/speech/fischer20170731a.htm,clean/speeches/2017/2017-07-31-fischera-speech.txt,ok
2017-08-25-yellena,https://www.federalreserve.gov/newsevents/speech/yellen20170825a.htm,clean/speeches/2017/2017-08-25-yellena-speech.txt,ok
2017-08-30-powella,https://www.federalreserve.gov/newsevents/speech/powell20170830a.htm,clean/speeches/2017/2017-08-30-powella-speech.txt,ok
2017-09-05-brainarda,https://www.federalreserve.gov/newsevents/speech/brainard20170905a.htm,clean/speeches/2017/2017-09-05-brainarda-speech.txt,ok
2017-09-26-brainarda,https://www.federalreserve.gov/newsevents/speech/brainard20170926a.htm,clean/speeches/2017/2017-09-26-brainarda-speech.txt,ok
2017-09-26-yellena,https://www.federalreserve.gov/newsevents/speech/yellen20170926a.htm,clean/speeches/2017/2017-09-26-yellena-speech.txt,ok
2017-09-27-brainarda,https://www.federalreserve.gov/newsevents/speech/brainard20170927a.htm,clean/speeches/2017/2017-09-27-brainarda-speech.txt,ok
2017-09-28-fischera,https://www.federalreserve.gov/newsevents/speech/fischer20170928a.htm,clean/speeches/2017/2017-09-28-fischera-speech.txt,ok
2017-10-04-yellena,https://www.federalreserve.gov/newsevents/speech/yellen20171004a.htm,clean/speeches/2017/2017-10-04-yellena-speech.txt,ok
2017-10-05-powella,https://www.federalreserve.gov/newsevents/speech/powell20171005a.htm,clean/speeches/2017/2017-10-05-powella-speech.txt,ok
2017-10-12-brainarda,https://www.federalreserve.gov/newsevents/speech/brainard20171012a.htm,clean/speeches/2017/2017-10-12-brainarda-speech.txt,ok
2017-10-12-powella,https://www.federalreserve.gov/newsevents/speech/powell20171012a.htm,clean/speeches/2017/2017-10-12-powella-speech.txt,ok
2017-10-15-yellena,https://www.federalreserve.gov/newsevents/speech/yellen20171015a.htm,clean/speeches/2017/2017-10-15-yellena-speech.txt,ok
2017-10-18-powella,https://www.federalreserve.gov/newsevents/speech/powell20171018a.htm,clean/speeches/2017/2017-10-18-powella-speech.txt,ok
2017-10-20-yellena,https://www.federalreserve.gov/newsevents/speech/yellen20171020a.htm,clean/speeches/2017/2017-10-20-yellena-speech.txt,ok
2017-11-02-powella,https://www.federalreserve.gov/newsevents/speech/powell20171102a.htm,clean/speeches/2017/2017-11-02-powella-speech.txt,ok
2017-11-07-yellena,https://www.federalreserve.gov/newsevents/speech/yellen20171107a.htm,clean/speeches/2017/2017-11-07-yellena-speech.txt,ok
2017-11-15-brainarda,https://www.federalreserve.gov/newsevents/speech/brainard20171115a.htm,clean/speeches/2017/2017-11-15-brainarda-speech.txt,ok
2017-11-16-brainarda,https://www.federalreserve.gov/newsevents/speech/brainard20171116a.htm,clean/speeches/2017/2017-11-16-brainarda-speech.txt,ok
2017-11-30-quarlesa,https://www.federalreserve.gov/newsevents/speech/quarles20171130a.htm,clean/speeches/2017/2017-11-30-quarlesa-speech.txt,ok
2017-12-13-brainarda,https://www.federalreserve.gov/newsevents/speech/brainard20171213a.htm,clean/speeches/2017/2017-12-13-brainarda-speech.txt,ok
2018-01-19-quarlesa,https://www.federalreserve.gov/newsevents/speech/quarles20180119a.htm,clean/speeches/2018/2018-01-19-quarlesa-speech.txt,ok
2018-02-13-powella,https://www.federalreserve.gov/newsevents/speech/powell20180213a.htm,clean/speeches/2018/2018-02-13-powella-speech.txt,ok
2018-02-22-quarlesa,https://www.federalreserve.gov/newsevents/speech/quarles20180222a.htm,clean/speeches/2018/2018-02-22-quarlesa-speech.txt,ok
2018-02-26-quarlesa,https://www.federalreserve.gov/newsevents/speech/quarles20180226a.htm,clean/speeches/2018/2018-02-26-quarlesa-speech.txt,ok
2018-02-26-quarlesb,https://www.federalreserve.gov/newsevents/speech/quarles20180226b.htm,clean/speeches/2018/2018-02-26-quarlesb-speech.txt,ok
2018-03-05-quarlesa,https://www.federalreserve.gov/newsevents/speech/quarles20180305a.htm,clean/speeches/2018/2018-03-05-quarlesa-speech.txt,ok
2018-03-06-brainarda,https://www.federalreserve.gov/newsevents/speech/brainard20180306a.htm,clean/speeches/2018/2018-03-06-brainarda-speech.txt,ok
2018-03-26-quarlesa,https://www.federalreserve.gov/newsevents/speech/quarles20180326a.htm,clean/speeches/2018/2018-03-26-quarlesa-speech.txt,ok
2018-04-03-brainarda,https://www.federalreserve.gov/newsevents/speech/brainard20180403a.htm,clean/speeches/2018/2018-04-03-brainarda-speech.txt,ok
2018-04-06-powella,https://www.federalreserve.gov/newsevents/speech/powell20180406a.htm,clean/speeches/2018/2018-04-06-powella-speech.txt,ok
2018-04-17-brainarda,https://www.federalreserve.gov/newsevents/speech/brainard20180417a.htm,clean/speeches/2018/2018-04-17-brainarda-speech.txt,ok
2018-04-19-brainarda,https://www.federalreserve.gov/newsevents/speech/brainard20180419a.htm,clean/speeches/2018/2018-04-19-brainarda-speech.txt,ok
2018-05-04-quarlesa,https://www.federalreserve.gov/newsevents/speech/quarles20180504a.htm,clean/speeches/2018/2018-05-04-quarlesa-speech.txt,ok
2018-05-08-powella,https://www.federalreserve.gov/newsevents/speech/powell20180508a.htm,clean/speeches/2018/2018-05-08-powella-speech.txt,ok
2018-05-15-brainarda,https://www.federalreserve.gov/newsevents/speech/brainard20180515a.htm,clean/speeches/2018/2018-05-15-brainarda-speech.txt,ok
2018-05-16-quarlesa,https://www.federalreserve.gov/newsevents/speech/quarles20180516a.htm,clean/speeches/2018/2018-05-16-quarlesa-speech.txt,ok
2018-05-18-brainarda,https://www.federalreserve.gov/newsevents/speech/brainard20180518a.htm,clean/speeches/2018/2018-05-18-brainarda-speech.txt,ok
2018-05-25-powella,https://www.federalreserve.gov/newsevents/speech/powell20180525a.htm,clean/speeches/2018/2018-05-25-powella-speech.txt,ok
2018-05-31-brainarda,https://www.federalreserve.gov/newsevents/speech/brainard20180531a.htm,clean/speeches/2018/2018-05-31-brainarda-speech.txt,ok
2018-06-20-powella,https://www.federalreserve.gov/newsevents/speech/powell20180620a.htm,clean/speeches/2018/2018-06-20-powella-speech.txt,ok
2018-06-27-quarlesa,https://www.federalreserve.gov/newsevents/speech/quarles20180627a.htm,clean/speeches/2018/2018-06-27-quarlesa-speech.txt,ok
2018-07-18-quarlesa,https://www.federalreserve.gov/newsevents/speech/quarles20180718a.htm,clean/speeches/2018/2018-07-18-quarlesa-speech.txt,ok
2018-07-19-quarlesa,https://www.federalreserve.gov/newsevents/speech/quarles20180719a.htm,clean/speeches/2018/2018-07-19-quarlesa-speech.txt,ok
2018-08-24-powella,https://www.federalreserve.gov/newsevents/speech/powell20180824a.htm,clean/speeches/2018/2018-08-24-powella-speech.txt,ok
2018-09-12-brainarda,https://www.federalreserve.gov/newsevents/speech/brainard20180912a.htm,clean/speeches/2018/2018-09-12-brainarda-speech.txt,ok
2018-09-27-powella,https://www.federalreserve.gov/newsevents/speech/powell20180927a.htm,clean/speeches/2018/2018-09-27-powella-speech.txt,ok
2018-10-02-powella,https://www.federalreserve.gov/newsevents/speech/powell20181002a.htm,clean/speeches/2018/2018-10-02-powella-speech.txt,ok
2018-10-03-brainarda,https://www.federalreserve.gov/newsevents/speech/brainard20181003a.htm,clean/speeches/2018/2018-10-03-brainarda-speech.txt,ok
2018-10-04-quarlesa,https://www.federalreserve.gov/newsevents/speech/quarles20181004a.htm,clean/speeches/2018/2018-10-04-quarlesa-speech.txt,ok
2018-10-15-brainarda,https://www.federalreserve.gov/newsevents/speech/brainard20181015a.htm,clean/speeches/2018/2018-10-15-brainarda-speech.txt,ok
2018-10-17-brainarda,https://www.federalreserve.gov/newsevents/speech/brainard20181017a.htm,clean/speeches/2018/2018-10-17-brainarda-speech.txt,ok
2018-10-18-quarlesa,https://www.federalreserve.gov/newsevents/speech/quarles20181018a.htm,clean/speeches/2018/2018-10-18-quarlesa-speech.txt,ok
2018-10-25-claridaa,https://www.federalreserve.gov/newsevents/speech/clarida20181025a.htm,clean/speeches/2018/2018-10-25-claridaa-speech.txt,ok
2018-11-09-quarlesa,https://www.federalreserve.gov/newsevents/speech/quarles20181109a.htm,clean/speeches/2018/2018-11-09-quarlesa-speech.txt,ok
2018-11-13-brainarda,https://www.federalreserve.gov/newsevents/speech/brainard20181113a.htm,clean/speeches/2018/2018-11-13-brainarda-speech.txt,ok
2018-11-16-quarlesa,https://www.federalreserve.gov/newsevents/speech/quarles20181116a.htm,clean/speeches/2018/2018-11-16-quarlesa-speech.txt,ok
2018-11-27-claridaa,https://www.federalreserve.gov/newsevents/speech/clarida20181127a.htm,clean/speeches/2018/2018-11-27-claridaa-speech.txt,ok
2018-11-28-powella,https://www.federalreserve.gov/newsevents/speech/powell20181128a.htm,clean/speeches/2018/2018-11-28-powella-speech.txt,ok
2018-12-03-brainarda,https://www.federalreserve.gov/newsevents/speech/brainard20181203a.htm,clean/speeches/2018/2018-12-03-brainarda-speech.txt,ok
2018-12-03-brainardb,https://www.federalreserve.gov/newsevents/speech/brainard20181203b.htm,clean/speeches/2018/2018-12-03-brainardb-speech.txt,ok
2018-12-03-powella,https://www.federalreserve.gov/newsevents/speech/powell20181203a.htm,clean/speeches/2018/2018-12-03-powella-speech.txt,ok
2018-12-05-quarlesa,https://www.federalreserve.gov/newsevents/speech/quarles20181205a.htm,clean/speeches/2018/2018-12-05-quarlesa-speech.txt,ok
2018-12-06-powella,https://www.federalreserve.gov/newsevents/speech/powell20181206a.htm,clean/speeches/2018/2018-12-06-powella-speech.txt,ok
2018-12-07-brainarda,https://www.federalreserve.gov/newsevents/speech/brainard20181207a.htm,clean/speeches/2018/2018-12-07-brainarda-speech.txt,ok
2019-01-09-quarlesa,https://www.federalreserve.gov/newsevents/speech/quarles20190109a.htm,clean/speeches/2019/2019-01-09-quarlesa-speech.txt,ok
2019-01-10-claridaa,https://www.federalreserve.gov/newsevents/speech/clarida20190110a.htm,clean/speeches/2019/2019-01-10-claridaa-speech.txt,ok
2019-02-01-brainarda,https://www.federalreserve.gov/newsevents/speech/brainard20190201a.htm,clean/speeches/2019/2019-02-01-brainarda-speech.txt,ok
2019-02-06-powella,https://www.federalreserve.gov/newsevents/speech/powell20190206a.htm,clean/speeches/2019/2019-02-06-powella-speech.txt,ok
2019-02-06-quarlesa,https://www.federalreserve.gov/newsevents/speech/quarles20190206a.htm,clean/speeches/2019/2019-02-06-quarlesa-speech.txt,ok
2019-02-10-quarlesa,https://www.federalreserve.gov/newsevents/speech/quarles20190210a.htm,clean/speeches/2019/2019-02-10-quarlesa-speech.txt,ok
2019-02-11-bowmana,https://www.federalreserve.gov/newsevents/speech/bowman20190211a.htm,clean/speeches/2019/2019-02-11-bowmana-speech.txt,ok
2019-02-12-powella,https://www.federalreserve.gov/newsevents/speech/powell20190212a.htm,clean/speeches/2019/2019-02-12-powella-speech.txt,ok
2019-02-22-claridaa,https://www.federalreserve.gov/newsevents/speech/clarida20190222a.htm,clean/speeches/2019/2019-02-22-claridaa-speech.txt,ok
2019-02-22-quarlesa,https://www.federalreserve.gov/newsevents/speech/quarles20190222a.htm,clean/speeches/2019/2019-02-22-quarlesa-speech.txt,ok
2019-02-23-brainarda,https://www.federalreserve.gov/newsevents/speech/brainard20190223a.htm,clean/speeches/2019/2019-02-23-brainarda-speech.txt,ok
2019-02-28-claridaa,https://www.federalreserve.gov/newsevents/speech/clarida20190228a.htm,clean/speeches/2019/2019-02-28-claridaa-speech.txt,ok
2019-02-28-powellb,https://www.federalreserve.gov/newsevents/speech/powell20190228b.htm,clean/speeches/2019/2019-02-28-powellb-speech.txt,ok
2019-03-07-brainarda,https://www.federalreserve.gov/newsevents/speech/brainard20190307a.htm,clean/speeches/2019/2019-03-07-brainarda-speech.txt,ok
2019-03-08-powella,https://www.federalreserve.gov/newsevents/speech/powell20190308a.htm,clean/speeches/2019/2019-03-08-powella-speech.txt,ok
2019-03-11-powella,https://www.federalreserve.gov/newsevents/speech/powell20190311a.htm,clean/speeches/2019/2019-03-11-powella-speech.txt,ok
2019-03-12-brainarda,https://www.federalreserve.gov/newsevents/speech/brainard20190312a.htm,clean/speeches/2019/2019-03-12-brainarda-speech.txt,ok
2019-03-25-bowmana,https://www.federalreserve.gov/newsevents/speech/bowman20190325a.htm,clean/speeches/2019/2019-03-25-bowmana-speech.txt,ok
2019-03-28-bowmana,https://www.federalreserve.gov/newsevents/speech/bowman20190328a.htm,clean/speeches/2019/2019-03-28-bowmana-speech.txt,ok
2019-03-28-claridaa,https://www.federalreserve.gov/newsevents/speech/clarida20190328a.htm,clean/speeches/2019/2019-03-28-claridaa-speech.txt,ok
2019-03-28-quarlesa,https://www.federalreserve.gov/newsevents/speech/quarles20190328a.htm,clean/speeches/2019/2019-03-28-quarlesa-speech.txt,ok
2019-03-29-quarlesa,https://www.federalreserve.gov/newsevents/speech/quarles20190329a.htm,clean/speeches/2019/2019-03-29-quarlesa-speech.txt,ok
2019-04-02-bowmana,https://www.federalreserve.gov/newsevents/speech/bowman20190402a.htm,clean/speeches/2019/2019-04-02-bowmana-speech.txt,ok
2019-04-02-quarlesa,https://www.federalreserve.gov/newsevents/speech/quarles20190402a.htm,clean/speeches/2019/2019-04-02-quarlesa-speech.txt,ok
2019-04-09-claridaa,https://www.federalreserve.gov/newsevents/speech/clarida20190409a.htm,clean/speeches/2019/2019-04-09-claridaa-speech.txt,ok
2019-04-10-quarlesa,https://www.federalreserve.gov/newsevents/speech/quarles20190410a.htm,clean/speeches/2019/2019-04-10-quarlesa-speech.txt,ok
2019-04-11-bowmana,https://www.federalreserve.gov/newsevents/speech/bowman20190411a.htm,clean/speeches/2019/2019-04-11-bowmana-speech.txt,ok
2019-04-11-claridaa,https://www.federalreserve.gov/newsevents/speech/clarida20190411a.htm,clean/speeches/2019/2019-04-11-claridaa-speech.txt,ok
2019-05-03-claridaa,https://www.federalreserve.gov/newsevents/speech/clarida20190503a.htm,clean/speeches/2019/2019-05-03-claridaa-speech.txt,ok
2019-05-08-brainarda,https://www.federalreserve.gov/newsevents/speech/brainard20190508a.htm,clean/speeches/2019/2019-05-08-brainarda-speech.txt,ok
2019-05-09-powella,https://www.federalreserve.gov/newsevents/speech/powell20190509a.htm,clean/speeches/2019/2019-05-09-powella-speech.txt,ok
2019-05-10-brainarda,https://www.federalreserve.gov/newsevents/speech/brainard20190510a.htm,clean/speeches/2019/2019-05-10-brainarda-speech.txt,ok
2019-05-13-claridaa,https://www.federalreserve.gov/newsevents/speech/clarida20190513a.htm,clean/speeches/2019/2019-05-13-claridaa-speech.txt,ok
2019-05-16-brainarda,https://www.federalreserve.gov/newsevents/speech/brainard20190516a.htm,clean/speeches/2019/2019-05-16-brainarda-speech.txt,ok
2019-05-17-claridaa,https://www.federalreserve.gov/newsevents/speech/clarida20190517a.htm,clean/speeches/2019/2019-05-17-claridaa-speech.txt,ok
2019-05-20-claridaa,https://www.federalreserve.gov/newsevents/speech/clarida20190520a.htm,clean/speeches/2019/2019-05-20-claridaa-speech.txt,ok
2019-05-20-powella,https://www.federalreserve.gov/newsevents/speech/powell20190520a.htm,clean/speeches/2019/2019-05-20-powella-speech.txt,ok
2019-05-30-claridaa,https://www.federalreserve.gov/newsevents/speech/clarida20190530a.htm,clean/speeches/2019/2019-05-30-claridaa-speech.txt,ok
2019-05-30-quarlesa,https://www.federalreserve.gov/newsevents/speech/quarles20190530a.htm,clean/speeches/2019/2019-05-30-quarlesa-speech.txt,ok
2019-06-03-quarlesa,https://www.federalreserve.gov/newsevents/speech/quarles20190603a.htm,clean/speeches/2019/2019-06-03-quarlesa-speech.txt,ok
2019-06-04-powella,https://www.federalreserve.gov/newsevents/speech/powell20190604a.htm,clean/speeches/2019/2019-06-04-powella-speech.txt,ok
2019-06-05-claridaa,https://www.federalreserve.gov/newsevents/speech/clarida20190605a.htm,clean/speeches/2019/2019-06-05-claridaa-speech.txt,ok
2019-06-21-brainarda,https://www.federalreserve.gov/newsevents/speech/brainard20190621a.htm,clean/speeches/2019/2019-06-21-brainarda-speech.txt,ok
2019-06-25-bowmana,https://www.federalreserve.gov/newsevents/speech/bowman20190625a.htm,clean/speeches/2019/2019-06-25-bowmana-speech.txt,ok
2019-06-25-powella,https://www.federalreserve.gov/newsevents/speech/powell20190625a.htm,clean/speeches/2019/2019-06-25-powella-speech.txt,ok
2019-07-01-claridaa,https://www.federalreserve.gov/newsevents/speech/clarida20190701a.htm,clean/speeches/2019/2019-07-01-claridaa-speech.txt,ok
2019-07-09-powella,https://www.federalreserve.gov/newsevents/speech/powell20190709a.htm,clean/speeches/2019/2019-07-09-powella-speech.txt,ok
2019-07-09-quarlesa,https://www.federalreserve.gov/newsevents/speech/quarles20190709a.htm,clean/speeches/2019/2019-07-09-quarlesa-speech.txt,ok
2019-07-11-brainarda,https://www.federalreserve.gov/newsevents/speech/brainard20190711a.htm,clean/speeches/2019/2019-07-11-brainarda-speech.txt,ok
2019-07-16-powella,https://www.federalreserve.gov/newsevents/speech/powell20190716a.htm,clean/speeches/2019/2019-07-16-powella-speech.txt,ok
2019-08-05-brainarda,https://www.federalreserve.gov/newsevents/speech/brainard20190805a.htm,clean/speeches/2019/2019-08-05-brainarda-speech.txt,ok
2019-08-20-quarlesa,https://www.federalreserve.gov/newsevents/speech/quarles20190820a.htm,clean/speeches/2019/2019-08-20-quarlesa-speech.txt,ok
2019-08-23-powella,https://www.federalreserve.gov/newsevents/speech/powell20190823a.htm,clean/speeches/2019/2019-08-23-powella-speech.txt,ok
2019-09-04-bowmana,https://www.federalreserve.gov/newsevents/speech/bowman20190904a.htm,clean/speeches/2019/2019-09-04-bowmana-speech.txt,ok
2019-09-05-quarlesa,https://www.federalreserve.gov/newsevents/speech/quarles20190905a.htm,clean/speeches/2019/2019-09-05-quarlesa-speech.txt,ok
2019-09-26-claridaa,https://www.federalreserve.gov/newsevents/speech/clarida20190926a.htm,clean/speeches/2019/2019-09-26-claridaa-speech.txt,ok
2019-09-26-quarlesa,https://www.federalreserve.gov/newsevents/speech/quarles20190926a.htm,clean/speeches/2019/2019-09-26-quarlesa-speech.txt,ok
2019-09-27-quarlesa,https://www.federalreserve.gov/newsevents/speech/quarles20190927a.htm,clean/speeches/2019/2019-09-27-quarlesa-speech.txt,ok
2019-10-01-bowmana,https://www.federalreserve.gov/newsevents/speech/bowman20191001a.htm,clean/speeches/2019/2019-10-01-bowmana-speech.txt,ok
2019-10-01-claridaa,https://www.federalreserve.gov/newsevents/speech/clarida20191001a.htm,clean/speeches/2019/2019-10-01-claridaa-speech.txt,ok
2019-10-03-quarlesa,https://www.federalreserve.gov/newsevents/speech/quarles20191003a.htm,clean/speeches/2019/2019-10-03-quarlesa-speech.txt,ok
2019-10-04-powella,https://www.federalreserve.gov/newsevents/speech/powell20191004a.htm,clean/speeches/2019/2019-10-04-powella-speech.txt,ok
2019-10-07-powella,https://www.federalreserve.gov/newsevents/speech/powell20191007a.htm,clean/speeches/2019/2019-10-07-powella-speech.txt,ok
2019-10-08-powella,https://www.federalreserve.gov/newsevents/speech/powell20191008a.htm,clean/speeches/2019/2019-10-08-powella-speech.txt,ok
2019-10-09-powella,https://www.federalreserve.gov/newsevents/speech/powell20191009a.htm,clean/speeches/2019/2019-10-09-powella-speech.txt,ok
2019-10-16-brainarda,https://www.federalreserve.gov/newsevents/speech/brainard20191016a.htm,clean/speeches/2019/2019-10-16-brainarda-speech.txt,ok
2019-10-17-bowmana,https://www.federalreserve.gov/newsevents/speech/bowman20191017a.htm,clean/speeches/2019/2019-10-17-bowmana-speech.txt,ok
2019-10-18-claridaa,https://www.federalreserve.gov/newsevents/speech/clarida20191018a.htm,clean/speeches/2019/2019-10-18-claridaa-speech.txt,ok
2019-10-21-bowmana,https://www.federalreserve.gov/newsevents/speech/bowman20191021a.htm,clean/speeches/2019/2019-10-21-bowmana-speech.txt,ok
2019-11-01-claridaa,https://www.federalreserve.gov/newsevents/speech/clarida20191101a.htm,clean/speeches/2019/2019-11-01-claridaa-speech.txt,ok
2019-11-01-quarlesa,https://www.federalreserve.gov/newsevents/speech/quarles20191101a.htm,clean/speeches/2019/2019-11-01-quarlesa-speech.txt,ok
2019-11-08-brainarda,https://www.federalreserve.gov/newsevents/speech/brainard20191108a.htm,clean/speeches/2019/2019-11-08-brainarda-speech.txt,ok
2019-11-12-claridaa,https://www.federalreserve.gov/newsevents/speech/clarida20191112a.htm,clean/speeches/2019/2019-11-12-claridaa-speech.txt,ok
2019-11-14-claridaa,https://www.federalreserve.gov/newsevents/speech/clarida20191114a.htm,clean/speeches/2019/2019-11-14-claridaa-speech.txt,ok
2019-11-14-quarlesa,https://www.federalreserve.gov/newsevents/speech/quarles20191114a.htm,clean/speeches/2019/2019-11-14-quarlesa-speech.txt,ok
2019-11-25-powella,https://www.federalreserve.gov/newsevents/speech/powell20191125a.htm,clean/speeches/2019/2019-11-25-powella-speech.txt,ok
2019-11-26-brainarda,https://www.federalreserve.gov/newsevents/speech/brainard20191126a.htm,clean/speeches/2019/2019-11-26-brainarda-speech.txt,ok
2019-12-18-brainarda,https://www.federalreserve.gov/newsevents/speech/brainard20191218a.htm,clean/speeches/2019/2019-12-18-brainarda-speech.txt,ok
2020-01-08-brainarda,https://www.federalreserve.gov/newsevents/speech/brainard20200108a.htm,clean/speeches/2020/2020-01-08-brainarda-speech.txt,ok
2020-01-09-claridaa,https://www.federalreserve.gov/newsevents/speech/clarida20200109a.htm,clean/speeches/2020/2020-01-09-claridaa-speech.txt,ok
2020-01-16-bowmana,https://www.federalreserve.gov/newsevents/speech/bowman20200116a.htm,clean/speeches/2020/2020-01-16-bowmana-speech.txt,ok
2020-01-17-quarlesa,https://www.federalreserve.gov/newsevents/speech/quarles20200117a.htm,clean/speeches/2020/2020-01-17-quarlesa-speech.txt,ok
2020-02-05-brainarda,https://www.federalreserve.gov/newsevents/speech/brainard20200205a.htm,clean/speeches/2020/2020-02-05-brainarda-speech.txt,ok
2020-02-06-quarlesa,https://www.federalreserve.gov/newsevents/speech/quarles20200206a.htm,clean/speeches/2020/2020-02-06-quarlesa-speech.txt,ok
2020-02-10-bowmana,https://www.federalreserve.gov/newsevents/speech/bowman20200210a.htm,clean/speeches/2020/2020-02-10-bowmana-speech.txt,ok
2020-02-11-quarlesa,https://www.federalreserve.gov/newsevents/speech/quarles20200211a.htm,clean/speeches/2020/2020-02-11-quarlesa-speech.txt,ok
2020-02-21-brainarda,https://www.federalreserve.gov/newsevents/speech/brainard20200221a.htm,clean/speeches/2020/2020-02-21-brainarda-speech.txt,ok
2020-02-21-claridaa,https://www.federalreserve.gov/newsevents/speech/clarida20200221a.htm,clean/speeches/2020/2020-02-21-claridaa-speech.txt,ok
2020-02-25-claridaa,https://www.federalreserve.gov/newsevents/speech/clarida20200225a.htm,clean/speeches/2020/2020-02-25-claridaa-speech.txt,ok
2020-02-27-bowmana,https://www.federalreserve.gov/newsevents/speech/bowman20200227a.htm,clean/speeches/2020/2020-02-27-bowmana-speech.txt,ok
2020-04-09-powella,https://www.federalreserve.gov/newsevents/speech/powell20200409a.htm,clean/speeches/2020/2020-04-09-powella-speech.txt,ok
2020-05-05-brainarda,https://www.federalreserve.gov/newsevents/speech/brainard20200505a.htm,clean/speeches/2020/2020-05-05-brainarda-speech.txt,ok
2020-05-13-powella,https://www.federalreserve.gov/newsevents/speech/powell20200513a.htm,clean/speeches/2020/2020-05-13-powella-speech.txt,ok
2020-05-21-brainarda,https://www.federalreserve.gov/newsevents/speech/brainard20200521a.htm,clean/speeches/2020/2020-05-21-brainarda-speech.txt,ok
2020-05-21-claridaa,https://www.federalreserve.gov/newsevents/speech/clarida20200521a.htm,clean/speeches/2020/2020-05-21-claridaa-speech.txt,ok
2020-05-21-powella,https://www.federalreserve.gov/newsevents/speech/powell20200521a.htm,clean/speeches/2020/2020-05-21-powella-speech.txt,ok
2020-06-16-claridaa,https://www.federalreserve.gov/newsevents/speech/clarida20200616a.htm,clean/speeches/2020/2020-06-16-claridaa-speech.txt,ok
2020-06-19-powella,https://www.federalreserve.gov/newsevents/speech/powell20200619a.htm,clean/speeches/2020/2020-06-19-powella-speech.txt,ok
2020-06-19-quarlesa,https://www.federalreserve.gov/newsevents/speech/quarles20200619a.htm,clean/speeches/2020/2020-06-19-quarlesa-speech.txt,ok
2020-07-07-quarlesa,https://www.federalreserve.gov/newsevents/speech/quarles20200707a.htm,clean/speeches/2020/2020-07-07-quarlesa-speech.txt,ok
2020-07-14-brainarda,https://www.federalreserve.gov/newsevents/speech/brainard20200714a.htm,clean/speeches/2020/2020-07-14-brainarda-speech.txt,ok
2020-08-06-brainarda,https://www.federalreserve.gov/newsevents/speech/brainard20200806a.htm,clean/speeches/2020/2020-08-06-brainarda-speech.txt,ok
2020-08-13-brainarda,https://www.federalreserve.gov/newsevents/speech/brainard20200813a.htm,clean/speeches/2020/2020-08-13-brainarda-speech.txt,ok
2020-08-19-bowmana,https://www.federalreserve.gov/newsevents/speech/bowman20200819a.htm,clean/speeches/2020/2020-08-19-bowmana-speech.txt,ok
2020-08-26-bowmana,https://www.federalreserve.gov/newsevents/speech/bowman20200826a.htm,clean/speeches/2020/2020-08-26-bowmana-speech.txt,ok
2020-08-27-powella,https://www.federalreserve.gov/newsevents/speech/powell20200827a.htm,clean/speeches/2020/2020-08-27-powella-speech.txt,ok
2020-08-31-claridaa,https://www.federalreserve.gov/newsevents/speech/clarida20200831a.htm,clean/speeches/2020/2020-08-31-claridaa-speech.txt,ok
2020-09-01-brainarda,https://www.federalreserve.gov/newsevents/speech/brainard20200901a.htm,clean/speeches/2020/2020-09-01-brainarda-speech.txt,ok
2020-09-21-brainarda,https://www.federalreserve.gov/newsevents/speech/brainard20200921a.htm,clean/speeches/2020/2020-09-21-brainarda-speech.txt,ok
2020-09-23-quarlesa,https://www.federalreserve.gov/newsevents/speech/quarles20200923a.htm,clean/speeches/2020/2020-09-23-quarlesa-speech.txt,ok
2020-09-30-bowmana,https://www.federalreserve.gov/newsevents/speech/bowman20200930a.htm,clean/speeches/2020/2020-09-30-bowmana-speech.txt,ok
2020-10-01-bowmana,https://www.federalreserve.gov/newsevents/speech/bowman20201001a.htm,clean/speeches/2020/2020-10-01-bowmana-speech.txt,ok
2020-10-01-brainarda,https://www.federalreserve.gov/newsevents/speech/brainard20201001a.htm,clean/speeches/2020/2020-10-01-brainarda-speech.txt,ok
2020-10-06-powella,https://www.federalreserve.gov/newsevents/speech/powell20201006a.htm,clean/speeches/2020/2020-10-06-powella-speech.txt,ok
2020-10-14-claridaa,https://www.federalreserve.gov/newsevents/speech/clarida20201014a.htm,clean/speeches/2020/2020-10-14-claridaa-speech.txt,ok
2020-10-14-quarlesa,https://www.federalreserve.gov/newsevents/speech/quarles20201014a.htm,clean/speeches/2020/2020-10-14-quarlesa-speech.txt,ok
2020-10-15-brainarda,https://www.federalreserve.gov/newsevents/speech/brainard20201015a.htm,clean/speeches/2020/2020-10-15-brainarda-speech.txt,ok
2020-10-15-quarlesa,https://www.federalreserve.gov/newsevents/speech/quarles20201015a.htm,clean/speeches/2020/2020-10-15-quarlesa-speech.txt,ok
2020-10-19-claridaa,https://www.federalreserve.gov/newsevents/speech/clarida20201019a.htm,clean/speeches/2020/2020-10-19-claridaa-speech.txt,ok
2020-10-20-brainarda,https://www.federalreserve.gov/newsevents/speech/brainard20201020a.htm,clean/speeches/2020/2020-10-20-brainarda-speech.txt,ok
2020-10-20-quarlesa,https://www.federalreserve.gov/newsevents/speech/quarles20201020a.htm,clean/speeches/2020/2020-10-20-quarlesa-speech.txt,ok
2020-10-21-brainarda,https://www.federalreserve.gov/newsevents/speech/brainard20201021a.htm,clean/speeches/2020/2020-10-21-brainarda-speech.txt,ok
2020-11-10-brainarda,https://www.federalreserve.gov/newsevents/speech/brainard20201110a.htm,clean/speeches/2020/2020-11-10-brainarda-speech.txt,ok
2020-11-16-claridaa,https://www.federalreserve.gov/newsevents/speech/clarida20201116a.htm,clean/speeches/2020/2020-11-16-claridaa-speech.txt,ok
2020-11-17-brainarda,https://www.federalreserve.gov/newsevents/speech/brainard20201117a.htm,clean/speeches/2020/2020-11-17-brainarda-speech.txt,ok
2020-11-19-bowmana,https://www.federalreserve.gov/newsevents/speech/bowman20201119a.htm,clean/speeches/2020/2020-11-19-bowmana-speech.txt,ok
2020-12-01-brainarda,https://www.federalreserve.gov/newsevents/speech/brainard20201201a.htm,clean/speeches/2020/2020-12-01-brainarda-speech.txt,ok
2020-12-04-bowmana,https://www.federalreserve.gov/newsevents/speech/bowman20201204a.htm,clean/speeches/2020/2020-12-04-bowmana-speech.txt,ok
2020-12-11-quarlesa,https://www.federalreserve.gov/newsevents/speech/quarles20201211a.htm,clean/speeches/2020/2020-12-11-quarlesa-speech.txt,ok
2020-12-17-brainarda,https://www.federalreserve.gov/newsevents/speech/brainard20201217a.htm,clean/speeches/2020/2020-12-17-brainarda-speech.txt,ok
2020-12-18-brainarda,https://www.federalreserve.gov/newsevents/speech/brainard20201218a.htm,clean/speeches/2020/2020-12-18-brainarda-speech.txt,ok
2021-01-08-claridaa,https://www.federalreserve.gov/newsevents/speech/clarida20210108a.htm,clean/speeches/2021/2021-01-08-claridaa-speech.txt,ok
2021-01-12-brainarda,https://www.federalreserve.gov/newsevents/speech/brainard20210112a.htm,clean/speeches/2021/2021-01-12-brainarda-speech.txt,ok
2021-01-13-brainarda,https://www.federalreserve.gov/newsevents/speech/brainard20210113a.htm,clean/speeches/2021/2021-01-13-brainarda-speech.txt,ok
2021-01-13-claridaa,https://www.federalreserve.gov/newsevents/speech/clarida20210113a.htm,clean/speeches/2021/2021-01-13-claridaa-speech.txt,ok
2021-02-10-powella,https://www.federalreserve.gov/newsevents/speech/powell20210210a.htm,clean/speeches/2021/2021-02-10-powella-speech.txt,ok
2021-02-16-bowmana,https://www.federalreserve.gov/newsevents/speech/bowman20210216a.htm,clean/speeches/2021/2021-02-16-bowmana-speech.txt,ok
2021-02-18-brainarda,https://www.federalreserve.gov/newsevents/speech/brainard20210218a.htm,clean/speeches/2021/2021-02-18-brainarda-speech.txt,ok
2021-02-22-bowmana,https://www.federalreserve.gov/newsevents/speech/bowman20210222a.htm,clean/speeches/2021/2021-02-22-bowmana-speech.txt,ok
2021-02-24-brainarda,https://www.federalreserve.gov/newsevents/speech/brainard20210224a.htm,clean/speeches/2021/2021-02-24-brainarda-speech.txt,ok
2021-02-24-claridaa,https://www.federalreserve.gov/newsevents/speech/clarida20210224a.htm,clean/speeches/2021/2021-02-24-claridaa-speech.txt,ok
2021-02-25-quarlesa,https://www.federalreserve.gov/newsevents/speech/quarles20210225a.htm,clean/speeches/2021/2021-02-25-quarlesa-speech.txt,ok
2021-03-01-brainarda,https://www.federalreserve.gov/newsevents/speech/brainard20210301a.htm,clean/speeches/2021/2021-03-01-brainarda-speech.txt,ok
2021-03-02-brainarda,https://www.federalreserve.gov/newsevents/speech/brainard20210302a.htm,clean/speeches/2021/2021-03-02-brainarda-speech.txt,ok
2021-03-18-powella,https://www.federalreserve.gov/newsevents/speech/powell20210318a.htm,clean/speeches/2021/2021-03-18-powella-speech.txt,ok
2021-03-22-bowmana,https://www.federalreserve.gov/newsevents/speech/bowman20210322a.htm,clean/speeches/2021/2021-03-22-bowmana-speech.txt,ok
2021-03-22-quarlesa,https://www.federalreserve.gov/newsevents/speech/quarles20210322a.htm,clean/speeches/2021/2021-03-22-quarlesa-speech.txt,ok
2021-03-23-brainarda,https://www.federalreserve.gov/newsevents/speech/brainard20210323a.htm,clean/speeches/2021/2021-03-23-brainarda-speech.txt,ok
2021-03-23-brainardb,https://www.federalreserve.gov/newsevents/speech/brainard20210323b.htm,clean/speeches/2021/2021-03-23-brainardb-speech.txt,ok
2021-03-25-claridaa,https://www.federalreserve.gov/newsevents/speech/clarida20210325a.htm,clean/speeches/2021/2021-03-25-claridaa-speech.txt,ok
2021-03-29-wallera,https://www.federalreserve.gov/newsevents/speech/waller20210329a.htm,clean/speeches/2021/2021-03-29-wallera-speech.txt,ok
2021-03-30-quarlesa,https://www.federalreserve.gov/newsevents/speech/quarles20210330a.htm,clean/speeches/2021/2021-03-30-quarlesa-speech.txt,ok
2021-04-14-claridaa,https://www.federalreserve.gov/newsevents/speech/clarida20210414a.htm,clean/speeches/2021/2021-04-14-claridaa-speech.txt,ok
2021-05-03-powella,https://www.federalreserve.gov/newsevents/speech/powell20210503a.htm,clean/speeches/2021/2021-05-03-powella-speech.txt,ok
2021-05-05-bowmana,https://www.federalreserve.gov/newsevents/speech/bowman20210505a.htm,clean/speeches/2021/2021-05-05-bowmana-speech.txt,ok
2021-05-11-brainarda,https://www.federalreserve.gov/newsevents/speech/brainard20210511a.htm,clean/speeches/2021/2021-05-11-brainarda-speech.txt,ok
2021-05-12-claridaa,https://www.federalreserve.gov/newsevents/speech/clarida20210512a.htm,clean/speeches/2021/2021-05-12-claridaa-speech.txt,ok
2021-05-13-wallera,https://www.federalreserve.gov/newsevents/speech/waller20210513a.htm,clean/speeches/2021/2021-05-13-wallera-speech.txt,ok
2021-05-17-claridaa,https://www.federalreserve.gov/newsevents/speech/clarida20210517a.htm,clean/speeches/2021/2021-05-17-claridaa-speech.txt,ok
2021-05-24-brainarda,https://www.federalreserve.gov/newsevents/speech/brainard20210524a.htm,clean/speeches/2021/2021-05-24-brainarda-speech.txt,ok
2021-05-26-quarlesa,https://www.federalreserve.gov/newsevents/speech/quarles20210526a.htm,clean/speeches/2021/2021-05-26-quarlesa-speech.txt,ok
2021-05-26-quarlesb,https://www.federalreserve.gov/newsevents/speech/quarles20210526b.htm,clean/speeches/2021/2021-05-26-quarlesb-speech.txt,ok
2021-06-01-brainarda,https://www.federalreserve.gov/newsevents/speech/brainard20210601a.htm,clean/speeches/2021/2021-06-01-brainarda-speech.txt,ok
2021-06-03-quarlesa,https://www.federalreserve.gov/newsevents/speech/quarles20210603a.htm,clean/speeches/2021/2021-06-03-quarlesa-speech.txt,ok
2021-06-23-bowmana,https://www.federalreserve.gov/newsevents/speech/bowman20210623a.htm,clean/speeches/2021/2021-06-23-bowmana-speech.txt,ok
2021-06-28-quarlesa,https://www.federalreserve.gov/newsevents/speech/quarles20210628a.htm,clean/speeches/2021/2021-06-28-quarlesa-speech.txt,ok
2021-07-11-quarlesa,https://www.federalreserve.gov/newsevents/speech/quarles20210711a.htm,clean/speeches/2021/2021-07-11-quarlesa-speech.txt,ok
2021-07-30-brainarda,https://www.federalreserve.gov/newsevents/speech/brainard20210730a.htm,clean/speeches/2021/2021-07-30-brainarda-speech.txt,ok
2021-08-03-bowmana,https://www.federalreserve.gov/newsevents/speech/bowman20210803a.htm,clean/speeches/2021/2021-08-03-bowmana-speech.txt,ok
2021-08-04-claridaa,https://www.federalreserve.gov/newsevents/speech/clarida20210804a.htm,clean/speeches/2021/2021-08-04-claridaa-speech.txt,ok
2021-08-05-wallera,https://www.federalreserve.gov/newsevents/speech/waller20210805a.htm,clean/speeches/2021/2021-08-05-wallera-speech.txt,ok
2021-08-17-powella,https://www.federalreserve.gov/newsevents/speech/powell20210817a.htm,clean/speeches/2021/2021-08-17-powella-speech.txt,ok
2021-08-27-powella,https://www.federalreserve.gov/newsevents/speech/powell20210827a.htm,clean/speeches/2021/2021-08-27-powella-speech.txt,ok
2021-09-09-bowmana,https://www.federalreserve.gov/newsevents/speech/bowman20210909a.htm,clean/speeches/2021/2021-09-09-bowmana-speech.txt,ok
2021-09-24-powella,https://www.federalreserve.gov/newsevents/speech/powell20210924a.htm,clean/speeches/2021/2021-09-24-powella-speech.txt,ok
2021-09-27-brainarda,https://www.federalreserve.gov/newsevents/speech/brainard20210927a.htm,clean/speeches/2021/2021-09-27-brainarda-speech.txt,ok
2021-09-28-bowmana,https://www.federalreserve.gov/newsevents/speech/bowman20210928a.htm,clean/speeches/2021/2021-09-28-bowmana-speech.txt,ok
2021-10-05-quarlesa,https://www.federalreserve.gov/newsevents/speech/quarles20211005a.htm,clean/speeches/2021/2021-10-05-quarlesa-speech.txt,ok
2021-10-07-brainarda,https://www.federalreserve.gov/newsevents/speech/brainard20211007a.htm,clean/speeches/2021/2021-10-07-brainarda-speech.txt,ok
2021-10-12-claridaa,https://www.federalreserve.gov/newsevents/speech/clarida20211012a.htm,clean/speeches/2021/2021-10-12-claridaa-speech.txt,ok
2021-10-13-bowmana,https://www.federalreserve.gov/newsevents/speech/bowman20211013a.htm,clean/speeches/2021/2021-10-13-bowmana-speech.txt,ok
2021-10-13-brainarda,https://www.federalreserve.gov/newsevents/speech/brainard20211013a.htm,clean/speeches/2021/2021-10-13-brainarda-speech.txt,ok
2021-10-18-quarlesa,https://www.federalreserve.gov/newsevents/speech/quarles20211018a.htm,clean/speeches/2021/2021-10-18-quarlesa-speech.txt,ok
2021-10-19-bowmana,https://www.federalreserve.gov/newsevents/speech/bowman20211019a.htm,clean/speeches/2021/2021-10-19-bowmana-speech.txt,ok
2021-10-19-wallera,https://www.federalreserve.gov/newsevents/speech/waller20211019a.htm,clean/speeches/2021/2021-10-19-wallera-speech.txt,ok
2021-10-20-quarlesa,https://www.federalreserve.gov/newsevents/speech/quarles20211020a.htm,clean/speeches/2021/2021-10-20-quarlesa-speech.txt,ok
2021-10-22-bowmana,https://www.federalreserve.gov/newsevents/speech/bowman20211022a.htm,clean/speeches/2021/2021-10-22-bowmana-speech.txt,ok
2021-11-08-bowmana,https://www.federalreserve.gov/newsevents/speech/bowman20211108a.htm,clean/speeches/2021/2021-11-08-bowmana-speech.txt,ok
2021-11-08-claridaa,https://www.federalreserve.gov/newsevents/speech/clarida20211108a.htm,clean/speeches/2021/2021-11-08-claridaa-speech.txt,ok
2021-11-08-powella,https://www.federalreserve.gov/newsevents/speech/powell20211108a.htm,clean/speeches/2021/2021-11-08-powella-speech.txt,ok
2021-11-09-powella,https://www.federalreserve.gov/newsevents/speech/powell20211109a.htm,clean/speeches/2021/2021-11-09-powella-speech.txt,ok
2021-11-17-wallera,https://www.federalreserve.gov/newsevents/speech/waller20211117a.htm,clean/speeches/2021/2021-11-17-wallera-speech.txt,ok
2021-11-19-claridaa,https://www.federalreserve.gov/newsevents/speech/clarida20211119a.htm,clean/speeches/2021/2021-11-19-claridaa-speech.txt,ok
2021-11-19-wallera,https://www.federalreserve.gov/newsevents/speech/waller20211119a.htm,clean/speeches/2021/2021-11-19-wallera-speech.txt,ok
2021-11-29-bowmana,https://www.federalreserve.gov/newsevents/speech/bowman20211129a.htm,clean/speeches/2021/2021-11-29-bowmana-speech.txt,ok
2021-11-29-powella,https://www.federalreserve.gov/newsevents/speech/powell20211129a.htm,clean/speeches/2021/2021-11-29-powella-speech.txt,ok
2021-11-30-claridaa,https://www.federalreserve.gov/newsevents/speech/clarida20211130a.htm,clean/speeches/2021/2021-11-30-claridaa-speech.txt,ok
2021-12-02-quarlesa,https://www.federalreserve.gov/newsevents/speech/quarles20211202a.htm,clean/speeches/2021/2021-12-02-quarlesa-speech.txt,ok
2021-12-17-wallera,https://www.federalreserve.gov/newsevents/speech/waller20211217a.htm,clean/speeches/2021/2021-12-17-wallera-speech.txt,ok
2022-02-18-brainarda,https://www.federalreserve.gov/newsevents/speech/brainard20220218a.htm,clean/speeches/2022/2022-02-18-brainarda-speech.txt,ok
2022-02-18-wallera,https://www.federalreserve.gov/newsevents/speech/waller20220218a.htm,clean/speeches/2022/2022-02-18-wallera-speech.txt,ok
2022-02-21-bowmana,https://www.federalreserve.gov/newsevents/speech/bowman20220221a.htm,clean/speeches/2022/2022-02-21-bowmana-speech.txt,ok
2022-02-24-wallera,https://www.federalreserve.gov/newsevents/speech/waller20220224a.htm,clean/speeches/2022/2022-02-24-wallera-speech.txt,ok
2022-03-18-bowmana,https://www.federalreserve.gov/newsevents/speech/bowman20220318a.htm,clean/speeches/2022/2022-03-18-bowmana-speech.txt,ok
2022-03-21-powella,https://www.federalreserve.gov/newsevents/speech/powell20220321a.htm,clean/speeches/2022/2022-03-21-powella-speech.txt,ok
2022-03-24-wallera,https://www.federalreserve.gov/newsevents/speech/waller20220324a.htm,clean/speeches/2022/2022-03-24-wallera-speech.txt,ok
2022-04-05-brainarda,https://www.federalreserve.gov/newsevents/speech/brainard20220405a.htm,clean/speeches/2022/2022-04-05-brainarda-speech.txt,ok
2022-05-06-wallera,https://www.federalreserve.gov/newsevents/speech/waller20220506a.htm,clean/speeches/2022/2022-05-06-wallera-speech.txt,ok
2022-05-24-powella,https://www.federalreserve.gov/newsevents/speech/powell20220524a.htm,clean/speeches/2022/2022-05-24-powella-speech.txt,ok
2022-05-25-brainarda,https://www.federalreserve.gov/newsevents/speech/brainard20220525a.htm,clean/speeches/2022/2022-05-25-brainarda-speech.txt,ok
2022-05-30-wallera,https://www.federalreserve.gov/newsevents/speech/waller20220530a.htm,clean/speeches/2022/2022-05-30-wallera-speech.txt,ok
2022-06-03-wallera,https://www.federalreserve.gov/newsevents/speech/waller20220603a.htm,clean/speeches/2022/2022-06-03-wallera-speech.txt,ok
2022-06-17-powella,https://www.federalreserve.gov/newsevents/speech/powell20220617a.htm,clean/speeches/2022/2022-06-17-powella-speech.txt,ok
2022-06-18-wallera,https://www.federalreserve.gov/newsevents/speech/waller20220618a.htm,clean/speeches/2022/2022-06-18-wallera-speech.txt,ok
2022-06-23-bowmana,https://www.federalreserve.gov/newsevents/speech/bowman20220623a.htm,clean/speeches/2022/2022-06-23-bowmana-speech.txt,ok
2022-07-08-brainarda,https://www.federalreserve.gov/newsevents/speech/brainard20220708a.htm,clean/speeches/2022/2022-07-08-brainarda-speech.txt,ok
2022-07-14-wallera,https://www.federalreserve.gov/newsevents/speech/waller20220714a.htm,clean/speeches/2022/2022-07-14-wallera-speech.txt,ok
2022-07-19-brainarda,https://www.federalreserve.gov/newsevents/speech/brainard20220719a.htm,clean/speeches/2022/2022-07-19-brainarda-speech.txt,ok
2022-08-06-bowmana,https://www.federalreserve.gov/newsevents/speech/bowman20220806a.htm,clean/speeches/2022/2022-08-06-bowmana-speech.txt,ok
2022-08-17-bowmana,https://www.federalreserve.gov/newsevents/speech/bowman20220817a.htm,clean/speeches/2022/2022-08-17-bowmana-speech.txt,ok
2022-08-17-bowmanb,https://www.federalreserve.gov/newsevents/speech/bowman20220817b.htm,clean/speeches/2022/2022-08-17-bowmanb-speech.txt,ok
2022-08-26-powella,https://www.federalreserve.gov/newsevents/speech/powell20220826a.htm,clean/speeches/2022/2022-08-26-powella-speech.txt,ok
2022-08-29-brainarda,https://www.federalreserve.gov/newsevents/speech/brainard20220829a.htm,clean/speeches/2022/2022-08-29-brainarda-speech.txt,ok
2022-09-07-barra,https://www.federalreserve.gov/newsevents/speech/barr20220907a.htm,clean/speeches/2022/2022-09-07-barra-speech.txt,ok
2022-09-07-brainarda,https://www.federalreserve.gov/newsevents/speech/brainard20220907a.htm,clean/speeches/2022/2022-09-07-brainarda-speech.txt,ok
2022-09-09-wallera,https://www.federalreserve.gov/newsevents/speech/waller20220909a.htm,clean/speeches/2022/2022-09-09-wallera-speech.txt,ok
2022-09-28-bowmana,https://www.federalreserve.gov/newsevents/speech/bowman20220928a.htm,clean/speeches/2022/2022-09-28-bowmana-speech.txt,ok
2022-09-28-powella,https://www.federalreserve.gov/newsevents/speech/powell20220928a.htm,clean/speeches/2022/2022-09-28-powella-speech.txt,ok
2022-09-30-bowmana,https://www.federalreserve.gov/newsevents/speech/bowman20220930a.htm,clean/speeches/2022/2022-09-30-bowmana-speech.txt,ok
2022-09-30-brainarda,https://www.federalreserve.gov/newsevents/speech/brainard20220930a.htm,clean/speeches/2022/2022-09-30-brainarda-speech.txt,ok
2022-10-04-jeffersona,https://www.federalreserve.gov/newsevents/speech/jefferson20221004a.htm,clean/speeches/2022/2022-10-04-jeffersona-speech.txt,ok
2022-10-06-cooka,https://www.federalreserve.gov/newsevents/speech/cook20221006a.htm,clean/speeches/2022/2022-10-06-cooka-speech.txt,ok
2022-10-06-wallera,https://www.federalreserve.gov/newsevents/speech/waller20221006a.htm,clean/speeches/2022/2022-10-06-wallera-speech.txt,ok
2022-10-10-brainarda,https://www.federalreserve.gov/newsevents/speech/brainard20221010a.htm,clean/speeches/2022/2022-10-10-brainarda-speech.txt,ok
2022-10-12-barra,https://www.federalreserve.gov/newsevents/speech/barr20221012a.htm,clean/speeches/2022/2022-10-12-barra-speech.txt,ok
2022-10-12-bowmana,https://www.federalreserve.gov/newsevents/speech/bowman20221012a.htm,clean/speeches/2022/2022-10-12-bowmana-speech.txt,ok
2022-10-14-wallera,https://www.federalreserve.gov/newsevents/speech/waller20221014a.htm,clean/speeches/2022/2022-10-14-wallera-speech.txt,ok
2022-10-20-bowmana,https://www.federalreserve.gov/newsevents/speech/bowman20221020a.htm,clean/speeches/2022/2022-10-20-bowmana-speech.txt,ok
2022-11-16-wallera,https://www.federalreserve.gov/newsevents/speech/waller20221116a.htm,clean/speeches/2022/2022-11-16-wallera-speech.txt,ok
2022-11-17-bowmana,https://www.federalreserve.gov/newsevents/speech/bowman20221117a.htm,clean/speeches/2022/2022-11-17-bowmana-speech.txt,ok
2022-11-17-jeffersona,https://www.federalreserve.gov/newsevents/speech/jefferson20221117a.htm,clean/speeches/2022/2022-11-17-jeffersona-speech.txt,ok
2022-11-28-brainarda,https://www.federalreserve.gov/newsevents/speech/brainard20221128a.htm,clean/speeches/2022/2022-11-28-brainarda-speech.txt,ok
2022-11-30-cooka,https://www.federalreserve.gov/newsevents/speech/cook20221130a.htm,clean/speeches/2022/2022-11-30-cooka-speech.txt,ok
2022-11-30-powella,https://www.federalreserve.gov/newsevents/speech/powell20221130a.htm,clean/speeches/2022/2022-11-30-powella-speech.txt,ok
2022-12-01-barra,https://www.federalreserve.gov/newsevents/speech/barr20221201a.htm,clean/speeches/2022/2022-12-01-barra-speech.txt,ok
2023-01-06-cooka,https://www.federalreserve.gov/newsevents/speech/cook20230106a.htm,clean/speeches/2023/2023-01-06-cooka-speech.txt,ok
2023-01-10-bowmana,https://www.federalreserve.gov/newsevents/speech/bowman20230110a.htm,clean/speeches/2023/2023-01-10-bowmana-speech.txt,ok
2023-01-10-powella,https://www.federalreserve.gov/newsevents/speech/powell20230110a.htm,clean/speeches/2023/2023-01-10-powella-speech.txt,ok
2023-01-19-brainarda,https://www.federalreserve.gov/newsevents/speech/brainard20230119a.htm,clean/speeches/2023/2023-01-19-brainarda-speech.txt,ok
2023-01-20-wallera,https://www.federalreserve.gov/newsevents/speech/waller20230120a.htm,clean/speeches/2023/2023-01-20-wallera-speech.txt,ok
2023-01-21-cooka,https://www.federalreserve.gov/newsevents/speech/cook20230121a.htm,clean/speeches/2023/2023-01-21-cooka-speech.txt,ok
2023-02-07-barra,https://www.federalreserve.gov/newsevents/speech/barr20230207a.htm,clean/speeches/2023/2023-02-07-barra-speech.txt,ok
2023-02-08-wallera,https://www.federalreserve.gov/newsevents/speech/waller20230208a.htm,clean/speeches/2023/2023-02-08-wallera-speech.txt,ok
2023-02-10-wallera,https://www.federalreserve.gov/newsevents/speech/waller20230210a.htm,clean/speeches/2023/2023-02-10-wallera-speech.txt,ok
2023-02-13-bowmana,https://www.federalreserve.gov/newsevents/speech/bowman20230213a.htm,clean/speeches/2023/2023-02-13-bowmana-speech.txt,ok
2023-02-15-bowmana,https://www.federalreserve.gov/newsevents/speech/bowman20230215a.htm,clean/speeches/2023/2023-02-15-bowmana-speech.txt,ok
2023-02-16-cooka,https://www.federalreserve.gov/newsevents/speech/cook20230216a.htm,clean/speeches/2023/2023-02-16-cooka-speech.txt,ok
2023-02-24-jeffersona,https://www.federalreserve.gov/newsevents/speech/jefferson20230224a.htm,clean/speeches/2023/2023-02-24-jeffersona-speech.txt,ok
2023-02-27-jeffersona,https://www.federalreserve.gov/newsevents/speech/jefferson20230227a.htm,clean/speeches/2023/2023-02-27-jeffersona-speech.txt,ok
2023-03-02-wallera,https://www.federalreserve.gov/newsevents/speech/waller20230302a.htm,clean/speeches/2023/2023-03-02-wallera-speech.txt,ok
2023-03-03-bowmana,https://www.federalreserve.gov/newsevents/speech/bowman20230303a.htm,clean/speeches/2023/2023-03-03-bowmana-speech.txt,ok
2023-03-09-barra,https://www.federalreserve.gov/newsevents/speech/barr20230309a.htm,clean/speeches/2023/2023-03-09-barra-speech.txt,ok
2023-03-14-bowmana,https://www.federalreserve.gov/newsevents/speech/bowman20230314a.htm,clean/speeches/2023/2023-03-14-bowmana-speech.txt,ok
2023-03-27-jeffersona,https://www.federalreserve.gov/newsevents/speech/jefferson20230327a.htm,clean/speeches/2023/2023-03-27-jeffersona-speech.txt,ok
2023-03-29-barra,https://www.federalreserve.gov/newsevents/speech/barr20230329a.htm,clean/speeches/2023/2023-03-29-barra-speech.txt,ok
2023-03-31-cooka,https://www.federalreserve.gov/newsevents/speech/cook20230331a.htm,clean/speeches/2023/2023-03-31-cooka-speech.txt,ok
2023-03-31-wallera,https://www.federalreserve.gov/newsevents/speech/waller20230331a.htm,clean/speeches/2023/2023-03-31-wallera-speech.txt,ok
2023-04-04-cooka,https://www.federalreserve.gov/newsevents/speech/cook20230404a.htm,clean/speeches/2023/2023-04-04-cooka-speech.txt,ok
2023-04-14-bowmana,https://www.federalreserve.gov/newsevents/speech/bowman20230414a.htm,clean/speeches/2023/2023-04-14-bowmana-speech.txt,ok
2023-04-14-wallera,https://www.federalreserve.gov/newsevents/speech/waller20230414a.htm,clean/speeches/2023/2023-04-14-wallera-speech.txt,ok
2023-04-18-bowmana,https://www.federalreserve.gov/newsevents/speech/bowman20230418a.htm,clean/speeches/2023/2023-04-18-bowmana-speech.txt,ok
2023-04-20-bowmana,https://www.federalreserve.gov/newsevents/speech/bowman20230420a.htm,clean/speeches/2023/2023-04-20-bowmana-speech.txt,ok
2023-04-20-wallera,https://www.federalreserve.gov/newsevents/speech/waller20230420a.htm,clean/speeches/2023/2023-04-20-wallera-speech.txt,ok
2023-04-21-cooka,https://www.federalreserve.gov/newsevents/speech/cook20230421a.htm,clean/speeches/2023/2023-04-21-cooka-speech.txt,ok
2023-05-05-cooka,https://www.federalreserve.gov/newsevents/speech/cook20230505a.htm,clean/speeches/2023/2023-05-05-cooka-speech.txt,ok
2023-05-11-wallera,https://www.federalreserve.gov/newsevents/speech/waller20230511a.htm,clean/speeches/2023/2023-05-11-wallera-speech.txt,ok
2023-05-12-bowmana,https://www.federalreserve.gov/newsevents/speech/bowman20230512a.htm,clean/speeches/2023/2023-05-12-bowmana-speech.txt,ok
2023-05-12-jeffersona,https://www.federalreserve.gov/newsevents/speech/jefferson20230512a.htm,clean/speeches/2023/2023-05-12-jeffersona-speech.txt,ok
2023-05-13-cooka,https://www.federalreserve.gov/newsevents/speech/cook20230513a.htm,clean/speeches/2023/2023-05-13-cooka-speech.txt,ok
2023-05-15-cooka,https://www.federalreserve.gov/newsevents/speech/cook20230515a.htm,clean/speeches/2023/2023-05-15-cooka-speech.txt,ok
2023-05-18-jeffersona,https://www.federalreserve.gov/newsevents/speech/jefferson20230518a.htm,clean/speeches/2023/2023-05-18-jeffersona-speech.txt,ok
2023-05-19-bowmana,https://www.federalreserve.gov/newsevents/speech/bowman20230519a.htm,clean/speeches/2023/2023-05-19-bowmana-speech.txt,ok
2023-05-24-wallera,https://www.federalreserve.gov/newsevents/speech/waller20230524a.htm,clean/speeches/2023/2023-05-24-wallera-speech.txt,ok
2023-05-31-bowmana,https://www.federalreserve.gov/newsevents/speech/bowman20230531a.htm,clean/speeches/2023/2023-05-31-bowmana-speech.txt,ok
2023-05-31-jeffersona,https://www.federalreserve.gov/newsevents/speech/jefferson20230531a.htm,clean/speeches/2023/2023-05-31-jeffersona-speech.txt,ok
2023-06-16-wallera,https://www.federalreserve.gov/newsevents/speech/waller20230616a.htm,clean/speeches/2023/2023-06-16-wallera-speech.txt,ok
2023-06-22-bowmana,https://www.federalreserve.gov/newsevents/speech/bowman20230622a.htm,clean/speeches/2023/2023-06-22-bowmana-speech.txt,ok
2023-06-22-wallera,https://www.federalreserve.gov/newsevents/speech/waller20230622a.htm,clean/speeches/2023/2023-06-22-wallera-speech.txt,ok
2023-06-25-bowmana,https://www.federalreserve.gov/newsevents/speech/bowman20230625a.htm,clean/speeches/2023/2023-06-25-bowmana-speech.txt,ok
2023-06-29-powella,https://www.federalreserve.gov/newsevents/speech/powell20230629a.htm,clean/speeches/2023/2023-06-29-powella-speech.txt,ok
2023-07-10-barra,https://www.federalreserve.gov/newsevents/speech/barr20230710a.htm,clean/speeches/2023/2023-07-10-barra-speech.txt,ok
2023-07-13-wallera,https://www.federalreserve.gov/newsevents/speech/waller20230713a.htm,clean/speeches/2023/2023-07-13-wallera-speech.txt,ok
2023-07-18-barra,https://www.federalreserve.gov/newsevents/speech/barr20230718a.htm,clean/speeches/2023/2023-07-18-barra-speech.txt,ok
2023-08-05-bowmana,https://www.federalreserve.gov/newsevents/speech/bowman20230805a.htm,clean/speeches/2023/2023-08-05-bowmana-speech.txt,ok
2023-08-07-bowmana,https://www.federalreserve.gov/newsevents/speech/bowman20230807a.htm,clean/speeches/2023/2023-08-07-bowmana-speech.txt,ok
2023-08-22-bowmana,https://www.federalreserve.gov/newsevents/speech/bowman20230822a.htm,clean/speeches/2023/2023-08-22-bowmana-speech.txt,ok
2023-08-25-powella,https://www.federalreserve.gov/newsevents/speech/powell20230825a.htm,clean/speeches/2023/2023-08-25-powella-speech.txt,ok
2023-09-08-barra,https://www.federalreserve.gov/newsevents/speech/barr20230908a.htm,clean/speeches/2023/2023-09-08-barra-speech.txt,ok
2023-09-22-bowmana,https://www.federalreserve.gov/newsevents/speech/bowman20230922a.htm,clean/speeches/2023/2023-09-22-bowmana-speech.txt,ok
2023-09-22-cooka,https://www.federalreserve.gov/newsevents/speech/cook20230922a.htm,clean/speeches/2023/2023-09-22-cooka-speech.txt,ok
2023-09-26-bowmana,https://www.federalreserve.gov/newsevents/speech/bowman20230926a.htm,clean/speeches/2023/2023-09-26-bowmana-speech.txt,ok
2023-09-27-bowmana,https://www.federalreserve.gov/newsevents/speech/bowman20230927a.htm,clean/speeches/2023/2023-09-27-bowmana-speech.txt,ok
2023-09-28-cooka,https://www.federalreserve.gov/newsevents/speech/cook20230928a.htm,clean/speeches/2023/2023-09-28-cooka-speech.txt,ok
2023-09-28-powella,https://www.federalreserve.gov/newsevents/speech/powell20230928a.htm,clean/speeches/2023/2023-09-28-powella-speech.txt,ok
2023-10-02-barra,https://www.federalreserve.gov/newsevents/speech/barr20231002a.htm,clean/speeches/2023/2023-10-02-barra-speech.txt,ok
2023-10-02-bowmana,https://www.federalreserve.gov/newsevents/speech/bowman20231002a.htm,clean/speeches/2023/2023-10-02-bowmana-speech.txt,ok
2023-10-04-bowmana,https://www.federalreserve.gov/newsevents/speech/bowman20231004a.htm,clean/speeches/2023/2023-10-04-bowmana-speech.txt,ok
2023-10-07-bowmana,https://www.federalreserve.gov/newsevents/speech/bowman20231007a.htm,clean/speeches/2023/2023-10-07-bowmana-speech.txt,ok
2023-10-09-barra,https://www.federalreserve.gov/newsevents/speech/barr20231009a.htm,clean/speeches/2023/2023-10-09-barra-speech.txt,ok
2023-10-09-jeffersona,https://www.federalreserve.gov/newsevents/speech/jefferson20231009a.htm,clean/speeches/2023/2023-10-09-jeffersona-speech.txt,ok
2023-10-10-wallera,https://www.federalreserve.gov/newsevents/speech/waller20231010a.htm,clean/speeches/2023/2023-10-10-wallera-speech.txt,ok
2023-10-11-bowmana,https://www.federalreserve.gov/newsevents/speech/bowman20231011a.htm,clean/speeches/2023/2023-10-11-bowmana-speech.txt,ok
2023-10-17-bowmana,https://www.federalreserve.gov/newsevents/speech/bowman20231017a.htm,clean/speeches/2023/2023-10-17-bowmana-speech.txt,ok
2023-10-18-bowmana,https://www.federalreserve.gov/newsevents/speech/bowman20231018a.htm,clean/speeches/2023/2023-10-18-bowmana-speech.txt,ok
2023-10-18-cooka,https://www.federalreserve.gov/newsevents/speech/cook20231018a.htm,clean/speeches/2023/2023-10-18-cooka-speech.txt,ok
2023-10-18-wallera,https://www.federalreserve.gov/newsevents/speech/waller20231018a.htm,clean/speeches/2023/2023-10-18-wallera-speech.txt,ok
2023-10-19-barra,https://www.federalreserve.gov/newsevents/speech/barr20231019a.htm,clean/speeches/2023/2023-10-19-barra-speech.txt,ok
2023-10-19-jeffersona,https://www.federalreserve.gov/newsevents/speech/jefferson20231019a.htm,clean/speeches/2023/2023-10-19-jeffersona-speech.txt,ok
2023-10-19-powella,https://www.federalreserve.gov/newsevents/speech/powell20231019a.htm,clean/speeches/2023/2023-10-19-powella-speech.txt,ok
2023-10-25-powella,https://www.federalreserve.gov/newsevents/speech/powell20231025a.htm,clean/speeches/2023/2023-10-25-powella-speech.txt,ok
2023-10-26-wallera,https://www.federalreserve.gov/newsevents/speech/waller20231026a.htm,clean/speeches/2023/2023-10-26-wallera-speech.txt,ok
2023-10-27-barra,https://www.federalreserve.gov/newsevents/speech/barr20231027a.htm,clean/speeches/2023/2023-10-27-barra-speech.txt,ok
2023-11-06-cooka,https://www.federalreserve.gov/newsevents/speech/cook20231106a.htm,clean/speeches/2023/2023-11-06-cooka-speech.txt,ok
2023-11-07-bowmana,https://www.federalreserve.gov/newsevents/speech/bowman20231107a.htm,clean/speeches/2023/2023-11-07-bowmana-speech.txt,ok
2023-11-07-wallera,https://www.federalreserve.gov/newsevents/speech/waller20231107a.htm,clean/speeches/2023/2023-11-07-wallera-speech.txt,ok
2023-11-08-cooka,https://www.federalreserve.gov/newsevents/speech/cook20231108a.htm,clean/speeches/2023/2023-11-08-cooka-speech.txt,ok
2023-11-08-jeffersona,https://www.federalreserve.gov/newsevents/speech/jefferson20231108a.htm,clean/speeches/2023/2023-11-08-jeffersona-speech.txt,ok
2023-11-08-powella,https://www.federalreserve.gov/newsevents/speech/powell20231108a.htm,clean/speeches/2023/2023-11-08-powella-speech.txt,ok
2023-11-09-bowmana,https://www.federalreserve.gov/newsevents/speech/bowman20231109a.htm,clean/speeches/2023/2023-11-09-bowmana-speech.txt,ok
2023-11-09-powella,https://www.federalreserve.gov/newsevents/speech/powell20231109a.htm,clean/speeches/2023/2023-11-09-powella-speech.txt,ok
2023-11-13-cooka,https://www.federalreserve.gov/newsevents/speech/cook20231113a.htm,clean/speeches/2023/2023-11-13-cooka-speech.txt,ok
2023-11-14-jeffersona,https://www.federalreserve.gov/newsevents/speech/jefferson20231114a.htm,clean/speeches/2023/2023-11-14-jeffersona-speech.txt,ok
2023-11-16-barra,https://www.federalreserve.gov/newsevents/speech/barr20231116a.htm,clean/speeches/2023/2023-11-16-barra-speech.txt,ok
2023-11-16-cooka,https://www.federalreserve.gov/newsevents/speech/cook20231116a.htm,clean/speeches/2023/2023-11-16-cooka-speech.txt,ok
2023-11-28-barra,https://www.federalreserve.gov/newsevents/speech/barr20231128a.htm,clean/speeches/2023/2023-11-28-barra-speech.txt,ok
2023-11-28-bowmana,https://www.federalreserve.gov/newsevents/speech/bowman20231128a.htm,clean/speeches/2023/2023-11-28-bowmana-speech.txt,ok
2023-11-28-wallera,https://www.federalreserve.gov/newsevents/speech/waller20231128a.htm,clean/speeches/2023/2023-11-28-wallera-speech.txt,ok
2023-12-01-barra,https://www.federalreserve.gov/newsevents/speech/barr20231201a.htm,clean/speeches/2023/2023-12-01-barra-speech.txt,ok
2023-12-01-powella,https://www.federalreserve.gov/newsevents/speech/powell20231201a.htm,clean/speeches/2023/2023-12-01-powella-speech.txt,ok
2023-12-05-bowmana,https://www.federalreserve.gov/newsevents/speech/bowman20231205a.htm,clean/speeches/2023/2023-12-05-bowmana-speech.txt,ok
2024-01-08-bowmana,https://www.federalreserve.gov/newsevents/speech/bowman20240108a.htm,clean/speeches/2024/2024-01-08-bowmana-speech.txt,ok
2024-01-16-wallera,https://www.federalreserve.gov/newsevents/speech/waller20240116a.htm,clean/speeches/2024/2024-01-16-wallera-speech.txt,ok
2024-01-17-barra,https://www.federalreserve.gov/newsevents/speech/barr20240117a.htm,clean/speeches/2024/2024-01-17-barra-speech.txt,ok
2024-01-17-bowmana,https://www.federalreserve.gov/newsevents/speech/bowman20240117a.htm,clean/speeches/2024/2024-01-17-bowmana-speech.txt,ok
2024-02-02-bowmana,https://www.federalreserve.gov/newsevents/speech/bowman20240202a.htm,clean/speeches/2024/2024-02-02-bowmana-speech.txt,ok
2024-02-07-bowmana,https://www.federalreserve.gov/newsevents/speech/bowman20240207a.htm,clean/speeches/2024/2024-02-07-bowmana-speech.txt,ok
2024-02-07-kuglera,https://www.federalreserve.gov/newsevents/speech/kugler20240207a.htm,clean/speeches/2024/2024-02-07-kuglera-speech.txt,ok
2024-02-12-bowmana,https://www.federalreserve.gov/newsevents/speech/bowman20240212a.htm,clean/speeches/2024/2024-02-12-bowmana-speech.txt,ok
2024-02-14-barra,https://www.federalreserve.gov/newsevents/speech/barr20240214a.htm,clean/speeches/2024/2024-02-14-barra-speech.txt,ok
2024-02-15-bowmana,https://www.federalreserve.gov/newsevents/speech/bowman20240215a.htm,clean/speeches/2024/2024-02-15-bowmana-speech.txt,ok
2024-02-15-wallera,https://www.federalreserve.gov/newsevents/speech/waller20240215a.htm,clean/speeches/2024/2024-02-15-wallera-speech.txt,ok
2024-02-16-barra,https://www.federalreserve.gov/newsevents/speech/barr20240216a.htm,clean/speeches/2024/2024-02-16-barra-speech.txt,ok
2024-02-22-cooka,https://www.federalreserve.gov/newsevents/speech/cook20240222a.htm,clean/speeches/2024/2024-02-22-cooka-speech.txt,ok
2024-02-22-jeffersona,https://www.federalreserve.gov/newsevents/speech/jefferson20240222a.htm,clean/speeches/2024/2024-02-22-jeffersona-speech.txt,ok
2024-02-22-wallera,https://www.federalreserve.gov/newsevents/speech/waller20240222a.htm,clean/speeches/2024/2024-02-22-wallera-speech.txt,ok
2024-02-27-barra,https://www.federalreserve.gov/newsevents/speech/barr20240227a.htm,clean/speeches/2024/2024-02-27-barra-speech.txt,ok
2024-02-27-bowmana,https://www.federalreserve.gov/newsevents/speech/bowman20240227a.htm,clean/speeches/2024/2024-02-27-bowmana-speech.txt,ok
2024-03-01-kuglera,https://www.federalreserve.gov/newsevents/speech/kugler20240301a.htm,clean/speeches/2024/2024-03-01-kuglera-speech.txt,ok
2024-03-01-wallera,https://www.federalreserve.gov/newsevents/speech/waller20240301a.htm,clean/speeches/2024/2024-03-01-wallera-speech.txt,ok
2024-03-05-bowmana,https://www.federalreserve.gov/newsevents/speech/bowman20240305a.htm,clean/speeches/2024/2024-03-05-bowmana-speech.txt,ok
2024-03-07-bowmana,https://www.federalreserve.gov/newsevents/speech/bowman20240307a.htm,clean/speeches/2024/2024-03-07-bowmana-speech.txt,ok
2024-03-25-cooka,https://www.federalreserve.gov/newsevents/speech/cook20240325a.htm,clean/speeches/2024/2024-03-25-cooka-speech.txt,ok
2024-03-27-wallera,https://www.federalreserve.gov/newsevents/speech/waller20240327a.htm,clean/speeches/2024/2024-03-27-wallera-speech.txt,ok
2024-04-01-cooka,https://www.federalreserve.gov/newsevents/speech/cook20240401a.htm,clean/speeches/2024/2024-04-01-cooka-speech.txt,ok
2024-04-02-bowmana,https://www.federalreserve.gov/newsevents/speech/bowman20240402a.htm,clean/speeches/2024/2024-04-02-bowmana-speech.txt,ok
2024-04-03-bowmana,https://www.federalreserve.gov/newsevents/speech/bowman20240403a.htm,clean/speeches/2024/2024-04-03-bowmana-speech.txt,ok
2024-04-03-kuglera,https://www.federalreserve.gov/newsevents/speech/kugler20240403a.htm,clean/speeches/2024/2024-04-03-kuglera-speech.txt,ok
2024-04-03-powella,https://www.federalreserve.gov/newsevents/speech/powell20240403a.htm,clean/speeches/2024/2024-04-03-powella-speech.txt,ok
2024-04-04-kuglera,https://www.federalreserve.gov/newsevents/speech/kugler20240404a.htm,clean/speeches/2024/2024-04-04-kuglera-speech.txt,ok
2024-04-05-bowmana,https://www.federalreserve.gov/newsevents/speech/bowman20240405a.htm,clean/speeches/2024/2024-04-05-bowmana-speech.txt,ok
2024-04-16-jeffersona,https://www.federalreserve.gov/newsevents/speech/jefferson20240416a.htm,clean/speeches/2024/2024-04-16-jeffersona-speech.txt,ok
2024-04-18-bowmana,https://www.federalreserve.gov/newsevents/speech/bowman20240418a.htm,clean/speeches/2024/2024-04-18-bowmana-speech.txt,ok
2024-05-03-bowmana,https://www.federalreserve.gov/newsevents/speech/bowman20240503a.htm,clean/speeches/2024/2024-05-03-bowmana-speech.txt,ok
2024-05-04-cooka,https://www.federalreserve.gov/newsevents/speech/cook20240504a.htm,clean/speeches/2024/2024-05-04-cooka-speech.txt,ok
2024-05-08-cooka,https://www.federalreserve.gov/newsevents/speech/cook20240508a.htm,clean/speeches/2024/2024-05-08-cooka-speech.txt,ok
2024-05-10-barra,https://www.federalreserve.gov/newsevents/speech/barr20240510a.htm,clean/speeches/2024/2024-05-10-barra-speech.txt,ok
2024-05-10-bowmana,https://www.federalreserve.gov/newsevents/speech/bowman20240510a.htm,clean/speeches/2024/2024-05-10-bowmana-speech.txt,ok
2024-05-13-jeffersona,https://www.federalreserve.gov/newsevents/speech/jefferson20240513a.htm,clean/speeches/2024/2024-05-13-jeffersona-speech.txt,ok
2024-05-14-cooka,https://www.federalreserve.gov/newsevents/speech/cook20240514a.htm,clean/speeches/2024/2024-05-14-cooka-speech.txt,ok
2024-05-15-bowmana,https://www.federalreserve.gov/newsevents/speech/bowman20240515a.htm,clean/speeches/2024/2024-05-15-bowmana-speech.txt,ok
2024-05-17-bowmana,https://www.federalreserve.gov/newsevents/speech/bowman20240517a.htm,clean/speeches/2024/2024-05-17-bowmana-speech.txt,ok
2024-05-17-wallera,https://www.federalreserve.gov/newsevents/speech/waller20240517a.htm,clean/speeches/2024/2024-05-17-wallera-speech.txt,ok
2024-05-18-kuglera,https://www.federalreserve.gov/newsevents/speech/kugler20240518a.htm,clean/speeches/2024/2024-05-18-kuglera-speech.txt,ok
2024-05-19-powella,https://www.federalreserve.gov/newsevents/speech/powell20240519a.htm,clean/speeches/2024/2024-05-19-powella-speech.txt,ok
2024-05-20-barra,https://www.federalreserve.gov/newsevents/speech/barr20240520a.htm,clean/speeches/2024/2024-05-20-barra-speech.txt,ok
2024-05-20-jeffersona,https://www.federalreserve.gov/newsevents/speech/jefferson20240520a.htm,clean/speeches/2024/2024-05-20-jeffersona-speech.txt,ok
2024-05-20-wallera,https://www.federalreserve.gov/newsevents/speech/waller20240520a.htm,clean/speeches/2024/2024-05-20-wallera-speech.txt,ok
2024-05-21-wallera,https://www.federalreserve.gov/newsevents/speech/waller20240521a.htm,clean/speeches/2024/2024-05-21-wallera-speech.txt,ok
2024-05-24-wallera,https://www.federalreserve.gov/newsevents/speech/waller20240524a.htm,clean/speeches/2024/2024-05-24-wallera-speech.txt,ok
2024-05-28-bowmana,https://www.federalreserve.gov/newsevents/speech/bowman20240528a.htm,clean/speeches/2024/2024-05-28-bowmana-speech.txt,ok
2024-06-07-cooka,https://www.federalreserve.gov/newsevents/speech/cook20240607a.htm,clean/speeches/2024/2024-06-07-cooka-speech.txt,ok
2024-06-14-cooka,https://www.federalreserve.gov/newsevents/speech/cook20240614a.htm,clean/speeches/2024/2024-06-14-cooka-speech.txt,ok
2024-06-17-bowmana,https://www.federalreserve.gov/newsevents/speech/bowman20240617a.htm,clean/speeches/2024/2024-06-17-bowmana-speech.txt,ok
2024-06-17-cooka,https://www.federalreserve.gov/newsevents/speech/cook20240617a.htm,clean/speeches/2024/2024-06-17-cooka-speech.txt,ok
2024-06-18-kuglera,https://www.federalreserve.gov/newsevents/speech/kugler20240618a.htm,clean/speeches/2024/2024-06-18-kuglera-speech.txt,ok
2024-06-24-wallera,https://www.federalreserve.gov/newsevents/speech/waller20240624a.htm,clean/speeches/2024/2024-06-24-wallera-speech.txt,ok
2024-06-25-bowmana,https://www.federalreserve.gov/newsevents/speech/bowman20240625a.htm,clean/speeches/2024/2024-06-25-bowmana-speech.txt,ok
2024-06-25-bowmanb,https://www.federalreserve.gov/newsevents/speech/bowman20240625b.htm,clean/speeches/2024/2024-06-25-bowmanb-speech.txt,ok
2024-06-25-cooka,https://www.federalreserve.gov/newsevents/speech/cook20240625a.htm,clean/speeches/2024/2024-06-25-cooka-speech.txt,ok
2024-06-26-bowmana,https://www.federalreserve.gov/newsevents/speech/bowman20240626a.htm,clean/speeches/2024/2024-06-26-bowmana-speech.txt,ok
2024-06-27-bowmana,https://www.federalreserve.gov/newsevents/speech/bowman20240627a.htm,clean/speeches/2024/2024-06-27-bowmana-speech.txt,ok
2024-07-09-barra,https://www.federalreserve.gov/newsevents/speech/barr20240709a.htm,clean/speeches/2024/2024-07-09-barra-speech.txt,ok
2024-07-09-bowmana,https://www.federalreserve.gov/newsevents/speech/bowman20240709a.htm,clean/speeches/2024/2024-07-09-bowmana-speech.txt,ok
2024-07-10-bowmana,https://www.federalreserve.gov/newsevents/speech/bowman20240710a.htm,clean/speeches/2024/2024-07-10-bowmana-speech.txt,ok
2024-07-10-cooka,https://www.federalreserve.gov/newsevents/speech/cook20240710a.htm,clean/speeches/2024/2024-07-10-cooka-speech.txt,ok
2024-07-16-kuglera,https://www.federalreserve.gov/newsevents/speech/kugler20240716a.htm,clean/speeches/2024/2024-07-16-kuglera-speech.txt,ok
2024-07-17-wallera,https://www.federalreserve.gov/newsevents/speech/waller20240717a.htm,clean/speeches/2024/2024-07-17-wallera-speech.txt,ok
2024-07-18-bowmana,https://www.federalreserve.gov/newsevents/speech/bowman20240718a.htm,clean/speeches/2024/2024-07-18-bowmana-speech.txt,ok
2024-07-24-bowmana,https://www.federalreserve.gov/newsevents/speech/bowman20240724a.htm,clean/speeches/2024/2024-07-24-bowmana-speech.txt,ok
2024-08-10-bowmana,https://www.federalreserve.gov/newsevents/speech/bowman20240810a.htm,clean/speeches/2024/2024-08-10-bowmana-speech.txt,ok
2024-08-19-wallera,https://www.federalreserve.gov/newsevents/speech/waller20240819a.htm,clean/speeches/2024/2024-08-19-wallera-speech.txt,ok
2024-08-20-bowmana,https://www.federalreserve.gov/newsevents/speech/bowman20240820a.htm,clean/speeches/2024/2024-08-20-bowmana-speech.txt,ok
2024-08-23-powella,https://www.federalreserve.gov/newsevents/speech/powell20240823a.htm,clean/speeches/2024/2024-08-23-powella-speech.txt,ok
2024-08-28-wallera,https://www.federalreserve.gov/newsevents/speech/waller20240828a.htm,clean/speeches/2024/2024-08-28-wallera-speech.txt,ok
2024-09-06-wallera,https://www.federalreserve.gov/newsevents/speech/waller20240906a.htm,clean/speeches/2024/2024-09-06-wallera-speech.txt,ok
2024-09-10-barra,https://www.federalreserve.gov/newsevents/speech/barr20240910a.htm,clean/speeches/2024/2024-09-10-barra-speech.txt,ok
2024-09-10-bowmana,https://www.federalreserve.gov/newsevents/speech/bowman20240910a.htm,clean/speeches/2024/2024-09-10-bowmana-speech.txt,ok
2024-09-20-bowmana,https://www.federalreserve.gov/newsevents/speech/bowman20240920a.htm,clean/speeches/2024/2024-09-20-bowmana-speech.txt,ok
2024-09-24-bowmana,https://www.federalreserve.gov/newsevents/speech/bowman20240924a.htm,clean/speeches/2024/2024-09-24-bowmana-speech.txt,ok
2024-09-25-kuglera,https://www.federalreserve.gov/newsevents/speech/kugler20240925a.htm,clean/speeches/2024/2024-09-25-kuglera-speech.txt,ok
2024-09-26-barra,https://www.federalreserve.gov/newsevents/speech/barr20240926a.htm,clean/speeches/2024/2024-09-26-barra-speech.txt,ok
2024-09-26-bowmana,https://www.federalreserve.gov/newsevents/speech/bowman20240926a.htm,clean/speeches/2024/2024-09-26-bowmana-speech.txt,ok
2024-09-26-cooka,https://www.federalreserve.gov/newsevents/speech/cook20240926a.htm,clean/speeches/2024/2024-09-26-cooka-speech.txt,ok
2024-09-26-powella,https://www.federalreserve.gov/newsevents/speech/powell20240926a.htm,clean/speeches/2024/2024-09-26-powella-speech.txt,ok
2024-09-30-bowmana,https://www.federalreserve.gov/newsevents/speech/bowman20240930a.htm,clean/speeches/2024/2024-09-30-bowmana-speech.txt,ok
2024-09-30-powella,https://www.federalreserve.gov/newsevents/speech/powell20240930a.htm,clean/speeches/2024/2024-09-30-powella-speech.txt,ok
2024-10-01-cooka,https://www.federalreserve.gov/newsevents/speech/cook20241001a.htm,clean/speeches/2024/2024-10-01-cooka-speech.txt,ok
2024-10-02-bowmana,https://www.federalreserve.gov/newsevents/speech/bowman20241002a.htm,clean/speeches/2024/2024-10-02-bowmana-speech.txt,ok
2024-10-08-jeffersona,https://www.federalreserve.gov/newsevents/speech/jefferson20241008a.htm,clean/speeches/2024/2024-10-08-jeffersona-speech.txt,ok
2024-10-08-kuglera,https://www.federalreserve.gov/newsevents/speech/kugler20241008a.htm,clean/speeches/2024/2024-10-08-kuglera-speech.txt,ok
2024-10-09-jeffersona,https://www.federalreserve.gov/newsevents/speech/jefferson20241009a.htm,clean/speeches/2024/2024-10-09-jeffersona-speech.txt,ok
2024-10-10-cooka,https://www.federalreserve.gov/newsevents/speech/cook20241010a.htm,clean/speeches/2024/2024-10-10-cooka-speech.txt,ok
2024-10-11-bowmana,https://www.federalreserve.gov/newsevents/speech/bowman20241011a.htm,clean/speeches/2024/2024-10-11-bowmana-speech.txt,ok
2024-10-14-wallera,https://www.federalreserve.gov/newsevents/speech/waller20241014a.htm,clean/speeches/2024/2024-10-14-wallera-speech.txt,ok
2024-10-18-wallera,https://www.federalreserve.gov/newsevents/speech/waller20241018a.htm,clean/speeches/2024/2024-10-18-wallera-speech.txt,ok
2024-10-23-bowmana,https://www.federalreserve.gov/newsevents/speech/bowman20241023a.htm,clean/speeches/2024/2024-10-23-bowmana-speech.txt,ok
2024-11-12-wallera,https://www.federalreserve.gov/newsevents/speech/waller20241112a.htm,clean/speeches/2024/2024-11-12-wallera-speech.txt,ok
2024-11-14-kuglera,https://www.federalreserve.gov/newsevents/speech/kugler20241114a.htm,clean/speeches/2024/2024-11-14-kuglera-speech.txt,ok
2024-11-14-powella,https://www.federalreserve.gov/newsevents/speech/powell20241114a.htm,clean/speeches/2024/2024-11-14-powella-speech.txt,ok
2024-11-20-bowmana,https://www.federalreserve.gov/newsevents/speech/bowman20241120a.htm,clean/speeches/2024/2024-11-20-bowmana-speech.txt,ok
2024-11-20-cooka,https://www.federalreserve.gov/newsevents/speech/cook20241120a.htm,clean/speeches/2024/2024-11-20-cooka-speech.txt,ok
2024-11-22-bowmana,https://www.federalreserve.gov/newsevents/speech/bowman20241122a.htm,clean/speeches/2024/2024-11-22-bowmana-speech.txt,ok
2024-12-02-wallera,https://www.federalreserve.gov/newsevents/speech/waller20241202a.htm,clean/speeches/2024/2024-12-02-wallera-speech.txt,ok
2024-12-03-kuglera,https://www.federalreserve.gov/newsevents/speech/kugler20241203a.htm,clean/speeches/2024/2024-12-03-kuglera-speech.txt,ok
2025-01-06-cooka,https://www.federalreserve.gov/newsevents/speech/cook20250106a.htm,clean/speeches/2025/2025-01-06-cooka-speech.txt,ok
2025-01-08-wallera,https://www.federalreserve.gov/newsevents/speech/waller20250108a.htm,clean/speeches/2025/2025-01-08-wallera-speech.txt,ok
2025-01-09-bowmana,https://www.federalreserve.gov/newsevents/speech/bowman20250109a.htm,clean/speeches/2025/2025-01-09-bowmana-speech.txt,ok
2025-01-31-bowmana,https://www.federalreserve.gov/newsevents/speech/bowman20250131a.htm,clean/speeches/2025/2025-01-31-bowmana-speech.txt,ok
2025-02-04-jeffersona,https://www.federalreserve.gov/newsevents/speech/jefferson20250204a.htm,clean/speeches/2025/2025-02-04-jeffersona-speech.txt,ok
2025-02-05-bowmana,https://www.federalreserve.gov/newsevents/speech/bowman20250205a.htm,clean/speeches/2025/2025-02-05-bowmana-speech.txt,ok
2025-02-05-jeffersona,https://www.federalreserve.gov/newsevents/speech/jefferson20250205a.htm,clean/speeches/2025/2025-02-05-jeffersona-speech.txt,ok
2025-02-07-kuglera,https://www.federalreserve.gov/newsevents/speech/kugler20250207a.htm,clean/speeches/2025/2025-02-07-kuglera-speech.txt,ok
2025-02-12-wallera,https://www.federalreserve.gov/newsevents/speech/waller20250212a.htm,clean/speeches/2025/2025-02-12-wallera-speech.txt,ok
2025-02-17-bowmana,https://www.federalreserve.gov/newsevents/speech/bowman20250217a.htm,clean/speeches/2025/2025-02-17-bowmana-speech.txt,ok
2025-02-17-wallera,https://www.federalreserve.gov/newsevents/speech/waller20250217a.htm,clean/speeches/2025/2025-02-17-wallera-speech.txt,ok
2025-02-18-barra,https://www.federalreserve.gov/newsevents/speech/barr20250218a.htm,clean/speeches/2025/2025-02-18-barra-speech.txt,ok
2025-02-19-jeffersona,https://www.federalreserve.gov/newsevents/speech/jefferson20250219a.htm,clean/speeches/2025/2025-02-19-jeffersona-speech.txt,ok
2025-02-20-barra,https://www.federalreserve.gov/newsevents/speech/barr20250220a.htm,clean/speeches/2025/2025-02-20-barra-speech.txt,ok
2025-02-20-kuglera,https://www.federalreserve.gov/newsevents/speech/kugler20250220a.htm,clean/speeches/2025/2025-02-20-kuglera-speech.txt,ok
2025-02-21-jeffersona,https://www.federalreserve.gov/newsevents/speech/jefferson20250221a.htm,clean/speeches/2025/2025-02-21-jeffersona-speech.txt,ok
2025-02-25-barra,https://www.federalreserve.gov/newsevents/speech/barr20250225a.htm,clean/speeches/2025/2025-02-25-barra-speech.txt,ok
2025-02-27-barra,https://www.federalreserve.gov/newsevents/speech/barr20250227a.htm,clean/speeches/2025/2025-02-27-barra-speech.txt,ok
2025-02-27-bowmana,https://www.federalreserve.gov/newsevents/speech/bowman20250227a.htm,clean/speeches/2025/2025-02-27-bowmana-speech.txt,ok
2025-03-07-bowmana,https://www.federalreserve.gov/newsevents/speech/bowman20250307a.htm,clean/speeches/2025/2025-03-07-bowmana-speech.txt,ok
2025-03-07-kuglera,https://www.federalreserve.gov/newsevents/speech/kugler20250307a.htm,clean/speeches/2025/2025-03-07-kuglera-speech.txt,ok
2025-03-07-powella,https://www.federalreserve.gov/newsevents/speech/powell20250307a.htm,clean/speeches/2025/2025-03-07-powella-speech.txt,ok
2025-03-21-wallera,https://www.federalreserve.gov/newsevents/speech/waller20250321a.htm,clean/speeches/2025/2025-03-21-wallera-speech.txt,ok
2025-03-24-barra,https://www.federalreserve.gov/newsevents/speech/barr20250324a.htm,clean/speeches/2025/2025-03-24-barra-speech.txt,ok
2025-03-25-kuglera,https://www.federalreserve.gov/newsevents/speech/kugler20250325a.htm,clean/speeches/2025/2025-03-25-kuglera-speech.txt,ok
2025-04-02-kuglera,https://www.federalreserve.gov/newsevents/speech/kugler20250402a.htm,clean/speeches/2025/2025-04-02-kuglera-speech.txt,ok
2025-04-03-cooka,https://www.federalreserve.gov/newsevents/speech/cook20250403a.htm,clean/speeches/2025/2025-04-03-cooka-speech.txt,ok
2025-04-03-jeffersona,https://www.federalreserve.gov/newsevents/speech/jefferson20250403a.htm,clean/speeches/2025/2025-04-03-jeffersona-speech.txt,ok
2025-04-04-barra,https://www.federalreserve.gov/newsevents/speech/barr20250404a.htm,clean/speeches/2025/2025-04-04-barra-speech.txt,ok
2025-04-04-powella,https://www.federalreserve.gov/newsevents/speech/powell20250404a.htm,clean/speeches/2025/2025-04-04-powella-speech.txt,ok
2025-04-07-kuglera,https://www.federalreserve.gov/newsevents/speech/kugler20250407a.htm,clean/speeches/2025/2025-04-07-kuglera-speech.txt,ok
2025-04-14-wallera,https://www.federalreserve.gov/newsevents/speech/waller20250414a.htm,clean/speeches/2025/2025-04-14-wallera-speech.txt,ok
2025-04-15-cooka,https://www.federalreserve.gov/newsevents/speech/cook20250415a.htm,clean/speeches/2025/2025-04-15-cooka-speech.txt,ok
2025-04-16-powella,https://www.federalreserve.gov/newsevents/speech/powell20250416a.htm,clean/speeches/2025/2025-04-16-powella-speech.txt,ok
2025-04-17-barra,https://www.federalreserve.gov/newsevents/speech/barr20250417a.htm,clean/speeches/2025/2025-04-17-barra-speech.txt,ok
2025-04-22-jeffersona,https://www.federalreserve.gov/newsevents/speech/jefferson20250422a.htm,clean/speeches/2025/2025-04-22-jeffersona-speech.txt,ok
2025-04-22-kuglera,https://www.federalreserve.gov/newsevents/speech/kugler20250422a.htm,clean/speeches/2025/2025-04-22-kuglera-speech.txt,ok
2025-04-23-wallera,https://www.federalreserve.gov/newsevents/speech/waller20250423a.htm,clean/speeches/2025/2025-04-23-wallera-speech.txt,ok
2025-05-03-cooka,https://www.federalreserve.gov/newsevents/speech/cook20250503a.htm,clean/speeches/2025/2025-05-03-cooka-speech.txt,ok
2025-05-09-barra,https://www.federalreserve.gov/newsevents/speech/barr20250509a.htm,clean/speeches/2025/2025-05-09-barra-speech.txt,ok
2025-05-09-cooka,https://www.federalreserve.gov/newsevents/speech/cook20250509a.htm,clean/speeches/2025/2025-05-09-cooka-speech.txt,ok
2025-05-09-kuglera,https://www.federalreserve.gov/newsevents/speech/kugler20250509a.htm,clean/speeches/2025/2025-05-09-kuglera-speech.txt,ok
2025-05-09-wallera,https://www.federalreserve.gov/newsevents/speech/waller20250509a.htm,clean/speeches/2025/2025-05-09-wallera-speech.txt,ok
2025-05-12-kuglera,https://www.federalreserve.gov/newsevents/speech/kugler20250512a.htm,clean/speeches/2025/2025-05-12-kuglera-speech.txt,ok
2025-05-14-jeffersona,https://www.federalreserve.gov/newsevents/speech/jefferson20250514a.htm,clean/speeches/2025/2025-05-14-jeffersona-speech.txt,ok
2025-05-14-wallera,https://www.federalreserve.gov/newsevents/speech/waller20250514a.htm,clean/speeches/2025/2025-05-14-wallera-speech.txt,ok
2025-05-15-barra,https://www.federalreserve.gov/newsevents/speech/barr20250515a.htm,clean/speeches/2025/2025-05-15-barra-speech.txt,ok
2025-05-15-powella,https://www.federalreserve.gov/newsevents/speech/powell20250515a.htm,clean/speeches/2025/2025-05-15-powella-speech.txt,ok
2025-05-19-jeffersona,https://www.federalreserve.gov/newsevents/speech/jefferson20250519a.htm,clean/speeches/2025/2025-05-19-jeffersona-speech.txt,ok
2025-05-20-kuglera,https://www.federalreserve.gov/newsevents/speech/kugler20250520a.htm,clean/speeches/2025/2025-05-20-kuglera-speech.txt,ok
2025-05-23-cooka,https://www.federalreserve.gov/newsevents/speech/cook20250523a.htm,clean/speeches/2025/2025-05-23-cooka-speech.txt,ok
2025-05-25-powella,https://www.federalreserve.gov/newsevents/speech/powell20250525a.htm,clean/speeches/2025/2025-05-25-powella-speech.txt,ok
2025-05-29-kuglera,https://www.federalreserve.gov/newsevents/speech/kugler20250529a.htm,clean/speeches/2025/2025-05-29-kuglera-speech.txt,ok
2025-06-01-wallera,https://www.federalreserve.gov/newsevents/speech/waller20250601a.htm,clean/speeches/2025/2025-06-01-wallera-speech.txt,ok
2025-06-02-powella,https://www.federalreserve.gov/newsevents/speech/powell20250602a.htm,clean/speeches/2025/2025-06-02-powella-speech.txt,ok
2025-06-03-cooka,https://www.federalreserve.gov/newsevents/speech/cook20250603a.htm,clean/speeches/2025/2025-06-03-cooka-speech.txt,ok
2025-06-04-cooka,https://www.federalreserve.gov/newsevents/speech/cook20250604a.htm,clean/speeches/2025/2025-06-04-cooka-speech.txt,ok
2025-06-05-kuglera,https://www.federalreserve.gov/newsevents/speech/kugler20250605a.htm,clean/speeches/2025/2025-06-05-kuglera-speech.txt,ok
2025-06-06-bowmana,https://www.federalreserve.gov/newsevents/speech/bowman20250606a.htm,clean/speeches/2025/2025-06-06-bowmana-speech.txt,ok
2025-06-23-bowmana,https://www.federalreserve.gov/newsevents/speech/bowman20250623a.htm,clean/speeches/2025/2025-06-23-bowmana-speech.txt,ok
2025-06-23-kuglera,https://www.federalreserve.gov/newsevents/speech/kugler20250623a.htm,clean/speeches/2025/2025-06-23-kuglera-speech.txt,ok
2025-06-23-wallera,https://www.federalreserve.gov/newsevents/speech/waller20250623a.htm,clean/speeches/2025/2025-06-23-wallera-speech.txt,ok
2025-06-24-barra,https://www.federalreserve.gov/newsevents/speech/barr20250624a.htm,clean/speeches/2025/2025-06-24-barra-speech.txt,ok
2025-06-26-barra,https://www.federalreserve.gov/newsevents/speech/barr20250626a.htm,clean/speeches/2025/2025-06-26-barra-speech.txt,ok
2025-07-10-wallera,https://www.federalreserve.gov/newsevents/speech/waller20250710a.htm,clean/speeches/2025/2025-07-10-wallera-speech.txt,ok
2025-07-15-barra,https://www.federalreserve.gov/newsevents/speech/barr20250715a.htm,clean/speeches/2025/2025-07-15-barra-speech.txt,ok
2025-07-15-bowmana,https://www.federalreserve.gov/newsevents/speech/bowman20250715a.htm,clean/speeches/2025/2025-07-15-bowmana-speech.txt,ok
2025-07-16-barra,https://www.federalreserve.gov/newsevents/speech/barr20250716a.htm,clean/speeches/2025/2025-07-16-barra-speech.txt,ok
2025-07-17-cooka,https://www.federalreserve.gov/newsevents/speech/cook20250717a.htm,clean/speeches/2025/2025-07-17-cooka-speech.txt,ok
2025-07-17-kuglera,https://www.federalreserve.gov/newsevents/speech/kugler20250717a.htm,clean/speeches/2025/2025-07-17-kuglera-speech.txt,ok
2025-07-17-wallera,https://www.federalreserve.gov/newsevents/speech/waller20250717a.htm,clean/speeches/2025/2025-07-17-wallera-speech.txt,ok
2025-07-22-powella,https://www.federalreserve.gov/newsevents/speech/powell20250722a.htm,clean/speeches/2025/2025-07-22-powella-speech.txt,ok
2025-08-01-bowmana,https://www.federalreserve.gov/newsevents/speech/bowman20250801a.htm,clean/speeches/2025/2025-08-01-bowmana-speech.txt,ok
2025-08-01-wallera,https://www.federalreserve.gov/newsevents/speech/waller20250801a.htm,clean/speeches/2025/2025-08-01-wallera-speech.txt,ok
2025-08-09-bowmana,https://www.federalreserve.gov/newsevents/speech/bowman20250809a.htm,clean/speeches/2025/2025-08-09-bowmana-speech.txt,ok
2025-08-19-bowmana,https://www.federalreserve.gov/newsevents/speech/bowman20250819a.htm,clean/speeches/2025/2025-08-19-bowmana-speech.txt,ok
2025-08-20-wallera,https://www.federalreserve.gov/newsevents/speech/waller20250820a.htm,clean/speeches/2025/2025-08-20-wallera-speech.txt,ok
2025-08-22-powella,https://www.federalreserve.gov/newsevents/speech/powell20250822a.htm,clean/speeches/2025/2025-08-22-powella-speech.txt,ok
2025-08-28-wallera,https://www.federalreserve.gov/newsevents/speech/waller20250828a.htm,clean/speeches/2025/2025-08-28-wallera-speech.txt,ok
2025-09-22-mirana,https://www.federalreserve.gov/newsevents/speech/miran20250922a.htm,clean/speeches/2025/2025-09-22-mirana-speech.txt,ok
2025-09-23-bowmana,https://www.federalreserve.gov/newsevents/speech/bowman20250923a.htm,clean/speeches/2025/2025-09-23-bowmana-speech.txt,ok
2025-09-23-powella,https://www.federalreserve.gov/newsevents/speech/powell20250923a.htm,clean/speeches/2025/2025-09-23-powella-speech.txt,ok
2025-09-25-barra,https://www.federalreserve.gov/newsevents/speech/barr20250925a.htm,clean/speeches/2025/2025-09-25-barra-speech.txt,ok
2025-09-26-bowmana,https://www.federalreserve.gov/newsevents/speech/bowman20250926a.htm,clean/speeches/2025/2025-09-26-bowmana-speech.txt,ok
2025-09-29-wallera,https://www.federalreserve.gov/newsevents/speech/waller20250929a.htm,clean/speeches/2025/2025-09-29-wallera-speech.txt,ok
2025-09-30-jeffersona,https://www.federalreserve.gov/newsevents/speech/jefferson20250930a.htm,clean/speeches/2025/2025-09-30-jeffersona-speech.txt,ok
2025-10-03-jeffersona,https://www.federalreserve.gov/newsevents/speech/jefferson20251003a.htm,clean/speeches/2025/2025-10-03-jeffersona-speech.txt,ok
2025-10-07-bowmana,https://www.federalreserve.gov/newsevents/speech/bowman20251007a.htm,clean/speeches/2025/2025-10-07-bowmana-speech.txt,ok
2025-10-08-barra,https://www.federalreserve.gov/newsevents/speech/barr20251008a.htm,clean/speeches/2025/2025-10-08-barra-speech.txt,ok
2025-10-08-barrb,https://www.federalreserve.gov/newsevents/speech/barr20251008b.htm,clean/speeches/2025/2025-10-08-barrb-speech.txt,ok
2025-10-09-barra,https://www.federalreserve.gov/newsevents/speech/barr20251009a.htm,clean/speeches/2025/2025-10-09-barra-speech.txt,ok
2025-10-09-bowmana,https://www.federalreserve.gov/newsevents/speech/bowman20251009a.htm,clean/speeches/2025/2025-10-09-bowmana-speech.txt,ok
2025-10-09-bowmanb,https://www.federalreserve.gov/newsevents/speech/bowman20251009b.htm,clean/speeches/2025/2025-10-09-bowmanb-speech.txt,ok
2025-10-09-powella,https://www.federalreserve.gov/newsevents/speech/powell20251009a.htm,clean/speeches/2025/2025-10-09-powella-speech.txt,ok
2025-10-14-powella,https://www.federalreserve.gov/newsevents/speech/powell20251014a.htm,clean/speeches/2025/2025-10-14-powella-speech.txt,ok
2025-10-15-wallera,https://www.federalreserve.gov/newsevents/speech/waller20251015a.htm,clean/speeches/2025/2025-10-15-wallera-speech.txt,ok
2025-10-16-barra,https://www.federalreserve.gov/newsevents/speech/barr20251016a.htm,clean/speeches/2025/2025-10-16-barra-speech.txt,ok
2025-10-16-bowmana,https://www.federalreserve.gov/newsevents/speech/bowman20251016a.htm,clean/speeches/2025/2025-10-16-bowmana-speech.txt,ok
2025-10-16-wallera,https://www.federalreserve.gov/newsevents/speech/waller20251016a.htm,clean/speeches/2025/2025-10-16-wallera-speech.txt,ok
2025-10-21-wallera,https://www.federalreserve.gov/newsevents/speech/waller20251021a.htm,clean/speeches/2025/2025-10-21-wallera-speech.txt,ok
2025-10-22-barra,https://www.federalreserve.gov/newsevents/speech/barr20251022a.htm,clean/speeches/2025/2025-10-22-barra-speech.txt,ok
2025-10-22-barrb,https://www.federalreserve.gov/newsevents/speech/barr20251022b.htm,clean/speeches/2025/2025-10-22-barrb-speech.txt,ok
2025-10-23-barra,https://www.federalreserve.gov/newsevents/speech/barr20251023a.htm,clean/speeches/2025/2025-10-23-barra-speech.txt,ok
2025-10-30-bowmana,https://www.federalreserve.gov/newsevents/speech/bowman20251030a.htm,clean/speeches/2025/2025-10-30-bowmana-speech.txt,ok
2025-11-03-cooka,https://www.federalreserve.gov/newsevents/speech/cook20251103a.htm,clean/speeches/2025/2025-11-03-cooka-speech.txt,ok
2025-11-07-jeffersona,https://www.federalreserve.gov/newsevents/speech/jefferson20251107a.htm,clean/speeches/2025/2025-11-07-jeffersona-speech.txt,ok
2025-11-07-mirana,https://www.federalreserve.gov/newsevents/speech/miran20251107a.htm,clean/speeches/2025/2025-11-07-mirana-speech.txt,ok
2025-11-11-barra,https://www.federalreserve.gov/newsevents/speech/barr20251111a.htm,clean/speeches/2025/2025-11-11-barra-speech.txt,ok
2025-11-17-jeffersona,https://www.federalreserve.gov/newsevents/speech/jefferson20251117a.htm,clean/speeches/2025/2025-11-17-jeffersona-speech.txt,ok
2025-11-17-wallera,https://www.federalreserve.gov/newsevents/speech/waller20251117a.htm,clean/speeches/2025/2025-11-17-wallera-speech.txt,ok
2025-11-18-barra,https://www.federalreserve.gov/newsevents/speech/barr20251118a.htm,clean/speeches/2025/2025-11-18-barra-speech.txt,ok
2025-11-19-mirana,https://www.federalreserve.gov/newsevents/speech/miran20251119a.htm,clean/speeches/2025/2025-11-19-mirana-speech.txt,ok
2025-11-20-cooka,https://www.federalreserve.gov/newsevents/speech/cook20251120a.htm,clean/speeches/2025/2025-11-20-cooka-speech.txt,ok
2025-11-21-barra,https://www.federalreserve.gov/newsevents/speech/barr20251121a.htm,clean/speeches/2025/2025-11-21-barra-speech.txt,ok
2025-11-21-jeffersona,https://www.federalreserve.gov/newsevents/speech/jefferson20251121a.htm,clean/speeches/2025/2025-11-21-jeffersona-speech.txt,ok
2025-12-01-powella,https://www.federalreserve.gov/newsevents/speech/powell20251201a.htm,clean/speeches/2025/2025-12-01-powella-speech.txt,ok
2025-12-15-mirana,https://www.federalreserve.gov/newsevents/speech/miran20251215a.htm,clean/speeches/2025/2025-12-15-mirana-speech.txt,ok
2026-01-07-bowmana,https://www.federalreserve.gov/newsevents/speech/bowman20260107a.htm,clean/speeches/2026/2026-01-07-bowmana-speech.txt,ok
2026-01-11-powella,https://www.federalreserve.gov/newsevents/speech/powell20260111a.htm,clean/speeches/2026/2026-01-11-powella-speech.txt,ok
2026-01-14-mirana,https://www.federalreserve.gov/newsevents/speech/miran20260114a.htm,clean/speeches/2026/2026-01-14-mirana-speech.txt,ok
2026-01-16-bowmana,https://www.federalreserve.gov/newsevents/speech/bowman20260116a.htm,clean/speeches/2026/2026-01-16-bowmana-speech.txt,ok
2026-01-16-jeffersona,https://www.federalreserve.gov/newsevents/speech/jefferson20260116a.htm,clean/speeches/2026/2026-01-16-jeffersona-speech.txt,ok
2026-01-30-bowmana,https://www.federalreserve.gov/newsevents/speech/bowman20260130a.htm,clean/speeches/2026/2026-01-30-bowmana-speech.txt,ok
2026-01-30-wallera,https://www.federalreserve.gov/newsevents/speech/waller20260130a.htm,clean/speeches/2026/2026-01-30-wallera-speech.txt,ok
2026-02-04-cooka,https://www.federalreserve.gov/newsevents/speech/cook20260204a.htm,clean/speeches/2026/2026-02-04-cooka-speech.txt,ok
2026-02-06-jeffersona,https://www.federalreserve.gov/newsevents/speech/jefferson20260206a.htm,clean/speeches/2026/2026-02-06-jeffersona-speech.txt,ok
2026-02-16-bowmana,https://www.federalreserve.gov/newsevents/speech/bowman20260216a.htm,clean/speeches/2026/2026-02-16-bowmana-speech.txt,ok
2026-02-17-barra,https://www.federalreserve.gov/newsevents/speech/barr20260217a.htm,clean/speeches/2026/2026-02-17-barra-speech.txt,ok
2026-02-19-bowmana,https://www.federalreserve.gov/newsevents/speech/bowman20260219a.htm,clean/speeches/2026/2026-02-19-bowmana-speech.txt,ok
2026-02-23-wallera,https://www.federalreserve.gov/newsevents/speech/waller20260223a.htm,clean/speeches/2026/2026-02-23-wallera-speech.txt,ok
2026-02-24-cooka,https://www.federalreserve.gov/newsevents/speech/cook20260224a.htm,clean/speeches/2026/2026-02-24-cooka-speech.txt,ok
2026-02-24-wallera,https://www.federalreserve.gov/newsevents/speech/waller20260224a.htm,clean/speeches/2026/2026-02-24-wallera-speech.txt,ok
2026-02-26-bowmana,https://www.federalreserve.gov/newsevents/speech/bowman20260226a.htm,clean/speeches/2026/2026-02-26-bowmana-speech.txt,ok
2026-03-03-bowmana,https://www.federalreserve.gov/newsevents/speech/bowman20260303a.htm,clean/speeches/2026/2026-03-03-bowmana-speech.txt,ok
2026-03-12-bowmana,https://www.federalreserve.gov/newsevents/speech/bowman20260312a.htm,clean/speeches/2026/2026-03-12-bowmana-speech.txt,ok
2026-03-21-powella,https://www.federalreserve.gov/newsevents/speech/powell20260321a.htm,clean/speeches/2026/2026-03-21-powella-speech.txt,ok
2026-03-24-barra,https://www.federalreserve.gov/newsevents/speech/barr20260324a.htm,clean/speeches/2026/2026-03-24-barra-speech.txt,ok
2026-03-26-barra,https://www.federalreserve.gov/newsevents/speech/barr20260326a.htm,clean/speeches/2026/2026-03-26-barra-speech.txt,ok
2026-03-26-cooka,https://www.federalreserve.gov/newsevents/speech/cook20260326a.htm,clean/speeches/2026/2026-03-26-cooka-speech.txt,ok
2026-03-26-jeffersona,https://www.federalreserve.gov/newsevents/speech/jefferson20260326a.htm,clean/speeches/2026/2026-03-26-jeffersona-speech.txt,ok
2026-03-26-mirana,https://www.federalreserve.gov/newsevents/speech/miran20260326a.htm,clean/speeches/2026/2026-03-26-mirana-speech.txt,ok
2026-03-31-barra,https://www.federalreserve.gov/newsevents/speech/barr20260331a.htm,clean/speeches/2026/2026-03-31-barra-speech.txt,ok
2026-03-31-bowmana,https://www.federalreserve.gov/newsevents/speech/bowman20260331a.htm,clean/speeches/2026/2026-03-31-bowmana-speech.txt,ok
2026-04-07-jeffersona,https://www.federalreserve.gov/newsevents/speech/jefferson20260407a.htm,clean/speeches/2026/2026-04-07-jeffersona-speech.txt,ok
2026-04-14-barra,https://www.federalreserve.gov/newsevents/speech/barr20260414a.htm,clean/speeches/2026/2026-04-14-barra-speech.txt,ok
2026-04-17-wallera,https://www.federalreserve.gov/newsevents/speech/waller20260417a.htm,clean/speeches/2026/2026-04-17-wallera-speech.txt,ok
2026-04-21-wallera,https://www.federalreserve.gov/newsevents/speech/waller20260421a.htm,clean/speeches/2026/2026-04-21-wallera-speech.txt,ok
2026-05-01-bowmana,https://www.federalreserve.gov/newsevents/speech/bowman20260501a.htm,clean/speeches/2026/2026-05-01-bowmana-speech.txt,ok
2026-05-05-bowmana,https://www.federalreserve.gov/newsevents/speech/bowman20260505a.htm,clean/speeches/2026/2026-05-05-bowmana-speech.txt,ok
2026-05-08-bowmana,https://www.federalreserve.gov/newsevents/speech/bowman20260508a.htm,clean/speeches/2026/2026-05-08-bowmana-speech.txt,ok
2026-05-08-cooka,https://www.federalreserve.gov/newsevents/speech/cook20260508a.htm,clean/speeches/2026/2026-05-08-cooka-speech.txt,ok
2026-05-08-wallera,https://www.federalreserve.gov/newsevents/speech/waller20260508a.htm,clean/speeches/2026/2026-05-08-wallera-speech.txt,ok
2026-05-14-barra,https://www.federalreserve.gov/newsevents/speech/barr20260514a.htm,clean/speeches/2026/2026-05-14-barra-speech.txt,ok
2026-05-14-bowmana,https://www.federalreserve.gov/newsevents/speech/bowman20260514a.htm,clean/speeches/2026/2026-05-14-bowmana-speech.txt,ok
2026-05-20-barra,https://www.federalreserve.gov/newsevents/speech/barr20260520a.htm,clean/speeches/2026/2026-05-20-barra-speech.txt,ok
2026-05-22-wallera,https://www.federalreserve.gov/newsevents/speech/waller20260522a.htm,clean/speeches/2026/2026-05-22-wallera-speech.txt,ok
2026-05-27-cooka,https://www.federalreserve.gov/newsevents/speech/cook20260527a.htm,clean/speeches/2026/2026-05-27-cooka-speech.txt,ok
2026-05-27-jeffersona,https://www.federalreserve.gov/newsevents/speech/jefferson20260527a.htm,clean/speeches/2026/2026-05-27-jeffersona-speech.txt,ok
2026-05-29-bowmana,https://www.federalreserve.gov/newsevents/speech/bowman20260529a.htm,clean/speeches/2026/2026-05-29-bowmana-speech.txt,ok
2026-05-31-powella,https://www.federalreserve.gov/newsevents/speech/powell20260531a.htm,clean/speeches/2026/2026-05-31-powella-speech.txt,ok
2026-06-06-barra,https://www.federalreserve.gov/newsevents/speech/barr20260606a.htm,clean/speeches/2026/2026-06-06-barra-speech.txt,ok
2026-06-22-wallera,https://www.federalreserve.gov/newsevents/speech/waller20260622a.htm,clean/speeches/2026/2026-06-22-wallera-speech.txt,ok
2026-06-24-cooka,https://www.federalreserve.gov/newsevents/speech/cook20260624a.htm,clean/speeches/2026/2026-06-24-cooka-speech.txt,ok
2026-07-06-wallera,https://www.federalreserve.gov/newsevents/speech/waller20260706a.htm,clean/speeches/2026/2026-07-06-wallera-speech.txt,ok
2026-07-07-bowmana,https://www.federalreserve.gov/newsevents/speech/bowman20260707a.htm,clean/speeches/2026/2026-07-07-bowmana-speech.txt,ok
2026-07-13-bowmana,https://www.federalreserve.gov/newsevents/speech/bowman20260713a.htm,clean/speeches/2026/2026-07-13-bowmana-speech.txt,ok
2026-07-13-wallera,https://www.federalreserve.gov/newsevents/speech/waller20260713a.htm,clean/speeches/2026/2026-07-13-wallera-speech.txt,ok
2026-07-14-barra,https://www.federalreserve.gov/newsevents/speech/barr20260714a.htm,clean/speeches/2026/2026-07-14-barra-speech.txt,ok
2026-07-14-bowmana,https://www.federalreserve.gov/newsevents/speech/bowman20260714a.htm,clean/speeches/2026/2026-07-14-bowmana-speech.txt,ok
2026-07-15-cooka,https://www.federalreserve.gov/newsevents/speech/cook20260715a.htm,clean/speeches/2026/2026-07-15-cooka-speech.txt,ok
2026-07-16-jeffersona,https://www.federalreserve.gov/newsevents/speech/jefferson20260716a.htm,clean/speeches/2026/2026-07-16-jeffersona-speech.txt,ok
