id,source_file,date,doc_type,sentence,label,final_label,,,
457,2021/2021-10-28-ecb-mp.txt,28/10/2021,statement,The Governing Council will purchase flexibly according to market conditions and with a view to preventing a tightening of financing conditions that is inconsistent with countering the downward impact of the pandemic on the projected path of inflation.,H,H,,MD,72
289,2017/2017-07-20-ecb-mp.txt,20/07/2017,statement,"If the outlook becomes less favourable, or if financial conditions become inconsistent with further progress towards a sustained adjustment in the path of inflation, the Governing Council stands ready to increase the programme in terms of size and/or duration.",D,D,,MH,45
323,2018/2018-09-13-ecb-mp.txt,13/09/2018,statement,"At today's meeting the Governing Council of the European Central Bank (ECB) decided that the interest rate on the main refinancing operations and the interest rates on the marginal lending facility and the deposit facility will remain unchanged at 0.00%, 0.25% and -0.40% respectively.",MD,MD,,H,88
31,2000/2000-03-16-ecb-mp.txt,16/03/2000,statement,Today's increase in ECB interest rates follows the interest rate decisions taken on 4 November 1999 and 3 February 2000 and continues the policy of countering these emerging upside risks to price stability in a timely and pre-emptive manner.,D,D,,D,108
428,2021/2021-07-22-ecb-mp.txt,22/07/2021,statement,"In its recent strategy review, the Governing Council agreed a symmetric inflation target of two per cent over the medium term.",N,N,,N,202
198,2012/2012-04-04-ecb-mp.txt,04/04/2012,statement,"At today's meeting the Governing Council of the ECB decided that the interest rate on the main refinancing operations and the interest rates on the marginal lending facility and the deposit facility will remain unchanged at 1.00%, 1.75% and 0.25% respectively.",N,N,,,
482,2022/2022-02-03-ecb-mp.txt,03/02/2022,statement,"In line with the step-by-step reduction in asset purchases decided on in December 2021 and to ensure that the monetary policy stance remains consistent with inflation stabilising at the Governing Council's target over the medium term, monthly net purchases under the APP will amount to €40 billion in the second quarter of 2022 and €30 billion in the third quarter.",H,H,,,
174,2011/2011-04-07-ecb-mp.txt,07/04/2011,statement,At today's meeting the Governing Council of the ECB took the following monetary policy decisions:,N,N,,,
507,2022/2022-04-14-ecb-mp.txt,14/04/2022,statement,"Inflation has increased significantly and will remain high over the coming months, mainly because of the sharp rise in energy costs.",MH,MH,,,
594,2022/2022-10-27-ecb-mp.txt,27/10/2022,statement,"The Governing Council will base the future policy rate path on the evolving outlook for inflation and the economy, following its meeting-by-meeting approach.",N,N,,,
352,2019/2019-07-25-ecb-mp.txt,25/07/2019,statement,"At today's meeting the Governing Council of the European Central Bank (ECB) decided that the interest rate on the main refinancing operations and the interest rates on the marginal lending facility and the deposit facility will remain unchanged at 0.00%, 0.25% and -0.40% respectively.",N,N,,,
294,2017/2017-10-26-ecb-mp.txt,26/10/2017,statement,"(1) The interest rate on the main refinancing operations and the interest rates on the marginal lending facility and the deposit facility will remain unchanged at 0.00%, 0.25% and -0.40% respectively.",N,N,,,
759,2023/2023-12-14-ecb-mp.txt,14/12/2023,statement,"As banks are repaying the amounts borrowed under the targeted longer-term refinancing operations, the Governing Council will regularly assess how targeted lending operations and their ongoing repayment are contributing to its monetary policy stance.",N,N,,,
869,2024/2024-12-12-ecb-mp.txt,12/12/2024,statement,"Although growth picked up in the third quarter of this year, survey indicators suggest it has slowed in the current quarter.",MD,MD,,,
960,2025/2025-10-30-ecb-mp.txt,30/10/2025,statement,"Moreover, the Transmission Protection Instrument is available to counter unwarranted, disorderly market dynamics that pose a serious threat to the transmission of monetary policy across all euro area countries, thus allowing the Governing Council to more effectively deliver on its price stability mandate.",MD,MD,,,
139,2009/2009-02-05-ecb-mp.txt,05/02/2009,statement,"At today's meeting the Governing Council of the ECB decided that the interest rate on the main refinancing operations and the interest rates on the marginal lending facility and the deposit facility will remain unchanged at 2.00%, 3.00% and 1.00% respectively.",N,N,,,
192,2011/2011-12-08-ecb-mp.txt,08/12/2011,statement,"The interest rate on the main refinancing operations of the Eurosystem will be decreased by 25 basis points to 1.00%, starting from the operation to be settled on 14 December 2011.",D,D,,,
879,2025/2025-01-30-ecb-mp.txt,30/01/2025,statement,"Domestic inflation remains high, mostly because wages and prices in certain sectors are still adjusting to the past inflation surge with a substantial delay.",H,H,,,
981,2026/2026-03-19-ecb-mp.txt,19/03/2026,statement,It will have a material impact on near-term inflation through higher energy prices.,MH,MH,,,
557,2022/2022-07-21-ecb-mp.txt,21/07/2022,statement,"In particular, as the Governing Council continues normalising monetary policy, the TPI will ensure that the monetary policy stance is transmitted smoothly across all euro area countries.",N,N,,,
178,2011/2011-05-05-ecb-mp.txt,05/05/2011,statement,"At today's meeting, which was held in Helsinki, the Governing Council of the ECB decided that the interest rate on the main refinancing operations and the interest rates on the marginal lending facility and the deposit facility will remain unchanged at 1.25%, 2.00% and 0.50% respectively.",N,N,,,
737,2023/2023-10-26-ecb-mp.txt,26/10/2023,statement,"The interest rate on the main refinancing operations and the interest rates on the marginal lending facility and the deposit facility will remain unchanged at 4.50%, 4.75% and 4.00% respectively.",N,N,,,
370,2020/2020-09-10-ecb-mp.txt,10/09/2020,statement,"These purchases contribute to easing the overall monetary policy stance, thereby helping to offset the downward impact of the pandemic on the projected path of inflation.",D,D,,,
706,2023/2023-07-27-ecb-mp.txt,27/07/2023,statement,"In any case, the future roll-off of the PEPP portfolio will be managed to avoid interference with the appropriate monetary policy stance.",N,N,,,
168,2010/2010-10-07-ecb-mp.txt,07/10/2010,statement,"At today's meeting the Governing Council of the ECB decided that the interest rate on the main refinancing operations and the interest rates on the marginal lending facility and the deposit facility will remain unchanged at 1.00%, 1.75% and 0.25% respectively.",N,N,,,
465,2021/2021-12-16-ecb-mp.txt,16/12/2021,statement,"In any case, the future roll-off of the PEPP portfolio will be managed to avoid interference with the appropriate monetary policy stance.",N,N,,,
70,2001/2001-08-30-ecb-mp.txt,30/08/2001,statement,At today's meeting the Governing Council of the ECB took the following monetary policy decisions:,N,N,,,
841,2024/2024-09-12-ecb-mp.txt,12/09/2024,statement,"As announced on 13 March 2024, some changes to the operational framework for implementing monetary policy will take effect from 18 September.",N,N,,,
978,2026/2026-02-05-ecb-mp.txt,05/02/2026,statement,"Moreover, the Transmission Protection Instrument is available to counter unwarranted, disorderly market dynamics that pose a serious threat to the transmission of monetary policy across all euro area countries, thus allowing the Governing Council to more effectively deliver on its price stability mandate.",MD,MD,,,
409,2021/2021-04-22-ecb-mp.txt,22/04/2021,statement,"The interest rate on the main refinancing operations and the interest rates on the marginal lending facility and the deposit facility will remain unchanged at 0.00%, 0.25% and -0.50% respectively.",N,N,,,
199,2012/2012-05-03-ecb-mp.txt,03/05/2012,statement,"At today's meeting, which was held in Barcelona, the Governing Council of the ECB decided that the interest rate on the main refinancing operations and the interest rates on the marginal lending facility and the deposit facility will remain unchanged at 1.00%, 1.75% and 0.25% respectively.",N,N,,,
695,2023/2023-07-27-ecb-mp.txt,27/07/2023,statement,is still expected to remain too high for too long.,N,N,,,
436,2021/2021-07-22-ecb-mp.txt,22/07/2021,statement,"In support of its symmetric two per cent inflation target and in line with its monetary policy strategy, the Governing Council expects the key ECB interest rates to remain at their present or lower levels until it sees inflation reaching two per cent well ahead of the end of its projection horizon and durably for the rest of the projection horizon, and it judges that realised progress in underlying inflation is sufficiently advanced to be consistent with inflation stabilising at two per cent over the medium term.",D,D,,,
59,2000/2000-08-31-ecb-mp.txt,31/08/2000,statement,"At the same time, recent data have confirmed that the euro area has entered a period of strong growth and that the outlook remains very positive.",MH,MH,,,
679,2023/2023-06-15-ecb-mp.txt,15/06/2023,statement,"The rate increase today reflects the Governing Council's updated assessment of the inflation outlook, the dynamics of underlying inflation, and the strength of monetary policy transmission.",H,H,,,
628,2022/2022-12-15-ecb-mp.txt,15/12/2022,statement,"The Governing Council will continue applying flexibility in reinvesting redemptions coming due in the PEPP portfolio, with a view to countering risks to the monetary policy transmission mechanism related to the pandemic.",MD,MD,,,
741,2023/2023-10-26-ecb-mp.txt,26/10/2023,statement,The Governing Council stands ready to adjust all of its instruments within its mandate to ensure that inflation returns to its 2% target over the medium term and to preserve the smooth functioning of monetary policy transmission.,H,H,,,
501,2022/2022-03-10-ecb-mp.txt,10/03/2022,statement,The Governing Council will also regularly assess how targeted lending operations are contributing to its monetary policy stance.,N,N,,,
626,2022/2022-12-15-ecb-mp.txt,15/12/2022,statement,"Accordingly, the interest rate on the main refinancing operations and the interest rates on the marginal lending facility and the deposit facility will be increased to 2.50%, 2.75% and 2.00% respectively, with effect from 21 December 2022.",H,H,,,
657,2023/2023-03-16-ecb-mp.txt,16/03/2023,statement,"In any case, the future roll-off of the PEPP portfolio will be managed to avoid interference with the appropriate monetary policy stance.",N,N,,,
447,2021/2021-09-09-ecb-mp.txt,09/09/2021,statement,This may also imply a transitory period in which inflation is moderately above target.,MH,MH,,,
449,2021/2021-09-09-ecb-mp.txt,09/09/2021,statement,The Governing Council will purchase flexibly according to market conditions and with a view to preventing a tightening of financing conditions that is inconsistent with countering the downward impact of the pandemic on the projected path of inflation.,D,D,,,
798,2024/2024-06-06-ecb-mp.txt,06/06/2024,statement,"Based on an updated assessment of the inflation outlook, the dynamics of underlying inflation and the strength of monetary policy transmission, it is now appropriate to moderate the degree of monetary policy restriction after nine months of holding rates steady.",H,H,,,
237,2014/2014-09-04-ecb-mp.txt,04/09/2014,statement,At today's meeting the Governing Council of the ECB took the following monetary policy decisions:,N,N,,,
1052,2020/2020-07-16-ecb-mp.txt,,statement,"The Governing Council expects the key ECB interest rates to remain at their present or lower levels until it has seen the inflation outlook robustly converge to a level sufficiently close to,",D,D,,,
88,2003/2003-03-06-ecb-mp.txt,06/03/2003,statement,"The interest rate on the marginal lending facility will be reduced by 0.25 percentage point to 3.50%, with effect from 7 March 2003.",D,D,,,
141,2009/2009-03-05-ecb-mp.txt,05/03/2009,statement,"The interest rate on the main refinancing operations of the Eurosystem will be decreased by 50 basis points to 1.50%, starting from the operation to be settled on 11 March 2009.",D,D,,,
215,2013/2013-05-02-ecb-mp.txt,02/05/2013,statement,"The interest rate on the marginal lending facility will be decreased by 50 basis points to 1.00%, with effect from 8 May 2013.",D,D,,,
740,2023/2023-10-26-ecb-mp.txt,26/10/2023,statement,"As banks are repaying the amounts borrowed under the targeted longer-term refinancing operations, the Governing Council will regularly assess how targeted lending operations and their ongoing repayment are contributing to its monetary policy stance.",MH,MH,,,
109,2006/2006-12-07-ecb-mp.txt,07/12/2006,statement,"The interest rate on the marginal lending facility will be increased by 25 basis points to 4.50%, with effect from 13 December 2006.",H,H,,,
273,2016/2016-12-08-ecb-mp.txt,08/12/2016,statement,"From April 2017, the net asset purchases are intended to continue at a monthly pace of €60 billion until the end of December 2017, or beyond, if necessary, and in any case until the Governing Council sees a sustained adjustment in the path of inflation consistent with its inflation aim.",D,D,,,
86,2002/2002-12-05-ecb-mp.txt,05/12/2002,statement,The reference value for the annual growth rate of the broad monetary aggregate M3 will remain at 41⁄2%.,N,N,,,
362,2019/2019-09-12-ecb-mp.txt,12/09/2019,statement,"(4) The modalities of the new series of quarterly targeted longer-term refinancing operations (TLTRO III) will be changed to preserve favourable bank lending conditions, ensure the smooth transmission of monetary policy and further support the accommodative stance of monetary policy.",D,D,,,
208,2012/2012-12-06-ecb-mp.txt,06/12/2012,statement,"At today's meeting the Governing Council of the ECB decided that the interest rate on the main refinancing operations and the interest rates on the marginal lending facility and the deposit facility will remain unchanged at 0.75%, 1.50% and 0.00% respectively.",N,N,,,
467,2021/2021-12-16-ecb-mp.txt,16/12/2021,statement,"Within our mandate, under stressed conditions, flexibility will remain an element of monetary policy whenever threats to monetary policy transmission jeopardise the attainment of price stability.",N,N,,,
684,2023/2023-06-15-ecb-mp.txt,15/06/2023,statement,Borrowing costs have increased steeply and growth in loans is slowing.,MH,MH,,,
783,2024/2024-03-07-ecb-mp.txt,07/03/2024,statement,"As banks are repaying the amounts borrowed under the targeted longer-term refinancing operations, the Governing Council will regularly assess how targeted lending operations and their ongoing repayment are contributing to its monetary policy stance.",N,N,,,
518,2022/2022-04-14-ecb-mp.txt,14/04/2022,statement,The Governing Council will also regularly assess how targeted lending operations are contributing to its monetary policy stance.,N,N,,,
499,2022/2022-03-10-ecb-mp.txt,10/03/2022,statement,"This could include purchasing bonds issued by the Hellenic Republic over and above rollovers of redemptions in order to avoid an interruption of purchases in that jurisdiction, which could impair the transmission of monetary policy to the Greek economy while it is still recovering from the fallout from the pandemic.",D,D,,,
952,2025/2025-09-11-ecb-mp.txt,11/09/2025,statement,The Governing Council stands ready to adjust all of its instruments within its mandate to ensure that inflation stabilises at its 2% target in the medium term and to preserve the smooth functioning of monetary policy transmission.,D,D,,,
307,2018/2018-03-08-ecb-mp.txt,08/03/2018,statement,"At today's meeting the Governing Council of the ECB decided that the interest rate on the main refinancing operations and the interest rates on the marginal lending facility and the deposit facility will remain unchanged at 0.00%, 0.25% and -0.40% respectively.",N,N,,,
667,2023/2023-05-04-ecb-mp.txt,04/05/2023,statement,The Governing Council's future decisions will ensure that the policy rates will be brought to levels sufficiently restrictive to achieve a timely return of inflation to the 2% medium-term target and will be kept at those levels for as long as necessary.,H,H,,,
886,2025/2025-01-30-ecb-mp.txt,30/01/2025,statement,"In particular, the Governing Council's interest rate decisions will be based on its assessment of the inflation outlook in light of the incoming economic and financial data, the dynamics of underlying inflation and the strength of monetary policy transmission.",N,N,,,
549,2022/2022-06-09-ecb-mp.txt,09/06/2022,statement,"The pandemic has shown that, under stressed conditions, flexibility in the design and conduct of asset purchases has helped to counter the impaired transmission of monetary policy and made the Governing Council's efforts to achieve its goal more effective.",MD,MD,,,
777,2024/2024-03-07-ecb-mp.txt,07/03/2024,statement,"Financing conditions are restrictive and the past interest rate increases continue to weigh on demand, which is helping push down inflation.",MH,MH,,,
429,2021/2021-07-22-ecb-mp.txt,22/07/2021,statement,The key ECB interest rates have been close to their lower bound for some time and the medium-term outlook for inflation is still well below the Governing Council's target.,MD,MD,,,
318,2018/2018-06-14-ecb-mp.txt,14/06/2018,statement,"Today's monetary policy decisions maintain the current ample degree of monetary accommodation that will ensure the continued sustained convergence of inflation towards levels that are below, but close to, 2% over the medium term.",D,D,,,
333,2018/2018-12-13-ecb-mp.txt,13/12/2018,statement,"Regarding non-standard monetary policy measures, the net purchases under the asset purchase programme (APP) will end in December 2018.",H,H,,,
761,2023/2023-12-14-ecb-mp.txt,14/12/2023,statement,"Moreover, the Transmission Protection Instrument is available to counter unwarranted, disorderly market dynamics that pose a serious threat to the transmission of monetary policy across all euro area countries, thus allowing the Governing Council to more effectively deliver on its price stability mandate.",MD,MD,,,
967,2025/2025-12-18-ecb-mp.txt,18/12/2025,statement,The Governing Council is determined to ensure that inflation stabilises at its 2% target in the medium term.,N,N,,,
662,2023/2023-05-04-ecb-mp.txt,04/05/2023,statement,The inflation outlook continues to be too high for too long.,H,H,,,
754,2023/2023-12-14-ecb-mp.txt,14/12/2023,statement,The Governing Council is determined to ensure that inflation returns to its 2% medium-term target in a timely manner.,N,N,,,
275,2017/2017-01-19-ecb-mp.txt,19/01/2017,statement,"At today's meeting the Governing Council of the ECB decided that the interest rate on the main refinancing operations and the interest rates on the marginal lending facility and the deposit facility will remain unchanged at 0.00%, 0.25% and -0.40% respectively.",N,N,,,
551,2022/2022-07-21-ecb-mp.txt,21/07/2022,statement,"Today, in line with the Governing Council's strong commitment to its price stability mandate, the Governing Council took further key steps to make sure inflation returns to its 2% target over the medium term.",MH,MH,,,
734,2023/2023-10-26-ecb-mp.txt,26/10/2023,statement,This is increasingly dampening demand and thereby helps push down inflation.,MH,MH,,,
96,2006/2006-03-02-ecb-mp.txt,02/03/2006,statement,At today's meeting the Governing Council of the ECB took the following monetary policy decisions:,N,N,,,
442,2021/2021-07-22-ecb-mp.txt,22/07/2021,statement,"In any case, the future roll-off of the PEPP portfolio will be managed to avoid interference with the appropriate monetary policy stance.",N,N,,,
49,2000/2000-08-31-ecb-mp.txt,31/08/2000,statement,"The interest rate on the marginal lending facility will be raised by 0.25 percentage point to 5.50%, with effect from 1 September 2000.",H,H,,,
872,2024/2024-12-12-ecb-mp.txt,12/12/2024,statement,It will follow a data-dependent and meeting-by-meeting approach to determining the appropriate monetary policy stance.,N,N,,,
948,2025/2025-09-11-ecb-mp.txt,11/09/2025,statement,"The growth projection for 2026 is now slightly lower, at 1.0%, while the projection for 2027 is unchanged at 1.3%.",MD,MD,,,
572,2022/2022-09-08-ecb-mp.txt,08/09/2022,statement,The Governing Council will regularly re-evaluate its policy path in light of incoming information and the evolving inflation outlook.,N,N,,,
76,2001/2001-09-17-ecb-mp.txt,17/09/2001,statement,"In the view of the Governing Council, the recent events in the US are likely to weigh adversely on confidence in the euro area, reducing the short-term outlook for domestic growth.",D,D,,,
10,1999/1999-04-08-ecb-mp.txt,08/04/1999,statement,"The interest rate on the deposit facility will be reduced by 0.5 percentage point to 1.5%, effective 9 April 1999.",D,D,,,
522,2022/2022-04-14-ecb-mp.txt,14/04/2022,statement,"Within the Governing Council's mandate, under stressed conditions, flexibility will remain an element of monetary policy whenever threats to monetary policy transmission jeopardise the attainment of price stability.",N,N,,,
753,2023/2023-12-14-ecb-mp.txt,14/12/2023,statement,"Eurosystem staff therefore see growth picking up from an average of 0.6% for 2023 to 0.8% for 2024, and to 1.5% for both 2025 and 2026.",D,D,,,
381,2020/2020-10-29-ecb-mp.txt,29/10/2020,statement,"These purchases contribute to easing the overall monetary policy stance, thereby helping to offset the downward impact of the pandemic on the projected path of inflation.",D,D,,,
430,2021/2021-07-22-ecb-mp.txt,22/07/2021,statement,It did so to underline its commitment to maintain a persistently accommodative monetary policy stance to meet its inflation target.,D,D,,,
536,2022/2022-06-09-ecb-mp.txt,09/06/2022,statement,"On the basis of its updated assessment, the Governing Council decided to take further steps in normalising its monetary policy.",H,H,,,
408,2021/2021-04-22-ecb-mp.txt,22/04/2021,statement,"At today's meeting, the Governing Council decided to reconfirm its very accommodative monetary policy stance:",D,D,,,
781,2024/2024-03-07-ecb-mp.txt,07/03/2024,statement,"The interest rate on the main refinancing operations and the interest rates on the marginal lending facility and the deposit facility will remain unchanged at 4.50%, 4.75% and 4.00% respectively.",N,N,,,
411,2021/2021-04-22-ecb-mp.txt,22/04/2021,statement,"below, 2% within its projection horizon, and such convergence has been consistently reflected in underlying inflation dynamics.",N,N,,,
665,2023/2023-05-04-ecb-mp.txt,04/05/2023,statement,"Headline inflation has declined over recent months,",MD,MD,,,
425,2021/2021-06-10-ecb-mp.txt,10/06/2021,statement,"Equally, the envelope can be recalibrated if required to maintain favourable financing conditions to help counter the negative pandemic shock to the path of inflation.",D,D,,,
158,2009/2009-12-03-ecb-mp.txt,03/12/2009,statement,"At today's meeting the Governing Council of the ECB decided that the interest rate on the main refinancing operations and the interest rates on the marginal lending facility and the deposit facility will remain unchanged at 1.00%, 1.75% and 0.25% respectively.",N,N,,,
1057,2020/2020-07-16-ecb-mp.txt,,statement,"The Governing Council continues to stand ready to adjust all of its instruments, as appropriate, to ensure that inflation moves towards its aim in a sustained manner, in line with its commitment to symmetry.",N,N,,,
136,2009/2009-01-15-ecb-mp.txt,15/01/2009,statement,"The interest rate on the marginal lending facility will be set at 3.00%, with effect from 21 January 2009.",N,N,,,
388,2020/2020-12-10-ecb-mp.txt,10/12/2020,statement,"In any case, the future roll-off of the PEPP portfolio will be managed to avoid interference with the appropriate monetary policy stance.",N,N,,,
365,2019/2019-09-12-ecb-mp.txt,12/09/2019,statement,"(5) In order to support the bank-based transmission of monetary policy, a two-tier system for reserve remuneration will be introduced, in which part of banks' holdings of excess liquidity will be exempt from the negative deposit facility rate.",D,D,,,
210,2013/2013-02-07-ecb-mp.txt,07/02/2013,statement,"At today's meeting the Governing Council of the ECB decided that the interest rate on the main refinancing operations and the interest rates on the marginal lending facility and the deposit facility will remain unchanged at 0.75%, 1.50% and 0.00% respectively.",N,N,,,
107,2006/2006-10-05-ecb-mp.txt,05/10/2006,statement,"The interest rate on the deposit facility will be increased by 25 basis points to 2.25%, with effect from 11 October 2006.",H,H,,,
1028,2019/2019-12-12-ecb-mp.txt,,statement,"The Governing Council expects the key ECB interest rates to remain at their present or lower levels until it has seen the inflation outlook robustly converge to a level sufficiently close to,",D,D,,,
887,2025/2025-01-30-ecb-mp.txt,30/01/2025,statement,The Governing Council stands ready to adjust all of its instruments within its mandate to ensure that inflation stabilises sustainably at its 2% target over the medium term and to preserve the smooth functioning of monetary policy transmission.,N,N,,,
113,2007/2007-03-08-ecb-mp.txt,08/03/2007,statement,"The interest rate on the deposit facility will be increased by 25 basis points to 2.75%, with effect from 14 March 2007.",H,H,,,
873,2024/2024-12-12-ecb-mp.txt,12/12/2024,statement,"In particular, the Governing Council's interest rate decisions will be based on its assessment of the inflation outlook in light of the incoming economic and financial data, the dynamics of underlying inflation and the strength of monetary policy transmission.",N,N,,,
405,2021/2021-03-11-ecb-mp.txt,11/03/2021,statement,"The Governing Council expects the key ECB interest rates to remain at their present or lower levels until it has seen the inflation outlook robustly converge to a level sufficiently close to,",D,D,,,
485,2022/2022-02-03-ecb-mp.txt,03/02/2022,statement,This may also imply a transitory period in which inflation is moderately above target.,MH,MH,,,
589,2022/2022-09-08-ecb-mp.txt,08/09/2022,statement,The Governing Council will also regularly assess how targeted lending operations are contributing to its monetary policy stance.,N,N,,,
916,2025/2025-04-17-ecb-mp.txt,17/04/2025,statement,"Moreover, the Transmission Protection Instrument is available to counter unwarranted, disorderly market dynamics that pose a serious threat to the transmission of monetary policy across all euro area countries, thus allowing the Governing Council to more effectively deliver on its price stability mandate.",MD,MD,,,
101,2006/2006-06-08-ecb-mp.txt,08/06/2006,statement,"The interest rate on the deposit facility will be increased by 25 basis points to 1.75%, with effect from 15 June 2006.",H,H,,,
896,2025/2025-03-06-ecb-mp.txt,06/03/2025,statement,"But wage growth is moderating as expected, and profits are partially buffering the impact on inflation.",N,N,,,
371,2020/2020-09-10-ecb-mp.txt,10/09/2020,statement,This allows the Governing Council to effectively stave off risks to the smooth transmission of monetary policy.,N,N,,,
78,2001/2001-11-08-ecb-mp.txt,08/11/2001,statement,At today's meeting the Governing Council of the ECB took the following monetary policy decisions:,N,N,,,
712,2023/2023-09-14-ecb-mp.txt,14/09/2023,statement,is still expected to remain too high for too long.,N,N,,,
575,2022/2022-09-08-ecb-mp.txt,08/09/2022,statement,"Soaring energy and food prices, demand pressures in some sectors owing to the reopening of the economy, and supply bottlenecks are still driving up inflation.",H,H,,,
810,2024/2024-06-06-ecb-mp.txt,06/06/2024,statement,"Accordingly, the interest rate on the main refinancing operations and the interest rates on the marginal lending facility and the deposit facility will be decreased to 4.25%, 4.50% and 3.75% respectively, with effect from 12 June 2024.",D,D,,,
83,2002/2002-12-05-ecb-mp.txt,05/12/2002,statement,At today's meeting the Governing Council of the ECB took the following monetary policy decisions:,N,N,,,
327,2018/2018-10-25-ecb-mp.txt,25/10/2018,statement,"At today's meeting the Governing Council of the European Central Bank (ECB) decided that the interest rate on the main refinancing operations and the interest rates on the marginal lending facility and the deposit facility will remain unchanged at 0.00%, 0.25% and -0.40% respectively.",MD,MD,,,
792,2024/2024-04-11-ecb-mp.txt,11/04/2024,statement,"If the Governing Council's updated assessment of the inflation outlook, the dynamics of underlying inflation and the strength of monetary policy transmission were to further increase its confidence that inflation is converging to the target in a sustained manner, it would be appropriate to reduce the current level of monetary policy restriction.",MD,MD,,,
184,2011/2011-08-04-ecb-mp.txt,04/08/2011,statement,"At today's meeting the Governing Council of the ECB decided that the interest rate on the main refinancing operations and the interest rates on the marginal lending facility and the deposit facility will remain unchanged at 1.50%, 2.25% and 0.75% respectively.",N,N,,,
23,2000/2000-03-16-ecb-mp.txt,16/03/2000,statement,"The interest rate on the marginal lending facility will be raised by 0.25 percentage point to 4.5%, with effect from 17 March 2000.",H,H,,,
398,2021/2021-01-21-ecb-mp.txt,21/01/2021,statement,"The Governing Council continues to stand ready to adjust all of its instruments, as appropriate, to ensure that inflation moves towards its aim in a sustained manner, in line with its commitment to symmetry.",N,N,,,
529,2022/2022-06-09-ecb-mp.txt,09/06/2022,statement,"However, moderating energy costs, the easing of supply disruptions related to the pandemic and the normalisation of monetary policy are expected to lead to a decline in inflation.",MD,MD,,,
39,2000/2000-04-27-ecb-mp.txt,27/04/2000,statement,"In particular, the Governing Council expressed concern about upside risks to price stability which, given the prospects for strong economic expansion, arise from strong growth in monetary and credit aggregates, as well as from the present level of the exchange rate of the euro.",MH,MH,,,
30,2000/2000-03-16-ecb-mp.txt,16/03/2000,statement,"In the context of a strong cyclical upswing, there is a risk that these developments could, via second round effects, have lasting effects on consumer price inflation.",H,H,,,
875,2024/2024-12-12-ecb-mp.txt,12/12/2024,statement,"Moreover, the Transmission Protection Instrument is available to counter unwarranted, disorderly market dynamics that pose a serious threat to the transmission of monetary policy across all euro area countries, thus allowing the Governing Council to more effectively deliver on its price stability mandate.",MD,MD,,,
809,2024/2024-06-06-ecb-mp.txt,06/06/2024,statement,"In particular, its interest rate decisions will be based on its assessment of the inflation outlook in light of the incoming economic and financial data, the dynamics of underlying inflation and the strength of monetary policy transmission.",N,N,,,
331,2018/2018-12-13-ecb-mp.txt,13/12/2018,statement,"At today's meeting the Governing Council of the European Central Bank (ECB) decided that the interest rate on the main refinancing operations and the interest rates on the marginal lending facility and the deposit facility will remain unchanged at 0.00%, 0.25% and -0.40% respectively.",MD,MD,,,
1054,2020/2020-07-16-ecb-mp.txt,,statement,"These purchases contribute to easing the overall monetary policy stance, thereby helping to offset the pandemic-related downward shift in the projected path of inflation.",D,D,,,
54,2000/2000-08-31-ecb-mp.txt,31/08/2000,statement,Today's policy decisions support the favourable prospects for high economic growth in the euro area.,D,D,,,
346,2019/2019-04-10-ecb-mp.txt,10/04/2019,statement,"The Governing Council expects the key ECB interest rates to remain at their present levels at least through the end of 2019, and in any case for as long as necessary to ensure the continued sustained convergence of inflation to levels that are below, but close to, 2% over the medium term.",D,D,,,
404,2021/2021-03-11-ecb-mp.txt,11/03/2021,statement,"Third, the interest rate on the main refinancing operations and the interest rates on the marginal lending facility and the deposit facility will remain unchanged at 0.00%, 0.25% and -0.50% respectively.",N,N,,,
675,2023/2023-05-04-ecb-mp.txt,04/05/2023,statement,"Moreover, the Transmission Protection Instrument is available to counter unwarranted, disorderly market dynamics that pose a serious threat to the transmission of monetary policy across all euro area countries, thus allowing the Governing Council to more effectively deliver on its price stability mandate.",MD,MD,,,
280,2017/2017-03-09-ecb-mp.txt,09/03/2017,statement,"If the outlook becomes less favourable, or if financial conditions become inconsistent with further progress towards a sustained adjustment in the path of inflation, the Governing Council stands ready to increase the programme in terms of size and/or duration.",D,D,,,
576,2022/2022-09-08-ecb-mp.txt,08/09/2022,statement,Price pressures have continued to strengthen and broaden across the economy and inflation may rise further in the near term.,H,H,,,
3,1999/1999-03-18-ecb-mp.txt,18/03/1999,statement,"At today's meeting the Governing Council of the ECB reviewed the latest information on the monetary, financial and economic situation in the euro area against the background of its stability-oriented monetary policy strategy.",N,N,,,
867,2024/2024-12-12-ecb-mp.txt,12/12/2024,statement,"Financing conditions are easing, as the Governing Council's recent interest rate cuts gradually make new borrowing less expensive for firms and households.",D,D,,,
350,2019/2019-06-06-ecb-mp.txt,06/06/2019,statement,"(3) Regarding the modalities of the new series of quarterly targeted longer-term refinancing operations (TLTRO III), the Governing Council decided that the interest rate in each operation will be set at a level that is 10 basis points above the average rate applied in the Eurosystem's main refinancing operations over the life of the respective TLTRO.",N,N,,,
355,2019/2019-07-25-ecb-mp.txt,25/07/2019,statement,"Accordingly, if the medium-term inflation outlook continues to fall short of its aim, the Governing Council is determined to act, in line with its commitment to symmetry in the inflation aim.",MD,MD,,,
708,2023/2023-07-27-ecb-mp.txt,27/07/2023,statement,"As banks are repaying the amounts borrowed under the targeted longer-term refinancing operations, the Governing Council will regularly assess how targeted lending operations and their ongoing repayment are contributing to its monetary policy stance.",N,N,,,
504,2022/2022-03-10-ecb-mp.txt,10/03/2022,statement,"The Governing Council stands ready to adjust all of its instruments, as appropriate, to ensure that inflation stabilises at its 2% target over the medium term.",MD,MD,,,
692,2023/2023-06-15-ecb-mp.txt,15/06/2023,statement,The Governing Council stands ready to adjust all of its instruments within its mandate to ensure that inflation returns to its 2% target over the medium term and to preserve the smooth functioning of monetary policy transmission.,H,H,,,
58,2000/2000-08-31-ecb-mp.txt,31/08/2000,statement,The protracted depreciation of the exchange rate of the euro and the renewed rise in oil prices have increasingly put upward pressure on import prices and consumer prices in the euro area.,MH,MH,,,
63,2000/2000-10-05-ecb-mp.txt,05/10/2000,statement,"The interest rate on the marginal lending facility will be raised by 0.25 percentage point to 5.75%, with effect from 6 October 2000.",H,H,,,
789,2024/2024-04-11-ecb-mp.txt,11/04/2024,statement,"Financing conditions remain restrictive and the past interest rate increases continue to weigh on demand, which is helping to push down inflation.",H,H,,,
845,2024/2024-09-12-ecb-mp.txt,12/09/2024,statement,"The Governing Council will continue applying flexibility in reinvesting redemptions coming due in the PEPP portfolio, with a view to countering risks to the monetary policy transmission mechanism related to the pandemic.",MD,MD,,,
100,2006/2006-06-08-ecb-mp.txt,08/06/2006,statement,"The interest rate on the marginal lending facility will be increased by 25 basis points to 3.75%, with effect from 15 June 2006.",H,H,,,
481,2022/2022-02-03-ecb-mp.txt,03/02/2022,statement,"This could include purchasing bonds issued by the Hellenic Republic over and above rollovers of redemptions in order to avoid an interruption of purchases in that jurisdiction, which could impair the transmission of monetary policy to the Greek economy while it is still recovering from the fallout from the pandemic.",D,D,,,
309,2018/2018-03-08-ecb-mp.txt,08/03/2018,statement,This will contribute both to favourable liquidity conditions and to an appropriate monetary policy stance.,D,D,,,
451,2021/2021-09-09-ecb-mp.txt,09/09/2021,statement,"Equally, the envelope can be recalibrated if required to maintain favourable financing conditions to help counter the negative pandemic shock to the path of inflation.",D,D,,,
946,2025/2025-09-11-ecb-mp.txt,11/09/2025,statement,"They see headline inflation averaging 2.1% in 2025, 1.7% in 2026 and 1.9% in 2027.",MH,MH,,,
974,2026/2026-02-05-ecb-mp.txt,05/02/2026,statement,The Governing Council is determined to ensure that inflation stabilises at its 2% target in the medium term.,N,N,,,
213,2013/2013-05-02-ecb-mp.txt,02/05/2013,statement,"At today's meeting, which was held in Bratislava, the Governing Council of the ECB took the following monetary policy decisions:",N,N,,,
286,2017/2017-06-08-ecb-mp.txt,08/06/2017,statement,"If the outlook becomes less favourable, or if financial conditions become inconsistent with further progress towards a sustained adjustment in the path of inflation, the Governing Council stands ready to increase the programme in terms of size and/or duration.",D,D,,,
528,2022/2022-06-09-ecb-mp.txt,09/06/2022,statement,These projections indicate that inflation will remain undesirably elevated for some time.,MH,MH,,,
332,2018/2018-12-13-ecb-mp.txt,13/12/2018,statement,"The Governing Council expects the key ECB interest rates to remain at their present levels at least through the summer of 2019, and in any case for as long as necessary to ensure the continued sustained convergence of inflation to levels that are below, but close to, 2% over the medium term.",D,D,,,
895,2025/2025-03-06-ecb-mp.txt,06/03/2025,statement,"Domestic inflation remains high, mostly because wages and prices in certain sectors are still adjusting to the past inflation surge with a substantial delay.",H,H,,,
66,2000/2000-12-14-ecb-mp.txt,14/12/2000,statement,The reference value for the annual growth rate of the broad monetary aggregate M3 will remain at 4 1/2%.,N,N,,,
328,2018/2018-10-25-ecb-mp.txt,25/10/2018,statement,"The Governing Council expects the key ECB interest rates to remain at their present levels at least through the summer of 2019, and in any case for as long as necessary to ensure the continued sustained convergence of inflation to levels that are below, but close to, 2% over the medium term.",D,D,,,
67,2001/2001-05-10-ecb-mp.txt,10/05/2001,statement,At today's meeting the Governing Council of the ECB took the following monetary policy decisions:,N,N,,,
554,2022/2022-07-21-ecb-mp.txt,21/07/2022,statement,The frontloading today of the exit from negative interest rates allows the Governing Council to make a transition to a meeting-by-meeting approach to interest rate decisions.,H,H,,,
12,1999/1999-11-04-ecb-mp.txt,04/11/1999,statement,"The interest rate on the main refinancing operations of the Eurosystem will be raised by 0.5 percentage point to 3%, with effect from the operation to be settled on 10 November 1999.",H,H,,,
308,2018/2018-03-08-ecb-mp.txt,08/03/2018,statement,"Regarding non-standard monetary policy measures, the Governing Council confirms that the net asset purchases, at the current monthly pace of €30 billion, are intended to run until the end of September 2018, or beyond, if necessary, and in any case until the Governing Council sees a sustained adjustment in the path of inflation consistent with its inflation aim.",D,D,,,
256,2016/2016-03-10-ecb-mp.txt,10/03/2016,statement,At today's meeting the Governing Council of the ECB took the following monetary policy decisions:,N,N,,,
925,2025/2025-06-05-ecb-mp.txt,05/06/2025,statement,"Under this scenario analysis, a further escalation of trade tensions over the coming months would result in growth and inflation being below the baseline projections.",MD,MD,,,
543,2022/2022-06-09-ecb-mp.txt,09/06/2022,statement,The calibration of this rate increase will depend on the updated medium-term inflation outlook.,N,N,,,
583,2022/2022-09-08-ecb-mp.txt,08/09/2022,statement,The lasting vulnerabilities caused by the pandemic still pose a risk to the smooth transmission of monetary policy.,N,N,,,
682,2023/2023-06-15-ecb-mp.txt,15/06/2023,statement,"Staff have revised up their projections for inflation excluding energy and food, especially for this year and next year, owing to past upward surprises and the implications of the robust labour market for the speed of disinflation.",N,N,,,
296,2017/2017-10-26-ecb-mp.txt,26/10/2017,statement,"From January 2018 the net asset purchases are intended to continue at a monthly pace of €30 billion until the end of September 2018, or beyond, if necessary, and in any case until the Governing Council sees a sustained adjustment in the path of inflation consistent with its inflation aim.",D,D,,,
782,2024/2024-03-07-ecb-mp.txt,07/03/2024,statement,"The Governing Council will continue applying flexibility in reinvesting redemptions coming due in the PEPP portfolio, with a view to countering risks to the monetary policy transmission mechanism related to the pandemic.",MD,MD,,,
558,2022/2022-07-21-ecb-mp.txt,21/07/2022,statement,The singleness of the Governing Council's monetary policy is a precondition for the ECB to be able to deliver on its price stability mandate.,N,N,,,
904,2025/2025-03-06-ecb-mp.txt,06/03/2025,statement,The Governing Council stands ready to adjust all of its instruments within its mandate to ensure that inflation stabilises sustainably at its 2% target over the medium term and to preserve the smooth functioning of monetary policy transmission.,N,N,,,
954,2025/2025-10-30-ecb-mp.txt,30/10/2025,statement,Inflation remains close to the 2% medium-term target and the Governing Council's assessment of the inflation outlook is broadly unchanged.,N,N,,,
976,2026/2026-02-05-ecb-mp.txt,05/02/2026,statement,"In particular, the Governing Council's interest rate decisions will be based on its assessment of the inflation outlook and the risks surrounding it, in light of the incoming economic and financial data, as well as the dynamics of underlying inflation and the strength of monetary policy transmission.",N,N,,,
688,2023/2023-06-15-ecb-mp.txt,15/06/2023,statement,"Accordingly, the interest rate on the main refinancing operations and the interest rates on the marginal lending facility and the deposit facility will be increased to 4.00%, 4.25% and 3.50% respectively, with effect from 21 June 2023.",H,H,,,
247,2015/2015-04-15-ecb-mp.txt,15/04/2015,statement,"At today's meeting the Governing Council of the ECB decided that the interest rate on the main refinancing operations and the interest rates on the marginal lending facility and the deposit facility will remain unchanged at 0.05%, 0.30% and -0.20% respectively.",N,N,,,
277,2017/2017-01-19-ecb-mp.txt,19/01/2017,statement,"If the outlook becomes less favourable, or if financial conditions become inconsistent with further progress towards a sustained adjustment in the path of inflation, the Governing Council stands ready to increase the programme in terms of size and/or duration.",D,D,,,
756,2023/2023-12-14-ecb-mp.txt,14/12/2023,statement,The key ECB interest rates are the primary tool for setting the monetary policy stance.,N,N,,,
2,1999/1999-03-04-ecb-mp.txt,04/03/1999,statement,"In addition, the interest rate on the marginal lending facility will continue to be 4.5% and the interest rate on the deposit facility will remain 2.0%.",N,N,,,
900,2025/2025-03-06-ecb-mp.txt,06/03/2025,statement,Rising real incomes and the gradually fading effects of past rate hikes remain the key drivers underpinning the expected pick-up in demand over time.,MH,MH,,,
1032,2020/2020-01-23-ecb-mp.txt,,statement,"below, 2% within its projection horizon, and such convergence has been consistently reflected in underlying inflation dynamics.",N,N,,,
590,2022/2022-09-08-ecb-mp.txt,08/09/2022,statement,The Governing Council stands ready to adjust all of its instruments within its mandate to ensure that inflation stabilises at its 2% target over the medium term.,D,D,,,
964,2025/2025-12-18-ecb-mp.txt,18/12/2025,statement,"Inflation has been revised up for 2026, mainly because staff now expect services inflation to decline more slowly.",N,N,,,
1035,2020/2020-04-30-ecb-mp.txt,,statement,"Specifically, the Governing Council decided to reduce the interest rate on TLTRO III operations during the period from June 2020 to June 2021 to 50 basis points below the average interest rate on the Eurosystem's main refinancing operations prevailing over the same period.",D,D,,,
650,2023/2023-03-16-ecb-mp.txt,16/03/2023,statement,"At the same time, underlying price pressures remain strong.",H,H,,,
824,2024/2024-07-18-ecb-mp.txt,18/07/2024,statement,"As banks are repaying the amounts borrowed under the targeted longer-term refinancing operations, the Governing Council will regularly assess how targeted lending operations and their ongoing repayment are contributing to its monetary policy stance.",N,N,,,
351,2019/2019-06-06-ecb-mp.txt,06/06/2019,statement,"For banks whose eligible net lending exceeds a benchmark, the rate applied in TLTRO III will be lower and can be as low as the average interest rate on the deposit facility prevailing over the life of the operation plus 10 basis points.",MD,MD,,,
359,2019/2019-09-12-ecb-mp.txt,12/09/2019,statement,The interest rate on the main refinancing operations and the rate on the marginal lending facility will remain unchanged at their current levels of 0.00% and 0.25% respectively.,N,N,,,
506,2022/2022-04-14-ecb-mp.txt,14/04/2022,statement,"At the same time, economic activity is still being supported by the reopening of the economy after the crisis phase of the pandemic.",D,D,,,
260,2016/2016-03-10-ecb-mp.txt,10/03/2016,statement,Borrowing conditions in these operations can be as low as the interest rate on the deposit facility.,MD,MD,,,
1023,2012/2012-09-06-ecb-mp.txt,,statement,"At today's meeting the Governing Council of the ECB decided that the interest rate on the main refinancing operations and the interest rates on the marginal lending facility and the deposit facility will remain unchanged at 0.75%, 1.50% and 0.00% respectively.",N,N,,,
801,2024/2024-06-06-ecb-mp.txt,06/06/2024,statement,Monetary policy has kept financing conditions restrictive.,H,H,,,
1016,2026/2026-06-11-ecb-mp.txt,11/06/2026,statement,"The outlook remains uncertain, with upside risks for inflation and downside risks for economic growth.",H,H,,,
319,2018/2018-07-26-ecb-mp.txt,26/07/2018,statement,"At today's meeting the Governing Council of the ECB decided that the interest rate on the main refinancing operations and the interest rates on the marginal lending facility and the deposit facility will remain unchanged at 0.00%, 0.25% and -0.40% respectively.",N,N,,,
816,2024/2024-07-18-ecb-mp.txt,18/07/2024,statement,"While some measures of underlying inflation ticked up in May owing to one-off factors, most measures were either stable or edged down in June.",N,N,,,
244,2015/2015-01-22-ecb-mp.txt,22/01/2015,statement,"At today's meeting the Governing Council of the ECB decided that the interest rate on the main refinancing operations and the interest rates on the marginal lending facility and the deposit facility will remain unchanged at 0.05%, 0.30% and -0.20% respectively.",N,N,,,
218,2013/2013-07-04-ecb-mp.txt,04/07/2013,statement,"At today's meeting the Governing Council of the ECB decided that the interest rate on the main refinancing operations and the interest rates on the marginal lending facility and the deposit facility will remain unchanged at 0.50%, 1.00% and 0.00% respectively.",N,N,,,
652,2023/2023-03-16-ecb-mp.txt,16/03/2023,statement,"Subsequently, it is projected to come down to 2.5% in 2024 and 2.2% in 2025, as the upward pressures from past supply shocks and the reopening of the economy fade out and as tighter monetary policy increasingly dampens demand.",H,H,,,
743,2023/2023-12-14-ecb-mp.txt,14/12/2023,statement,"While inflation has dropped in recent months, it is likely to pick up again temporarily in the near term.",MH,MH,,,
790,2024/2024-04-11-ecb-mp.txt,11/04/2024,statement,But domestic price pressures are strong and are keeping services price inflation high.,H,H,,,
477,2022/2022-02-03-ecb-mp.txt,03/02/2022,statement,The Governing Council confirmed the decisions taken at its monetary policy meeting last December.,N,N,,,
1002,2026/2026-04-30-ecb-mp.txt,30/04/2026,statement,"The longer the war continues and the longer energy prices remain high, the stronger is the likely impact on broader inflation and the economy.",H,H,,,
440,2021/2021-07-22-ecb-mp.txt,22/07/2021,statement,"In addition, the flexibility of purchases over time, across asset classes and among jurisdictions will continue to support the smooth transmission of monetary policy.",MD,MD,,,
106,2006/2006-10-05-ecb-mp.txt,05/10/2006,statement,"The interest rate on the marginal lending facility will be increased by 25 basis points to 4.25%, with effect from 11 October 2006.",H,H,,,
578,2022/2022-09-08-ecb-mp.txt,08/09/2022,statement,"Looking ahead, ECB staff have significantly revised up their inflation projections and inflation is now expected to average 8.1% in 2022, 5.5% in 2023 and 2.3% in 2024.",MD,MD,,,
55,2000/2000-08-31-ecb-mp.txt,31/08/2000,statement,"In the context of the first pillar of the monetary policy strategy of the ECB,",N,N,,,
120,2008/2008-10-08-ecb-mp.txt,08/10/2008,statement,Inflation expectations are diminishing and remain anchored to price stability.,MD,MD,,,
649,2023/2023-03-16-ecb-mp.txt,16/03/2023,statement,"ECB staff now see inflation averaging 5.3% in 2023, 2.9% in 2024 and 2.1% in 2025.",MD,MD,,,
25,2000/2000-03-16-ecb-mp.txt,16/03/2000,statement,"Following the regular examination of the outlook for price developments in the euro area on the basis of the latest information on monetary, financial and other economic developments, the Governing Council confirmed the assessment which was presented by the President of the ECB in his introductory statement at the press conference after the Governing Council meeting on 2 March 2000, as well as in the following issue of the ECB Monthly Bulletin.",N,N,,,
72,2001/2001-08-30-ecb-mp.txt,30/08/2001,statement,"The interest rate on the deposit facility will be reduced by 0.25 percentage point to 3.25%, with effect from 31 August 2001.",D,D,,,
334,2019/2019-01-24-ecb-mp.txt,24/01/2019,statement,"At today's meeting the Governing Council of the European Central Bank (ECB) decided that the interest rate on the main refinancing operations and the interest rates on the marginal lending facility and the deposit facility will remain unchanged at 0.00%, 0.25% and -0.40% respectively.",MD,MD,,,
44,2000/2000-06-08-ecb-mp.txt,08/06/2000,statement,"The interest rate on the deposit facility will be raised by 0.50 percentage point to 3.25%, with effect from 9 June 2000.",H,H,,,
306,2018/2018-01-25-ecb-mp.txt,25/01/2018,statement,This will contribute both to favourable liquidity conditions and to an appropriate monetary policy stance.,D,D,,,
655,2023/2023-03-16-ecb-mp.txt,16/03/2023,statement,"At the same time, the pick-up in growth in 2024 and 2025 is weaker than projected in December, owing to the tightening of monetary policy.",H,H,,,
617,2022/2022-12-15-ecb-mp.txt,15/12/2022,statement,The decline resulted mainly from lower energy price inflation.,N,N,,,
802,2024/2024-06-06-ecb-mp.txt,06/06/2024,statement,"By dampening demand and keeping inflation expectations well anchored, this has made a major contribution to bringing inflation back down.",MD,MD,,,
635,2023/2023-02-02-ecb-mp.txt,02/02/2023,statement,"Without prejudice to the ECB's price stability objective, this approach will support the gradual decarbonisation of the Eurosystem's corporate bond holdings, in line with the goals of the Paris Agreement.",N,N,,,
704,2023/2023-07-27-ecb-mp.txt,27/07/2023,statement,"At the same time, it will improve the efficiency of monetary policy by reducing the overall amount of interest that needs to be paid on reserves in order to implement the appropriate stance.",N,N,,,
290,2017/2017-09-07-ecb-mp.txt,07/09/2017,statement,"At today's meeting the Governing Council of the ECB decided that the interest rate on the main refinancing operations and the interest rates on the marginal lending facility and the deposit facility will remain unchanged at 0.00%, 0.25% and -0.40% respectively.",N,N,,,
305,2018/2018-01-25-ecb-mp.txt,25/01/2018,statement,"If the outlook becomes less favourable, or if financial conditions become inconsistent with further progress towards a sustained adjustment in the path of inflation, the Governing Council stands ready to increase the asset purchase programme (APP) in terms of size and/or duration.",D,D,,,
534,2022/2022-06-09-ecb-mp.txt,09/06/2022,statement,"Once current headwinds abate, economic activity is expected to pick up again.",MD,MD,,,
560,2022/2022-07-21-ecb-mp.txt,21/07/2022,statement,"By safeguarding the transmission mechanism, the TPI will allow the Governing Council to more effectively deliver on its price stability mandate.",D,D,,,
703,2023/2023-07-27-ecb-mp.txt,27/07/2023,statement,This decision will preserve the effectiveness of monetary policy by maintaining the current degree of control over the monetary policy stance and ensuring the full pass-through of the interest rate decisions to money markets.,MD,MD,,,
231,2014/2014-06-05-ecb-mp.txt,05/06/2014,statement,At today's meeting the Governing Council of the ECB took the following monetary policy decisions:,N,N,,,
527,2022/2022-06-09-ecb-mp.txt,09/06/2022,statement,Eurosystem staff have revised their baseline inflation projections up significantly.,MH,MH,,,
631,2022/2022-12-15-ecb-mp.txt,15/12/2022,statement,"The Transmission Protection Instrument is available to counter unwarranted, disorderly market dynamics that pose a serious threat to the transmission of monetary policy across all euro area countries, thus allowing the Governing Council to more effectively deliver on its price stability mandate.",D,D,,,
209,2013/2013-01-10-ecb-mp.txt,10/01/2013,statement,"At today's meeting the Governing Council of the ECB decided that the interest rate on the main refinancing operations and the interest rates on the marginal lending facility and the deposit facility will remain unchanged at 0.75%, 1.50% and 0.00% respectively.",N,N,,,
336,2019/2019-01-24-ecb-mp.txt,24/01/2019,statement,"Regarding non-standard monetary policy measures, the Governing Council intends to continue reinvesting, in full, the principal payments from maturing securities purchased under the asset purchase programme for an extended period of time past the date when it starts raising the key ECB interest rates, and in any case for as long as necessary to maintain favourable liquidity conditions and an ample degree of monetary accommodation.",MH,MH,,,
1027,2019/2019-12-12-ecb-mp.txt,,statement,"At today's meeting the Governing Council of the European Central Bank (ECB) decided that the interest rate on the main refinancing operations and the interest rates on the marginal lending facility and the deposit facility will remain unchanged at 0.00%, 0.25% and -0.50% respectively.",N,N,,,
999,2026/2026-04-30-ecb-mp.txt,30/04/2026,statement,The Governing Council is committed to setting monetary policy to ensure that inflation stabilises at the 2% target in the medium term.,N,N,,,
984,2026/2026-03-19-ecb-mp.txt,19/03/2026,statement,"The Governing Council is closely monitoring the situation, and its data-dependent approach will help it set monetary policy as appropriate.",N,N,,,
367,2020/2020-09-10-ecb-mp.txt,10/09/2020,statement,"(1) The interest rate on the main refinancing operations and the interest rates on the marginal lending facility and the deposit facility will remain unchanged at 0.00%, 0.25% and -0.50% respectively.",N,N,,,
60,2000/2000-08-31-ecb-mp.txt,31/08/2000,statement,The Governing Council will continue to ensure that price stability is maintained in the euro area and will remain alert to all emerging risks to price stability.,N,N,,,
413,2021/2021-04-22-ecb-mp.txt,22/04/2021,statement,The Governing Council will purchase flexibly according to market conditions and with a view to preventing a tightening of financing conditions that is inconsistent with countering the downward impact of the pandemic on the projected path of inflation.,H,H,,,
780,2024/2024-03-07-ecb-mp.txt,07/03/2024,statement,"In particular, the Governing Council's interest rate decisions will be based on its assessment of the inflation outlook in light of the incoming economic and financial data, the dynamics of underlying inflation and the strength of monetary policy transmission.",N,N,,,
92,2003/2003-06-05-ecb-mp.txt,05/06/2003,statement,"The interest rate on the deposit facility will be reduced by 0.50 percentage point to 1.00%, with effect from 6 June 2003.",D,D,,,
787,2024/2024-04-11-ecb-mp.txt,11/04/2024,statement,"Inflation has continued to fall, led by lower food and goods price inflation.",MD,MD,,,
633,2023/2023-02-02-ecb-mp.txt,02/02/2023,statement,"In view of the underlying inflation pressures, the Governing Council intends to raise interest rates by another 50 basis points at its next monetary policy meeting in March and it will then evaluate the subsequent path of its monetary policy.",H,H,,,
765,2024/2024-01-25-ecb-mp.txt,25/01/2024,statement,The Governing Council is determined to ensure that inflation returns to its 2% medium-term target in a timely manner.,N,N,,,
711,2023/2023-09-14-ecb-mp.txt,14/09/2023,statement,Inflation continues to decline,MD,MD,,,
493,2022/2022-03-10-ecb-mp.txt,10/03/2022,statement,"The interest rate on the main refinancing operations and the interest rates on the marginal lending facility and the deposit facility will remain unchanged at 0.00%, 0.25% and -0.50% respectively.",N,N,,,
265,2016/2016-07-21-ecb-mp.txt,21/07/2016,statement,"At today's meeting the Governing Council of the ECB decided that the interest rate on the main refinancing operations and the interest rates on the marginal lending facility and the deposit facility will remain unchanged at 0.00%, 0.25% and -0.40% respectively.",N,N,,,
243,2014/2014-12-04-ecb-mp.txt,04/12/2014,statement,"At today's meeting the Governing Council of the ECB decided that the interest rate on the main refinancing operations and the interest rates on the marginal lending facility and the deposit facility will remain unchanged at 0.05%, 0.30% and -0.20% respectively.",N,N,,,
846,2024/2024-09-12-ecb-mp.txt,12/09/2024,statement,"As banks are repaying the amounts borrowed under the targeted longer-term refinancing operations, the Governing Council will regularly assess how targeted lending operations and their ongoing repayment are contributing to its monetary policy stance.",N,N,,,
697,2023/2023-07-27-ecb-mp.txt,27/07/2023,statement,"The rate increase today reflects the Governing Council's assessment of the inflation outlook, the dynamics of underlying inflation, and the strength of monetary policy transmission.",H,H,,,
814,2024/2024-06-06-ecb-mp.txt,06/06/2024,statement,"Moreover, the Transmission Protection Instrument is available to counter unwarranted, disorderly market dynamics that pose a serious threat to the transmission of monetary policy across all euro area countries, thus allowing the Governing Council to more effectively deliver on its price stability mandate.",MD,MD,,,
531,2022/2022-06-09-ecb-mp.txt,09/06/2022,statement,This means that headline inflation at the end of the projection horizon is projected to be slightly above the Governing Council's target.,MH,MH,,,
292,2017/2017-09-07-ecb-mp.txt,07/09/2017,statement,"If the outlook becomes less favourable, or if financial conditions become inconsistent with further progress towards a sustained adjustment in the path of inflation, the Governing Council stands ready to increase the programme in terms of size and/or duration.",D,D,,,
344,2019/2019-03-07-ecb-mp.txt,07/03/2019,statement,"Under TLTRO-III, counterparties will be entitled to borrow up to 30% of the stock of eligible loans as at 28 February 2019 at a rate indexed to the interest rate on the main refinancing operations over the life of each operation.",N,N,,,
298,2017/2017-10-26-ecb-mp.txt,26/10/2017,statement,This will contribute both to favourable liquidity conditions and to an appropriate monetary policy stance.,D,D,,,
494,2022/2022-03-10-ecb-mp.txt,10/03/2022,statement,The path for the key ECB interest rates will continue to be determined by the Governing Council's forward guidance and by its strategic commitment to stabilise inflation at 2% over the medium term.,MD,MD,,,
182,2011/2011-07-07-ecb-mp.txt,07/07/2011,statement,"The interest rate on the marginal lending facility will be increased by 25 basis points to 2.25%, with effect from 13 July 2011.",H,H,,,
593,2022/2022-10-27-ecb-mp.txt,27/10/2022,statement,"The Governing Council took today's decision, and expects to raise interest rates further, to ensure the timely return of inflation to its 2% medium-term inflation target.",H,H,,,
432,2021/2021-07-22-ecb-mp.txt,22/07/2021,statement,This may also imply a transitory period in which inflation is moderately above target.,MH,MH,,,
110,2006/2006-12-07-ecb-mp.txt,07/12/2006,statement,"The interest rate on the deposit facility will be increased by 25 basis points to 2.50%, with effect from 13 December 2006.",H,H,,,
915,2025/2025-04-17-ecb-mp.txt,17/04/2025,statement,The Governing Council stands ready to adjust all of its instruments within its mandate to ensure that inflation stabilises sustainably at its 2% target over the medium term and to preserve the smooth functioning of monetary policy transmission.,N,N,,,
848,2024/2024-09-12-ecb-mp.txt,12/09/2024,statement,"Moreover, the Transmission Protection Instrument is available to counter unwarranted, disorderly market dynamics that pose a serious threat to the transmission of monetary policy across all euro area countries, thus allowing the Governing Council to more effectively deliver on its price stability mandate.",MD,MD,,,
611,2022/2022-12-15-ecb-mp.txt,15/12/2022,statement,Keeping interest rates at restrictive levels will over time reduce inflation by dampening demand and will also guard against the risk of a persistent upward shift in inflation expectations.,MH,MH,,,
547,2022/2022-06-09-ecb-mp.txt,09/06/2022,statement,The Governing Council will also regularly assess how targeted lending operations are contributing to its monetary policy stance.,N,N,,,
834,2024/2024-09-12-ecb-mp.txt,12/09/2024,statement,"At the same time, staff continue to expect a rapid decline in core inflation, from 2.9% this year to 2.3% in 2025 and 2.0% in 2026.",D,D,,,
943,2025/2025-07-24-ecb-mp.txt,24/07/2025,statement,"Moreover, the Transmission Protection Instrument is available to counter unwarranted, disorderly market dynamics that pose a serious threat to the transmission of monetary policy across all euro area countries, thus allowing the Governing Council to more effectively deliver on its price stability mandate.",MD,MD,,,
342,2019/2019-03-07-ecb-mp.txt,07/03/2019,statement,"through the end of 2019, and in any case for as long as necessary to ensure the continued sustained convergence of inflation to levels that are below, but close to, 2% over the medium term.",N,N,,,
312,2018/2018-04-26-ecb-mp.txt,26/04/2018,statement,This will contribute both to favourable liquidity conditions and to an appropriate monetary policy stance.,D,D,,,
261,2016/2016-04-21-ecb-mp.txt,21/04/2016,statement,"At today's meeting the Governing Council of the ECB decided that the interest rate on the main refinancing operations and the interest rates on the marginal lending facility and the deposit facility will remain unchanged at 0.00%, 0.25% and -0.40% respectively.",N,N,,,
299,2017/2017-12-14-ecb-mp.txt,14/12/2017,statement,"At today's meeting the Governing Council of the ECB decided that the interest rate on the main refinancing operations and the interest rates on the marginal lending facility and the deposit facility will remain unchanged at 0.00%, 0.25% and -0.40% respectively.",N,N,,,
874,2024/2024-12-12-ecb-mp.txt,12/12/2024,statement,The Governing Council stands ready to adjust all of its instruments within its mandate to ensure that inflation stabilises sustainably at its 2% target over the medium term and to preserve the smooth functioning of monetary policy transmission.,N,N,,,
796,2024/2024-04-11-ecb-mp.txt,11/04/2024,statement,The Governing Council stands ready to adjust all of its instruments within its mandate to ensure that inflation returns to its 2% target over the medium term and to preserve the smooth functioning of monetary policy transmission.,H,H,,,
137,2009/2009-01-15-ecb-mp.txt,15/01/2009,statement,"The interest rate on the deposit facility will be set at 1.00%, with effect from 21 January 2009.",N,N,,,
361,2019/2019-09-12-ecb-mp.txt,12/09/2019,statement,"below, 2% within its projection horizon, and such convergence has been consistently reflected in underlying inflation dynamics.",N,N,,,
842,2024/2024-09-12-ecb-mp.txt,12/09/2024,statement,"In particular, the spread between the interest rate on the main refinancing operations and the deposit facility rate will be set at 15 basis points.",N,N,,,
911,2025/2025-04-17-ecb-mp.txt,17/04/2025,statement,"The euro area economy has been building up some resilience against global shocks, but the outlook for growth has deteriorated owing to rising trade tensions.",H,H,,,
835,2024/2024-09-12-ecb-mp.txt,12/09/2024,statement,Domestic inflation remains high as wages are still rising at an elevated pace.,H,H,,,
587,2022/2022-09-08-ecb-mp.txt,08/09/2022,statement,"Redemptions coming due in the PEPP portfolio are being reinvested flexibly, with a view to countering risks to the monetary policy transmission mechanism related to the pandemic.",MD,MD,,,
29,2000/2000-03-16-ecb-mp.txt,16/03/2000,statement,The strong rise in oil prices and the downward movement of the exchange rate of the euro in the past are putting upward pressure on import costs and producer prices.,H,H,,,
165,2010/2010-07-08-ecb-mp.txt,08/07/2010,statement,"At today's meeting the Governing Council of the ECB decided that the interest rate on the main refinancing operations and the interest rates on the marginal lending facility and the deposit facility will remain unchanged at 1.00%, 1.75% and 0.25% respectively.",N,N,,,
248,2015/2015-06-03-ecb-mp.txt,03/06/2015,statement,"At today's meeting the Governing Council of the ECB decided that the interest rate on the main refinancing operations and the interest rates on the marginal lending facility and the deposit facility will remain unchanged at 0.05%, 0.30% and -0.20% respectively.",N,N,,,
321,2018/2018-07-26-ecb-mp.txt,26/07/2018,statement,"Regarding non-standard monetary policy measures, the Governing Council will continue to make net purchases under the asset purchase programme (APP) at the current monthly pace of €30 billion until the end of September 2018.",D,D,,,
694,2023/2023-07-27-ecb-mp.txt,27/07/2023,statement,Inflation continues to decline,MD,MD,,,
713,2023/2023-09-14-ecb-mp.txt,14/09/2023,statement,The Governing Council is determined to ensure that inflation returns to its 2% medium-term target in a timely manner.,N,N,,,
354,2019/2019-07-25-ecb-mp.txt,25/07/2019,statement,"The Governing Council also underlined the need for a highly accommodative stance of monetary policy for a prolonged period of time, as inflation rates, both realised and projected, have been persistently below levels that are in line with its aim.",D,D,,,
613,2022/2022-12-15-ecb-mp.txt,15/12/2022,statement,The Governing Council today also discussed principles for normalising the Eurosystem's monetary policy securities holdings.,H,H,,,
533,2022/2022-06-09-ecb-mp.txt,09/06/2022,statement,"These factors will continue to weigh on confidence and dampen growth, especially in the near term.",MH,MH,,,
65,2000/2000-12-14-ecb-mp.txt,14/12/2000,statement,At today's meeting the Governing Council of the ECB took the following monetary policy decisions:,N,N,,,
390,2020/2020-12-10-ecb-mp.txt,10/12/2020,statement,We will also continue to monitor developments in the exchange rate with regard to their possible implications for the medium-term inflation outlook.,N,N,,,
905,2025/2025-03-06-ecb-mp.txt,06/03/2025,statement,"Moreover, the Transmission Protection Instrument is available to counter unwarranted, disorderly market dynamics that pose a serious threat to the transmission of monetary policy across all euro area countries, thus allowing the Governing Council to more effectively deliver on its price stability mandate.",MD,MD,,,
254,2015/2015-12-03-ecb-mp.txt,03/12/2015,statement,Further monetary policy measures will be communicated by the President of the ECB at a press conference starting at 14:30 CET today.,N,N,,,
728,2023/2023-09-14-ecb-mp.txt,14/09/2023,statement,The Governing Council stands ready to adjust all of its instruments within its mandate to ensure that inflation returns to its 2% target over the medium term and to preserve the smooth functioning of monetary policy transmission.,H,H,,,
723,2023/2023-09-14-ecb-mp.txt,14/09/2023,statement,"In particular, the Governing Council's interest rate decisions will be based on its assessment of the inflation outlook in light of the incoming economic and financial data, the dynamics of underlying inflation, and the strength of monetary policy transmission.",N,N,,,
221,2013/2013-10-02-ecb-mp.txt,02/10/2013,statement,"At today's meeting, which was held in Paris, the Governing Council of the ECB decided that the interest rate on the main refinancing operations and the interest rates on the marginal lending facility and the deposit facility will remain unchanged at 0.50%, 1.00% and 0.00% respectively.",N,N,,,
235,2014/2014-07-03-ecb-mp.txt,03/07/2014,statement,"At today's meeting the Governing Council of the ECB decided that the interest rate on the main refinancing operations and the interest rates on the marginal lending facility and the deposit facility will remain unchanged at 0.15%, 0.40% and -0.10% respectively.",N,N,,,
491,2022/2022-03-10-ecb-mp.txt,10/03/2022,statement,"If the incoming data support the expectation that the medium-term inflation outlook will not weaken even after the end of its net asset purchases, the Governing Council will conclude net purchases under the APP in the third quarter.",MH,MH,,,
615,2022/2022-12-15-ecb-mp.txt,15/12/2022,statement,"The Governing Council decided to raise interest rates today, and expects to raise them significantly further, because inflation remains far too high and is projected to stay above the target for too long.",H,H,,,
1001,2026/2026-04-30-ecb-mp.txt,30/04/2026,statement,The implications of the war for medium-term inflation and economic activity will depend on the intensity and duration of the energy price shock and the scale of its indirect and second-round effects.,H,H,,,
595,2022/2022-10-27-ecb-mp.txt,27/10/2022,statement,Inflation remains far too high and will stay above the target for an extended period.,H,H,,,
987,2026/2026-03-19-ecb-mp.txt,19/03/2026,statement,"For inflation excluding energy and food, staff project an average of 2.3% in 2026, 2.2% in 2027 and 2.1% in 2028.",MD,MD,,,
249,2015/2015-07-16-ecb-mp.txt,16/07/2015,statement,"At today's meeting the Governing Council of the ECB decided that the interest rate on the main refinancing operations and the interest rates on the marginal lending facility and the deposit facility will remain unchanged at 0.05%, 0.30% and -0.20% respectively.",N,N,,,
585,2022/2022-09-08-ecb-mp.txt,08/09/2022,statement,"for an extended period of time past the date when it started raising the key ECB interest rates and, in any case, for as long as necessary to maintain ample liquidity conditions and an appropriate monetary policy stance.",D,D,,,
424,2021/2021-06-10-ecb-mp.txt,10/06/2021,statement,"In addition, the flexibility of purchases over time, across asset classes and among jurisdictions will continue to support the smooth transmission of monetary policy.",MD,MD,,,
71,2001/2001-08-30-ecb-mp.txt,30/08/2001,statement,"The interest rate on the marginal lending facility will be reduced by 0.25 percentage point to 5.25%, with effect from 31 August 2001.",D,D,,,
94,2005/2005-12-01-ecb-mp.txt,01/12/2005,statement,"The interest rate on the marginal lending facility will be increased by 0.25 percentage point to 3.25%, with effect from 6 December 2005.",H,H,,,
33,2000/2000-04-27-ecb-mp.txt,27/04/2000,statement,"Following the regular examination of the outlook for price developments in the euro area on the basis of the latest information on monetary, financial and other economic developments, the Governing Council of the ECB took the following monetary policy decisions at today's meeting:",N,N,,,
653,2023/2023-03-16-ecb-mp.txt,16/03/2023,statement,The baseline projections for growth in 2023 have been revised up to an average of 1.0% as a result of both the decline in energy prices and the economy's greater resilience to the challenging international environment.,MD,MD,,,
259,2016/2016-03-10-ecb-mp.txt,10/03/2016,statement,"(3) The interest rate on the deposit facility will be decreased by 10 basis points to -0.40%, with effect from 16 March 2016.",D,D,,,
204,2012/2012-07-05-ecb-mp.txt,05/07/2012,statement,"The interest rate on the deposit facility will be decreased by 25 basis points to 0.00%, with effect from 11 July 2012.",D,D,,,
634,2023/2023-02-02-ecb-mp.txt,02/02/2023,statement,Keeping interest rates at restrictive levels will over time reduce inflation by dampening demand and will also guard against the risk of a persistent upward shift in inflation expectations.,MH,MH,,,
629,2022/2022-12-15-ecb-mp.txt,15/12/2022,statement,"As banks are repaying the amounts borrowed under the targeted longer-term refinancing operations, the Governing Council will regularly assess how targeted lending operations are contributing to its monetary policy stance.",MH,MH,,,
380,2020/2020-10-29-ecb-mp.txt,29/10/2020,statement,"below, 2% within its projection horizon, and such convergence has been consistently reflected in underlying inflation dynamics.",N,N,,,
77,2001/2001-09-17-ecb-mp.txt,17/09/2001,statement,"Against the background of the sound fundamentals of the euro area, the Governing Council remains confident that the slowdown in economic growth will be short-lived.",MD,MD,,,
84,2002/2002-12-05-ecb-mp.txt,05/12/2002,statement,"The interest rate on the marginal lending facility will be reduced by 0.50 percentage point to 3.75%, with effect from 6 December 2002.",D,D,,,
630,2022/2022-12-15-ecb-mp.txt,15/12/2022,statement,The Governing Council stands ready to adjust all of its instruments within its mandate to ensure that inflation returns to its 2% target over the medium term.,MH,MH,,,
82,2001/2001-12-06-ecb-mp.txt,06/12/2001,statement,The reference value for the annual growth rate of the broad monetary aggregate M3 will remain at 41⁄2%.,N,N,,,
1009,2026/2026-04-30-ecb-mp.txt,30/04/2026,statement,"Moreover, the Transmission Protection Instrument is available to counter unwarranted, disorderly market dynamics that pose a serious threat to the transmission of monetary policy across all euro area countries, thus allowing the Governing Council to more effectively deliver on its price stability mandate.",MD,MD,,,
448,2021/2021-09-09-ecb-mp.txt,09/09/2021,statement,"Based on a joint assessment of financing conditions and the inflation outlook, the Governing Council judges that favourable financing conditions can be maintained with a moderately lower pace of net asset purchases under the PEPP than in the previous two quarters.",D,D,,,
1049,2020/2020-06-04-ecb-mp.txt,,statement,"The Governing Council continues to stand ready to adjust all of its instruments, as appropriate, to ensure that inflation moves towards its aim in a sustained manner, in line with its commitment to symmetry.",N,N,,,
567,2022/2022-07-21-ecb-mp.txt,21/07/2022,statement,The Governing Council will also regularly assess how targeted lending operations are contributing to its monetary policy stance.,N,N,,,
956,2025/2025-10-30-ecb-mp.txt,30/10/2025,statement,The Governing Council is determined to ensure that inflation stabilises at its 2% target in the medium term.,N,N,,,
475,2021/2021-12-16-ecb-mp.txt,16/12/2021,statement,The Governing Council will also assess the appropriate calibration of its two-tier system for reserve remuneration so that the negative interest rate policy does not limit banks' intermediation capacity in an environment of ample excess liquidity.,MD,MD,,,
953,2025/2025-09-11-ecb-mp.txt,11/09/2025,statement,"Moreover, the Transmission Protection Instrument is available to counter unwarranted, disorderly market dynamics that pose a serious threat to the transmission of monetary policy across all euro area countries, thus allowing the Governing Council to more effectively deliver on its price stability mandate.",MD,MD,,,
5,1999/1999-03-18-ecb-mp.txt,18/03/1999,statement,they will be fixed rate tenders conducted at an interest rate of 3.0%.,N,N,,,
310,2018/2018-04-26-ecb-mp.txt,26/04/2018,statement,"At today's meeting the Governing Council of the ECB decided that the interest rate on the main refinancing operations and the interest rates on the marginal lending facility and the deposit facility will remain unchanged at 0.00%, 0.25% and -0.40% respectively.",N,N,,,
495,2022/2022-03-10-ecb-mp.txt,10/03/2022,statement,"Accordingly, the Governing Council expects the key ECB interest rates to remain at their present levels until it sees inflation reaching 2% well ahead of the end of its projection horizon and durably for the rest of the projection horizon, and it judges that realised progress in underlying inflation is sufficiently advanced to be consistent with inflation stabilising at 2% over the medium term.",D,D,,,
104,2006/2006-08-03-ecb-mp.txt,03/08/2006,statement,"The interest rate on the deposit facility will be increased by 25 basis points to 2.0%, with effect from 9 August 2006.",H,H,,,
97,2006/2006-03-02-ecb-mp.txt,02/03/2006,statement,"The interest rate on the marginal lending facility will be increased by 25 basis points to 3.50%, with effect from 8 March 2006.",H,H,,,
377,2020/2020-10-29-ecb-mp.txt,29/10/2020,statement,"In the meantime, the Governing Council of the ECB took the following monetary policy decisions:",N,N,,,
453,2021/2021-09-09-ecb-mp.txt,09/09/2021,statement,"The Governing Council stands ready to adjust all of its instruments, as appropriate, to ensure that inflation stabilises at its two per cent target over the medium term.",N,N,,,
314,2018/2018-06-14-ecb-mp.txt,14/06/2018,statement,"First, as regards non-standard monetary policy measures, the Governing Council will continue to make net purchases under the asset purchase programme (APP) at the current monthly pace of €30 billion until the end of September 2018.",D,D,,,
439,2021/2021-07-22-ecb-mp.txt,22/07/2021,statement,The Governing Council will purchase flexibly according to market conditions and with a view to preventing a tightening of financing conditions that is inconsistent with countering the downward impact of the pandemic on the projected path of inflation.,H,H,,,
949,2025/2025-09-11-ecb-mp.txt,11/09/2025,statement,The Governing Council is determined to ensure that inflation stabilises at its 2% target in the medium term.,N,N,,,
281,2017/2017-04-27-ecb-mp.txt,27/04/2017,statement,"At today's meeting the Governing Council of the ECB decided that the interest rate on the main refinancing operations and the interest rates on the marginal lending facility and the deposit facility will remain unchanged at 0.00%, 0.25% and -0.40% respectively.",N,N,,,
266,2016/2016-07-21-ecb-mp.txt,21/07/2016,statement,"Regarding non-standard monetary policy measures, the Governing Council confirms that the monthly asset purchases of €80 billion are intended to run until the end of March 2017, or beyond, if necessary, and in any case until it sees a sustained adjustment in the path of inflation consistent with its inflation aim.",D,D,,,
513,2022/2022-04-14-ecb-mp.txt,14/04/2022,statement,The path for the key ECB interest rates will continue to be determined by the Governing Council's forward guidance and by its strategic commitment to stabilise inflation at 2% over the medium term.,MD,MD,,,
490,2022/2022-03-10-ecb-mp.txt,10/03/2022,statement,The Governing Council will take whatever action is needed to fulfil the ECB's mandate to pursue price stability and to safeguard financial stability.,N,N,,,
902,2025/2025-03-06-ecb-mp.txt,06/03/2025,statement,"Especially in current conditions of rising uncertainty, it will follow a data-dependent and meeting-by-meeting approach to determining the appropriate monetary policy stance.",N,N,,,
722,2023/2023-09-14-ecb-mp.txt,14/09/2023,statement,"Based on its current assessment, the Governing Council considers that the key ECB interest rates have reached levels that, maintained for a sufficiently long duration, will make a substantial contribution to the timely return of inflation to the target.",H,H,,,
985,2026/2026-03-19-ecb-mp.txt,19/03/2026,statement,"In the baseline, headline inflation is seen to average 2.6% in 2026, 2.0% in 2027 and 2.1% in 2028.",N,N,,,
570,2022/2022-09-08-ecb-mp.txt,08/09/2022,statement,This major step frontloads the transition from the prevailing highly accommodative level of policy rates towards levels that will ensure the timely return of inflation to the ECB's 2% medium-term target.,H,H,,,
118,2008/2008-07-03-ecb-mp.txt,03/07/2008,statement,"The interest rate on the marginal lending facility will be increased by 25 basis points to 5.25%, with effect from 9 July 2008.",H,H,,,
450,2021/2021-09-09-ecb-mp.txt,09/09/2021,statement,"In addition, the flexibility of purchases over time, across asset classes and among jurisdictions will continue to support the smooth transmission of monetary policy.",MD,MD,,,
250,2015/2015-09-03-ecb-mp.txt,03/09/2015,statement,"At today's meeting the Governing Council of the ECB decided that the interest rate on the main refinancing operations and the interest rates on the marginal lending facility and the deposit facility will remain unchanged at 0.05%, 0.30% and -0.20% respectively.",N,N,,,
420,2021/2021-06-10-ecb-mp.txt,10/06/2021,statement,"The Governing Council expects the key ECB interest rates to remain at their present or lower levels until it has seen the inflation outlook robustly converge to a level sufficiently close to,",D,D,,,
285,2017/2017-06-08-ecb-mp.txt,08/06/2017,statement,"Regarding non-standard monetary policy measures, the Governing Council confirms that the net asset purchases, at the current monthly pace of €60 billion, are intended to run until the end of December 2017, or beyond, if necessary, and in any case until the Governing Council sees a sustained adjustment in the path of inflation consistent with its inflation aim.",D,D,,,
890,2025/2025-03-06-ecb-mp.txt,06/03/2025,statement,"Inflation has continued to develop broadly as staff expected, and the latest projections closely align with the previous inflation outlook.",N,N,,,
9,1999/1999-04-08-ecb-mp.txt,08/04/1999,statement,"The interest rate on the marginal lending facility will be reduced by 1 percentage point to 3.5%, effective 9 April 1999.",D,D,,,
478,2022/2022-02-03-ecb-mp.txt,03/02/2022,statement,"In any case, the future roll-off of the PEPP portfolio will be managed to avoid interference with the appropriate monetary policy stance.",N,N,,,
196,2012/2012-02-09-ecb-mp.txt,09/02/2012,statement,"At today's meeting the Governing Council of the ECB decided that the interest rate on the main refinancing operations and the interest rates on the marginal lending facility and the deposit facility will remain unchanged at 1.00%, 1.75% and 0.25% respectively.",N,N,,,
661,2023/2023-03-16-ecb-mp.txt,16/03/2023,statement,"Moreover, the Transmission Protection Instrument is available to counter unwarranted, disorderly market dynamics that pose a serious threat to the transmission of monetary policy across all euro area countries, thus allowing the Governing Council to more effectively deliver on its price stability mandate.",MD,MD,,,
81,2001/2001-12-06-ecb-mp.txt,06/12/2001,statement,At today's meeting the Governing Council of the ECB took the following monetary policy decisions:,N,N,,,
462,2021/2021-12-16-ecb-mp.txt,16/12/2021,statement,The Governing Council judges that the progress on economic recovery and towards its medium-term inflation target permits a step-by-step reduction in the pace of its asset purchases over the coming quarters.,MH,MH,,,
885,2025/2025-01-30-ecb-mp.txt,30/01/2025,statement,It will follow a data-dependent and meeting-by-meeting approach to determining the appropriate monetary policy stance.,N,N,,,
677,2023/2023-06-15-ecb-mp.txt,15/06/2023,statement,is projected to remain too high for too long.,MH,MH,,,
239,2014/2014-09-04-ecb-mp.txt,04/09/2014,statement,"The interest rate on the marginal lending facility will be decreased by 10 basis points to 0.30%, with effect from 10 September 2014.",D,D,,,
850,2024/2024-10-17-ecb-mp.txt,17/10/2024,statement,The incoming information on inflation shows that the disinflationary process is well on track.,D,D,,,
211,2013/2013-03-07-ecb-mp.txt,07/03/2013,statement,"At today's meeting the Governing Council of the ECB decided that the interest rate on the main refinancing operations and the interest rates on the marginal lending facility and the deposit facility will remain unchanged at 0.75%, 1.50% and 0.00% respectively.",N,N,,,
784,2024/2024-03-07-ecb-mp.txt,07/03/2024,statement,The Governing Council stands ready to adjust all of its instruments within its mandate to ensure that inflation returns to its 2% target over the medium term and to preserve the smooth functioning of monetary policy transmission.,H,H,,,
464,2021/2021-12-16-ecb-mp.txt,16/12/2021,statement,"In view of the current uncertainty, the Governing Council needs to maintain flexibility and optionality in the conduct of monetary policy.",N,N,,,
526,2022/2022-06-09-ecb-mp.txt,09/06/2022,statement,"But inflation pressures have broadened and intensified, with prices for many goods and services increasing strongly.",H,H,,,
227,2014/2014-02-06-ecb-mp.txt,06/02/2014,statement,"At today's meeting the Governing Council of the ECB decided that the interest rate on the main refinancing operations and the interest rates on the marginal lending facility and the deposit facility will remain unchanged at 0.25%, 0.75% and 0.00% respectively.",N,N,,,
937,2025/2025-07-24-ecb-mp.txt,24/07/2025,statement,"Domestic price pressures have continued to ease, with wages growing more slowly.",MD,MD,,,
568,2022/2022-07-21-ecb-mp.txt,21/07/2022,statement,The Governing Council stands ready to adjust all of its instruments within its mandate to ensure that inflation stabilises at its 2% target over the medium term.,D,D,,,
530,2022/2022-06-09-ecb-mp.txt,09/06/2022,statement,"The new staff projections foresee annual inflation at 6.8% in 2022, before it is projected to decline to 3.5% in 2023 and 2.1% in 2024 - higher than in the March projections.",H,H,,,
908,2025/2025-04-17-ecb-mp.txt,17/04/2025,statement,Services inflation has also eased markedly over recent months.,H,H,,,
177,2011/2011-04-07-ecb-mp.txt,07/04/2011,statement,"The interest rate on the deposit facility will be increased by 25 basis points to 0.50%, with effect from 13 April 2011.",H,H,,,
1022,2026/2026-06-11-ecb-mp.txt,11/06/2026,statement,"Moreover, the Transmission Protection Instrument is available to counter unwarranted, disorderly market dynamics that pose a serious threat to the transmission of monetary policy across all euro area countries, thus allowing the Governing Council to more effectively deliver on its price stability mandate.",MD,MD,,,
899,2025/2025-03-06-ecb-mp.txt,06/03/2025,statement,"The economy faces continued challenges and staff have again marked down their growth projections - to 0.9% for 2025, 1.2% for 2026 and 1.3% for 2027.",MH,MH,,,
445,2021/2021-09-09-ecb-mp.txt,09/09/2021,statement,"The interest rate on the main refinancing operations and the interest rates on the marginal lending facility and the deposit facility will remain unchanged at 0.00%, 0.25% and -0.50% respectively.",N,N,,,
539,2022/2022-06-09-ecb-mp.txt,09/06/2022,statement,"In any case, the future roll-off of the PEPP portfolio will be managed to avoid interference with the appropriate monetary policy stance.",N,N,,,
997,2026/2026-03-19-ecb-mp.txt,19/03/2026,statement,"Moreover, the Transmission Protection Instrument is available to counter unwarranted, disorderly market dynamics that pose a serious threat to the transmission of monetary policy across all euro area countries, thus allowing the Governing Council to more effectively deliver on its price stability mandate.",MD,MD,,,
847,2024/2024-09-12-ecb-mp.txt,12/09/2024,statement,The Governing Council stands ready to adjust all of its instruments within its mandate to ensure that inflation returns to its 2% target over the medium term and to preserve the smooth functioning of monetary policy transmission.,H,H,,,
876,2025/2025-01-30-ecb-mp.txt,30/01/2025,statement,"In particular, the decision to lower the deposit facility rate - the rate through which the Governing Council steers the monetary policy stance - is based on its updated assessment of the inflation outlook, the dynamics of underlying inflation and the strength of monetary policy transmission.",D,D,,,
7,1999/1999-04-08-ecb-mp.txt,08/04/1999,statement,At today's meeting the Governing Council of the ECB took the following monetary policy decisions:,N,N,,,
155,2009/2009-09-03-ecb-mp.txt,03/09/2009,statement,"At today's meeting the Governing Council of the ECB decided that the interest rate on the main refinancing operations and the interest rates on the marginal lending facility and the deposit facility will remain unchanged at 1.00%, 1.75% and 0.25% respectively.",N,N,,,
357,2019/2019-09-12-ecb-mp.txt,12/09/2019,statement,At today's meeting the Governing Council of the ECB took the following monetary policy decisions:,N,N,,,
591,2022/2022-09-08-ecb-mp.txt,08/09/2022,statement,"The Transmission Protection Instrument is available to counter unwarranted, disorderly market dynamics that pose a serious threat to the transmission of monetary policy across all euro area countries, thus allowing the Governing Council to more effectively deliver on its price stability mandate.",D,D,,,
223,2013/2013-11-07-ecb-mp.txt,07/11/2013,statement,"The interest rate on the main refinancing operations of the Eurosystem will be decreased by 25 basis points to 0.25%, starting from the operation to be settled on 13 November 2013.",D,D,,,
329,2018/2018-10-25-ecb-mp.txt,25/10/2018,statement,"Regarding non-standard monetary policy measures, the Governing Council will continue to make net purchases under the asset purchase programme (APP) at the new monthly pace of €15 billion until the end of December 2018.",D,D,,,
552,2022/2022-07-21-ecb-mp.txt,21/07/2022,statement,This decision is based on the Governing Council's updated assessment of inflation risks and the reinforced support provided by the TPI for the effective transmission of monetary policy.,N,N,,,
486,2022/2022-02-03-ecb-mp.txt,03/02/2022,statement,The Governing Council will continue to monitor bank funding conditions and ensure that the maturing of operations under the third series of targeted longer-term refinancing operations (TLTRO III) does not hamper the smooth transmission of its monetary policy.,N,N,,,
851,2024/2024-10-17-ecb-mp.txt,17/10/2024,statement,The inflation outlook is also affected by recent downside surprises in indicators of economic activity.,MH,MH,,,
394,2021/2021-01-21-ecb-mp.txt,21/01/2021,statement,"The Governing Council expects the key ECB interest rates to remain at their present or lower levels until it has seen the inflation outlook robustly converge to a level sufficiently close to,",D,D,,,
620,2022/2022-12-15-ecb-mp.txt,15/12/2022,statement,"They now see average inflation reaching 8.4% in 2022 before decreasing to 6.3% in 2023, with inflation expected to decline markedly",H,H,,,
497,2022/2022-03-10-ecb-mp.txt,10/03/2022,statement,"The pandemic has shown that, under stressed conditions, flexibility in the design and conduct of asset purchases has helped to counter the impaired transmission of monetary policy and made the Governing Council's efforts to achieve its goal more effective.",MD,MD,,,
532,2022/2022-06-09-ecb-mp.txt,09/06/2022,statement,"Inflation excluding energy and food is projected to average 3.3% in 2022, 2.8% in 2023 and 2.3% in 2024 - also above the March projections.",H,H,,,
854,2024/2024-10-17-ecb-mp.txt,17/10/2024,statement,"At the same time, labour cost pressures are set to continue easing gradually, with profits partially buffering their impact on inflation.",MD,MD,,,
1021,2026/2026-06-11-ecb-mp.txt,11/06/2026,statement,The Governing Council stands ready to adjust all of its instruments within its mandate to ensure that inflation stabilises at its 2% target in the medium term and to preserve the smooth functioning of monetary policy transmission.,D,D,,,
621,2022/2022-12-15-ecb-mp.txt,15/12/2022,statement,Inflation is then projected to average 3.4% in 2024 and 2.3% in 2025.,MH,MH,,,
773,2024/2024-03-07-ecb-mp.txt,07/03/2024,statement,"In the latest ECB staff projections, inflation has been revised down, in particular for 2024 which mainly reflects a lower contribution from energy prices.",MD,MD,,,
717,2023/2023-09-14-ecb-mp.txt,14/09/2023,statement,most indicators have started to ease.,MD,MD,,,
807,2024/2024-06-06-ecb-mp.txt,06/06/2024,statement,"Economic growth is expected to pick up to 0.9% in 2024, 1.4% in 2025 and 1.6% in 2026.",D,D,,,
940,2025/2025-07-24-ecb-mp.txt,24/07/2025,statement,It will follow a data-dependent and meeting-by-meeting approach to determining the appropriate monetary policy stance.,N,N,,,
803,2024/2024-06-06-ecb-mp.txt,06/06/2024,statement,"At the same time, despite the progress over recent quarters, domestic price pressures remain strong as wage growth is elevated, and inflation is likely to stay above target well into next year.",MH,MH,,,
163,2010/2010-05-06-ecb-mp.txt,06/05/2010,statement,"At today's meeting, which was held in Lisbon, the Governing Council of the ECB decided that the interest rate on the main refinancing operations and the interest rates on the marginal lending facility and the deposit facility will remain unchanged at 1.00%, 1.75% and 0.25% respectively.",N,N,,,
228,2014/2014-03-06-ecb-mp.txt,06/03/2014,statement,"At today's meeting the Governing Council of the ECB decided that the interest rate on the main refinancing operations and the interest rates on the marginal lending facility and the deposit facility will remain unchanged at 0.25%, 0.75% and 0.00% respectively.",N,N,,,
584,2022/2022-09-08-ecb-mp.txt,08/09/2022,statement,"Accordingly, the interest rate on the main refinancing operations and the interest rates on the marginal lending facility and the deposit facility will be increased to 1.25%, 1.50% and 0.75% respectively, with effect from 14 September 2022.",H,H,,,
866,2024/2024-12-12-ecb-mp.txt,12/12/2024,statement,"remains high, mostly because wages and prices in certain sectors are still adjusting to the past inflation surge with a substantial delay.",MH,MH,,,
212,2013/2013-04-04-ecb-mp.txt,04/04/2013,statement,"At today's meeting the Governing Council of the ECB decided that the interest rate on the main refinancing operations and the interest rates on the marginal lending facility and the deposit facility will remain unchanged at 0.75%, 1.50% and 0.00% respectively.",N,N,,,
837,2024/2024-09-12-ecb-mp.txt,12/09/2024,statement,"Financing conditions remain restrictive, and economic activity is still subdued, reflecting weak private consumption and investment.",H,H,,,
79,2001/2001-11-08-ecb-mp.txt,08/11/2001,statement,"The interest rate on the marginal lending facility will be reduced by 0.50 percentage point to 4.25%, with effect from 9 November 2001.",D,D,,,
148,2009/2009-05-07-ecb-mp.txt,07/05/2009,statement,At today's meeting the Governing Council of the ECB took the following monetary policy decisions:,N,N,,,
302,2017/2017-12-14-ecb-mp.txt,14/12/2017,statement,This will contribute both to favourable liquidity conditions and to an appropriate monetary policy stance.,D,D,,,
800,2024/2024-06-06-ecb-mp.txt,06/06/2024,statement,"Underlying inflation has also eased, reinforcing the signs that price pressures have weakened, and inflation expectations have declined at all horizons.",D,D,,,
990,2026/2026-03-19-ecb-mp.txt,19/03/2026,statement,"At the same time, low unemployment, solid private sector balance sheets, and public spending on defence and infrastructure should continue to underpin growth.",MD,MD,,,
868,2024/2024-12-12-ecb-mp.txt,12/12/2024,statement,But they continue to be tight because monetary policy remains restrictive and past interest rate hikes are still transmitting to the outstanding stock of credit.,MH,MH,,,
479,2022/2022-02-03-ecb-mp.txt,03/02/2022,statement,"The pandemic has shown that, under stressed conditions, flexibility in the design and conduct of asset purchases has helped to counter the impaired transmission of monetary policy and made the Governing Council's efforts to achieve its goal more effective.",MD,MD,,,
43,2000/2000-06-08-ecb-mp.txt,08/06/2000,statement,The interest rate on the marginal lending facility will be raised by 0.50 percentage point to 5.25% with effect from 9 June 2000.,H,H,,,
538,2022/2022-06-09-ecb-mp.txt,09/06/2022,statement,"The Governing Council intends to continue reinvesting, in full, the principal payments from maturing securities purchased under the APP for an extended period of time past the date when it starts raising the key ECB interest rates and, in any case, for as long as necessary to maintain ample liquidity conditions and an appropriate monetary policy stance.",MH,MH,,,
133,2008/2008-12-04-ecb-mp.txt,04/12/2008,statement,"The interest rate on the deposit facility will be decreased by 75 basis points to 2.00%, with effect from 10 December 2008.",D,D,,,
601,2022/2022-10-27-ecb-mp.txt,27/10/2022,statement,"Accordingly, the interest rate on the main refinancing operations and the interest rates on the marginal lending facility and the deposit facility will be increased to 2.00%, 2.25% and 1.50% respectively, with effect from 2 November 2022.",H,H,,,
311,2018/2018-04-26-ecb-mp.txt,26/04/2018,statement,"Regarding non-standard monetary policy measures, the Governing Council confirms that the net asset purchases, at the current monthly pace of €30 billion, are intended to run until the end of September 2018, or beyond, if necessary, and in any case until the Governing Council sees a sustained adjustment in the path of inflation consistent with its inflation aim.",D,D,,,
566,2022/2022-07-21-ecb-mp.txt,21/07/2022,statement,The Governing Council will continue to monitor bank funding conditions and ensure that the maturing of operations under the third series of targeted longer-term refinancing operations (TLTRO III) does not hamper the smooth transmission of its monetary policy.,N,N,,,
664,2023/2023-05-04-ecb-mp.txt,04/05/2023,statement,"Overall, the incoming information broadly supports the assessment of the medium-term inflation outlook that the Governing Council formed at its previous meeting.",N,N,,,
523,2022/2022-06-09-ecb-mp.txt,09/06/2022,statement,High inflation is a major challenge for all of us.,H,H,,,
983,2026/2026-03-19-ecb-mp.txt,19/03/2026,statement,The incoming information in the period ahead will help the Governing Council assess how the war will affect the inflation outlook and the risks surrounding it.,N,N,,,
822,2024/2024-07-18-ecb-mp.txt,18/07/2024,statement,"The interest rate on the main refinancing operations and the interest rates on the marginal lending facility and the deposit facility will remain unchanged at 4.25%, 4.50% and 3.75% respectively.",N,N,,,
0,1999/1999-03-04-ecb-mp.txt,04/03/1999,statement,"Taking into account all the information available, the Governing Council confirmed its earlier assessment of the outlook for price stability.",N,N,,,
360,2019/2019-09-12-ecb-mp.txt,12/09/2019,statement,"The Governing Council now expects the key ECB interest rates to remain at their present or lower levels until it has seen the inflation outlook robustly converge to a level sufficiently close to,",D,D,,,
382,2020/2020-10-29-ecb-mp.txt,29/10/2020,statement,This allows the Governing Council to effectively stave off risks to the smooth transmission of monetary policy.,N,N,,,
316,2018/2018-06-14-ecb-mp.txt,14/06/2018,statement,"Third, the Governing Council decided that the interest rate on the main refinancing operations and the interest rates on the marginal lending facility and the deposit facility will remain unchanged at 0.00%, 0.25% and -0.40% respectively.",N,N,,,
994,2026/2026-03-19-ecb-mp.txt,19/03/2026,statement,The Governing Council will follow a data-dependent and meeting-by-meeting approach to determining the appropriate monetary policy stance.,N,N,,,
598,2022/2022-10-27-ecb-mp.txt,27/10/2022,statement,The Governing Council's monetary policy is aimed at reducing support for demand and guarding against the risk of a persistent upward shift in inflation expectations.,MD,MD,,,
423,2021/2021-06-10-ecb-mp.txt,10/06/2021,statement,The Governing Council will purchase flexibly according to market conditions and with a view to preventing a tightening of financing conditions that is inconsistent with countering the downward impact of the pandemic on the projected path of inflation.,H,H,,,
581,2022/2022-09-08-ecb-mp.txt,08/09/2022,statement,"supply bottlenecks are easing, they are still constraining economic activity.",MD,MD,,,
1020,2026/2026-06-11-ecb-mp.txt,11/06/2026,statement,"In particular, the Governing Council's interest rate decisions will be based on its assessment of the inflation outlook and the risks surrounding it, in light of the incoming economic and financial data, as well as the dynamics of underlying inflation and the strength of monetary policy transmission.",N,N,,,
458,2021/2021-10-28-ecb-mp.txt,28/10/2021,statement,"In addition, the flexibility of purchases over time, across asset classes and among jurisdictions will continue to support the smooth transmission of monetary policy.",MD,MD,,,
172,2011/2011-02-03-ecb-mp.txt,03/02/2011,statement,"At today's meeting the Governing Council of the ECB decided that the interest rate on the main refinancing operations and the interest rates on the marginal lending facility and the deposit facility will remain unchanged at 1.00%, 1.75% and 0.25% respectively.",N,N,,,
125,2008/2008-10-08-ecb-mp.txt,08/10/2008,statement,It remains imperative to avoid broad-based second-round effects in price and wage-setting.,MH,MH,,,
901,2025/2025-03-06-ecb-mp.txt,06/03/2025,statement,The Governing Council is determined to ensure that inflation stabilises sustainably at its 2% medium-term target.,N,N,,,
514,2022/2022-04-14-ecb-mp.txt,14/04/2022,statement,"Accordingly, the Governing Council expects the key ECB interest rates to remain at their present levels until it sees inflation reaching 2% well ahead of the end of its projection horizon and durably for the rest of the projection horizon, and it judges that realised progress in underlying inflation is sufficiently advanced to be consistent with inflation stabilising at 2% over the medium term.",D,D,,,
605,2022/2022-10-27-ecb-mp.txt,27/10/2022,statement,"From 23 November 2022 until the maturity date or early repayment date of each respective outstanding TLTRO III operation, the interest rate on TLTRO III operations will be indexed to the average applicable key ECB interest rates over this period.",N,N,,,
986,2026/2026-03-19-ecb-mp.txt,19/03/2026,statement,"Inflation has been revised up compared with the December projections, especially for 2026.",MH,MH,,,
90,2003/2003-06-05-ecb-mp.txt,05/06/2003,statement,At today's meeting the Governing Council of the ECB took the following monetary policy decisions:,N,N,,,
1025,2019/2019-10-24-ecb-mp.txt,,statement,"The Governing Council expects the key ECB interest rates to remain at their present or lower levels until it has seen the inflation outlook robustly converge to a level sufficiently close to,",D,D,,,
181,2011/2011-07-07-ecb-mp.txt,07/07/2011,statement,"The interest rate on the main refinancing operations of the Eurosystem will be increased by 25 basis points to 1.50%, starting from the operation to be settled on 13 July 2011.",H,H,,,
363,2019/2019-09-12-ecb-mp.txt,12/09/2019,statement,The interest rate in each operation will now be set at the level of the average rate applied in the Eurosystem's main refinancing operations over the life of the respective TLTRO.,N,N,,,
274,2016/2016-12-08-ecb-mp.txt,08/12/2016,statement,"If, in the meantime, the outlook becomes less favourable or if financial conditions become inconsistent with further progress towards a sustained adjustment of the path of inflation, the Governing Council intends to increase the programme in terms of size and/or duration.",MH,MH,,,
762,2024/2024-01-25-ecb-mp.txt,25/01/2024,statement,The incoming information has broadly confirmed its previous assessment of the medium-term inflation outlook.,N,N,,,
977,2026/2026-02-05-ecb-mp.txt,05/02/2026,statement,The Governing Council stands ready to adjust all of its instruments within its mandate to ensure that inflation stabilises at its 2% target in the medium term and to preserve the smooth functioning of monetary policy transmission.,D,D,,,
69,2001/2001-05-10-ecb-mp.txt,10/05/2001,statement,"The interest rate on the deposit facility will be reduced by 0.25 percentage point to 3.50%, with effect from 11 May 2001.",D,D,,,
291,2017/2017-09-07-ecb-mp.txt,07/09/2017,statement,"Regarding non-standard monetary policy measures, the Governing Council confirms that the net asset purchases, at the current monthly pace of €60 billion, are intended to run until the end of December 2017, or beyond, if necessary, and in any case until the Governing Council sees a sustained adjustment in the path of inflation consistent with its inflation aim.",D,D,,,
131,2008/2008-12-04-ecb-mp.txt,04/12/2008,statement,"The interest rate on the main refinancing operations of the Eurosystem will be decreased by 75 basis points to 2.50%, starting from the operation to be settled on 10 December 2008.",D,D,,,
300,2017/2017-12-14-ecb-mp.txt,14/12/2017,statement,"Regarding non-standard monetary policy measures, the Governing Council confirms that from January 2018 it intends to continue to make net asset purchases under the asset purchase programme (APP), at a monthly pace of €30 billion, until the end of September 2018, or beyond, if necessary, and in any case until the Governing Council sees a sustained adjustment in the path of inflation consistent with its inflation aim.",D,D,,,
519,2022/2022-04-14-ecb-mp.txt,14/04/2022,statement,The Governing Council will also assess the appropriate calibration of its two-tier system for reserve remuneration so that the negative interest rate policy does not limit banks' intermediation capacity in an environment of ample excess liquidity.,MD,MD,,,
326,2018/2018-09-13-ecb-mp.txt,13/09/2018,statement,"After September 2018, the Governing Council will reduce the monthly pace of the net asset purchases to €15 billion until the end of December 2018 and anticipates that, subject to incoming data confirming the medium-term inflation outlook, net purchases will then end.",MH,MH,,,
144,2009/2009-04-02-ecb-mp.txt,02/04/2009,statement,At today's meeting the Governing Council of the ECB took the following monetary policy decisions:,N,N,,,
516,2022/2022-04-14-ecb-mp.txt,14/04/2022,statement,"This could include purchasing bonds issued by the Hellenic Republic over and above rollovers of redemptions in order to avoid an interruption of purchases in that jurisdiction, which could impair the transmission of monetary policy to the Greek economy while it is still recovering from the fallout from the pandemic.",D,D,,,
636,2023/2023-02-02-ecb-mp.txt,02/02/2023,statement,"Accordingly, the interest rate on the main refinancing operations and the interest rates on the marginal lending facility and the deposit facility will be increased to 3.00%, 3.25% and 2.50% respectively, with effect from 8 February 2023.",H,H,,,
1036,2020/2020-04-30-ecb-mp.txt,,statement,"Moreover, for counterparties whose eligible net lending reaches the lending performance threshold, the interest rate over the period from June 2020 to June 2021 will now be 50 basis points below the average deposit facility rate prevailing over the same period.",D,D,,,
135,2009/2009-01-15-ecb-mp.txt,15/01/2009,statement,"The interest rate on the main refinancing operations of the Eurosystem will be decreased by 50 basis points to 2.00%, starting from the operation to be settled on 21 January 2009.",D,D,,,
535,2022/2022-06-09-ecb-mp.txt,09/06/2022,statement,"This outlook is broadly reflected in the Eurosystem staff projections, which foresee annual real GDP growth at 2.8% in 2022, 2.1% in 2023 and 2.1% in 2024.",MH,MH,,,
732,2023/2023-10-26-ecb-mp.txt,26/10/2023,statement,"At the same time, inflation dropped markedly in September, including due to strong base effects, and most measures of underlying inflation have continued to ease.",MD,MD,,,
164,2010/2010-06-10-ecb-mp.txt,10/06/2010,statement,"At today's meeting the Governing Council of the ECB decided that the interest rate on the main refinancing operations and the interest rates on the marginal lending facility and the deposit facility will remain unchanged at 1.00%, 1.75% and 0.25% respectively.",N,N,,,
28,2000/2000-03-16-ecb-mp.txt,16/03/2000,statement,"Considering the second pillar, most indicators and forecasts point to increasing upward pressures on consumer price inflation over the medium term.",MH,MH,,,
614,2022/2022-12-15-ecb-mp.txt,15/12/2022,statement,"The Governing Council will regularly reassess the pace of the APP portfolio reduction to ensure it remains consistent with the overall monetary policy strategy and stance, to preserve market functioning, and to maintain firm control over short-term money market conditions.",MD,MD,,,
193,2011/2011-12-08-ecb-mp.txt,08/12/2011,statement,"The interest rate on the marginal lending facility will be decreased by 25 basis points to 1.75%, with effect from 14 December 2011.",D,D,,,
643,2023/2023-03-16-ecb-mp.txt,16/03/2023,statement,"Therefore, the Governing Council today decided to increase the three key ECB interest rates by 50 basis points, in line with its determination to ensure the timely return of inflation to the 2% medium-term target.",H,H,,,
696,2023/2023-07-27-ecb-mp.txt,27/07/2023,statement,The Governing Council is determined to ensure that inflation returns to its 2% medium-term target in a timely manner.,N,N,,,
433,2021/2021-07-22-ecb-mp.txt,22/07/2021,statement,"Having confirmed its June assessment of financing conditions and the inflation outlook, the Governing Council continues to expect purchases under the pandemic emergency purchase programme (PEPP) over the current quarter to be conducted at a significantly higher pace than during the first months of the year.",D,D,,,
599,2022/2022-10-27-ecb-mp.txt,27/10/2022,statement,"During the acute phase of the pandemic, this instrument played a key role in countering downside risks to price stability.",N,N,,,
169,2010/2010-11-04-ecb-mp.txt,04/11/2010,statement,"At today's meeting the Governing Council of the ECB decided that the interest rate on the main refinancing operations and the interest rates on the marginal lending facility and the deposit facility will remain unchanged at 1.00%, 1.75% and 0.25% respectively.",N,N,,,
548,2022/2022-06-09-ecb-mp.txt,09/06/2022,statement,"The Governing Council stands ready to adjust all of its instruments, incorporating flexibility if warranted, to ensure that inflation stabilises at its 2% target over the medium term.",MD,MD,,,
140,2009/2009-03-05-ecb-mp.txt,05/03/2009,statement,At today's meeting the Governing Council of the ECB took the following monetary policy decisions:,N,N,,,
173,2011/2011-03-03-ecb-mp.txt,03/03/2011,statement,"At today's meeting the Governing Council of the ECB decided that the interest rate on the main refinancing operations and the interest rates on the marginal lending facility and the deposit facility will remain unchanged at 1.00%, 1.75% and 0.25% respectively.",N,N,,,
6,1999/1999-03-18-ecb-mp.txt,18/03/1999,statement,"In addition, the interest rate on the marginal lending facility will continue to be 4.5% and the interest rate on the deposit facility will remain 2.0%.",N,N,,,
700,2023/2023-07-27-ecb-mp.txt,27/07/2023,statement,"The past rate increases continue to be transmitted forcefully: financing conditions have tightened again and are increasingly dampening demand, which is an important factor in bringing inflation back to target.",H,H,,,
542,2022/2022-06-09-ecb-mp.txt,09/06/2022,statement,"In the meantime, the Governing Council decided to leave the interest rate on the main refinancing operations and the interest rates on the marginal lending facility and the deposit facility unchanged at 0.00%, 0.25% and -0.50% respectively.",N,N,,,
778,2024/2024-03-07-ecb-mp.txt,07/03/2024,statement,"Staff have revised down their growth projection for 2024 to 0.6%, with economic activity expected to remain subdued in the near term.",MH,MH,,,
817,2024/2024-07-18-ecb-mp.txt,18/07/2024,statement,"In line with expectations, the inflationary impact of high wage growth has been buffered by profits.",MH,MH,,,
73,2001/2001-09-17-ecb-mp.txt,17/09/2001,statement,"In concert with this decision, the Governing Council of the ECB met today by means of teleconferencing and took the following monetary policy decisions:",N,N,,,
1040,2020/2020-04-30-ecb-mp.txt,,statement,"The Governing Council expects the key ECB interest rates to remain at their present or lower levels until it has seen the inflation outlook robustly converge to a level sufficiently close to,",D,D,,,
1008,2026/2026-04-30-ecb-mp.txt,30/04/2026,statement,The Governing Council stands ready to adjust all of its instruments within its mandate to ensure that inflation stabilises at its 2% target in the medium term and to preserve the smooth functioning of monetary policy transmission.,D,D,,,
238,2014/2014-09-04-ecb-mp.txt,04/09/2014,statement,"The interest rate on the main refinancing operations of the Eurosystem will be decreased by 10 basis points to 0.05%, starting from the operation to be settled on 10 September 2014.",D,D,,,
145,2009/2009-04-02-ecb-mp.txt,02/04/2009,statement,"The interest rate on the main refinancing operations of the Eurosystem will be decreased by 25 basis points to 1.25%, starting from the operation to be settled on 8 April 2009.",D,D,,,
865,2024/2024-12-12-ecb-mp.txt,12/12/2024,statement,Domestic inflation has edged down,MD,MD,,,
234,2014/2014-06-05-ecb-mp.txt,05/06/2014,statement,"The interest rate on the deposit facility will be decreased by 10 basis points to -0.10%, with effect from 11 June 2014.",D,D,,,
220,2013/2013-09-05-ecb-mp.txt,05/09/2013,statement,"At today's meeting the Governing Council of the ECB decided that the interest rate on the main refinancing operations and the interest rates on the marginal lending facility and the deposit facility will remain unchanged at 0.50%, 1.00% and 0.00% respectively.",N,N,,,
214,2013/2013-05-02-ecb-mp.txt,02/05/2013,statement,"The interest rate on the main refinancing operations of the Eurosystem will be decreased by 25 basis points to 0.50%, starting from the operation to be settled on 8 May 2013.",D,D,,,
721,2023/2023-09-14-ecb-mp.txt,14/09/2023,statement,"With the increasing impact of this tightening on domestic demand and the weakening international trade environment, ECB staff have lowered their economic growth projections significantly.",H,H,,,
132,2008/2008-12-04-ecb-mp.txt,04/12/2008,statement,"The interest rate on the marginal lending facility will be decreased by 75 basis points to 3.00%, with effect from 10 December 2008.",H,H,,,
1055,2020/2020-07-16-ecb-mp.txt,,statement,This allows the Governing Council to effectively stave off risks to the smooth transmission of monetary policy.,N,N,,,
714,2023/2023-09-14-ecb-mp.txt,14/09/2023,statement,"The rate increase today reflects the Governing Council's assessment of the inflation outlook in light of the incoming economic and financial data, the dynamics of underlying inflation, and the strength of monetary policy transmission.",H,H,,,
716,2023/2023-09-14-ecb-mp.txt,14/09/2023,statement,"Underlying price pressures remain high,",H,H,,,
422,2021/2021-06-10-ecb-mp.txt,10/06/2021,statement,"Based on a joint assessment of financing conditions and the inflation outlook, the Governing Council expects net purchases under the PEPP over the coming quarter to continue to be conducted at a significantly higher pace than during the first months of the year.",D,D,,,
185,2011/2011-09-08-ecb-mp.txt,08/09/2011,statement,"At today's meeting the Governing Council of the ECB decided that the interest rate on the main refinancing operations and the interest rates on the marginal lending facility and the deposit facility will remain unchanged at 1.50%, 2.25% and 0.75% respectively.",N,N,,,
41,2000/2000-06-08-ecb-mp.txt,08/06/2000,statement,At today's meeting the Governing Council of the ECB took the following monetary policy decisions:,N,N,,,
668,2023/2023-05-04-ecb-mp.txt,04/05/2023,statement,"In particular, the Governing Council's policy rate decisions will continue to be based on its assessment of the inflation outlook in light of the incoming economic and financial data, the dynamics of underlying inflation, and the strength of monetary policy transmission.",N,N,,,
108,2006/2006-12-07-ecb-mp.txt,07/12/2006,statement,At today's meeting the Governing Council of the ECB took the following monetary policy decisions:,N,N,,,
644,2023/2023-03-16-ecb-mp.txt,16/03/2023,statement,"The elevated level of uncertainty reinforces the importance of a data-dependent approach to the Governing Council's policy rate decisions, which will be determined by its assessment of the inflation outlook in light of the incoming economic and financial data, the dynamics of underlying inflation, and the strength of monetary policy transmission.",N,N,,,
56,2000/2000-08-31-ecb-mp.txt,31/08/2000,statement,"the measures taken since November 1999 are gradually feeding their way through, the latest available information indicates that M3 growth has continued to deviate on the upside from the reference value of 41⁄2%.",H,H,,,
541,2022/2022-06-09-ecb-mp.txt,09/06/2022,statement,"Accordingly, and in line with the Governing Council's policy sequencing, the Governing Council intends to raise the key ECB interest rates by 25 basis points at its July monetary policy meeting.",H,H,,,
1018,2026/2026-06-11-ecb-mp.txt,11/06/2026,statement,This uncertainty is also reflected in the broad range of outcomes for inflation and growth in the updated illustrative scenarios put together by Eurosystem staff.,N,N,,,
616,2022/2022-12-15-ecb-mp.txt,15/12/2022,statement,"According to Eurostat's flash estimate, inflation was 10.0% in November, slightly lower than the 10.6% recorded in October.",MH,MH,,,
483,2022/2022-02-03-ecb-mp.txt,03/02/2022,statement,"The interest rate on the main refinancing operations and the interest rates on the marginal lending facility and the deposit facility will remain unchanged at 0.00%, 0.25% and -0.50% respectively.",N,N,,,
468,2021/2021-12-16-ecb-mp.txt,16/12/2021,statement,"This could include purchasing bonds issued by the Hellenic Republic over and above rollovers of redemptions in order to avoid an interruption of purchases in that jurisdiction, which could impair the transmission of monetary policy to the Greek economy while it is still recovering from the fallout of the pandemic.",D,D,,,
941,2025/2025-07-24-ecb-mp.txt,24/07/2025,statement,"In particular, the Governing Council's interest rate decisions will be based on its assessment of the inflation outlook and the risks surrounding it, in light of the incoming economic and financial data, as well as the dynamics of underlying inflation and the strength of monetary policy transmission.",N,N,,,
435,2021/2021-07-22-ecb-mp.txt,22/07/2021,statement,"The interest rate on the main refinancing operations and the interest rates on the marginal lending facility and the deposit facility will remain unchanged at 0.00%, 0.25% and -0.50% respectively.",N,N,,,
24,2000/2000-03-16-ecb-mp.txt,16/03/2000,statement,"The interest rate on the deposit facility will be raised by 0.25 percentage point to 2.5%, with effect from 17 March 2000.",H,H,,,
597,2022/2022-10-27-ecb-mp.txt,27/10/2022,statement,"In recent months, soaring energy and food prices, supply bottlenecks and the post-pandemic recovery in demand have led to a broadening of price pressures and an increase in inflation.",H,H,,,
525,2022/2022-06-09-ecb-mp.txt,09/06/2022,statement,"In May inflation again rose significantly, mainly because of surging energy and food prices, including due to the impact of the war.",H,H,,,
588,2022/2022-09-08-ecb-mp.txt,08/09/2022,statement,The Governing Council will continue to monitor bank funding conditions and ensure that the maturing of operations under the third series of targeted longer-term refinancing operations (TLTRO III) does not hamper the smooth transmission of its monetary policy.,N,N,,,
844,2024/2024-09-12-ecb-mp.txt,12/09/2024,statement,"In addition, as announced on 13 March 2024 following the operational framework review, the spread between the interest rate on the main refinancing operations and the deposit facility rate will be set at 15 basis points.",N,N,,,
758,2023/2023-12-14-ecb-mp.txt,14/12/2023,statement,"The Governing Council will continue applying flexibility in reinvesting redemptions coming due in the PEPP portfolio, with a view to countering risks to the monetary policy transmission mechanism related to the pandemic.",MD,MD,,,
1012,2026/2026-06-11-ecb-mp.txt,11/06/2026,statement,"In the baseline of the new Eurosystem staff projections, headline inflation is expected to average 3.0% in 2026, 2.3% in 2027 and 2.0% in 2028.",MH,MH,,,
338,2020/2020-03-12-ecb-mp.txt,28/02/2019,statement,"The Governing Council expects the key ECB interest rates to remain at their present or lower levels until it has seen the inflation outlook robustly converge to a level sufficiently close to,",D,D,,,
51,2000/2000-08-31-ecb-mp.txt,31/08/2000,statement,The Governing Council is of the view that economic growth conditions and prospects in the euro area are very favourable.,D,D,,,
383,2020/2020-10-29-ecb-mp.txt,29/10/2020,statement,"In any case, the future roll-off of the PEPP portfolio will be managed to avoid interference with the appropriate monetary policy stance.",N,N,,,
827,2024/2024-09-12-ecb-mp.txt,12/09/2024,statement,The Governing Council today decided to lower the deposit facility rate - the rate through which it steers the monetary policy stance - by 25 basis points.,D,D,,,
1004,2026/2026-04-30-ecb-mp.txt,30/04/2026,statement,"Longer-term inflation expectations remain well anchored,",N,N,,,
832,2024/2024-09-12-ecb-mp.txt,12/09/2024,statement,Inflation should then decline towards our target over the second half of next year.,MD,MD,,,
1010,2026/2026-06-11-ecb-mp.txt,11/06/2026,statement,The Governing Council is committed to setting monetary policy to ensure that inflation stabilises at its 2% target in the medium term.,N,N,,,
264,2016/2016-06-02-ecb-mp.txt,02/06/2016,statement,"Regarding non-standard monetary policy measures, on 8 June the Eurosystem will start making purchases under its corporate sector purchase programme (CSPP).",D,D,,,
811,2024/2024-06-06-ecb-mp.txt,06/06/2024,statement,"The Governing Council will continue applying flexibility in reinvesting redemptions coming due in the PEPP portfolio, with a view to countering risks to the monetary policy transmission mechanism related to the pandemic.",MD,MD,,,
1007,2026/2026-04-30-ecb-mp.txt,30/04/2026,statement,"In particular, its interest rate decisions will be based on its assessment of the inflation outlook and the risks surrounding it, in light of the incoming economic and financial data, as well as the dynamics of underlying inflation and the strength of monetary policy transmission.",N,N,,,
746,2023/2023-12-14-ecb-mp.txt,14/12/2023,statement,Underlying inflation has eased further.,MD,MD,,,
444,2021/2021-09-09-ecb-mp.txt,09/09/2021,statement,"Based on a joint assessment of financing conditions and the inflation outlook, the Governing Council judges that favourable financing conditions can be maintained with a moderately lower pace of net asset purchases under the pandemic emergency purchase programme (PEPP) than in the previous two quarters.",D,D,,,
395,2021/2021-01-21-ecb-mp.txt,21/01/2021,statement,"below, 2% within its projection horizon, and such convergence has been consistently reflected in underlying inflation dynamics.",N,N,,,
176,2011/2011-04-07-ecb-mp.txt,07/04/2011,statement,"The interest rate on the marginal lending facility will be increased by 25 basis points to 2.00%, with effect from 13 April 2011.",H,H,,,
18,2000/2000-02-03-ecb-mp.txt,03/02/2000,statement,"The interest rate on the main refinancing operations of the Eurosystem will be raised by 0.25 percentage point to 3.25%, starting from the operation to be settled on 9 February 2000.",H,H,,,
545,2022/2022-06-09-ecb-mp.txt,09/06/2022,statement,"In line with the Governing Council's commitment to its 2% medium-term target, the pace at which the Governing Council adjusts its monetary policy will depend on the incoming data and how it assesses inflation to develop in the medium term.",N,,,,
622,2022/2022-12-15-ecb-mp.txt,15/12/2022,statement,"Inflation excluding energy and food is projected to be 3.9% on average in 2022 and to rise to 4.2% in 2023, before falling to 2.8% in 2024 and 2.4% in 2025.",H,,,,
61,2000/2000-08-31-ecb-mp.txt,31/08/2000,statement,"At the same time, it stresses that both sound public finances, in particular strict adherence to the criteria laid down in the Stability and Growth Pact, and the continuation of structural measures to enhance the flexibility of labour and goods markets will be the key to a lasting increase in the growth potential of the euro area.",N,,,,
272,2016/2016-12-08-ecb-mp.txt,08/12/2016,statement,"Regarding non-standard monetary policy measures, the Governing Council decided to continue its purchases under the asset purchase programme (APP) at the current monthly pace of €80 billion until the end of March 2017.",D,,,,
966,2025/2025-12-18-ecb-mp.txt,18/12/2025,statement,"Growth has been revised up to 1.4% in 2025, 1.2% in 2026 and 1.4% in 2027 and is expected to remain at 1.4% in 2028.",N,,,,
278,2017/2017-03-09-ecb-mp.txt,09/03/2017,statement,"At today's meeting the Governing Council of the ECB decided that the interest rate on the main refinancing operations and the interest rates on the marginal lending facility and the deposit facility will remain unchanged at 0.00%, 0.25% and -0.40% respectively.",N,N,,,
368,2020/2020-09-10-ecb-mp.txt,10/09/2020,statement,"The Governing Council expects the key ECB interest rates to remain at their present or lower levels until it has seen the inflation outlook robustly converge to a level sufficiently close to,",D,D,,,
673,2023/2023-05-04-ecb-mp.txt,04/05/2023,statement,"As banks are repaying the amounts borrowed under the targeted longer-term refinancing operations, the Governing Council will regularly assess how targeted lending operations are contributing to its monetary policy stance.",MH,MH,,,
736,2023/2023-10-26-ecb-mp.txt,26/10/2023,statement,"In particular, the Governing Council's interest rate decisions will be based on its assessment of the inflation outlook in light of the incoming economic and financial data, the dynamics of underlying inflation and the strength of monetary policy transmission.",N,N,,,
596,2022/2022-10-27-ecb-mp.txt,27/10/2022,statement,"In September, euro area inflation reached 9.9%.",H,,,,
666,2023/2023-05-04-ecb-mp.txt,04/05/2023,statement,underlying price pressures remain strong.,MH,,,,
685,2023/2023-06-15-ecb-mp.txt,15/06/2023,statement,"Tighter financing conditions are a key reason why inflation is projected to decline further towards target, as they are expected to increasingly dampen demand.",MD,,,,
456,2021/2021-10-28-ecb-mp.txt,28/10/2021,statement,This may also imply a transitory period in which inflation is moderately above target.,MH,MH,,,
393,2021/2021-01-21-ecb-mp.txt,21/01/2021,statement,"First, the interest rate on the main refinancing operations and the interest rates on the marginal lending facility and the deposit facility will remain unchanged at 0.00%, 0.25% and -0.50% respectively.",N,,,,
693,2023/2023-06-15-ecb-mp.txt,15/06/2023,statement,"Moreover, the Transmission Protection Instrument is available to counter unwarranted, disorderly market dynamics that pose a serious threat to the transmission of monetary policy across all euro area countries, thus allowing the Governing Council to more effectively deliver on its price stability mandate.",MD,MD,,,
892,2025/2025-03-06-ecb-mp.txt,06/03/2025,statement,The upward revision in headline inflation for 2025 reflects stronger energy price dynamics.,MH,,,,
375,2020/2020-10-29-ecb-mp.txt,29/10/2020,statement,"On the basis of this updated assessment, the Governing Council will recalibrate its instruments, as appropriate, to respond to the unfolding situation and to ensure that financing conditions remain favourable to support the economic recovery and counteract the negative impact of the pandemic on the projected inflation path.",D,,,,
412,2021/2021-04-22-ecb-mp.txt,22/04/2021,statement,"Since the incoming information confirmed the joint assessment of financing conditions and the inflation outlook carried out at the March monetary policy meeting, the Governing Council expects purchases under the PEPP over the current quarter to continue to be conducted at a significantly higher pace than during the first months of the year.",D,,,,
74,2001/2001-09-17-ecb-mp.txt,17/09/2001,statement,"The interest rate on the marginal lending facility will be reduced by 0.50 percentage point to 4.75%, with effect from 18 September 2001.",D,,,,
962,2025/2025-12-18-ecb-mp.txt,18/12/2025,statement,"The new Eurosystem staff projections show headline inflation averaging 2.1% in 2025, 1.9% in 2026, 1.8% in 2027 and 2.0% in 2028.",N,,,,
500,2022/2022-03-10-ecb-mp.txt,10/03/2022,statement,The Governing Council will continue to monitor bank funding conditions and ensure that the maturing of operations under the third series of targeted longer-term refinancing operations (TLTRO III) does not hamper the smooth transmission of its monetary policy.,N,N,,,
618,2022/2022-12-15-ecb-mp.txt,15/12/2022,statement,Food price inflation and underlying price pressures across the economy have strengthened and will persist for some time.,H,,,,
114,2007/2007-06-06-ecb-mp.txt,06/06/2007,statement,At today's meeting the Governing Council of the ECB took the following monetary policy decisions:,N,N,,,
417,2021/2021-04-22-ecb-mp.txt,22/04/2021,statement,"The Governing Council stands ready to adjust all of its instruments, as appropriate, to ensure that inflation moves towards its aim in a sustained manner, in line with its commitment to symmetry.",MD,,,,
89,2003/2003-03-06-ecb-mp.txt,06/03/2003,statement,"The interest rate on the deposit facility will be reduced by 0.25 percentage point to 1.50%, with effect from 7 March 2003.",D,,,,
1005,2026/2026-04-30-ecb-mp.txt,30/04/2026,statement,inflation expectations over shorter horizons have moved up significantly.,H,,,,
947,2025/2025-09-11-ecb-mp.txt,11/09/2025,statement,"For inflation excluding energy and food, they expect an average of 2.4% in 2025, 1.9% in 2026 and 1.8% in 2027.",MD,,,,
933,2025/2025-06-05-ecb-mp.txt,05/06/2025,statement,The Governing Council stands ready to adjust all of its instruments within its mandate to ensure that inflation stabilises sustainably at its 2% target over the medium term and to preserve the smooth functioning of monetary policy transmission.,N,N,,,
991,2026/2026-03-19-ecb-mp.txt,19/03/2026,statement,"In line with the Governing Council's monetary policy strategy commitment to incorporate risks and uncertainty into its decision-making, staff also assessed how the war in the Middle East could affect economic growth and inflation under some alternative illustrative scenarios.",N,,,,
11,1999/1999-11-04-ecb-mp.txt,04/11/1999,statement,At today's meeting the Governing Council of the ECB took the following monetary policy decisions:,N,N,,,
396,2021/2021-01-21-ecb-mp.txt,21/01/2021,statement,"Equally, the envelope can be recalibrated if required to maintain favourable financing conditions to help counter the negative pandemic shock to the path of inflation.",D,D,,,
582,2022/2022-09-08-ecb-mp.txt,08/09/2022,statement,"This outlook is reflected in the latest staff projections for economic growth, which have been revised down markedly for the remainder of the current year and throughout 2023.",MD,,,,
42,2000/2000-06-08-ecb-mp.txt,08/06/2000,statement,The interest rate on the main refinancing operations of the Eurosystem will be raised by 0.50 percentage point to 4.25% and applied in the two operations (which will be conducted as fixed rate tenders) to be settled on 15 and 21 June 2000.,H,,,,
167,2010/2010-09-02-ecb-mp.txt,02/09/2010,statement,"At today's meeting the Governing Council of the ECB decided that the interest rate on the main refinancing operations and the interest rates on the marginal lending facility and the deposit facility will remain unchanged at 1.00%, 1.75% and 0.25% respectively.",N,N,,,
416,2021/2021-04-22-ecb-mp.txt,22/04/2021,statement,"In any case, the future roll-off of the PEPP portfolio will be managed to avoid interference with the appropriate monetary policy stance.",N,N,,,
881,2025/2025-01-30-ecb-mp.txt,30/01/2025,statement,The Governing Council's recent interest rate cuts are gradually making new borrowing less expensive for firms and households.,MD,,,,
426,2021/2021-06-10-ecb-mp.txt,10/06/2021,statement,"In any case, the future roll-off of the PEPP portfolio will be managed to avoid interference with the appropriate monetary policy stance.",N,N,,,
544,2022/2022-06-09-ecb-mp.txt,09/06/2022,statement,"If the medium-term inflation outlook persists or deteriorates, a larger increment will be appropriate at the September meeting.",H,,,,
963,2025/2025-12-18-ecb-mp.txt,18/12/2025,statement,"For inflation excluding energy and food, staff project an average of 2.4% in 2025, 2.2% in 2026, 1.9% in 2027 and 2.0% in 2028.",MD,,,,
1038,2020/2020-04-30-ecb-mp.txt,,statement,"(3) Since the end of March, purchases have been conducted under the Governing Council's new pandemic emergency purchase programme (PEPP), which has an overall envelope of €750 billion, to ease the overall monetary policy stance and to counter the severe risks to the monetary policy transmission mechanism and the outlook for the euro area posed by the coronavirus pandemic.",D,,,,
888,2025/2025-01-30-ecb-mp.txt,30/01/2025,statement,"Moreover, the Transmission Protection Instrument is available to counter unwarranted, disorderly market dynamics that pose a serious threat to the transmission of monetary policy across all euro area countries, thus allowing the Governing Council to more effectively deliver on its price stability mandate.",MD,MD,,,
670,2023/2023-05-04-ecb-mp.txt,04/05/2023,statement,"Accordingly, the interest rate on the main refinancing operations and the interest rates on the marginal lending facility and the deposit facility will be increased to 3.75%, 4.00% and 3.25% respectively, with effect from 10 May 2023.",H,,,,
257,2016/2016-03-10-ecb-mp.txt,10/03/2016,statement,"(1) The interest rate on the main refinancing operations of the Eurosystem will be decreased by 5 basis points to 0.00%, starting from the operation to be settled on 16 March 2016.",D,,,,
335,2019/2019-01-24-ecb-mp.txt,24/01/2019,statement,"The Governing Council expects the key ECB interest rates to remain at their present levels at least through the summer of 2019, and in any case for as long as necessary to ensure the continued sustained convergence of inflation to levels that are below, but close to, 2% over the medium term.",D,D,,,
15,1999/1999-12-02-ecb-mp.txt,02/12/1999,statement,At today's meeting the Governing Council of the ECB took the following monetary policy decisions:,N,N,,,
707,2023/2023-07-27-ecb-mp.txt,27/07/2023,statement,"The Governing Council will continue applying flexibility in reinvesting redemptions coming due in the PEPP portfolio, with a view to countering risks to the monetary policy transmission mechanism related to the pandemic.",MD,MD,,,
324,2018/2018-09-13-ecb-mp.txt,13/09/2018,statement,"The Governing Council expects the key ECB interest rates to remain at their present levels at least through the summer of 2019, and in any case for as long as necessary to ensure the continued sustained convergence of inflation to levels that are below, but close to, 2% over the medium term.",D,D,,,
828,2024/2024-09-12-ecb-mp.txt,12/09/2024,statement,"Based on the Governing Council's updated assessment of the inflation outlook, the dynamics of underlying inflation and the strength of monetary policy transmission, it is now appropriate to take another step in moderating the degree of monetary policy restriction.",N,,,,
222,2013/2013-11-07-ecb-mp.txt,07/11/2013,statement,At today's meeting the Governing Council of the ECB took the following monetary policy decisions:,N,N,,,
179,2011/2011-06-09-ecb-mp.txt,09/06/2011,statement,"At today's meeting the Governing Council of the ECB decided that the interest rate on the main refinancing operations and the interest rates on the marginal lending facility and the deposit facility will remain unchanged at 1.25%, 2.00% and 0.50% respectively.",N,,,,
99,2006/2006-06-08-ecb-mp.txt,08/06/2006,statement,"At today's meeting, which was held in Madrid, the Governing Council of the ECB took the following monetary policy decisions:",N,,,,
521,2022/2022-04-14-ecb-mp.txt,14/04/2022,statement,"The pandemic has shown that, under stressed conditions, flexibility in the design and conduct of asset purchases has helped to counter the impaired transmission of monetary policy and made the Governing Council's efforts to achieve its goal more effective.",MD,MD,,,
22,2000/2000-03-16-ecb-mp.txt,16/03/2000,statement,"The interest rate on the main refinancing operations of the Eurosystem will be raised by 0.25 percentage point to 3.5%, starting from the operation to be settled on 22 March 2000.",H,,,,
356,2019/2019-07-25-ecb-mp.txt,25/07/2019,statement,"It therefore stands ready to adjust all of its instruments, as appropriate, to ensure that inflation moves towards its aim in a sustained manner.",N,,,,
730,2023/2023-10-26-ecb-mp.txt,26/10/2023,statement,The incoming information has broadly confirmed its previous assessment of the medium-term inflation outlook.,N,N,,,
1006,2026/2026-04-30-ecb-mp.txt,30/04/2026,statement,The Governing Council will closely monitor the situation and follow a data-dependent and meeting-by-meeting approach to determining the appropriate monetary policy stance.,N,,,,
767,2024/2024-01-25-ecb-mp.txt,25/01/2024,statement,"The interest rate on the main refinancing operations and the interest rates on the marginal lending facility and the deposit facility will remain unchanged at 4.50%, 4.75% and 4.00% respectively.",N,N,,,
340,2019/2019-03-07-ecb-mp.txt,07/03/2019,statement,At today's meeting the Governing Council of the European Central Bank (ECB) took the following monetary policy decisions:,N,,,,
431,2021/2021-07-22-ecb-mp.txt,22/07/2021,statement,"In support of its symmetric two per cent inflation target and in line with its monetary policy strategy, the Governing Council expects the key ECB interest rates to remain at their present or lower levels until it sees inflation reaching two per cent well ahead of the end of its projection horizon and durably for the rest of the projection horizon, and it judges that realised progress in underlying inflation is sufficiently advanced to be consistent with inflation stabilising at two per cent over the medium term.",D,D,,,
602,2022/2022-10-27-ecb-mp.txt,27/10/2022,statement,"The Governing Council intends to continue reinvesting, in full, the principal payments from maturing securities purchased under the APP for an extended period of time past the date when it started raising the key ECB interest rates and, in any case, for as long as necessary to maintain ample liquidity conditions and an appropriate monetary policy stance.",MH,,,,
912,2025/2025-04-17-ecb-mp.txt,17/04/2025,statement,The Governing Council is determined to ensure that inflation stabilises sustainably at its 2% medium-term target.,N,N,,,
203,2012/2012-07-05-ecb-mp.txt,05/07/2012,statement,"The interest rate on the marginal lending facility will be decreased by 25 basis points to 1.50%, with effect from 11 July 2012.",D,,,,
689,2023/2023-06-15-ecb-mp.txt,15/06/2023,statement,"In any case, the future roll-off of the PEPP portfolio will be managed to avoid interference with the appropriate monetary policy stance.",N,N,,,
93,2005/2005-12-01-ecb-mp.txt,01/12/2005,statement,At today's meeting the Governing Council of the ECB took the following monetary policy decisions:,N,N,,,
760,2023/2023-12-14-ecb-mp.txt,14/12/2023,statement,The Governing Council stands ready to adjust all of its instruments within its mandate to ensure that inflation returns to its 2% target over the medium term and to preserve the smooth functioning of monetary policy transmission.,H,H,,,
68,2001/2001-05-10-ecb-mp.txt,10/05/2001,statement,"The interest rate on the marginal lending facility will be reduced by 0.25 percentage point to 5.50%, with effect from 11 May 2001.",D,,,,
720,2023/2023-09-14-ecb-mp.txt,14/09/2023,statement,"Financing conditions have tightened further and are increasingly dampening demand, which is an important factor in bringing inflation back to target.",H,,,,
284,2017/2017-06-08-ecb-mp.txt,08/06/2017,statement,"At today's meeting, which was held in Tallinn, the Governing Council of the ECB decided that the interest rate on the main refinancing operations and the interest rates on the marginal lending facility and the deposit facility will remain unchanged at 0.00%, 0.25% and -0.40% respectively.",N,,,,
970,2025/2025-12-18-ecb-mp.txt,18/12/2025,statement,The Governing Council stands ready to adjust all of its instruments within its mandate to ensure that inflation stabilises at its 2% target in the medium term and to preserve the smooth functioning of monetary policy transmission.,D,D,,,
434,2021/2021-07-22-ecb-mp.txt,22/07/2021,statement,"The Governing Council also confirmed its other measures to support its price stability mandate, namely the level of the key ECB interest rates, its purchases under the asset purchase programme (APP), its reinvestment policies and its longer-term refinancing operations.",MD,,,,
153,2009/2009-07-02-ecb-mp.txt,02/07/2009,statement,"At today's meeting, which was held in Luxembourg, the Governing Council of the ECB decided that the interest rate on the main refinancing operations and the interest rates on the marginal lending facility and the deposit facility will remain unchanged at 1.00%, 1.75% and 0.25% respectively.",N,,,,
75,2001/2001-09-17-ecb-mp.txt,17/09/2001,statement,"The interest rate on the deposit facility will be reduced by 0.50 percentage point to 2.75%, with effect from 18 September 2001.",D,,,,
799,2024/2024-06-06-ecb-mp.txt,06/06/2024,statement,"Since the Governing Council meeting in September 2023, inflation has fallen by more than 2.5 percentage points and the inflation outlook has improved markedly.",D,,,,
580,2022/2022-09-08-ecb-mp.txt,08/09/2022,statement,"Very high energy prices are reducing the purchasing power of people's incomes and,",H,,,,
446,2021/2021-09-09-ecb-mp.txt,09/09/2021,statement,"In support of its symmetric two per cent inflation target and in line with its monetary policy strategy, the Governing Council expects the key ECB interest rates to remain at their present or lower levels until it sees inflation reaching two per cent well ahead of the end of its projection horizon and durably for the rest of the projection horizon, and it judges that realised progress in underlying inflation is sufficiently advanced to be consistent with inflation stabilising at two per cent over the medium term.",D,D,,,
188,2011/2011-11-03-ecb-mp.txt,03/11/2011,statement,"The interest rate on the main refinancing operations of the Eurosystem will be decreased by 25 basis points to 1.25%, starting from the operation to be settled on 9 November 2011.",D,,,,
271,2016/2016-12-08-ecb-mp.txt,08/12/2016,statement,"At today's meeting the Governing Council of the ECB decided that the interest rate on the main refinancing operations and the interest rates on the marginal lending facility and the deposit facility will remain unchanged at 0.00%, 0.25% and -0.40% respectively.",N,N,,,
236,2014/2014-08-07-ecb-mp.txt,07/08/2014,statement,"At today's meeting the Governing Council of the ECB decided that the interest rate on the main refinancing operations and the interest rates on the marginal lending facility and the deposit facility will remain unchanged at 0.15%, 0.40% and -0.10% respectively.",N,N,,,
487,2022/2022-02-03-ecb-mp.txt,03/02/2022,statement,The Governing Council will also regularly assess how targeted lending operations are contributing to its monetary policy stance.,N,N,,,
559,2022/2022-07-21-ecb-mp.txt,21/07/2022,statement,"The TPI will be an addition to the Governing Council's toolkit and can be activated to counter unwarranted, disorderly market dynamics that pose a serious threat to the transmission of monetary policy across the euro area.",MD,,,,
117,2008/2008-07-03-ecb-mp.txt,03/07/2008,statement,At today's meeting the Governing Council of the ECB took the following monetary policy decisions:,N,N,,,
893,2025/2025-03-06-ecb-mp.txt,06/03/2025,statement,"For inflation excluding energy and food, staff project an average of 2.2% in 2025, 2.0% in 2026 and 1.9% in 2027.",MD,,,,
512,2022/2022-04-14-ecb-mp.txt,14/04/2022,statement,"The interest rate on the main refinancing operations and the interest rates on the marginal lending facility and the deposit facility will remain unchanged at 0.00%, 0.25% and -0.50% respectively.",N,N,,,
604,2022/2022-10-27-ecb-mp.txt,27/10/2022,statement,"The Governing Council will continue applying flexibility in reinvesting redemptions coming due in the PEPP portfolio, with a view to countering risks to the monetary policy transmission mechanism related to the pandemic.",MD,MD,,,
951,2025/2025-09-11-ecb-mp.txt,11/09/2025,statement,"In particular, the Governing Council's interest rate decisions will be based on its assessment of the inflation outlook and the risks surrounding it, in light of the incoming economic and financial data, as well as the dynamics of underlying inflation and the strength of monetary policy transmission.",N,N,,,
126,2008/2008-10-08-ecb-mp.txt,08/10/2008,statement,Keeping inflation expectations firmly anchored in line with our objective and securing price stability in the medium term will support sustainable growth and employment and contribute to financial stability.,MD,,,,
116,2007/2007-06-06-ecb-mp.txt,06/06/2007,statement,"The interest rate on the deposit facility will be increased by 25 basis points to 3.00%, with effect from 13 June 2007.",H,,,,
473,2021/2021-12-16-ecb-mp.txt,16/12/2021,statement,The Governing Council will continue to monitor bank funding conditions and ensure that the maturing of operations under the third series of targeted longer-term refinancing operations (TLTRO III) does not hamper the smooth transmission of its monetary policy.,N,N,,,
757,2023/2023-12-14-ecb-mp.txt,14/12/2023,statement,"The interest rate on the main refinancing operations and the interest rates on the marginal lending facility and the deposit facility will remain unchanged at 4.50%, 4.75% and 4.00% respectively.",N,N,,,
57,2000/2000-08-31-ecb-mp.txt,31/08/2000,statement,"In the context of the robust expansion of economic activity, a continuation of ample liquidity conditions would constitute a risk to price stability.",MH,,,,
603,2022/2022-10-27-ecb-mp.txt,27/10/2022,statement,"In any case, the future roll-off of the PEPP portfolio will be managed to avoid interference with the appropriate monetary policy stance.",N,N,,,
918,2025/2025-06-05-ecb-mp.txt,05/06/2025,statement,Inflation is currently at around the Governing Council's 2% medium-term target.,N,,,,
995,2026/2026-03-19-ecb-mp.txt,19/03/2026,statement,"In particular, its interest rate decisions will be based on its assessment of the inflation outlook and the risks surrounding it, in light of the incoming economic and financial data, as well as the dynamics of underlying inflation and the strength of monetary policy transmission.",N,N,,,
369,2020/2020-09-10-ecb-mp.txt,10/09/2020,statement,"below, 2% within its projection horizon, and such convergence has been consistently reflected in underlying inflation dynamics.",N,N,,,
268,2016/2016-09-08-ecb-mp.txt,08/09/2016,statement,"Regarding non-standard monetary policy measures, the Governing Council confirms that the monthly asset purchases of €80 billion are intended to run until the end of March 2017, or beyond, if necessary, and in any case until it sees a sustained adjustment in the path of inflation consistent with its inflation aim.",D,D,,,
46,2000/2000-06-08-ecb-mp.txt,08/06/2000,statement,"For the purpose of signalling the monetary policy stance, the minimum bid rate is designed to play the role performed, until now, by the rate in fixed rate tenders.",N,,,,
349,2019/2019-06-06-ecb-mp.txt,06/06/2019,statement,"through the first half of 2020, and in any case for as long as necessary to ensure the continued sustained convergence of inflation to levels that are below, but close to, 2% over the medium term.",MD,,,,
195,2012/2012-01-12-ecb-mp.txt,12/01/2012,statement,"At today's meeting the Governing Council of the ECB decided that the interest rate on the main refinancing operations and the interest rates on the marginal lending facility and the deposit facility will remain unchanged at 1.00%, 1.75% and 0.25% respectively.",N,N,,,
102,2006/2006-08-03-ecb-mp.txt,03/08/2006,statement,"At today's meeting, the Governing Council of the ECB took the following monetary policy decisions:",N,,,,
913,2025/2025-04-17-ecb-mp.txt,17/04/2025,statement,"Especially in current conditions of exceptional uncertainty, it will follow a data-dependent and meeting-by-meeting approach to determining the appropriate monetary policy stance.",N,,,,
755,2023/2023-12-14-ecb-mp.txt,14/12/2023,statement,"In particular, its interest rate decisions will be based on its assessment of the inflation outlook in light of the incoming economic and financial data, the dynamics of underlying inflation and the strength of monetary policy transmission.",N,N,,,
1047,2020/2020-06-04-ecb-mp.txt,,statement,"The Governing Council expects the key ECB interest rates to remain at their present or lower levels until it has seen the inflation outlook robustly converge to a level sufficiently close to,",D,D,,,
263,2016/2016-06-02-ecb-mp.txt,02/06/2016,statement,"At today's meeting, which was held in Vienna, the Governing Council of the ECB decided that the interest rate on the main refinancing operations and the interest rates on the marginal lending facility and the deposit facility will remain unchanged at 0.00%, 0.25% and -0.40% respectively.",N,,,,
820,2024/2024-07-18-ecb-mp.txt,18/07/2024,statement,The Governing Council is determined to ensure that inflation returns to its 2% medium-term target in a timely manner.,N,N,,,
443,2021/2021-07-22-ecb-mp.txt,22/07/2021,statement,"The Governing Council stands ready to adjust all of its instruments, as appropriate, to ensure that inflation stabilises at its two per cent target over the medium term.",N,N,,,
739,2023/2023-10-26-ecb-mp.txt,26/10/2023,statement,"The Governing Council will continue applying flexibility in reinvesting redemptions coming due in the PEPP portfolio, with a view to countering risks to the monetary policy transmission mechanism related to the pandemic.",MD,MD,,,
304,2018/2018-01-25-ecb-mp.txt,25/01/2018,statement,"Regarding non-standard monetary policy measures, the Governing Council confirms that the net asset purchases, at the new monthly pace of €30 billion, are intended to run until the end of September 2018, or beyond, if necessary, and in any case until the Governing Council sees a sustained adjustment in the path of inflation consistent with its inflation aim.",D,,,,
341,2019/2019-03-07-ecb-mp.txt,07/03/2019,statement,"(1) The interest rate on the main refinancing operations and the interest rates on the marginal lending facility and the deposit facility will remain unchanged at 0.00%, 0.25% and -0.40% respectively.",N,N,,,
656,2023/2023-03-16-ecb-mp.txt,16/03/2023,statement,"Accordingly, the interest rate on the main refinancing operations and the interest rates on the marginal lending facility and the deposit facility will be increased to 3.50%, 3.75% and 3.00% respectively, with effect from 22 March 2023.",H,,,,
313,2018/2018-06-14-ecb-mp.txt,14/06/2018,statement,"At today's meeting, which was held in Riga, the Governing Council of the ECB undertook a careful review of the progress towards a sustained adjustment in the path of inflation, also taking into account the latest Eurosystem staff macroeconomic projections, measures of price and wage pressures, and uncertainties surrounding the inflation outlook.",MD,,,,
149,2009/2009-05-07-ecb-mp.txt,07/05/2009,statement,"The interest rate on the main refinancing operations of the Eurosystem will be decreased by 25 basis points to 1.00%, starting from the operation to be settled on 13 May 2009.",D,,,,
124,2008/2008-10-08-ecb-mp.txt,08/10/2008,statement,"The interest rate on the deposit facility will be reduced by 50 basis points to 2.75 %, with immediate effect.",D,,,,
859,2024/2024-10-17-ecb-mp.txt,17/10/2024,statement,The Governing Council stands ready to adjust all of its instruments within its mandate to ensure that inflation returns to its 2% target over the medium term and to preserve the smooth functioning of monetary policy transmission.,H,H,,,
898,2025/2025-03-06-ecb-mp.txt,06/03/2025,statement,"At the same time, a headwind to the easing of financing conditions comes from past interest rate hikes still transmitting to the stock of credit, and lending remains subdued overall.",MH,,,,
50,2000/2000-08-31-ecb-mp.txt,31/08/2000,statement,"The interest rate on the deposit facility will be raised by 0.25 percentage point to 3.50%, with effect from 1 September 2000.",H,,,,
353,2019/2019-07-25-ecb-mp.txt,25/07/2019,statement,"The Governing Council expects the key ECB interest rates to remain at their present or lower levels at least through the first half of 2020, and in any case for as long as necessary to ensure the continued sustained convergence of inflation to its aim over the medium term.",MD,,,,
1013,2026/2026-06-11-ecb-mp.txt,11/06/2026,statement,"For inflation excluding energy and food, the baseline foresees an average of 2.5% in 2026 and 2027 and 2.2% in 2028.",MD,,,,
142,2009/2009-03-05-ecb-mp.txt,05/03/2009,statement,"The interest rate on the marginal lending facility will be decreased by 50 basis points to 2.50%, with effect from 11 March 2009.",D,,,,
470,2021/2021-12-16-ecb-mp.txt,16/12/2021,statement,"The interest rate on the main refinancing operations and the interest rates on the marginal lending facility and the deposit facility will remain unchanged at 0.00%, 0.25% and -0.50% respectively.",N,N,,,
399,2021/2021-03-11-ecb-mp.txt,11/03/2021,statement,"Based on a joint assessment of financing conditions and the inflation outlook, the Governing Council expects purchases under the PEPP over the next quarter to be conducted at a significantly higher pace than during the first months of this year.",D,,,,
924,2025/2025-06-05-ecb-mp.txt,05/06/2025,statement,"In the context of high uncertainty, staff also assessed some of the mechanisms by which different trade policies could affect growth and inflation under some alternative illustrative scenarios.",N,,,,
320,2018/2018-07-26-ecb-mp.txt,26/07/2018,statement,"The Governing Council expects the key ECB interest rates to remain at their present levels at least through the summer of 2019, and in any case for as long as necessary to ensure the continued sustained convergence of inflation to levels that are below, but close to, 2% over the medium term.",D,D,,,
19,2000/2000-02-03-ecb-mp.txt,03/02/2000,statement,"The interest rate on the marginal lending facility will be raised by 0.25 percentage point to 4.25%, with effect of 4 February 2000.",H,,,,
884,2025/2025-01-30-ecb-mp.txt,30/01/2025,statement,The Governing Council is determined to ensure that inflation stabilises sustainably at its 2% medium-term target.,N,N,,,
1015,2026/2026-06-11-ecb-mp.txt,11/06/2026,statement,"The baseline sees economic growth at an average of 0.8% in 2026, 1.2% in 2027 and 1.5% in 2028.",D,,,,
883,2025/2025-01-30-ecb-mp.txt,30/01/2025,statement,The economy is still facing headwinds but rising real incomes and the gradually fading effects of restrictive monetary policy should support a pick-up in demand over time.,MD,,,,
407,2021/2021-03-11-ecb-mp.txt,11/03/2021,statement,"The Governing Council stands ready to adjust all of its instruments, as appropriate, to ensure that inflation moves towards its aim in a sustained manner, in line with its commitment to symmetry.",MD,,,,
537,2022/2022-06-09-ecb-mp.txt,09/06/2022,statement,"Throughout this process, the Governing Council will maintain optionality, data-dependence, gradualism and flexibility in the conduct of monetary policy.",N,,,,
678,2023/2023-06-15-ecb-mp.txt,15/06/2023,statement,The Governing Council is determined to ensure that inflation returns to its 2% medium-term target in a timely manner.,N,N,,,
38,2000/2000-04-27-ecb-mp.txt,27/04/2000,statement,"In this way, monetary policy provides the best contribution to ensuring the sustainability of the current phase of strong and non-inflationary economic growth.",MD,,,,
175,2011/2011-04-07-ecb-mp.txt,07/04/2011,statement,"The interest rate on the main refinancing operations of the Eurosystem will be increased by 25 basis points to 1.25%, starting from the operation to be settled on 13 April 2011.",H,,,,
245,2015/2015-01-22-ecb-mp.txt,22/01/2015,statement,Further monetary policy measures will be communicated by the President of the ECB at a press conference starting at 2.30 p.m.,N,,,,
906,2025/2025-04-17-ecb-mp.txt,17/04/2025,statement,"In particular, the decision to lower the deposit facility rate - the rate through which the Governing Council steers the monetary policy stance - is based on its updated assessment of the inflation outlook, the dynamics of underlying inflation and the strength of monetary policy transmission.",D,D,,,
731,2023/2023-10-26-ecb-mp.txt,26/10/2023,statement,"Inflation is still expected to stay too high for too long, and domestic price pressures remain strong.",H,,,,
823,2024/2024-07-18-ecb-mp.txt,18/07/2024,statement,"The Governing Council will continue applying flexibility in reinvesting redemptions coming due in the PEPP portfolio, with a view to countering risks to the monetary policy transmission mechanism related to the pandemic.",MD,MD,,,
939,2025/2025-07-24-ecb-mp.txt,24/07/2025,statement,The Governing Council is determined to ensure that inflation stabilises at its 2% target in the medium term.,N,N,,,
154,2009/2009-08-06-ecb-mp.txt,06/08/2009,statement,"At today's meeting the Governing Council of the ECB decided that the interest rate on the main refinancing operations and the interest rates on the marginal lending facility and the deposit facility will remain unchanged at 1.00%, 1.75% and 0.25% respectively.",N,N,,,
638,2023/2023-02-02-ecb-mp.txt,02/02/2023,statement,"The Governing Council will continue applying flexibility in reinvesting redemptions coming due in the PEPP portfolio, with a view to countering risks to the monetary policy transmission mechanism related to the pandemic.",MD,MD,,,
287,2017/2017-07-20-ecb-mp.txt,20/07/2017,statement,"At today's meeting the Governing Council of the ECB decided that the interest rate on the main refinancing operations and the interest rates on the marginal lending facility and the deposit facility will remain unchanged at 0.00%, 0.25% and -0.40% respectively.",N,N,,,
625,2022/2022-12-15-ecb-mp.txt,15/12/2022,statement,"Beyond the near term, growth is projected to recover as the current headwinds fade.",MD,,,,
660,2023/2023-03-16-ecb-mp.txt,16/03/2023,statement,The Governing Council stands ready to adjust all of its instruments within its mandate to ensure that inflation returns to its 2% target over the medium term and to preserve the smooth functioning of monetary policy transmission.,H,H,,,
569,2022/2022-07-21-ecb-mp.txt,21/07/2022,statement,The Governing Council's new TPI will safeguard the smooth transmission of its monetary policy stance throughout the euro area.,N,,,,
958,2025/2025-10-30-ecb-mp.txt,30/10/2025,statement,"In particular, the Governing Council's interest rate decisions will be based on its assessment of the inflation outlook and the risks surrounding it, in light of the incoming economic and financial data, as well as the dynamics of underlying inflation and the strength of monetary policy transmission.",N,N,,,
17,2000/2000-02-03-ecb-mp.txt,03/02/2000,statement,At today's meeting the Governing Council of the ECB took the following monetary policy decisions:,N,N,,,
127,2008/2008-11-06-ecb-mp.txt,06/11/2008,statement,At today's meeting the Governing Council of the ECB took the following monetary policy decisions:,N,N,,,
322,2018/2018-07-26-ecb-mp.txt,26/07/2018,statement,"The Governing Council anticipates that, after September 2018, subject to incoming data confirming the Governing Council's medium-term inflation outlook, the monthly pace of the net asset purchases will be reduced to €15 billion until the end of December 2018 and that net purchases will then end.",MH,,,,
255,2016/2016-01-21-ecb-mp.txt,21/01/2016,statement,"At today's meeting the Governing Council of the ECB decided that the interest rate on the main refinancing operations and the interest rates on the marginal lending facility and the deposit facility will remain unchanged at 0.05%, 0.30% and -0.30% respectively.",N,,,,
718,2023/2023-09-14-ecb-mp.txt,14/09/2023,statement,"ECB staff have slightly revised down the projected path for inflation excluding energy and food, to an average of 5.1% in 2023, 2.9% in 2024 and 2.2% in 2025.",MH,,,,
1041,2020/2020-04-30-ecb-mp.txt,,statement,"below, 2% within its projection horizon, and such convergence has been consistently reflected in underlying inflation dynamics.",N,N,,,
190,2011/2011-11-03-ecb-mp.txt,03/11/2011,statement,"The interest rate on the deposit facility will be decreased by 25 basis points to 0.50%, with effect from 9 November 2011.",D,,,,
115,2007/2007-06-06-ecb-mp.txt,06/06/2007,statement,"The interest rate on the marginal lending facility will be increased by 25 basis points to 5.00%, with effect from 13 June 2007.",H,,,,
944,2025/2025-09-11-ecb-mp.txt,11/09/2025,statement,Inflation is currently at around the 2% medium-term target and the Governing Council's assessment of the inflation outlook is broadly unchanged.,N,,,,
606,2022/2022-10-27-ecb-mp.txt,27/10/2022,statement,"In any case, the Governing Council will regularly assess how targeted lending operations are contributing to its monetary policy stance.",N,,,,
180,2011/2011-07-07-ecb-mp.txt,07/07/2011,statement,At today's meeting the Governing Council of the ECB took the following monetary policy decisions:,N,N,,,
301,2017/2017-12-14-ecb-mp.txt,14/12/2017,statement,"If the outlook becomes less favourable, or if financial conditions become inconsistent with further progress towards a sustained adjustment in the path of inflation, the Governing Council stands ready to increase the APP in terms of size and/or duration.",D,,,,
830,2024/2024-09-12-ecb-mp.txt,12/09/2024,statement,"Staff see headline inflation averaging 2.5% in 2024, 2.2% in 2025 and 1.9% in 2026, as in the June projections.",MD,,,,
932,2025/2025-06-05-ecb-mp.txt,05/06/2025,statement,"The Governing Council's interest rate decisions will be based on its assessment of the inflation outlook in light of the incoming economic and financial data, the dynamics of underlying inflation and the strength of monetary policy transmission.",N,,,,
968,2025/2025-12-18-ecb-mp.txt,18/12/2025,statement,It will follow a data-dependent and meeting-by-meeting approach to determining the appropriate monetary policy stance.,N,N,,,
749,2023/2023-12-14-ecb-mp.txt,14/12/2023,statement,The past interest rate increases continue to be transmitted forcefully to the economy.,H,,,,
920,2025/2025-06-05-ecb-mp.txt,05/06/2025,statement,"Staff expect inflation excluding energy and food to average 2.4% in 2025 and 1.9% in 2026 and 2027, broadly unchanged since March.",N,,,,
517,2022/2022-04-14-ecb-mp.txt,14/04/2022,statement,The Governing Council will continue to monitor bank funding conditions and ensure that the maturing of operations under the third series of targeted longer-term refinancing operations (TLTRO III) does not hamper the smooth transmission of its monetary policy.,N,N,,,
372,2020/2020-09-10-ecb-mp.txt,10/09/2020,statement,"In any case, the future roll-off of the PEPP portfolio will be managed to avoid interference with the appropriate monetary policy stance.",N,N,,,
45,2000/2000-06-08-ecb-mp.txt,08/06/2000,statement,The switch to variable rate tenders in the main refinancing operations is not intended as a further change in the monetary policy stance of the Eurosystem.,N,,,,
992,2026/2026-03-19-ecb-mp.txt,19/03/2026,statement,"The scenario analysis suggests that a prolonged disruption in the supply of oil and gas would result in inflation being above, and growth being below, the baseline projections.",H,,,,
157,2009/2009-11-05-ecb-mp.txt,05/11/2009,statement,"At today's meeting the Governing Council of the ECB decided that the interest rate on the main refinancing operations and the interest rates on the marginal lending facility and the deposit facility will remain unchanged at 1.00%, 1.75% and 0.25% respectively.",N,N,,,
813,2024/2024-06-06-ecb-mp.txt,06/06/2024,statement,The Governing Council stands ready to adjust all of its instruments within its mandate to ensure that inflation returns to its 2% target over the medium term and to preserve the smooth functioning of monetary policy transmission.,H,H,,,
171,2011/2011-01-13-ecb-mp.txt,13/01/2011,statement,"At today's meeting the Governing Council of the ECB decided that the interest rate on the main refinancing operations and the interest rates on the marginal lending facility and the deposit facility will remain unchanged at 1.00%, 1.75% and 0.25% respectively.",N,N,,,
16,1999/1999-12-02-ecb-mp.txt,02/12/1999,statement,The reference value for the annual growth rate of the broad monetary aggregate M3 will remain 41⁄2%.,N,,,,
511,2022/2022-04-14-ecb-mp.txt,14/04/2022,statement,The Governing Council will take whatever action is needed to fulfil the ECB's mandate to pursue price stability and to contribute to safeguarding financial stability.,N,,,,
48,2000/2000-08-31-ecb-mp.txt,31/08/2000,statement,At today's meeting the Governing Council of the ECB took the following monetary policy decisions:,N,N,,,
191,2011/2011-12-08-ecb-mp.txt,08/12/2011,statement,At today's meeting the Governing Council of the ECB took the following monetary policy decisions:,N,N,,,
919,2025/2025-06-05-ecb-mp.txt,05/06/2025,statement,"In the baseline of the new Eurosystem staff projections, headline inflation is set to average 2.0% in 2025, 1.6% in 2026 and 2.0% in 2027.",N,,,,
515,2022/2022-04-14-ecb-mp.txt,14/04/2022,statement,"In any case, the future roll-off of the PEPP portfolio will be managed to avoid interference with the appropriate monetary policy stance.",N,N,,,
852,2024/2024-10-17-ecb-mp.txt,17/10/2024,statement,"Inflation is expected to rise in the coming months, before declining to target in the course of next year.",MH,,,,
750,2023/2023-12-14-ecb-mp.txt,14/12/2023,statement,"Tighter financing conditions are dampening demand, and this is helping to push down inflation.",H,,,,
480,2022/2022-02-03-ecb-mp.txt,03/02/2022,statement,"Within the Governing Council's mandate, under stressed conditions, flexibility will remain an element of monetary policy whenever threats to monetary policy transmission jeopardise the attainment of price stability.",N,N,,,
283,2017/2017-04-27-ecb-mp.txt,27/04/2017,statement,"If the outlook becomes less favourable, or if financial conditions become inconsistent with further progress towards a sustained adjustment in the path of inflation, the Governing Council stands ready to increase the programme in terms of size and/or duration.",D,D,,,
785,2024/2024-03-07-ecb-mp.txt,07/03/2024,statement,"Moreover, the Transmission Protection Instrument is available to counter unwarranted, disorderly market dynamics that pose a serious threat to the transmission of monetary policy across all euro area countries, thus allowing the Governing Council to more effectively deliver on its price stability mandate.",MD,MD,,,
715,2023/2023-09-14-ecb-mp.txt,14/09/2023,statement,"The September ECB staff macroeconomic projections for the euro area see average inflation at 5.6% in 2023, 3.2% in 2024 and 2.1% in 2025.",H,,,,
225,2013/2013-11-07-ecb-mp.txt,07/11/2013,statement,The interest rate on the deposit facility will remain unchanged at 0.00%.,N,,,,
26,2000/2000-03-16-ecb-mp.txt,16/03/2000,statement,"At the same time, upside risks to price stability were seen as a reason for vigilance.",MH,,,,
855,2024/2024-10-17-ecb-mp.txt,17/10/2024,statement,The Governing Council is determined to ensure that inflation returns to its 2% medium-term target in a timely manner.,N,N,,,
437,2021/2021-07-22-ecb-mp.txt,22/07/2021,statement,This may also imply a transitory period in which inflation is moderately above target.,MH,MH,,,
1030,2020/2020-01-23-ecb-mp.txt,,statement,"At today's meeting the Governing Council of the European Central Bank (ECB) decided that the interest rate on the main refinancing operations and the interest rates on the marginal lending facility and the deposit facility will remain unchanged at 0.00%, 0.25% and -0.50% respectively.",N,N,,,
364,2019/2019-09-12-ecb-mp.txt,12/09/2019,statement,"For banks whose eligible net lending exceeds a benchmark, the rate applied in TLTRO III operations will be lower, and can be as low as the average interest rate on the deposit facility prevailing over the life of the operation.",MD,,,,
229,2014/2014-04-03-ecb-mp.txt,03/04/2014,statement,"At today's meeting the Governing Council of the ECB decided that the interest rate on the main refinancing operations and the interest rates on the marginal lending facility and the deposit facility will remain unchanged at 0.25%, 0.75% and 0.00% respectively.",N,N,,,
37,2000/2000-04-27-ecb-mp.txt,27/04/2000,statement,"With today's decision, the Governing Council of the ECB continues its policy of reacting to upside risks to price stability in the medium term in a pre-emptive manner.",H,,,,
669,2023/2023-05-04-ecb-mp.txt,04/05/2023,statement,The key ECB interest rates remain the Governing Council's primary tool for setting the monetary policy stance.,N,,,,
1042,2020/2020-04-30-ecb-mp.txt,,statement,"In any case, it stands ready to adjust all of its instruments, as appropriate, to ensure that inflation moves towards its aim in a sustained manner, in line with its commitment to symmetry.",N,,,,
374,2020/2020-10-29-ecb-mp.txt,29/10/2020,statement,"In the current environment of risks clearly tilted to the downside, the Governing Council will carefully assess the incoming information, including the dynamics of the pandemic, prospects for a rollout of vaccines and developments in the exchange rate.",N,,,,
469,2021/2021-12-16-ecb-mp.txt,16/12/2021,statement,"In line with a step-by-step reduction in asset purchases and to ensure that the monetary policy stance remains consistent with inflation stabilising at its target over the medium term, the Governing Council decided on a monthly net purchase pace of €40 billion in the second quarter and €30 billion in the third quarter under the APP.",H,,,,
1043,2020/2020-06-04-ecb-mp.txt,,statement,At today's meeting the Governing Council of the ECB took the following monetary policy decisions:,N,N,,,
687,2023/2023-06-15-ecb-mp.txt,15/06/2023,statement,"In particular, its interest rate decisions will continue to be based on its assessment of the inflation outlook in light of the incoming economic and financial data, the dynamics of underlying inflation, and the strength of monetary policy transmission.",N,,,,
930,2025/2025-06-05-ecb-mp.txt,05/06/2025,statement,The Governing Council is determined to ensure that inflation stabilises sustainably at its 2% medium-term target.,N,N,,,
914,2025/2025-04-17-ecb-mp.txt,17/04/2025,statement,"In particular, the Governing Council's interest rate decisions will be based on its assessment of the inflation outlook in light of the incoming economic and financial data, the dynamics of underlying inflation and the strength of monetary policy transmission.",N,N,,,
907,2025/2025-04-17-ecb-mp.txt,17/04/2025,statement,"Inflation has continued to develop as staff expected, with both headline and core inflation declining in March.",MD,,,,
194,2011/2011-12-08-ecb-mp.txt,08/12/2011,statement,"The interest rate on the deposit facility will be decreased by 25 basis points to 0.25%, with effect from 14 December 2011.",D,,,,
935,2025/2025-07-24-ecb-mp.txt,24/07/2025,statement,Inflation is currently at the 2% medium-term target.,N,,,,
945,2025/2025-09-11-ecb-mp.txt,11/09/2025,statement,The new ECB staff projections present a picture of inflation similar to that projected in June.,N,,,,
503,2022/2022-03-10-ecb-mp.txt,10/03/2022,statement,"Together, these form a comprehensive set of backstop facilities to address possible euro liquidity needs in the event of market dysfunctions outside the euro area that could adversely affect the smooth transmission of the ECB's monetary policy.",N,,,,
1056,2020/2020-07-16-ecb-mp.txt,,statement,"In any case, the future roll-off of the PEPP portfolio will be managed to avoid interference with the appropriate monetary policy stance.",N,N,,,
909,2025/2025-04-17-ecb-mp.txt,17/04/2025,statement,Most measures of underlying inflation suggest that inflation will settle at around the Governing Council's 2% medium-term target on a sustained basis.,N,,,,
579,2022/2022-09-08-ecb-mp.txt,08/09/2022,statement,"After a rebound in the first half of 2022, recent data point to a substantial slowdown in euro area economic growth, with the economy expected to stagnate later in the year and in the first quarter of 2023.",H,,,,
160,2010/2010-02-04-ecb-mp.txt,04/02/2010,statement,"At today's meeting the Governing Council of the ECB decided that the interest rate on the main refinancing operations and the interest rates on the marginal lending facility and the deposit facility will remain unchanged at 1.00%, 1.75% and 0.25% respectively.",N,N,,,
680,2023/2023-06-15-ecb-mp.txt,15/06/2023,statement,"According to the June macroeconomic projections, Eurosystem staff expect headline inflation to average 5.4% in 2023, 3.0% in 2024 and 2.2% in 2025.",H,,,,
973,2026/2026-02-05-ecb-mp.txt,05/02/2026,statement,"Low unemployment, solid private sector balance sheets, the gradual rollout of public spending on defence and infrastructure and the supportive effects of the past interest rate cuts are underpinning growth.",D,,,,
162,2010/2010-04-08-ecb-mp.txt,08/04/2010,statement,"At today's meeting the Governing Council of the ECB decided that the interest rate on the main refinancing operations and the interest rates on the marginal lending facility and the deposit facility will remain unchanged at 1.00%, 1.75% and 0.25% respectively.",N,N,,,
705,2023/2023-07-27-ecb-mp.txt,27/07/2023,statement,"Accordingly, the interest rate on the main refinancing operations and the interest rates on the marginal lending facility and the deposit facility will be increased to 4.25%, 4.50% and 3.75% respectively, with effect from 2 August 2023.",H,,,,
793,2024/2024-04-11-ecb-mp.txt,11/04/2024,statement,"The interest rate on the main refinancing operations and the interest rates on the marginal lending facility and the deposit facility will remain unchanged at 4.50%, 4.75% and 4.00% respectively.",N,N,,,
152,2009/2009-06-04-ecb-mp.txt,04/06/2009,statement,"At today's meeting the Governing Council of the ECB decided that the interest rate on the main refinancing operations and the interest rates on the marginal lending facility and the deposit facility will remain unchanged at 1.00%, 1.75% and 0.25% respectively.",N,N,,,
745,2023/2023-12-14-ecb-mp.txt,14/12/2023,statement,"Overall, staff expect headline inflation to average 5.4% in 2023, 2.7% in 2024, 2.1% in 2025 and 1.9% in 2026.",H,,,,
764,2024/2024-01-25-ecb-mp.txt,25/01/2024,statement,"Tight financing conditions are dampening demand, and this is helping to push down inflation.",H,,,,
825,2024/2024-07-18-ecb-mp.txt,18/07/2024,statement,The Governing Council stands ready to adjust all of its instruments within its mandate to ensure that inflation returns to its 2% target over the medium term and to preserve the smooth functioning of monetary policy transmission.,H,H,,,
111,2007/2007-03-08-ecb-mp.txt,08/03/2007,statement,At today's meeting the Governing Council of the ECB took the following monetary policy decisions:,N,N,,,
226,2013/2013-12-05-ecb-mp.txt,05/12/2013,statement,"At today's meeting the Governing Council of the ECB decided that the interest rate on the main refinancing operations and the interest rates on the marginal lending facility and the deposit facility will remain unchanged at 0.25%, 0.75% and 0.00% respectively.",N,N,,,
752,2023/2023-12-14-ecb-mp.txt,14/12/2023,statement,"Beyond that, the economy is expected to recover because of rising real incomes - as people benefit from falling inflation and growing wages - and improving foreign demand.",D,,,,
103,2006/2006-08-03-ecb-mp.txt,03/08/2006,statement,"The interest rate on the marginal lending facility will be increased by 25 basis points to 4.0%, with effect from 9 August 2006.",H,,,,
421,2021/2021-06-10-ecb-mp.txt,10/06/2021,statement,"below, 2% within its projection horizon, and such convergence has been consistently reflected in underlying inflation dynamics.",N,N,,,
419,2021/2021-06-10-ecb-mp.txt,10/06/2021,statement,"The interest rate on the main refinancing operations and the interest rates on the marginal lending facility and the deposit facility will remain unchanged at 0.00%, 0.25% and -0.50% respectively.",N,N,,,
819,2024/2024-07-18-ecb-mp.txt,18/07/2024,statement,"At the same time, domestic price pressures are still high, services inflation is elevated and headline inflation is likely to remain above the target well into next year.",H,,,,
586,2022/2022-09-08-ecb-mp.txt,08/09/2022,statement,"In any case, the future roll-off of the PEPP portfolio will be managed to avoid interference with the appropriate monetary policy stance.",N,N,,,
853,2024/2024-10-17-ecb-mp.txt,17/10/2024,statement,"Domestic inflation remains high, as wages are still rising at an elevated pace.",H,,,,
672,2023/2023-05-04-ecb-mp.txt,04/05/2023,statement,"The Governing Council will continue applying flexibility in reinvesting redemptions coming due in the PEPP portfolio, with a view to countering risks to the monetary policy transmission mechanism related to the pandemic.",MD,MD,,,
119,2008/2008-07-03-ecb-mp.txt,03/07/2008,statement,"The interest rate on the deposit facility will be increased by 25 basis points to 3.25%, with effect from 9 July 2008.",H,,,,
53,2000/2000-08-31-ecb-mp.txt,31/08/2000,statement,"While present conditions are largely influenced by oil price and exchange rate developments and cannot be remedied by monetary policy in the short term, it is imperative that medium-term upward pressure on prices be contained.",H,,,,
151,2009/2009-05-07-ecb-mp.txt,07/05/2009,statement,The interest rate on the deposit facility will remain unchanged at 0.25%.,N,,,,
403,2021/2021-03-11-ecb-mp.txt,11/03/2021,statement,"In any case, the future roll-off of the PEPP portfolio will be managed to avoid interference with the appropriate monetary policy stance.",N,N,,,
1050,2020/2020-07-16-ecb-mp.txt,,statement,At today's meeting the Governing Council of the ECB took the following monetary policy decisions:,N,N,,,
207,2012/2012-11-08-ecb-mp.txt,08/11/2012,statement,"At today's meeting the Governing Council of the ECB decided that the interest rate on the main refinancing operations and the interest rates on the marginal lending facility and the deposit facility will remain unchanged at 0.75%, 1.50% and 0.00% respectively.",N,N,,,
658,2023/2023-03-16-ecb-mp.txt,16/03/2023,statement,"The Governing Council will continue applying flexibility in reinvesting redemptions coming due in the PEPP portfolio, with a view to countering risks to the monetary policy transmission mechanism related to the pandemic.",MD,MD,,,
923,2025/2025-06-05-ecb-mp.txt,05/06/2025,statement,"While the uncertainty surrounding trade policies is expected to weigh on business investment and exports, especially in the short term, rising government investment in defence and infrastructure will increasingly support growth over the medium term.",,,,,
833,2024/2024-09-12-ecb-mp.txt,12/09/2024,statement,"For core inflation, the projections for 2024 and 2025 have been revised up slightly, as services inflation has been higher than expected.",,,,,
8,1999/1999-04-08-ecb-mp.txt,08/04/1999,statement,"The interest rate on the main refinancing operations will be reduced by 0.5 percentage point to 2.5%, starting with the operation to be settled on 14 April 1999.",,,,,
882,2025/2025-01-30-ecb-mp.txt,30/01/2025,statement,"At the same time, financing conditions continue to be tight, also because monetary policy remains restrictive and past interest rate hikes are still transmitting to the stock of credit, with some maturing loans being rolled over at higher rates.",,,,,
36,2000/2000-04-27-ecb-mp.txt,27/04/2000,statement,"The interest rate on the deposit facility will be raised by 0.25 percentage point to 2.75%, with effect from 28 April 2000.",,,,,
452,2021/2021-09-09-ecb-mp.txt,09/09/2021,statement,"In any case, the future roll-off of the PEPP portfolio will be managed to avoid interference with the appropriate monetary policy stance.",,N,,,
651,2023/2023-03-16-ecb-mp.txt,16/03/2023,statement,"Inflation excluding energy and food continued to increase in February and ECB staff expect it to average 4.6% in 2023, which is higher than foreseen in the December projections.",,,,,
253,2015/2015-12-03-ecb-mp.txt,03/12/2015,statement,The interest rate on the main refinancing operations and the interest rate on the marginal lending facility will remain unchanged at 0.05% and 0.30% respectively.,,,,,
303,2018/2018-01-25-ecb-mp.txt,25/01/2018,statement,"At today's meeting the Governing Council of the ECB decided that the interest rate on the main refinancing operations and the interest rates on the marginal lending facility and the deposit facility will remain unchanged at 0.00%, 0.25% and -0.40% respectively.",,N,,,
982,2026/2026-03-19-ecb-mp.txt,19/03/2026,statement,"Inflation has been at around the 2% target, longer-term inflation expectations are well anchored, and the economy has shown resilience over recent quarters.",,,,,
571,2022/2022-09-08-ecb-mp.txt,08/09/2022,statement,dampen demand and guard against the risk of a persistent upward shift in inflation expectations.,,,,,
623,2022/2022-12-15-ecb-mp.txt,15/12/2022,statement,"The euro area economy may contract in the current quarter and the next quarter, owing to the energy crisis, high uncertainty, weakening global economic activity and tighter financing conditions.",,,,,
774,2024/2024-03-07-ecb-mp.txt,07/03/2024,statement,"Staff now project inflation to average 2.3% in 2024, 2.0% in 2025 and 1.9% in 2026.",,,,,
786,2024/2024-04-11-ecb-mp.txt,11/04/2024,statement,The incoming information has broadly confirmed the Governing Council's previous assessment of the medium-term inflation outlook.,,,,,
262,2016/2016-04-21-ecb-mp.txt,21/04/2016,statement,"Regarding non-standard monetary policy measures, we have started to expand our monthly purchases under the asset purchase programme to €80 billion.",,,,,
610,2022/2022-12-15-ecb-mp.txt,15/12/2022,statement,to ensure a timely return of inflation to the 2% medium-term target.,,,,,
297,2017/2017-10-26-ecb-mp.txt,26/10/2017,statement,"If the outlook becomes less favourable, or if financial conditions become inconsistent with further progress towards a sustained adjustment in the path of inflation, the Governing Council stands ready to increase the APP in terms of size and/or duration.",,,,,
414,2021/2021-04-22-ecb-mp.txt,22/04/2021,statement,"In addition, the flexibility of purchases over time, across asset classes and among jurisdictions will continue to support the smooth transmission of monetary policy.",,MD,,,
150,2009/2009-05-07-ecb-mp.txt,07/05/2009,statement,"The interest rate on the marginal lending facility will be decreased by 50 basis points to 1.75%, with effect from 13 May 2009.",,,,,
861,2024/2024-12-12-ecb-mp.txt,12/12/2024,statement,"In particular, the decision to lower the deposit facility rate - the rate through which the Governing Council steers the monetary policy stance - is based on its updated assessment of the inflation outlook, the dynamics of underlying inflation and the strength of monetary policy transmission.",,D,,,
640,2023/2023-02-02-ecb-mp.txt,02/02/2023,statement,The Governing Council stands ready to adjust all of its instruments within its mandate to ensure that inflation returns to its 2% target over the medium term.,,MH,,,
971,2025/2025-12-18-ecb-mp.txt,18/12/2025,statement,"Moreover, the Transmission Protection Instrument is available to counter unwarranted, disorderly market dynamics that pose a serious threat to the transmission of monetary policy across all euro area countries, thus allowing the Governing Council to more effectively deliver on its price stability mandate.",,MD,,,
550,2022/2022-06-09-ecb-mp.txt,09/06/2022,statement,"Within the ECB's mandate, under stressed conditions, flexibility will remain an element of monetary policy whenever threats to monetary policy transmission jeopardise the attainment of price stability.",,,,,
864,2024/2024-12-12-ecb-mp.txt,12/12/2024,statement,Most measures of underlying inflation suggest that inflation will settle at around the Governing Council's 2% medium-term target on a sustained basis.,,,,,
488,2022/2022-02-03-ecb-mp.txt,03/02/2022,statement,The Governing Council will also assess the appropriate calibration of its two-tier system for reserve remuneration so that the negative interest rate policy does not limit banks' intermediation capacity in an environment of ample excess liquidity.,,MD,,,
710,2023/2023-07-27-ecb-mp.txt,27/07/2023,statement,"Moreover, the Transmission Protection Instrument is available to counter unwarranted, disorderly market dynamics that pose a serious threat to the transmission of monetary policy across all euro area countries, thus allowing the Governing Council to more effectively deliver on its price stability mandate.",,MD,,,
147,2009/2009-04-02-ecb-mp.txt,02/04/2009,statement,"The interest rate on the deposit facility will be decreased by 25 basis points to 0.25%, with effect from 8 April 2009.",,,,,
146,2009/2009-04-02-ecb-mp.txt,02/04/2009,statement,"The interest rate on the marginal lending facility will be decreased by 25 basis points to 2.25%, with effect from 8 April 2009.",,,,,
788,2024/2024-04-11-ecb-mp.txt,11/04/2024,statement,"Most measures of underlying inflation are easing, wage growth is gradually moderating, and firms are absorbing part of the rise in labour costs in their profits.",,,,,
1019,2026/2026-06-11-ecb-mp.txt,11/06/2026,statement,It will closely monitor the situation and follow a data-dependent and meeting-by-meeting approach to determining the appropriate monetary policy stance.,,,,,
808,2024/2024-06-06-ecb-mp.txt,06/06/2024,statement,The Governing Council is determined to ensure that inflation returns to its 2% medium-term target in a timely manner.,,N,,,
965,2025/2025-12-18-ecb-mp.txt,18/12/2025,statement,"Economic growth is expected to be stronger than in the September projections, driven especially by domestic demand.",,,,,
659,2023/2023-03-16-ecb-mp.txt,16/03/2023,statement,"As banks are repaying the amounts borrowed under the targeted longer-term refinancing operations, the Governing Council will regularly assess how targeted lending operations are contributing to its monetary policy stance.",,MH,,,
770,2024/2024-01-25-ecb-mp.txt,25/01/2024,statement,The Governing Council stands ready to adjust all of its instruments within its mandate to ensure that inflation returns to its 2% target over the medium term and to preserve the smooth functioning of monetary policy transmission.,,H,,,
348,2019/2019-06-06-ecb-mp.txt,06/06/2019,statement,"(1) The interest rate on the main refinancing operations and the interest rates on the marginal lending facility and the deposit facility will remain unchanged at 0.00%, 0.25% and -0.40% respectively.",,N,,,
463,2021/2021-12-16-ecb-mp.txt,16/12/2021,statement,But monetary accommodation is still needed for inflation to stabilise at the 2% inflation target over the medium term.,,,,,
325,2018/2018-09-13-ecb-mp.txt,13/09/2018,statement,"Regarding non-standard monetary policy measures, the Governing Council will continue to make net purchases under the asset purchase programme (APP) at the current monthly pace of €30 billion until the end of this month.",,,,,
186,2011/2011-10-06-ecb-mp.txt,06/10/2011,statement,"At today's meeting, which was held in Berlin, the Governing Council of the ECB decided that the interest rate on the main refinancing operations and the interest rates on the marginal lending facility and the deposit facility will remain unchanged at 1.50%, 2.25% and 0.75% respectively.",,,,,
123,2008/2008-10-08-ecb-mp.txt,08/10/2008,statement,"The interest rate on the marginal lending facility will be reduced by 50 basis points to 4.75 %, with immediate effect.",,,,,
934,2025/2025-06-05-ecb-mp.txt,05/06/2025,statement,"Moreover, the Transmission Protection Instrument is available to counter unwarranted, disorderly market dynamics that pose a serious threat to the transmission of monetary policy across all euro area countries, thus allowing the Governing Council to more effectively deliver on its price stability mandate.",,MD,,,
608,2022/2022-10-27-ecb-mp.txt,27/10/2022,statement,"The Transmission Protection Instrument is available to counter unwarranted, disorderly market dynamics that pose a serious threat to the transmission of monetary policy across all euro area countries, thus allowing the Governing Council to more effectively deliver on its price stability mandate.",,D,,,
143,2009/2009-03-05-ecb-mp.txt,05/03/2009,statement,"The interest rate on the deposit facility will be decreased by 50 basis points to 0.50%, with effect from 11 March 2009.",,,,,
751,2023/2023-12-14-ecb-mp.txt,14/12/2023,statement,Eurosystem staff expect economic growth to remain subdued in the near term.,,,,,
1037,2020/2020-04-30-ecb-mp.txt,,statement,"They will be carried out as fixed rate tender procedures with full allotment, with an interest rate that is 25 basis points below the average rate on the main refinancing operations prevailing over the life of each PELTRO.",,,,,
197,2012/2012-03-08-ecb-mp.txt,08/03/2012,statement,"At today's meeting the Governing Council of the ECB decided that the interest rate on the main refinancing operations and the interest rates on the marginal lending facility and the deposit facility will remain unchanged at 1.00%, 1.75% and 0.25% respectively.",,N,,,
609,2022/2022-12-15-ecb-mp.txt,15/12/2022,statement,"The Governing Council today decided to raise the three key ECB interest rates by 50 basis points and, based on the substantial upward revision to the inflation outlook, expects to raise them further.",,,,,
279,2017/2017-03-09-ecb-mp.txt,09/03/2017,statement,"Regarding non-standard monetary policy measures, the Governing Council confirms that it will continue to make purchases under the asset purchase programme (APP) at the current monthly pace of €80 billion until the end of this month and that, from April 2017, the net asset purchases are intended to continue at a monthly pace of €60 billion until the end of December 2017, or beyond, if necessary, and in any case until the Governing Council sees a sustained adjustment in the path of inflation consistent with its inflation aim.",,,,,
293,2017/2017-10-26-ecb-mp.txt,26/10/2017,statement,At today's meeting the Governing Council of the ECB took the following monetary policy decisions:,,N,,,
910,2025/2025-04-17-ecb-mp.txt,17/04/2025,statement,"Wage growth is moderating, and profits are partially buffering the impact of still elevated wage growth on inflation.",,,,,
400,2021/2021-03-11-ecb-mp.txt,11/03/2021,statement,The Governing Council will purchase flexibly according to market conditions and with a view to preventing a tightening of financing conditions that is inconsistent with countering the downward impact of the pandemic on the projected path of inflation.,,H,,,
122,2008/2008-10-08-ecb-mp.txt,08/10/2008,statement,"The Governing Council of the ECB, by means of teleconferencing, has taken the following monetary policy decisions:",,,,,
183,2011/2011-07-07-ecb-mp.txt,07/07/2011,statement,"The interest rate on the deposit facility will be increased by 25 basis points to 0.75%, with effect from 13 July 2011.",,,,,
202,2012/2012-07-05-ecb-mp.txt,05/07/2012,statement,"The interest rate on the main refinancing operations of the Eurosystem will be decreased by 25 basis points to 0.75%, starting from the operation to be settled on 11 July 2012.",,,,,
438,2021/2021-07-22-ecb-mp.txt,22/07/2021,statement,"As the incoming information confirmed the joint assessment of financing conditions and the inflation outlook carried out at the June monetary policy meeting, the Governing Council continues to expect purchases under the PEPP over the current quarter to be conducted at a significantly higher pace than during the first months of the year.",,,,,
246,2015/2015-03-05-ecb-mp.txt,05/03/2015,statement,"At today's meeting, which was held in Nicosia, the Governing Council of the ECB decided that the interest rate on the main refinancing operations and the interest rates on the marginal lending facility and the deposit facility will remain unchanged at 0.05%, 0.30% and -0.20% respectively.",,,,,